
****** Vivado v2024.1 (64-bit)
  **** SW Build 5076996 on Wed May 22 18:37:14 MDT 2024
  **** IP Build 5075265 on Wed May 22 21:45:21 MDT 2024
  **** SharedData Build 5076995 on Wed May 22 18:29:18 MDT 2024
  **** Start of session at: Wed Sep  9 17:04:48 2026
    ** Copyright 1986-2022 Xilinx, Inc. All Rights Reserved.
    ** Copyright 2022-2024 Advanced Micro Devices, Inc. All Rights Reserved.

source {<EXTERNAL_BUILD>\w\stage1e_execution_bootstrap.tcl}
# set_param board.repoPaths [list [encoding convertfrom utf-8 [binary decode base64 {RDovdml2YWRvXzI0LjEvVml2YWRvLzIwMjQuMS9kYXRhL2JvYXJkcy9ib2FyZF9maWxlcw==}]]]
# set stage1e_execution_context [dict create]
# dict set stage1e_execution_context context_schema_version [encoding convertfrom utf-8 [binary decode base64 {c3RhZ2UxZS12aXZhZG8tZXhlY3V0aW9uLWNvbnRleHQtdjE=}]]
# dict set stage1e_execution_context execution_id [encoding convertfrom utf-8 [binary decode base64 {Q1NJUC1TQy1WMi1TRUxFQ1RFRC0wMDE=}]]
# dict set stage1e_execution_context request_identity [encoding convertfrom utf-8 [binary decode base64 {ZTYwOGY4YzExY2M4MDhlZmU2N2VlOTlkMWIwMGM5ZTVlNzBkMGE4Y2RmZGMxNjU2ZTg1NjZmNjY2ZWQyMDQ0ZA==}]]
# dict set stage1e_execution_context run_kind [encoding convertfrom utf-8 [binary decode base64 {RU5HSU5FRVJJTkc=}]]
# dict set stage1e_execution_context vivado_version [encoding convertfrom utf-8 [binary decode base64 {MjAyNC4x}]]
# dict set stage1e_execution_context vivado_build [encoding convertfrom utf-8 [binary decode base64 {NTA3Njk5Ng==}]]
# dict set stage1e_execution_context repository_root [encoding convertfrom utf-8 [binary decode base64 {RDovY3VycmVudC1zZW5zaW5nLXByb3RlY3Rpb24taXAtZGF0YS9zZWxlY3RlZCBzb3VyY2UgMw==}]]
# dict set stage1e_execution_context workspace_path [encoding convertfrom utf-8 [binary decode base64 {RDovY3VycmVudC1zZW5zaW5nLXByb3RlY3Rpb24taXAtZGF0YS9zY3YyL3c=}]]
# dict set stage1e_execution_context project_path [encoding convertfrom utf-8 [binary decode base64 {RDovY3VycmVudC1zZW5zaW5nLXByb3RlY3Rpb24taXAtZGF0YS9zY3YyL3cvcHJvamVjdC9zMWVfZTYwOGY4YzExY2M4Lnhwcg==}]]
# dict set stage1e_execution_context output_path [encoding convertfrom utf-8 [binary decode base64 {RDovY3VycmVudC1zZW5zaW5nLXByb3RlY3Rpb24taXAtZGF0YS9zY3YyL3Y=}]]
# dict set stage1e_execution_context report_root [encoding convertfrom utf-8 [binary decode base64 {RDovY3VycmVudC1zZW5zaW5nLXByb3RlY3Rpb24taXAtZGF0YS9zY3YyL3YvcmVwb3J0cw==}]]
# dict set stage1e_execution_context artifact_root [encoding convertfrom utf-8 [binary decode base64 {RDovY3VycmVudC1zZW5zaW5nLXByb3RlY3Rpb24taXAtZGF0YS9zY3YyL3YvYXJ0aWZhY3Rz}]]
# dict set stage1e_execution_context result_path [encoding convertfrom utf-8 [binary decode base64 {RDovY3VycmVudC1zZW5zaW5nLXByb3RlY3Rpb24taXAtZGF0YS9zY3YyL3Yvdml2YWRvX3Jlc3VsdC5qc29u}]]
# dict set stage1e_execution_context part [encoding convertfrom utf-8 [binary decode base64 {eGM3ejAyMGNsZzQwMC0x}]]
# dict set stage1e_execution_context board_part [encoding convertfrom utf-8 [binary decode base64 {dHVsLmNvbS50dzpweW5xLXoyOnBhcnQwOjEuMA==}]]
# dict set stage1e_execution_context build_target [encoding convertfrom utf-8 [binary decode base64 {QVJUSUZBQ1RT}]]
# dict set stage1e_execution_context implementation_profile [encoding convertfrom utf-8 [binary decode base64 {UkVBRFlfQVdBUkVfU1lOVEhFVElDX0RJR0lUQUxfU1RJTVVMVVM=}]]
# dict set stage1e_execution_context source_commit [encoding convertfrom utf-8 [binary decode base64 {MTYxN2NlNjczYmNjZDI0ZWJlMzE5ZGRhZDFlYThjNWY3N2IyYjZlMw==}]]
# dict set stage1e_execution_context source_tree [encoding convertfrom utf-8 [binary decode base64 {M2M5NWU2MWZhMTc1MjY1NWE2ZWViNWMzZTNhNWRiN2I0MDVjMTcyZQ==}]]
# dict set stage1e_execution_context execution_contract_identity [encoding convertfrom utf-8 [binary decode base64 {YTY4YjI2ZjZhZDhjZDZjZWI0ZWFjZTEyODU4NzYwMTViM2U0ZjJmNWU3MzAzYjViZDI5N2RmNjhkM2IyNGQ0NA==}]]
# dict set stage1e_execution_context finding_decision_identity [encoding convertfrom utf-8 [binary decode base64 {Tk9ORQ==}]]
# dict set stage1e_execution_context project_retention [encoding convertfrom utf-8 [binary decode base64 {UkVUQUlO}]]
# dict set stage1e_execution_context process_identity [encoding convertfrom utf-8 [binary decode base64 {Q1NJUC1TQy1WMi1TRUxFQ1RFRC0wMDE=}]]
# dict set stage1e_execution_context project_identity [encoding convertfrom utf-8 [binary decode base64 {czFlX2U2MDhmOGMxMWNjOA==}]]
# dict set stage1e_execution_context design_identity [encoding convertfrom utf-8 [binary decode base64 {cHJvdGVjdGlvbl9zeXN0ZW0=}]]
# dict set stage1e_execution_context phase_journal_path [encoding convertfrom utf-8 [binary decode base64 {RDovY3VycmVudC1zZW5zaW5nLXByb3RlY3Rpb24taXAtZGF0YS9zY3YyL3Yvam91cm5hbC9ydW5uZXItcGhhc2UudHN2}]]
# set stage1e_runner_path [encoding convertfrom utf-8 [binary decode base64 {RDovY3VycmVudC1zZW5zaW5nLXByb3RlY3Rpb24taXAtZGF0YS9zZWxlY3RlZCBzb3VyY2UgMy9mcGdhL3ZpdmFkby9idWlsZC9ydW50aW1lL3J1bm5lci9zdGFnZTFlX3Byb2R1Y3Rpb25fdml2YWRvX3J1bm5lcl92Mi50Y2w=}]]
# source $stage1e_runner_path
## set ::stage1e_vivado_runner_v2_dir [file dirname [info script]]
## set ::stage1e_vivado_runner_v2_build [file dirname [file dirname $::stage1e_vivado_runner_v2_dir]]
## if {![llength [info commands ::stage1e::production_vivado_observer_v2::observe_fixture]]} {
##     source [file join $::stage1e_vivado_runner_v2_build runtime observer vivado stage1e_production_vivado_observer_v2.tcl]
## }
### set ::stage1e_vivado_observer_v2_dir [file dirname [info script]]
### set ::stage1e_vivado_observer_v2_build [file dirname [file dirname [file dirname $::stage1e_vivado_observer_v2_dir]]]
### if {![llength [info commands ::stage1e::vivado_runtime_contract_v2::property_map]]} {
###     source [file join $::stage1e_vivado_observer_v2_build lib stage1e_vivado_runtime_contract_v2.tcl]
### }
#### set ::stage1e_vivado_runtime_contract_v2_dir [file dirname [info script]]
#### set ::stage1e_vivado_runtime_contract_v2_build [file dirname $::stage1e_vivado_runtime_contract_v2_dir]
#### namespace eval ::stage1e::vivado_runtime_contract_v2 {
####     variable interface_version stage1e-vivado-runtime-common-interface-v2
####     variable map_path [file join $::stage1e_vivado_runtime_contract_v2_build config stage1e_vivado_runtime_property_map_v2.dict]
####     variable map {}
#### }
#### unset ::stage1e_vivado_runtime_contract_v2_dir
#### unset ::stage1e_vivado_runtime_contract_v2_build
#### proc ::stage1e::vivado_runtime_contract_v2::interface_version {} {
####     variable interface_version
####     return $interface_version
#### }
#### proc ::stage1e::vivado_runtime_contract_v2::_raise {code message} {
####     return -code error -errorcode [list STAGE1E RUN2 RUNTIME_V2 $code] $message
#### }
#### proc ::stage1e::vivado_runtime_contract_v2::_read_dictionary {path} {
####     if {![file exists $path] || ![file isfile $path]} {
####         _raise PROPERTY_MAP_MISSING "Property map is unavailable: $path"
####     }
####     set channel [open $path r]
####     fconfigure $channel -encoding utf-8 -translation lf
####     set text [read $channel]
####     close $channel
####     if {[catch {dict size $text}]} {
####         _raise PROPERTY_MAP_INVALID "Property map is not a Tcl dictionary: $path"
####     }
####     return $text
#### }
#### proc ::stage1e::vivado_runtime_contract_v2::configure_from_build_root {build_root} {
####     variable map_path
####     variable map
####     set candidate [file join $build_root config stage1e_vivado_runtime_property_map_v2.dict]
####     set map [_read_dictionary $candidate]
####     set map_path $candidate
####     require_equal stage1e-vivado-runtime-property-map-v2 [dict get $map schema_version] {Property-map schema}
####     return $map
#### }
#### proc ::stage1e::vivado_runtime_contract_v2::property_map {} {
####     variable map
####     variable map_path
####     if {$map eq {}} { set map [_read_dictionary $map_path] }
####     return $map
#### }
#### proc ::stage1e::vivado_runtime_contract_v2::require_dictionary {value label} {
####     if {[catch {dict size $value}]} { _raise DICTIONARY_INVALID "$label must be a dictionary." }
####     return 1
#### }
#### proc ::stage1e::vivado_runtime_contract_v2::_same_list {left right} {
####     return [expr {[llength $left] == [llength $right] && $left eq $right}]
#### }
#### proc ::stage1e::vivado_runtime_contract_v2::require_exact_fields {value expected label} {
####     require_dictionary $value $label
####     set actual [lsort -dictionary [dict keys $value]]
####     set wanted [lsort -dictionary $expected]
####     if {![_same_list $actual $wanted]} {
####         _raise FIELD_SET_MISMATCH "$label fields differ from the closed contract."
####     }
####     return 1
#### }
#### proc ::stage1e::vivado_runtime_contract_v2::require_equal {expected actual label} {
####     if {$expected ne $actual} { _raise VALUE_MISMATCH "$label differs from the required value." }
####     return 1
#### }
#### proc ::stage1e::vivado_runtime_contract_v2::_require_unique {values label} {
####     if {[llength [lsort -unique $values]] != [llength $values]} {
####         _raise DUPLICATE_VALUE "$label contains a duplicate value."
####     }
####     return 1
#### }
#### proc ::stage1e::vivado_runtime_contract_v2::real_property_projection {} {
####     return [dict get [property_map] real_property_projection]
#### }
#### proc ::stage1e::vivado_runtime_contract_v2::synthetic_properties_prohibited {} {
####     return [dict get [property_map] synthetic_properties_prohibited]
#### }
#### proc ::stage1e::vivado_runtime_contract_v2::validate_property_inventory {properties {exact 0}} {
####     _require_unique $properties {Vivado property inventory}
####     foreach prohibited [synthetic_properties_prohibited] {
####         if {[lsearch -exact $properties $prohibited] >= 0} {
####             _raise SYNTHETIC_PROPERTY_OBSERVED "Synthetic property is not valid production truth: $prohibited"
####         }
####     }
####     set required [real_property_projection]
####     foreach property $required {
####         if {[lsearch -exact $properties $property] < 0} {
####             _raise PROPERTY_MISSING "Captured Vivado property is missing: $property"
####         }
####     }
####     if {$exact && ![_same_list [lsort -dictionary $properties] [lsort -dictionary $required]]} {
####         _raise PROPERTY_PROJECTION_MISMATCH {Fixture property set differs from captured real-property projection.}
####     }
####     return 1
#### }
#### proc ::stage1e::vivado_runtime_contract_v2::_normalize_from_map {section raw label} {
####     set pairs [dict get [property_map] normalization $section]
####     foreach {captured normalized} $pairs {
####         if {$raw eq $captured} { return $normalized }
####     }
####     _raise NORMALIZATION_UNKNOWN "$label is not a captured Vivado 2024.1 observation."
#### }
#### proc ::stage1e::vivado_runtime_contract_v2::normalize_status {raw} {
####     return [_normalize_from_map status $raw STATUS]
#### }
#### proc ::stage1e::vivado_runtime_contract_v2::normalize_progress {raw} {
####     return [_normalize_from_map progress $raw PROGRESS]
#### }
#### proc ::stage1e::vivado_runtime_contract_v2::normalize_current_step {raw} {
####     return [_normalize_from_map current_step $raw CURRENT_STEP]
#### }
#### proc ::stage1e::vivado_runtime_contract_v2::phase_contract {phase} {
####     set contracts [dict get [property_map] phase_completion_contract]
####     if {![dict exists $contracts $phase]} { _raise PHASE_UNKNOWN "Unsupported Project Mode phase: $phase" }
####     return [dict get $contracts $phase]
#### }
#### proc ::stage1e::vivado_runtime_contract_v2::validate_snapshot {snapshot} {
####     require_exact_fields $snapshot [dict get [property_map] required_snapshot_fields] {Project Mode snapshot}
####     set phase [dict get $snapshot phase]
####     set contract [phase_contract $phase]
####     require_equal impl_1 [dict get $snapshot run_identity] {Implementation run identity}
####     require_equal [dict get $contract required_checkpoint] [dict get $snapshot checkpoint] {Checkpoint leaf name}
####     require_equal PRESENT [dict get $snapshot checkpoint_state] {Checkpoint state}
####     if {![regexp {^[0-9a-f]{64}$} [dict get $snapshot checkpoint_identity]]} {
####         _raise CHECKPOINT_IDENTITY {Checkpoint identity is not an actual SHA-256 value.}
####     }
####     if {[llength [dict get $snapshot forbidden_operations]] != 0} {
####         _raise FORBIDDEN_OPERATION_OBSERVED {Observed forbidden operation blocks phase completion.}
####     }
####     require_equal [dict get $contract expected_run_status] [normalize_status [dict get $snapshot run_status]] {Run-level transition}
####     require_equal [dict get $contract expected_progress] [normalize_progress [dict get $snapshot progress]] {Percent progress}
####     require_equal [dict get $contract expected_current_step] [normalize_current_step [dict get $snapshot current_step]] {CURRENT_STEP next target}
####     return 1
#### }
#### proc ::stage1e::vivado_runtime_contract_v2::evaluate_phase_completion {snapshot} {
####     if {[dict exists $snapshot phase] &&
####             [dict get $snapshot phase] eq {route_design} &&
####             [dict exists $snapshot run_status] &&
####             [dict get $snapshot run_status] eq
####                 {route_design Complete, Failed Timing!}} {
####         return [dict create state BLOCK action BLOCK \
####             reason {Vivado route_design completed routing but failed timing closure (ROUTE_DESIGN_FAILED_TIMING).} \
####             errorcode [list STAGE1E RUN2 RUNTIME_V2 \
####                 ROUTE_DESIGN_FAILED_TIMING]]
####     }
####     if {[catch {validate_snapshot $snapshot} reason options]} {
####         return [dict create state BLOCK action BLOCK reason $reason errorcode [dict get $options -errorcode]]
####     }
####     return [dict create state CLEAR action PROCEED phase [dict get $snapshot phase] run_identity impl_1]
#### }
#### proc ::stage1e::vivado_runtime_contract_v2::validate_requested_graph {graph} {
####     require_exact_fields $graph {enabled_operations launch_targets prohibited_operations incremental_implementation} {Requested implementation graph}
####     set requested [dict get [property_map] requested_implementation_graph]
####     require_equal [dict get $requested enabled_operations] [dict get $graph enabled_operations] {Enabled Project Mode operations}
####     require_equal [dict get $requested launch_targets] [dict get $graph launch_targets] {Project Mode launch targets}
####     require_equal [dict get $requested prohibited_operations] [dict get $graph prohibited_operations] {Prohibited operations}
####     require_equal [dict get $requested incremental_implementation] [dict get $graph incremental_implementation] {Incremental implementation state}
####     return 1
#### }
### if {![llength [info commands ::stage1e::canonical_json_v1::digest_bytes]]} {
###     source [file join $::stage1e_vivado_observer_v2_build lib stage1e_runtime_canonical_json_v1.tcl]
### }
#### namespace eval ::stage1e::canonical_json_v1 {
####     variable interface_version stage1e-runtime-canonical-json-interface-v1
####     variable hash_provider_interface_version \
####         stage1e-runtime-sha256-provider-interface-v1
####     variable maximum_depth 64
####     variable parse_text {}
####     variable parse_index 0
####     variable parse_length 0
#### }
#### proc ::stage1e::canonical_json_v1::interface_version {} {
####     variable interface_version
####     return $interface_version
#### }
#### proc ::stage1e::canonical_json_v1::hash_provider_interface_version {} {
####     variable hash_provider_interface_version
####     return $hash_provider_interface_version
#### }
#### proc ::stage1e::canonical_json_v1::new_string {value} {
####     return [list string $value]
#### }
#### proc ::stage1e::canonical_json_v1::new_integer {value} {
####     if {![string is entier -strict $value]} {
####         return -code error -errorcode {STAGE1E JSON TYPE} \
####             {Integer constructor requires an integer.}
####     }
####     return [list integer $value]
#### }
#### proc ::stage1e::canonical_json_v1::new_boolean {value} {
####     if {$value ni {0 1}} {
####         return -code error -errorcode {STAGE1E JSON TYPE} \
####             {Boolean constructor requires 0 or 1.}
####     }
####     return [list boolean $value]
#### }
#### proc ::stage1e::canonical_json_v1::new_array {values} {
####     return [list array $values]
#### }
#### proc ::stage1e::canonical_json_v1::new_object {pairs} {
####     if {[llength $pairs] % 2 != 0} {
####         return -code error -errorcode {STAGE1E JSON TYPE} \
####             {Object constructor requires name/value pairs.}
####     }
####     set seen {}
####     foreach {name value} $pairs {
####         if {[dict exists $seen $name]} {
####             return -code error -errorcode {STAGE1E JSON DUPLICATE} \
####                 "Duplicate object property: $name"
####         }
####         dict set seen $name 1
####     }
####     return [list object $pairs]
#### }
#### proc ::stage1e::canonical_json_v1::node_type {node} {
####     if {[llength $node] != 2 || [lindex $node 0] ni \
####             {object array string integer boolean}} {
####         return -code error -errorcode {STAGE1E JSON TYPE} \
####             {Value is not a typed Stage 1E JSON node.}
####     }
####     return [lindex $node 0]
#### }
#### proc ::stage1e::canonical_json_v1::node_value {node} {
####     node_type $node
####     return [lindex $node 1]
#### }
#### proc ::stage1e::canonical_json_v1::object_has {node name} {
####     if {[node_type $node] ne {object}} {
####         return 0
####     }
####     set pairs [node_value $node]
####     foreach {key value} $pairs {
####         if {$key eq $name} { return 1 }
####     }
####     return 0
#### }
#### proc ::stage1e::canonical_json_v1::object_get {node name} {
####     if {[node_type $node] ne {object}} {
####         return -code error -errorcode {STAGE1E JSON TYPE} \
####             {Object property requested from a non-object.}
####     }
####     set pairs [node_value $node]
####     foreach {key value} $pairs {
####         if {$key eq $name} { return $value }
####     }
####     return -code error -errorcode {STAGE1E JSON FIELD} \
####         "Missing object property: $name"
#### }
#### proc ::stage1e::canonical_json_v1::object_keys {node} {
####     if {[node_type $node] ne {object}} {
####         return -code error -errorcode {STAGE1E JSON TYPE} \
####             {Object keys requested from a non-object.}
####     }
####     set keys {}
####     foreach {key value} [node_value $node] { lappend keys $key }
####     return $keys
#### }
#### proc ::stage1e::canonical_json_v1::array_values {node} {
####     if {[node_type $node] ne {array}} {
####         return -code error -errorcode {STAGE1E JSON TYPE} \
####             {Array values requested from a non-array.}
####     }
####     return [node_value $node]
#### }
#### proc ::stage1e::canonical_json_v1::decode_utf8_strict {bytes} {
####     binary scan $bytes c* signed_octets
####     set octets {}
####     foreach octet $signed_octets {
####         if {$octet < 0} { incr octet 256 }
####         lappend octets $octet
####     }
####     if {[llength $octets] >= 3 && [lrange $octets 0 2] eq {239 187 191}} {
####         return -code error -errorcode {STAGE1E JSON BOM} \
####             {UTF-8 BOM is prohibited.}
####     }
####     set result {}
####     set index 0
####     set length [llength $octets]
####     while {$index < $length} {
####         set first [lindex $octets $index]
####         incr index
####         if {$first <= 0x7f} {
####             set codepoint $first
####         } elseif {$first >= 0xc2 && $first <= 0xdf} {
####             if {$index >= $length} {
####                 return -code error -errorcode {STAGE1E JSON UTF8} \
####                     {Truncated two-byte UTF-8 sequence.}
####             }
####             set second [lindex $octets $index]
####             incr index
####             if {$second < 0x80 || $second > 0xbf} {
####                 return -code error -errorcode {STAGE1E JSON UTF8} \
####                     {Invalid UTF-8 continuation byte.}
####             }
####             set codepoint [expr {(($first & 0x1f) << 6) | ($second & 0x3f)}]
####         } elseif {$first >= 0xe0 && $first <= 0xef} {
####             if {$index + 1 >= $length} {
####                 return -code error -errorcode {STAGE1E JSON UTF8} \
####                     {Truncated three-byte UTF-8 sequence.}
####             }
####             set second [lindex $octets $index]
####             set third [lindex $octets [expr {$index + 1}]]
####             incr index 2
####             if {$second < 0x80 || $second > 0xbf ||
####                     $third < 0x80 || $third > 0xbf ||
####                     ($first == 0xe0 && $second < 0xa0) ||
####                     ($first == 0xed && $second > 0x9f)} {
####                 return -code error -errorcode {STAGE1E JSON UTF8} \
####                     {Invalid three-byte UTF-8 sequence.}
####             }
####             set codepoint [expr {(($first & 0x0f) << 12) |
####                 (($second & 0x3f) << 6) | ($third & 0x3f)}]
####         } elseif {$first >= 0xf0 && $first <= 0xf4} {
####             if {$index + 2 >= $length} {
####                 return -code error -errorcode {STAGE1E JSON UTF8} \
####                     {Truncated four-byte UTF-8 sequence.}
####             }
####             set second [lindex $octets $index]
####             set third [lindex $octets [expr {$index + 1}]]
####             set fourth [lindex $octets [expr {$index + 2}]]
####             incr index 3
####             if {$second < 0x80 || $second > 0xbf ||
####                     $third < 0x80 || $third > 0xbf ||
####                     $fourth < 0x80 || $fourth > 0xbf ||
####                     ($first == 0xf0 && $second < 0x90) ||
####                     ($first == 0xf4 && $second > 0x8f)} {
####                 return -code error -errorcode {STAGE1E JSON UTF8} \
####                     {Invalid four-byte UTF-8 sequence.}
####             }
####             set codepoint [expr {(($first & 0x07) << 18) |
####                 (($second & 0x3f) << 12) | (($third & 0x3f) << 6) |
####                 ($fourth & 0x3f)}]
####         } else {
####             return -code error -errorcode {STAGE1E JSON UTF8} \
####                 {Invalid UTF-8 leading byte.}
####         }
####         if {$codepoint >= 0xd800 && $codepoint <= 0xdfff} {
####             return -code error -errorcode {STAGE1E JSON UTF8} \
####                 {UTF-8 must not encode a surrogate code point.}
####         }
####         if {$codepoint > 0xffff} {
####             set adjusted [expr {$codepoint - 0x10000}]
####             set high [expr {0xd800 + ($adjusted >> 10)}]
####             set low [expr {0xdc00 + ($adjusted & 0x3ff)}]
####             append result [format %c $high] [format %c $low]
####         } else {
####             append result [format %c $codepoint]
####         }
####     }
####     return $result
#### }
#### proc ::stage1e::canonical_json_v1::parse_error {message} {
####     variable parse_index
####     return -code error -errorcode {STAGE1E JSON PARSE} \
####         "$message (character offset $parse_index)."
#### }
#### proc ::stage1e::canonical_json_v1::skip_whitespace {} {
####     variable parse_text
####     variable parse_index
####     variable parse_length
####     while {$parse_index < $parse_length} {
####         set code [scan [string index $parse_text $parse_index] %c]
####         if {$code != 0x20 && $code != 0x09 &&
####                 $code != 0x0a && $code != 0x0d} { break }
####         incr parse_index
####     }
#### }
#### proc ::stage1e::canonical_json_v1::hex_value {character} {
####     set code [scan $character %c]
####     if {$code >= 0x30 && $code <= 0x39} { return [expr {$code - 0x30}] }
####     if {$code >= 0x41 && $code <= 0x46} { return [expr {$code - 0x41 + 10}] }
####     if {$code >= 0x61 && $code <= 0x66} { return [expr {$code - 0x61 + 10}] }
####     parse_error {Invalid Unicode escape}
#### }
#### proc ::stage1e::canonical_json_v1::parse_unicode_escape {} {
####     variable parse_text
####     variable parse_index
####     variable parse_length
####     if {$parse_index + 4 > $parse_length} {
####         parse_error {Truncated Unicode escape}
####     }
####     set value 0
####     for {set count 0} {$count < 4} {incr count} {
####         set value [expr {$value * 16 +
####             [hex_value [string index $parse_text $parse_index]]}]
####         incr parse_index
####     }
####     return $value
#### }
#### proc ::stage1e::canonical_json_v1::parse_string {} {
####     variable parse_text
####     variable parse_index
####     variable parse_length
####     if {[string index $parse_text $parse_index] ne {"}} {
####         parse_error {Expected JSON string}
####     }
####     incr parse_index
####     set result {}
####     while {$parse_index < $parse_length} {
####         set character [string index $parse_text $parse_index]
####         incr parse_index
####         if {$character eq {"}} { return $result }
####         if {$character eq "\\"} {
####             if {$parse_index >= $parse_length} {
####                 parse_error {Truncated JSON escape}
####             }
####             set escape [string index $parse_text $parse_index]
####             incr parse_index
####             if {$escape eq {"}} {
####                 append result {"}
####             } elseif {$escape eq "\\"} {
####                 append result "\\"
####             } elseif {$escape eq {/}} {
####                 append result {/}
####             } elseif {$escape eq {b}} {
####                 append result [format %c 8]
####             } elseif {$escape eq {f}} {
####                 append result [format %c 12]
####             } elseif {$escape eq {n}} {
####                 append result [format %c 10]
####             } elseif {$escape eq {r}} {
####                 append result [format %c 13]
####             } elseif {$escape eq {t}} {
####                 append result [format %c 9]
####             } elseif {$escape eq {u}} {
####                 set unit [parse_unicode_escape]
####                 if {$unit >= 0xd800 && $unit <= 0xdbff} {
####                     if {$parse_index + 2 > $parse_length ||
####                             [string index $parse_text $parse_index] ne "\\" ||
####                             [string index $parse_text [expr {$parse_index + 1}]] ne {u}} {
####                         parse_error {High surrogate lacks a low surrogate}
####                     }
####                     incr parse_index 2
####                     set low [parse_unicode_escape]
####                     if {$low < 0xdc00 || $low > 0xdfff} {
####                         parse_error {Invalid low surrogate}
####                     }
####                     append result [format %c $unit] [format %c $low]
####                 } elseif {$unit >= 0xdc00 && $unit <= 0xdfff} {
####                     parse_error {Unpaired low surrogate}
####                 } else {
####                     append result [format %c $unit]
####                 }
####             } else {
####                 parse_error {Unknown JSON escape}
####             }
####             continue
####         }
####         set code [scan $character %c]
####         if {$code < 0x20} {
####             parse_error {Unescaped control character}
####         }
####         if {$code >= 0xd800 && $code <= 0xdbff} {
####             if {$parse_index >= $parse_length} {
####                 parse_error {Unpaired high surrogate}
####             }
####             set low_character [string index $parse_text $parse_index]
####             set low_code [scan $low_character %c]
####             if {$low_code < 0xdc00 || $low_code > 0xdfff} {
####                 parse_error {Unpaired high surrogate}
####             }
####             append result $character $low_character
####             incr parse_index
####             continue
####         }
####         if {$code >= 0xdc00 && $code <= 0xdfff} {
####             parse_error {Unpaired low surrogate}
####         }
####         append result $character
####     }
####     parse_error {Unterminated JSON string}
#### }
#### proc ::stage1e::canonical_json_v1::parse_integer {} {
####     variable parse_text
####     variable parse_index
####     variable parse_length
####     set start $parse_index
####     set negative 0
####     if {[string index $parse_text $parse_index] eq {-}} {
####         set negative 1
####         incr parse_index
####         if {$parse_index >= $parse_length} { parse_error {Truncated JSON number} }
####     }
####     set first [string index $parse_text $parse_index]
####     set first_code [scan $first %c]
####     if {$first eq {0}} {
####         incr parse_index
####         if {$negative} { parse_error {Negative zero is not supported} }
####         if {$parse_index < $parse_length} {
####             set next [scan [string index $parse_text $parse_index] %c]
####             if {$next >= 0x30 && $next <= 0x39} {
####                 parse_error {Leading zero in JSON number}
####             }
####         }
####     } elseif {$first_code >= 0x31 && $first_code <= 0x39} {
####         while {$parse_index < $parse_length} {
####             set code [scan [string index $parse_text $parse_index] %c]
####             if {$code < 0x30 || $code > 0x39} { break }
####             incr parse_index
####         }
####     } else {
####         parse_error {Invalid JSON number}
####     }
####     if {$parse_index < $parse_length &&
####             [string index $parse_text $parse_index] in {. e E}} {
####         parse_error {Only canonical integers are supported}
####     }
####     set lexeme [string range $parse_text $start [expr {$parse_index - 1}]]
####     if {![string is entier -strict $lexeme] ||
####             $lexeme < -9223372036854775808 || $lexeme > 9223372036854775807} {
####         parse_error {JSON integer is outside the Int64 range}
####     }
####     return $lexeme
#### }
#### proc ::stage1e::canonical_json_v1::parse_literal {literal value} {
####     variable parse_text
####     variable parse_index
####     variable parse_length
####     set end [expr {$parse_index + [string length $literal] - 1}]
####     if {$end >= $parse_length ||
####             [string range $parse_text $parse_index $end] ne $literal} {
####         parse_error "Invalid JSON literal; expected $literal"
####     }
####     set parse_index [expr {$end + 1}]
####     return $value
#### }
#### proc ::stage1e::canonical_json_v1::parse_array {depth} {
####     variable parse_text
####     variable parse_index
####     variable parse_length
####     incr parse_index
####     set values {}
####     skip_whitespace
####     if {$parse_index < $parse_length &&
####             [string index $parse_text $parse_index] eq {]}} {
####         incr parse_index
####         return [new_array $values]
####     }
####     while {1} {
####         lappend values [parse_value $depth]
####         skip_whitespace
####         if {$parse_index >= $parse_length} { parse_error {Unterminated JSON array} }
####         set separator [string index $parse_text $parse_index]
####         incr parse_index
####         if {$separator eq {]}} { return [new_array $values] }
####         if {$separator ne {,}} { parse_error {Expected comma or closing bracket} }
####         skip_whitespace
####     }
#### }
#### proc ::stage1e::canonical_json_v1::parse_object {depth} {
####     variable parse_text
####     variable parse_index
####     variable parse_length
####     incr parse_index
####     set pairs {}
####     set seen {}
####     skip_whitespace
####     if {$parse_index < $parse_length &&
####             [string index $parse_text $parse_index] eq "\}"} {
####         incr parse_index
####         return [new_object $pairs]
####     }
####     while {1} {
####         if {$parse_index >= $parse_length ||
####                 [string index $parse_text $parse_index] ne {"}} {
####             parse_error {Expected JSON object property}
####         }
####         set name [parse_string]
####         if {[dict exists $seen $name]} { parse_error "Duplicate JSON property '$name'" }
####         dict set seen $name 1
####         skip_whitespace
####         if {$parse_index >= $parse_length ||
####                 [string index $parse_text $parse_index] ne {:}} {
####             parse_error {Expected colon after JSON property}
####         }
####         incr parse_index
####         skip_whitespace
####         lappend pairs $name [parse_value $depth]
####         skip_whitespace
####         if {$parse_index >= $parse_length} { parse_error {Unterminated JSON object} }
####         set separator [string index $parse_text $parse_index]
####         incr parse_index
####         if {$separator eq "\}"} { return [new_object $pairs] }
####         if {$separator ne {,}} { parse_error {Expected comma or closing brace} }
####         skip_whitespace
####     }
#### }
#### proc ::stage1e::canonical_json_v1::parse_value {depth} {
####     variable maximum_depth
####     variable parse_text
####     variable parse_index
####     variable parse_length
####     if {$depth > $maximum_depth} { parse_error {JSON nesting exceeds limit} }
####     skip_whitespace
####     if {$parse_index >= $parse_length} { parse_error {Unexpected end of JSON input} }
####     set character [string index $parse_text $parse_index]
####     if {$character eq "\{"} { return [parse_object [expr {$depth + 1}]] }
####     if {$character eq {[}} { return [parse_array [expr {$depth + 1}]] }
####     if {$character eq {"}} { return [new_string [parse_string]] }
####     if {$character eq {t}} { return [new_boolean [parse_literal true 1]] }
####     if {$character eq {f}} { return [new_boolean [parse_literal false 0]] }
####     if {$character eq {n}} { parse_error {JSON null is not supported} }
####     set code [scan $character %c]
####     if {$character eq {-} || ($code >= 0x30 && $code <= 0x39)} {
####         return [new_integer [parse_integer]]
####     }
####     parse_error {Unexpected JSON token}
#### }
#### proc ::stage1e::canonical_json_v1::parse_bytes {bytes} {
####     variable parse_text
####     variable parse_index
####     variable parse_length
####     set parse_text [decode_utf8_strict $bytes]
####     set parse_index 0
####     set parse_length [string length $parse_text]
####     set value [parse_value 0]
####     skip_whitespace
####     if {$parse_index != $parse_length} { parse_error {Trailing data after JSON value} }
####     if {[node_type $value] ne {object}} {
####         return -code error -errorcode {STAGE1E JSON ROOT} \
####             {The Stage 1E JSON document root must be an object.}
####     }
####     return $value
#### }
#### proc ::stage1e::canonical_json_v1::read_file_bytes {path} {
####     set channel [open $path rb]
####     fconfigure $channel -translation binary -encoding binary
####     try {
####         return [read $channel]
####     } finally {
####         close $channel
####     }
#### }
#### proc ::stage1e::canonical_json_v1::schema_resolve {schema root registry} {
####     if {![object_has $schema {$ref}]} { return [list $schema $root] }
####     set reference [node_value [object_get $schema {$ref}]]
####     set marker [string first # $reference]
####     if {$marker < 0} {
####         set document $reference
####         set fragment {}
####     } else {
####         set document [string range $reference 0 [expr {$marker - 1}]]
####         set fragment [string range $reference [expr {$marker + 1}] end]
####     }
####     if {$document eq {}} {
####         set target_root $root
####     } else {
####         if {![dict exists $registry $document]} {
####             return -code error -errorcode {STAGE1E SCHEMA REFERENCE} \
####                 "Schema reference document is not loaded: $document"
####         }
####         set target_root [dict get $registry $document]
####     }
####     set target $target_root
####     if {$fragment ne {}} {
####         if {[string index $fragment 0] ne {/}} {
####             return -code error -errorcode {STAGE1E SCHEMA REFERENCE} \
####                 "Unsupported schema reference fragment: $reference"
####         }
####         foreach raw [lrange [split $fragment /] 1 end] {
####             set part [string map {~1 / ~0 ~} $raw]
####             set target [object_get $target $part]
####         }
####     }
####     if {[node_type $target] ne {object}} {
####         return -code error -errorcode {STAGE1E SCHEMA REFERENCE} \
####             "Schema reference does not select an object: $reference"
####     }
####     return [list $target $target_root]
#### }
#### proc ::stage1e::canonical_json_v1::node_equal {left right} {
####     if {[node_type $left] ne [node_type $right]} { return 0 }
####     set type [node_type $left]
####     if {$type eq {object}} {
####         set left_keys [object_keys $left]
####         set right_keys [object_keys $right]
####         if {[llength $left_keys] != [llength $right_keys]} { return 0 }
####         foreach key $left_keys {
####             if {![object_has $right $key] ||
####                     ![node_equal [object_get $left $key] [object_get $right $key]]} {
####                 return 0
####             }
####         }
####         return 1
####     }
####     if {$type eq {array}} {
####         set left_values [array_values $left]
####         set right_values [array_values $right]
####         if {[llength $left_values] != [llength $right_values]} { return 0 }
####         foreach lvalue $left_values rvalue $right_values {
####             if {![node_equal $lvalue $rvalue]} { return 0 }
####         }
####         return 1
####     }
####     return [expr {[node_value $left] eq [node_value $right]}]
#### }
#### proc ::stage1e::canonical_json_v1::is_sha256 {value} {
####     if {[string length $value] != 64 || $value eq [string repeat 0 64]} { return 0 }
####     foreach character [split $value {}] {
####         set code [scan $character %c]
####         if {!($code >= 0x30 && $code <= 0x39) &&
####                 !($code >= 0x61 && $code <= 0x66)} { return 0 }
####     }
####     return 1
#### }
#### proc ::stage1e::canonical_json_v1::is_canonical_path {value} {
####     foreach forbidden [list "\\" {*} {?} {[} {]}] {
####         if {[string first $forbidden $value] >= 0} { return 0 }
####     }
####     foreach character [split $value {}] {
####         if {[scan $character %c] < 0x20} { return 0 }
####     }
####     if {[string first {//} $value] == 0} {
####         set segments [split [string range $value 2 end] /]
####         if {[llength $segments] < 2} { return 0 }
####     } elseif {[string index $value 0] eq {/}} {
####         set segments [split [string range $value 1 end] /]
####     } else {
####         if {[string length $value] < 3 || [string index $value 1] ne {:} ||
####                 [string index $value 2] ne {/}} { return 0 }
####         set drive [scan [string index $value 0] %c]
####         if {$drive < 0x41 || $drive > 0x5a} { return 0 }
####         set segments [split [string range $value 3 end] /]
####     }
####     foreach segment $segments {
####         if {$segment eq {} || $segment in {. ..} ||
####                 [string first : $segment] >= 0} { return 0 }
####     }
####     return 1
#### }
#### proc ::stage1e::canonical_json_v1::validate_format {value format path} {
####     if {$format eq {sha256}} {
####         if {![is_sha256 $value]} { error "$path is not a canonical SHA-256 value." }
####     } elseif {$format eq {canonical-absolute-path}} {
####         if {![is_canonical_path $value]} { error "$path is not a canonical absolute path." }
####     } elseif {$format in {token message canonical-reference}} {
####         if {[string first [format %c 0] $value] >= 0} {
####             error "$path contains a prohibited NUL character."
####         }
####         if {$format eq {canonical-reference} && [string first "\\" $value] >= 0} {
####             error "$path contains a non-canonical backslash."
####         }
####     } else {
####         error "Unsupported Stage 1E string format '$format' at $path."
####     }
#### }
#### proc ::stage1e::canonical_json_v1::select_one_of {value schema root registry path} {
####     set matches {}
####     foreach candidate [array_values [object_get $schema oneOf]] {
####         if {![catch {validate $value $candidate $root $registry $path {}}]} {
####             lappend matches $candidate
####         }
####     }
####     if {[llength $matches] != 1} {
####         error "$path matches [llength $matches] oneOf branches; exactly one is required."
####     }
####     return [lindex $matches 0]
#### }
#### proc ::stage1e::canonical_json_v1::validate {
####     value schema root registry {path {$}} {omit {}}
#### } {
####     lassign [schema_resolve $schema $root $registry] schema root
####     if {[object_has $schema oneOf]} {
####         set selected [select_one_of $value $schema $root $registry $path]
####         return [validate $value $selected $root $registry $path $omit]
####     }
####     if {[object_has $schema type]} {
####         set type [node_value [object_get $schema type]]
####         if {[node_type $value] ne $type} { error "$path must be a $type." }
####         if {$type eq {object}} {
####             foreach keyword {properties required additionalProperties
####                     x-stage1e-canonical-order} {
####                 if {![object_has $schema $keyword]} {
####                     error "$path uses an incomplete exact-object schema."
####                 }
####             }
####             if {[node_value [object_get $schema additionalProperties]]} {
####                 error "$path permits additional properties."
####             }
####             set properties [object_get $schema properties]
####             set required_nodes [array_values [object_get $schema required]]
####             set order_nodes [array_values [object_get $schema x-stage1e-canonical-order]]
####             set expected {}
####             foreach node $order_nodes {
####                 set name [node_value $node]
####                 if {[dict exists $expected $name] || ![object_has $properties $name]} {
####                     error "$path has invalid canonical-order metadata."
####                 }
####                 dict set expected $name 1
####             }
####             if {[dict size $expected] != [llength [object_keys $properties]]} {
####                 error "$path canonical order is incomplete."
####             }
####             foreach node $required_nodes {
####                 set name [node_value $node]
####                 set omitted [expr {$path eq {$} && $omit ne {} && $name eq $omit}]
####                 if {!$omitted && ![object_has $value $name]} {
####                     error "$path is missing required property '$name'."
####                 }
####             }
####             foreach name [object_keys $value] {
####                 if {![dict exists $expected $name]} {
####                     error "$path contains unknown property '$name'."
####                 }
####                 if {$path eq {$} && $name eq $omit} {
####                     error "$path identity payload must omit '$name'."
####                 }
####             }
####             foreach node $order_nodes {
####                 set name [node_value $node]
####                 if {[object_has $value $name]} {
####                     validate [object_get $value $name] [object_get $properties $name] \
####                         $root $registry "${path}.${name}" {}
####                 }
####             }
####         } elseif {$type eq {array}} {
####             set values [array_values $value]
####             if {[object_has $schema minItems] &&
####                     [llength $values] < [node_value [object_get $schema minItems]]} {
####                 error "$path has too few items."
####             }
####             if {[object_has $schema maxItems] &&
####                     [llength $values] > [node_value [object_get $schema maxItems]]} {
####                 error "$path has too many items."
####             }
####             if {[object_has $schema items]} {
####                 set index 0
####                 foreach item $values {
####                     validate $item [object_get $schema items] $root $registry \
####                         "${path}\[$index\]" {}
####                     incr index
####                 }
####             }
####             if {[object_has $schema uniqueItems] &&
####                     [node_value [object_get $schema uniqueItems]]} {
####                 for {set left 0} {$left < [llength $values]} {incr left} {
####                     for {set right [expr {$left + 1}]} {$right < [llength $values]} {incr right} {
####                         if {[node_equal [lindex $values $left] [lindex $values $right]]} {
####                             error "$path contains duplicate array items."
####                         }
####                     }
####                 }
####             }
####         } elseif {$type eq {string}} {
####             set scalar [node_value $value]
####             if {[object_has $schema minLength] &&
####                     [string length $scalar] < [node_value [object_get $schema minLength]]} {
####                 error "$path is too short."
####             }
####             if {[object_has $schema maxLength] &&
####                     [string length $scalar] > [node_value [object_get $schema maxLength]]} {
####                 error "$path is too long."
####             }
####             if {[object_has $schema x-stage1e-format]} {
####                 validate_format $scalar [node_value [object_get $schema x-stage1e-format]] $path
####             }
####         } elseif {$type eq {integer}} {
####             set scalar [node_value $value]
####             if {[object_has $schema minimum] &&
####                     $scalar < [node_value [object_get $schema minimum]]} {
####                 error "$path is below its minimum."
####             }
####             if {[object_has $schema maximum] &&
####                     $scalar > [node_value [object_get $schema maximum]]} {
####                 error "$path exceeds its maximum."
####             }
####         }
####     }
####     if {[object_has $schema const] && ![node_equal $value [object_get $schema const]]} {
####         error "$path does not match its constant."
####     }
####     if {[object_has $schema enum]} {
####         set found 0
####         foreach candidate [array_values [object_get $schema enum]] {
####             if {[node_equal $value $candidate]} { set found 1; break }
####         }
####         if {!$found} { error "$path is not an allowed enum value." }
####     }
####     return 1
#### }
#### proc ::stage1e::canonical_json_v1::encode_string {value} {
####     set result {"}
####     set length [string length $value]
####     for {set index 0} {$index < $length} {incr index} {
####         set character [string index $value $index]
####         set code [scan $character %c]
####         if {$code == 0x22} {
####             append result {\"}
####         } elseif {$code == 0x5c} {
####             append result {\\}
####         } elseif {$code == 0x08} {
####             append result {\b}
####         } elseif {$code == 0x0c} {
####             append result {\f}
####         } elseif {$code == 0x0a} {
####             append result {\n}
####         } elseif {$code == 0x0d} {
####             append result {\r}
####         } elseif {$code == 0x09} {
####             append result {\t}
####         } elseif {$code < 0x20 || $code == 0x7f ||
####                 $code == 0x2028 || $code == 0x2029} {
####             append result [format {\u%04x} $code]
####         } elseif {$code >= 0xd800 && $code <= 0xdbff} {
####             if {$index + 1 >= $length} {
####                 error {Cannot encode an unpaired high surrogate.}
####             }
####             set low_character [string index $value [expr {$index + 1}]]
####             set low_code [scan $low_character %c]
####             if {$low_code < 0xdc00 || $low_code > 0xdfff} {
####                 error {Cannot encode an unpaired high surrogate.}
####             }
####             append result $character $low_character
####             incr index
####         } elseif {$code >= 0xdc00 && $code <= 0xdfff} {
####             error {Cannot encode an unpaired low surrogate.}
####         } else {
####             append result $character
####         }
####     }
####     append result {"}
####     return $result
#### }
#### proc ::stage1e::canonical_json_v1::encode_value {
####     value schema root registry path omit
#### } {
####     lassign [schema_resolve $schema $root $registry] schema root
####     if {[object_has $schema oneOf]} {
####         set schema [select_one_of $value $schema $root $registry $path]
####         lassign [schema_resolve $schema $root $registry] schema root
####     }
####     set type [node_value [object_get $schema type]]
####     if {$type eq {object}} {
####         set result "\{"
####         set first 1
####         set properties [object_get $schema properties]
####         foreach name_node [array_values [object_get $schema x-stage1e-canonical-order]] {
####             set name [node_value $name_node]
####             if {$path eq {$} && $name eq $omit} { continue }
####             if {!$first} { append result , }
####             set first 0
####             append result [encode_string $name] :
####             append result [encode_value [object_get $value $name] \
####                 [object_get $properties $name] $root $registry "${path}.${name}" {}]
####         }
####         append result "\}"
####         return $result
####     }
####     if {$type eq {array}} {
####         set result {[}
####         set first 1
####         set item_schema [object_get $schema items]
####         set index 0
####         foreach item [array_values $value] {
####             if {!$first} { append result , }
####             set first 0
####             append result [encode_value $item $item_schema $root $registry \
####                 "${path}\[$index\]" {}]
####             incr index
####         }
####         append result {]}
####         return $result
####     }
####     if {$type eq {string}} { return [encode_string [node_value $value]] }
####     if {$type eq {integer}} { return [node_value $value] }
####     if {$type eq {boolean}} {
####         if {[node_value $value]} { return true }
####         return false
####     }
####     error "Unsupported canonical type '$type' at $path."
#### }
#### proc ::stage1e::canonical_json_v1::canonical_bytes {
####     value schema registry {omit {}}
#### } {
####     validate $value $schema $schema $registry {$} $omit
####     set text [encode_value $value $schema $schema $registry {$} $omit]
####     append text "\n"
####     return [encoding convertto utf-8 $text]
#### }
#### proc ::stage1e::canonical_json_v1::bytes_equal {left right} {
####     return [expr {[string length $left] == [string length $right] && $left eq $right}]
#### }
#### proc ::stage1e::canonical_json_v1::parse_canonical {bytes schema registry} {
####     set value [parse_bytes $bytes]
####     set canonical [canonical_bytes $value $schema $registry]
####     if {![bytes_equal $bytes $canonical]} {
####         return -code error -errorcode {STAGE1E JSON NONCANONICAL} \
####             {JSON bytes are valid but are not the Stage 1E canonical representation.}
####     }
####     return $value
#### }
#### proc ::stage1e::canonical_json_v1::u32 {value} {
####     return [expr {$value & 0xffffffff}]
#### }
#### proc ::stage1e::canonical_json_v1::ror {value count} {
####     set value [u32 $value]
####     return [u32 [expr {($value >> $count) |
####         (($value << (32 - $count)) & 0xffffffff)}]]
#### }
#### proc ::stage1e::canonical_json_v1::sha256 {bytes} {
####     variable sha256_constants {
####         0x428a2f98 0x71374491 0xb5c0fbcf 0xe9b5dba5 0x3956c25b 0x59f111f1 0x923f82a4 0xab1c5ed5
####         0xd807aa98 0x12835b01 0x243185be 0x550c7dc3 0x72be5d74 0x80deb1fe 0x9bdc06a7 0xc19bf174
####         0xe49b69c1 0xefbe4786 0x0fc19dc6 0x240ca1cc 0x2de92c6f 0x4a7484aa 0x5cb0a9dc 0x76f988da
####         0x983e5152 0xa831c66d 0xb00327c8 0xbf597fc7 0xc6e00bf3 0xd5a79147 0x06ca6351 0x14292967
####         0x27b70a85 0x2e1b2138 0x4d2c6dfc 0x53380d13 0x650a7354 0x766a0abb 0x81c2c92e 0x92722c85
####         0xa2bfe8a1 0xa81a664b 0xc24b8b70 0xc76c51a3 0xd192e819 0xd6990624 0xf40e3585 0x106aa070
####         0x19a4c116 0x1e376c08 0x2748774c 0x34b0bcb5 0x391c0cb3 0x4ed8aa4a 0x5b9cca4f 0x682e6ff3
####         0x748f82ee 0x78a5636f 0x84c87814 0x8cc70208 0x90befffa 0xa4506ceb 0xbef9a3f7 0xc67178f2
####     }
####     binary scan $bytes c* signed_octets
####     set octets {}
####     foreach octet $signed_octets {
####         if {$octet < 0} { incr octet 256 }
####         lappend octets $octet
####     }
####     set bit_length [expr {[llength $octets] * 8}]
####     lappend octets 128
####     while {[llength $octets] % 64 != 56} { lappend octets 0 }
####     for {set shift 56} {$shift >= 0} {incr shift -8} {
####         lappend octets [expr {($bit_length >> $shift) & 0xff}]
####     }
####     set hashes {
####         0x6a09e667 0xbb67ae85 0x3c6ef372 0xa54ff53a
####         0x510e527f 0x9b05688c 0x1f83d9ab 0x5be0cd19
####     }
####     for {set offset 0} {$offset < [llength $octets]} {incr offset 64} {
####         set words {}
####         for {set index 0} {$index < 16} {incr index} {
####             set base [expr {$offset + $index * 4}]
####             lappend words [expr {([lindex $octets $base] << 24) |
####                 ([lindex $octets [expr {$base + 1}]] << 16) |
####                 ([lindex $octets [expr {$base + 2}]] << 8) |
####                 [lindex $octets [expr {$base + 3}]]}]
####         }
####         for {set index 16} {$index < 64} {incr index} {
####             set x [lindex $words [expr {$index - 15}]]
####             set y [lindex $words [expr {$index - 2}]]
####             set s0 [expr {[ror $x 7] ^ [ror $x 18] ^ ([u32 $x] >> 3)}]
####             set s1 [expr {[ror $y 17] ^ [ror $y 19] ^ ([u32 $y] >> 10)}]
####             lappend words [u32 [expr {[lindex $words [expr {$index - 16}]] +
####                 $s0 + [lindex $words [expr {$index - 7}]] + $s1}]]
####         }
####         lassign $hashes a b c d e f g h
####         for {set index 0} {$index < 64} {incr index} {
####             set sum1 [expr {[ror $e 6] ^ [ror $e 11] ^ [ror $e 25]}]
####             set choice [expr {([u32 $e] & [u32 $f]) ^
####                 (([u32 $e] ^ 0xffffffff) & [u32 $g])}]
####             set temp1 [u32 [expr {$h + $sum1 + $choice +
####                 [lindex $sha256_constants $index] + [lindex $words $index]}]]
####             set sum0 [expr {[ror $a 2] ^ [ror $a 13] ^ [ror $a 22]}]
####             set majority [expr {([u32 $a] & [u32 $b]) ^
####                 ([u32 $a] & [u32 $c]) ^ ([u32 $b] & [u32 $c])}]
####             set temp2 [u32 [expr {$sum0 + $majority}]]
####             set h $g
####             set g $f
####             set f $e
####             set e [u32 [expr {$d + $temp1}]]
####             set d $c
####             set c $b
####             set b $a
####             set a [u32 [expr {$temp1 + $temp2}]]
####         }
####         set updated {}
####         foreach old $hashes current [list $a $b $c $d $e $f $g $h] {
####             lappend updated [u32 [expr {$old + $current}]]
####         }
####         set hashes $updated
####     }
####     set result {}
####     foreach value $hashes { append result [format %08x [u32 $value]] }
####     return $result
#### }
#### proc ::stage1e::canonical_json_v1::digest_file {path} {
####     if {$path eq {}} {
####         return -code error -errorcode {STAGE1E JSON FILE_DIGEST} \
####             {File digest input path must not be empty.}
####     }
####     if {[catch {file normalize $path} normalized_path] ||
####         ![file exists $normalized_path] || ![file isfile $normalized_path]} {
####         return -code error -errorcode {STAGE1E JSON FILE_DIGEST} \
####             {File digest input must be one existing regular file.}
####     }
####     if {![info exists ::env(SystemRoot)] || $::env(SystemRoot) eq {}} {
####         return -code error -errorcode {STAGE1E JSON FILE_DIGEST} \
####             {Required SystemRoot for the file digest provider is unavailable.}
####     }
####     if {[catch {
####         file normalize [file join $::env(SystemRoot) System32 certutil.exe]
####     } provider] || ![file exists $provider] || ![file isfile $provider] ||
####         ![file executable $provider]} {
####         return -code error -errorcode {STAGE1E JSON FILE_DIGEST} \
####             {Required fixed file digest provider certutil.exe is unavailable.}
####     }
####     set command [list $provider -hashfile $normalized_path SHA256]
####     if {[catch {exec {*}$command 2>@1} output]} {
####         return -code error -errorcode {STAGE1E JSON FILE_DIGEST} \
####             {certutil.exe did not complete file hashing successfully.}
####     }
####     set candidates {}
####     foreach line [split $output "\n"] {
####         set line [string trim $line]
####         if {[string length $line] == 64 &&
####                 [string is xdigit -strict $line]} {
####             lappend candidates $line
####         }
####     }
####     if {[llength $candidates] != 1} {
####         return -code error -errorcode {STAGE1E JSON FILE_DIGEST} \
####             {certutil.exe output did not contain exactly one SHA-256 result line.}
####     }
####     set digest [string tolower [lindex $candidates 0]]
####     if {![is_sha256 $digest]} {
####         return -code error -errorcode {STAGE1E JSON FILE_DIGEST} \
####             {certutil.exe returned a malformed SHA-256 result.}
####     }
####     return $digest
#### }
#### proc ::stage1e::canonical_json_v1::digest_bytes {bytes {provider {}}} {
####     if {$provider eq {}} {
####         set digest [sha256 $bytes]
####     } else {
####         set digest [uplevel #0 [linsert $provider end $bytes]]
####     }
####     if {![is_sha256 $digest]} {
####         return -code error -errorcode {STAGE1E JSON DIGEST} \
####             {Digest provider did not return a canonical SHA-256 value.}
####     }
####     return $digest
#### }
### unset ::stage1e_vivado_observer_v2_dir
### unset ::stage1e_vivado_observer_v2_build
### namespace eval ::stage1e::production_vivado_observer_v2 {
###     variable interface_version stage1e-production-vivado-observer-interface-v2
### }
### proc ::stage1e::production_vivado_observer_v2::interface_version {} {
###     variable interface_version
###     return $interface_version
### }
### proc ::stage1e::production_vivado_observer_v2::_raise {code message} {
###     return -code error -errorcode [list STAGE1E RUN2 OBSERVER_V2 $code] $message
### }
### proc ::stage1e::production_vivado_observer_v2::required_property_projection {} {
###     return [::stage1e::vivado_runtime_contract_v2::real_property_projection]
### }
### proc ::stage1e::production_vivado_observer_v2::observe_fixture {properties snapshot} {
###     ::stage1e::vivado_runtime_contract_v2::validate_property_inventory $properties 1
###     set result [::stage1e::vivado_runtime_contract_v2::evaluate_phase_completion $snapshot]
###     dict set result observation_model CAPTURED_VIVADO_2024_1_FIXTURE
###     dict set result property_projection [lsort -dictionary $properties]
###     return $result
### }
### proc ::stage1e::production_vivado_observer_v2::_exact_impl_run {} {
###     if {![llength [info commands get_runs]] || ![llength [info commands get_property]]} {
###         _raise VIVADO_COMMAND_UNAVAILABLE {Vivado read-only query commands are unavailable.}
###     }
###     set runs [get_runs -quiet impl_1]
###     if {[llength $runs] != 1} {
###         _raise IMPLEMENTATION_RUN_IDENTITY {Expected exactly one implementation run named impl_1.}
###     }
###     return [lindex $runs 0]
### }
### proc ::stage1e::production_vivado_observer_v2::_live_property_capture {impl_run} {
###     set properties [required_property_projection]
###     set values {}
###     foreach property $properties {
###         if {[catch {get_property $property $impl_run} value]} {
###             _raise PROPERTY_MISSING "Captured Vivado 2024.1 property is unavailable: $property"
###         }
###         dict set values $property $value
###     }
###     ::stage1e::vivado_runtime_contract_v2::validate_property_inventory $properties 1
###     return [dict create properties $properties values $values]
### }
### proc ::stage1e::production_vivado_observer_v2::_checkpoint_for_phase {phase} {
###     set contract [::stage1e::vivado_runtime_contract_v2::phase_contract $phase]
###     return [dict get $contract required_checkpoint]
### }
### proc ::stage1e::production_vivado_observer_v2::_file_identity {path} {
###     if {![file exists $path] || ![file isfile $path]} { return MISSING }
###     return [::stage1e::canonical_json_v1::digest_file $path]
### }
### proc ::stage1e::production_vivado_observer_v2::observe_live {
###     phase run_directory forbidden_operations
### } {
###     set impl_run [_exact_impl_run]
###     set capture [_live_property_capture $impl_run]
###     set values [dict get $capture values]
###     set checkpoint [_checkpoint_for_phase $phase]
###     set checkpoint_path [file join $run_directory $checkpoint]
###     set checkpoint_identity [_file_identity $checkpoint_path]
###     set snapshot [dict create \
###         phase $phase \
###         run_identity [dict get $values NAME] \
###         run_status [dict get $values STATUS] \
###         progress [dict get $values PROGRESS] \
###         current_step [dict get $values CURRENT_STEP] \
###         checkpoint $checkpoint \
###         checkpoint_state [expr {[file exists $checkpoint_path] ? {PRESENT} : {MISSING}}] \
###         checkpoint_identity $checkpoint_identity \
###         forbidden_operations $forbidden_operations]
###     set result [::stage1e::vivado_runtime_contract_v2::evaluate_phase_completion $snapshot]
###     dict set result observation_model LIVE_VIVADO_2024_1_READ_ONLY
###     dict set result property_projection [dict get $capture properties]
###     dict set result snapshot $snapshot
###     return $result
### }
## if {![llength [info commands ::stage1e::production_vivado_collector_v2::collect_live]]} {
##     source [file join $::stage1e_vivado_runner_v2_build runtime collector stage1e_production_vivado_collector_v2.tcl]
## }
### set ::stage1e_vivado_collector_v2_dir [file dirname [info script]]
### set ::stage1e_vivado_collector_v2_build [file dirname [file dirname $::stage1e_vivado_collector_v2_dir]]
### if {![llength [info commands ::stage1e::canonical_json_v1::digest_bytes]]} {
###     source [file join $::stage1e_vivado_collector_v2_build lib stage1e_runtime_canonical_json_v1.tcl]
### }
### unset ::stage1e_vivado_collector_v2_dir
### unset ::stage1e_vivado_collector_v2_build
### namespace eval ::stage1e::production_vivado_collector_v2 {
###     variable interface_version stage1e-production-vivado-collector-interface-v2
### }
### proc ::stage1e::production_vivado_collector_v2::interface_version {} {
###     variable interface_version
###     return $interface_version
### }
### proc ::stage1e::production_vivado_collector_v2::_raise {code message} {
###     return -code error -errorcode [list STAGE1E RUN2 COLLECTOR_V2 $code] $message
### }
### proc ::stage1e::production_vivado_collector_v2::report_roles {} {
###     return {
###         TIMING_SUMMARY TIMING_PATH_GROUPS CLOCK_INTERACTION CLOCKS_GENERATED_CLOCKS
###         CONSTRAINT_COVERAGE CHECK_TIMING TIMING_EXCEPTION_SOURCE CONDITIONAL_BUS_SKEW
###         UTILIZATION DRC METHODOLOGY CDC MESSAGE_SOURCE
###     }
### }
### proc ::stage1e::production_vivado_collector_v2::_canonical_path {path} {
###     return [string map {\\ /} [file normalize $path]]
### }
### proc ::stage1e::production_vivado_collector_v2::_path_within {candidate root} {
###     set candidate [_canonical_path $candidate]
###     set root [_canonical_path $root]
###     set prefix "[string trimright $root /\\]/"
###     return [expr {$candidate eq $root || [string first $prefix $candidate] == 0}]
### }
### proc ::stage1e::production_vivado_collector_v2::_reservation_path {request role} {
###     return [file join [dict get $request report_root] .stage1e-reservations \
###         "[string tolower $role].reservation"]
### }
### proc ::stage1e::production_vivado_collector_v2::_attempt_ledger_path {request} {
###     return [file join [dict get $request report_root] .stage1e-report-attempts.tsv]
### }
### proc ::stage1e::production_vivado_collector_v2::_reserve_new {path text} {
###     set channel [open $path {WRONLY CREAT EXCL}]
###     fconfigure $channel -encoding utf-8 -translation lf
###     puts -nonewline $channel $text
###     close $channel
### }
### proc ::stage1e::production_vivado_collector_v2::_validate_binding {binding} {
###     set expected {
###         implementation_profile execution_id source_commit source_tree
###         project_identity design_identity
###     }
###     if {[catch {dict size $binding}] ||
###         [lsort -dictionary [dict keys $binding]] ne [lsort -dictionary $expected]} {
###         _raise ARTIFACT_BINDING {Artifact binding fields are not exact.}
###     }
###     if {![regexp {^[0-9a-f]{40}$} [dict get $binding source_commit]] ||
###         ![regexp {^[0-9a-f]{40}$} [dict get $binding source_tree]]} {
###         _raise ARTIFACT_BINDING {Artifact source commit or tree is invalid.}
###     }
###     if {[dict get $binding implementation_profile] ni {
###         SAFE_INERT READY_AWARE_SYNTHETIC_DIGITAL_STIMULUS
###     }} {
###         _raise ARTIFACT_BINDING {Artifact implementation profile is invalid.}
###     }
###     foreach field {execution_id project_identity design_identity} {
###         if {[dict get $binding $field] eq {}} {
###             _raise ARTIFACT_BINDING "Artifact binding field is empty: $field"
###         }
###     }
###     return $binding
### }
### proc ::stage1e::production_vivado_collector_v2::_artifact_record {binding role path} {
###     _validate_binding $binding
###     if {![file exists $path] || ![file isfile $path]} {
###         _raise ARTIFACT_MISSING "Artifact is missing: $role"
###     }
###     return [dict create role $role path [_canonical_path $path] \
###         bytes [file size $path] \
###         sha256 [::stage1e::canonical_json_v1::digest_file $path] \
###         implementation_profile [dict get $binding implementation_profile] \
###         execution_id [dict get $binding execution_id] \
###         source_commit [dict get $binding source_commit] \
###         source_tree [dict get $binding source_tree] \
###         project_identity [dict get $binding project_identity] \
###         design_identity [dict get $binding design_identity]]
### }
### proc ::stage1e::production_vivado_collector_v2::_validate_request {request} {
###     set expected {
###         report_root implementation_profile execution_id source_commit
###         source_tree project_identity design_identity run_identity
###         process_identity role_output_paths
###     }
###     if {[catch {dict size $request}] ||
###         [lsort -dictionary [dict keys $request]] ne [lsort -dictionary $expected]} {
###         _raise REQUEST_FIELD_MISSING {Collector request fields are not exact and closed.}
###     }
###     _validate_binding [dict create \
###         implementation_profile [dict get $request implementation_profile] \
###         execution_id [dict get $request execution_id] \
###         source_commit [dict get $request source_commit] \
###         source_tree [dict get $request source_tree] \
###         project_identity [dict get $request project_identity] \
###         design_identity [dict get $request design_identity]]
###     set root [_canonical_path [dict get $request report_root]]
###     if {![file exists $root] || ![file isdirectory $root]} { _raise REPORT_ROOT_INVALID {Report root must already exist.} }
###     set paths [dict get $request role_output_paths]
###     set expected [lsort -dictionary [report_roles]]
###     if {[lsort -dictionary [dict keys $paths]] ne $expected} { _raise REPORT_ROLE_SET {Report roles are not exact and closed.} }
###     set seen {}
###     foreach role [report_roles] {
###         set path [_canonical_path [dict get $paths $role]]
###         if {![_path_within $path $root]} { _raise OUTPUT_PATH_ESCAPE "Report output escapes root: $role" }
###         if {[file exists $path]} { _raise OUTPUT_PATH_EXISTS "Report output already exists: $role" }
###         set key [string tolower $path]
###         if {[dict exists $seen $key]} { _raise OUTPUT_PATH_DUPLICATE "Report path is reused: $role" }
###         dict set seen $key 1
###         if {![file exists [file dirname $path]]} { _raise OUTPUT_PARENT_MISSING "Report parent does not exist: $role" }
###     }
###     return 1
### }
### proc ::stage1e::production_vivado_collector_v2::_reserve_all {request} {
###     set reservation_root [file join [dict get $request report_root] .stage1e-reservations]
###     if {[file exists $reservation_root]} { _raise RESERVATION_ROOT_EXISTS {Reservation root must be new.} }
###     file mkdir $reservation_root
###     set ledger_path [_attempt_ledger_path $request]
###     _reserve_new $ledger_path "ordinal\treport_role\tstate\tpath\tbytes\tsha256\treason\n"
###     set reservations {}
###     foreach role [report_roles] {
###         set output [_canonical_path [dict get $request role_output_paths $role]]
###         set reservation [_reservation_path $request $role]
###         set binding "execution_id=[dict get $request execution_id]\nrun_identity=[dict get $request run_identity]\nprocess_identity=[dict get $request process_identity]\nreport_role=$role\nrequested_path=$output\nreservation_state=EXCLUSIVE_NO_OVERWRITE\n"
###         _reserve_new $reservation $binding
###         lappend reservations [dict create role $role reservation_path $reservation output_path $output]
###     }
###     return $reservations
### }
### proc ::stage1e::production_vivado_collector_v2::_append_attempt {request ordinal role state path reason} {
###     set bytes -1
###     set digest NONE
###     if {[file exists $path] && [file isfile $path]} {
###         set bytes [file size $path]
###         set digest [::stage1e::canonical_json_v1::digest_file $path]
###     }
###     set channel [open [_attempt_ledger_path $request] a]
###     fconfigure $channel -encoding utf-8 -translation lf
###     puts $channel "$ordinal\t$role\t$state\t$path\t$bytes\t$digest\t$reason"
###     close $channel
###     return [dict create ordinal $ordinal role $role state $state path $path bytes $bytes sha256 $digest reason $reason]
### }
### proc ::stage1e::production_vivado_collector_v2::_invoke_fixed_report {role output_path} {
###     switch -- $role {
###         TIMING_SUMMARY { report_timing_summary -file $output_path }
###         TIMING_PATH_GROUPS { report_timing -max_paths 100 -sort_by group -file $output_path }
###         CLOCK_INTERACTION { report_clock_interaction -file $output_path }
###         CLOCKS_GENERATED_CLOCKS { report_clocks -file $output_path }
###         CONSTRAINT_COVERAGE { report_exceptions -coverage -file $output_path }
###         CHECK_TIMING { check_timing -verbose -file $output_path }
###         TIMING_EXCEPTION_SOURCE { report_exceptions -file $output_path }
###         CONDITIONAL_BUS_SKEW { report_bus_skew -file $output_path }
###         UTILIZATION { report_utilization -file $output_path }
###         DRC { report_drc -file $output_path }
###         METHODOLOGY { report_methodology -file $output_path }
###         CDC { report_cdc -details -file $output_path }
###         MESSAGE_SOURCE { report_route_status -file $output_path }
###         default { _raise REPORT_ROLE_UNKNOWN "Unknown closed report role: $role" }
###     }
### }
### proc ::stage1e::production_vivado_collector_v2::collect_live {request} {
###     _validate_request $request
###     set reservations [_reserve_all $request]
###     set attempts {}
###     set ordinal 0
###     foreach reservation $reservations {
###         incr ordinal
###         set role [dict get $reservation role]
###         set path [dict get $reservation output_path]
###         set code [catch {_invoke_fixed_report $role $path} reason]
###         set state [expr {$code ? {FAILED} : {COLLECTED}}]
###         set attempt [_append_attempt $request $ordinal $role $state $path [expr {$code ? $reason : {NONE}}]]
###         lappend attempts $attempt
###         if {$code || [dict get $attempt bytes] <= 0} {
###             set failure [expr {$code ? $reason : {Report output missing or zero-byte.}}]
###             return [dict create action BLOCK reason $failure reservations $reservations attempts $attempts \
###                 acceptance_decision NOT_EVALUATED]
###         }
###     }
###     return [dict create action PROCEED reason NONE reservations $reservations attempts $attempts \
###         acceptance_decision NOT_EVALUATED]
### }
### proc ::stage1e::production_vivado_collector_v2::collect_fixture {request fixture_reports} {
###     _validate_request $request
###     set reservations [_reserve_all $request]
###     set attempts {}
###     set ordinal 0
###     foreach reservation $reservations {
###         incr ordinal
###         set role [dict get $reservation role]
###         if {![dict exists $fixture_reports $role]} {
###             return [dict create action BLOCK reason "Fixture report missing: $role" reservations $reservations attempts $attempts acceptance_decision NOT_EVALUATED]
###         }
###         set path [dict get $reservation output_path]
###         _reserve_new $path [dict get $fixture_reports $role]
###         lappend attempts [_append_attempt $request $ordinal $role COLLECTED $path NONE]
###     }
###     return [dict create action PROCEED reason NONE reservations $reservations attempts $attempts acceptance_decision NOT_EVALUATED]
### }
### proc ::stage1e::production_vivado_collector_v2::write_artifact_manifest {
###     artifact_root artifacts report_attempts binding
### } {
###     _validate_binding $binding
###     set root [_canonical_path $artifact_root]
###     if {![file exists $root] || ![file isdirectory $root]} {
###         _raise ARTIFACT_ROOT_INVALID {Artifact root must already exist.}
###     }
###     set manifest [file join $root artifact-manifest.tsv]
###     if {[file exists $manifest]} { _raise ARTIFACT_MANIFEST_EXISTS {Artifact manifest already exists.} }
###     set roles {}
###     foreach artifact $artifacts {
###         set role [dict get $artifact role]
###         if {[lsearch -exact $roles $role] >= 0} {
###             _raise ARTIFACT_ROLE_DUPLICATE "Artifact role is duplicated: $role"
###         }
###         lappend roles $role
###         foreach field {
###             implementation_profile execution_id source_commit source_tree
###             project_identity design_identity
###         } {
###             if {[dict get $artifact $field] ne [dict get $binding $field]} {
###                 _raise ARTIFACT_BINDING "Artifact $role differs from the execution binding: $field"
###             }
###         }
###     }
###     set channel [open $manifest {WRONLY CREAT EXCL}]
###     fconfigure $channel -encoding utf-8 -translation lf
###     puts $channel "kind\trole\tcanonical_path\tbytes\tsha256\timplementation_profile\texecution_id\tsource_commit\tsource_tree\tproject_identity\tdesign_identity"
###     foreach artifact $artifacts {
###         puts $channel "artifact\t[dict get $artifact role]\t[dict get $artifact path]\t[dict get $artifact bytes]\t[dict get $artifact sha256]\t[dict get $binding implementation_profile]\t[dict get $binding execution_id]\t[dict get $binding source_commit]\t[dict get $binding source_tree]\t[dict get $binding project_identity]\t[dict get $binding design_identity]"
###     }
###     foreach attempt $report_attempts {
###         puts $channel "report\t[dict get $attempt role]\t[_canonical_path [dict get $attempt path]]\t[dict get $attempt bytes]\t[dict get $attempt sha256]\t[dict get $binding implementation_profile]\t[dict get $binding execution_id]\t[dict get $binding source_commit]\t[dict get $binding source_tree]\t[dict get $binding project_identity]\t[dict get $binding design_identity]"
###     }
###     close $channel
###     lappend artifacts [_artifact_record $binding ARTIFACT_MANIFEST $manifest]
###     return $artifacts
### }
## if {![llength [info commands ::stage1e::canonical_json_v1::canonical_bytes]]} {
##     source [file join $::stage1e_vivado_runner_v2_build lib stage1e_runtime_canonical_json_v1.tcl]
## }
## namespace eval ::stage1e::production_vivado_runner_v2 {
##     variable interface_version stage1e-production-vivado-runner-interface-v2
##     variable implementation_phases {opt_design place_design route_design}
##     variable build_root [file dirname [file dirname [file dirname [info script]]]]
##     variable journal_ordinal 0
##     variable context_fields {
##         context_schema_version execution_id request_identity run_kind
##         repository_root vivado_version vivado_build workspace_path project_path
##         output_path report_root artifact_root result_path part board_part
##         build_target implementation_profile source_commit source_tree
##         execution_contract_identity
##         finding_decision_identity project_retention process_identity
##         project_identity design_identity phase_journal_path
##     }
## }
## unset ::stage1e_vivado_runner_v2_dir
## unset ::stage1e_vivado_runner_v2_build
## proc ::stage1e::production_vivado_runner_v2::interface_version {} {
##     variable interface_version
##     return $interface_version
## }
## proc ::stage1e::production_vivado_runner_v2::_is_ready_aware_profile {profile} {
##     return [expr {$profile eq {READY_AWARE_SYNTHETIC_DIGITAL_STIMULUS}}]
## }
## proc ::stage1e::production_vivado_runner_v2::_raise {code message} {
##     return -code error -errorcode [list STAGE1E EXECUTION RUNNER_V2 $code] $message
## }
## proc ::stage1e::production_vivado_runner_v2::_canonical_path {path} {
##     return [string map {\\ /} [file normalize $path]]
## }
## proc ::stage1e::production_vivado_runner_v2::_require_file {path label} {
##     if {![file exists $path] || ![file isfile $path]} {
##         _raise INPUT_MISSING "$label is missing: $path"
##     }
##     return $path
## }
## proc ::stage1e::production_vivado_runner_v2::_require_command {name} {
##     if {[string match {::*} $name]} {
##         set global_name $name
##     } else {
##         set global_name "::$name"
##     }
## 
##     if {![llength [info commands $global_name]]} {
##         _raise VIVADO_COMMAND_UNAVAILABLE \
##             "Vivado command is unavailable: $global_name"
##     }
## 
##     return $global_name
## }
## proc ::stage1e::production_vivado_runner_v2::_require_unique_object {objects label} {
##     if {[llength $objects] != 1} {
##         _raise OBJECT_IDENTITY "$label must resolve to exactly one object."
##     }
##     return [lindex $objects 0]
## }
## proc ::stage1e::production_vivado_runner_v2::_require_bd_cell {name} {
##     return [_require_unique_object [get_bd_cells -quiet $name] "BD cell $name"]
## }
## proc ::stage1e::production_vivado_runner_v2::_require_bd_pin {path} {
##     return [_require_unique_object [get_bd_pins -quiet $path] "BD pin $path"]
## }
## proc ::stage1e::production_vivado_runner_v2::_require_bd_intf_pin {path} {
##     return [_require_unique_object [get_bd_intf_pins -quiet $path] "BD interface pin $path"]
## }
## proc ::stage1e::production_vivado_runner_v2::_require_ipdef_exact {vlnv} {
##     set definition [_require_unique_object [get_ipdefs -all -quiet $vlnv] "IP definition $vlnv"]
##     if {[get_property VLNV $definition] ne $vlnv} {
##         _raise IP_CATALOG "Resolved IP definition differs from exact VLNV $vlnv."
##     }
##     return $definition
## }
## proc ::stage1e::production_vivado_runner_v2::_numeric_equal {actual expected} {
##     if {![catch {expr {wide($actual)}} left] &&
##         ![catch {expr {wide($expected)}} right]} {
##         return [expr {$left == $right}]
##     }
##     return [expr {$actual eq $expected}]
## }
## proc ::stage1e::production_vivado_runner_v2::_assert_property {object property expected label} {
##     set actual [get_property $property $object]
##     if {![_numeric_equal $actual $expected]} {
##         _raise TOPOLOGY_PROPERTY "$label $property mismatch: actual=$actual expected=$expected"
##     }
##     return $actual
## }
## proc ::stage1e::production_vivado_runner_v2::_object_path {object} {
##     return [string trimleft [string map {\\ /} $object] /]
## }
## proc ::stage1e::production_vivado_runner_v2::_scalar_net_for_pin {path} {
##     set pin [_require_bd_pin $path]
##     return [_require_unique_object [get_bd_nets -quiet -of_objects $pin] "Scalar net for $path"]
## }
## proc ::stage1e::production_vivado_runner_v2::_interface_net_for_pin {path} {
##     set pin [_require_bd_intf_pin $path]
##     return [_require_unique_object [get_bd_intf_nets -quiet -of_objects $pin] "Interface net for $path"]
## }
## proc ::stage1e::production_vivado_runner_v2::_assert_exact_scalar_net {paths label} {
##     set expected_net [_scalar_net_for_pin [lindex $paths 0]]
##     foreach path [lrange $paths 1 end] {
##         if {[_scalar_net_for_pin $path] ne $expected_net} {
##             _raise TOPOLOGY_CONNECTION "$label does not share one scalar net."
##         }
##     }
##     set actual {}
##     foreach pin [get_bd_pins -quiet -of_objects $expected_net] {
##         lappend actual [_object_path $pin]
##     }
##     if {[lsort -dictionary $actual] ne [lsort -dictionary $paths]} {
##         _raise TOPOLOGY_CONNECTION "$label scalar-net membership is not exact."
##     }
##     return $expected_net
## }
## proc ::stage1e::production_vivado_runner_v2::_assert_same_scalar_net {paths label} {
##     set expected_net [_scalar_net_for_pin [lindex $paths 0]]
##     foreach path [lrange $paths 1 end] {
##         if {[_scalar_net_for_pin $path] ne $expected_net} {
##             _raise TOPOLOGY_CONNECTION "$label does not share one scalar net."
##         }
##     }
##     return $expected_net
## }
## proc ::stage1e::production_vivado_runner_v2::_assert_exact_interface_net {paths label} {
##     set expected_net [_interface_net_for_pin [lindex $paths 0]]
##     foreach path [lrange $paths 1 end] {
##         if {[_interface_net_for_pin $path] ne $expected_net} {
##             _raise TOPOLOGY_CONNECTION "$label does not share one interface net."
##         }
##     }
##     set actual {}
##     foreach pin [get_bd_intf_pins -quiet -of_objects $expected_net] {
##         lappend actual [_object_path $pin]
##     }
##     if {[lsort -dictionary $actual] ne [lsort -dictionary $paths]} {
##         _raise TOPOLOGY_CONNECTION "$label interface-net membership is not exact."
##     }
##     return $expected_net
## }
## proc ::stage1e::production_vivado_runner_v2::_connect_pin_preserving_net {source_path sink_path} {
##     set source [_require_bd_pin $source_path]
##     set sink [_require_bd_pin $sink_path]
##     set nets [get_bd_nets -quiet -of_objects $source]
##     if {[llength $nets] == 0} {
##         connect_bd_net $source $sink
##     } elseif {[llength $nets] == 1} {
##         connect_bd_net -net [lindex $nets 0] $sink
##     } else {
##         _raise TOPOLOGY_CONNECTION "Source pin has multiple scalar nets: $source_path"
##     }
## }
## proc ::stage1e::production_vivado_runner_v2::_file_identity {path} {
##     _require_file $path {Identity source}
##     return [::stage1e::canonical_json_v1::digest_file $path]
## }
## proc ::stage1e::production_vivado_runner_v2::_file_size {path} {
##     _require_file $path {Sized file}
##     return [file size $path]
## }
## proc ::stage1e::production_vivado_runner_v2::topology_contract {
##     {profile SAFE_INERT}
## } {
##     if {$profile ni {SAFE_INERT READY_AWARE_SYNTHETIC_DIGITAL_STIMULUS}} {
##         _raise IMPLEMENTATION_PROFILE "Unsupported topology profile: $profile"
##     }
##     set probes {}
##     set index 0
##     foreach spec [_probe_specs $profile] {
##         set source [lindex $spec 0]
##         set width [lindex $spec 1]
##         lappend probes [dict create index $index source $source width $width]
##         incr index
##     }
##     set platform_ports [dict create \
##         DDR_addr 15 \
##         DDR_ba 3 \
##         DDR_cas_n 1 \
##         DDR_ck_n 1 \
##         DDR_ck_p 1 \
##         DDR_cke 1 \
##         DDR_cs_n 1 \
##         DDR_dm 4 \
##         DDR_dq 32 \
##         DDR_dqs_n 4 \
##         DDR_dqs_p 4 \
##         DDR_odt 1 \
##         DDR_ras_n 1 \
##         DDR_reset_n 1 \
##         DDR_we_n 1 \
##         FIXED_IO_ddr_vrn 1 \
##         FIXED_IO_ddr_vrp 1 \
##         FIXED_IO_mio 54 \
##         FIXED_IO_ps_clk 1 \
##         FIXED_IO_ps_porb 1 \
##         FIXED_IO_ps_srstb 1]
##     set common [dict create \
##         implementation_profile $profile \
##         target [dict create board PYNQ-Z2 part xc7z020clg400-1 board_part tul.com.tw:pynq-z2:part0:1.0] \
##         bd_name protection_system \
##         project_top protection_system_wrapper \
##         wrapper_exists 1 \
##         smartconnect [dict create NUM_SI 1 NUM_MI 2] \
##         addresses [dict create \
##             protection [dict create offset 0x43C00000 range 0x00001000] \
##             axi_gpio [dict create offset 0x41200000 range 0x00010000]] \
##         system_ila [dict create \
##             present 1 \
##             monitor_source protection_ip_axi_lite_0/S_AXI \
##             properties [dict create C_MON_TYPE MIX C_PROBE_WIDTH_PROPAGATION MANUAL C_NUM_MONITOR_SLOTS 1 C_SLOT_0_INTF_TYPE xilinx.com:interface:aximm_rtl:1.0 C_SLOT_0_AXI_PROTOCOL AXI4LITE C_NUM_OF_PROBES [llength $probes] C_DATA_DEPTH 4096] \
##             probes $probes] \
##         external_interfaces {DDR FIXED_IO} \
##         platform_external_scalar_ports $platform_ports \
##         custom_external_pl_ports {} \
##         pwm_out_visibility SYSTEM_ILA_INTERNAL_ONLY]
## 
##     if {$profile eq {SAFE_INERT}} {
##         return [dict merge $common [dict create \
##         cell_inventory {
##             axi_gpio_stage1d_0 dcm_locked_const proc_sys_reset_0
##             processing_system7_0 protection_ip_axi_lite_0 sample_valid_const
##             smartconnect_0 system_ila_stage2b_0 xlslice_stage1d_ch1
##             xlslice_stage1d_ch2
##         } \
##         cell_vlnvs [dict create \
##             axi_gpio_stage1d_0 xilinx.com:ip:axi_gpio:2.0 \
##             dcm_locked_const xilinx.com:ip:xlconstant:1.1 \
##             proc_sys_reset_0 xilinx.com:ip:proc_sys_reset:5.0 \
##             processing_system7_0 xilinx.com:ip:processing_system7:5.5 \
##             protection_ip_axi_lite_0 zsr112.local:protection:protection_ip_axi_lite:0.3 \
##             sample_valid_const xilinx.com:ip:xlconstant:1.1 \
##             smartconnect_0 xilinx.com:ip:smartconnect:1.0 \
##             system_ila_stage2b_0 xilinx.com:ip:system_ila:1.1 \
##             xlslice_stage1d_ch1 xilinx.com:ip:xlslice:1.0 \
##             xlslice_stage1d_ch2 xilinx.com:ip:xlslice:1.0] \
##         axi_gpio [dict create C_IS_DUAL 0 C_GPIO_WIDTH 24 C_ALL_OUTPUTS 1 C_INTERRUPT_PRESENT 0 C_DOUT_DEFAULT 0x00400400] \
##         slices [dict create \
##             xlslice_stage1d_ch1 [dict create DIN_WIDTH 24 DIN_FROM 11 DIN_TO 0 DOUT_WIDTH 12] \
##             xlslice_stage1d_ch2 [dict create DIN_WIDTH 24 DIN_FROM 23 DIN_TO 12 DOUT_WIDTH 12]] \
##         adc_source_clock [dict create driver processing_system7_0/FCLK_CLK0 sink protection_ip_axi_lite_0/adc_src_clk current_clock_alias ACLK future_distinct_clock_supported 1] \
##         adc_sample_sources [dict create adc_sample_ch1 xlslice_stage1d_ch1/Dout adc_sample_ch2 xlslice_stage1d_ch2/Dout] \
##         controlled_stimulus [dict create profile SAFE_INERT_EXPLICIT profile_class SAFE_INERT production_authority 1 demo_test_only 0 valid_value 0 functional_adc_stimulus 0 valid_source_exists 1 ready_consumed 0 no_overwrite_when_ready_low 0 transaction_pulse_bounded 0 valid_driver sample_valid_const/dout valid_sink protection_ip_axi_lite_0/adc_sample_valid ready_source protection_ip_axi_lite_0/adc_sample_ready ready_probe system_ila_stage2b_0/probe11 source_acceptance_claimed 0 fault_stimulus_claimed 0] \
##         debug_ready_observation [dict create ready_observation_clock_domain ACLK adc_src_clock_domain FCLK_CLK0 destination_clock_domain FCLK_CLK0 clocks_identical_in_current_profile 1 acceptance_evidence_scope CURRENT_IDENTICAL_CLOCKS_ONLY distinct_clock_debug_policy SOURCE_DOMAIN_ILA_OR_SYNCHRONIZED_OBSERVATION direct_async_ready_observation_as_cdc_proof 0] \
##         source_system_ila [dict create present 0]]]
##     }
## 
##     set source_probes {}
##     foreach {index source width} {
##         0 stage2i_b2_ready_aware_stimulus_0/sample_valid 1
##         1 protection_ip_axi_lite_0/adc_sample_ready 1
##         2 stage2i_b2_ready_aware_stimulus_0/sample_ch1 12
##         3 stage2i_b2_ready_aware_stimulus_0/sample_ch2 12
##         4 stage2i_b2_ready_aware_stimulus_0/producer_active 1
##         5 stage2i_b2_ready_aware_stimulus_0/producer_remaining 7
##         6 stage2i_b2_ready_aware_stimulus_0/producer_accept 1
##         7 stage2i_b2_ready_aware_stimulus_0/command_pending_src 1
##     } {
##         lappend source_probes \
##             [dict create index $index source $source width $width]
##     }
##     return [dict merge $common [dict create \
##         cell_inventory {
##             axi_gpio_stage1d_0 dcm_locked_const proc_sys_reset_0
##             proc_sys_reset_stage2i_b2_src processing_system7_0
##             protection_ip_axi_lite_0 smartconnect_0
##             stage2i_b2_ready_aware_stimulus_0 system_ila_stage2b_0
##             system_ila_stage2i_b2_source_0
##         } \
##         cell_vlnvs [dict create \
##             axi_gpio_stage1d_0 xilinx.com:ip:axi_gpio:2.0 \
##             dcm_locked_const xilinx.com:ip:xlconstant:1.1 \
##             proc_sys_reset_0 xilinx.com:ip:proc_sys_reset:5.0 \
##             proc_sys_reset_stage2i_b2_src xilinx.com:ip:proc_sys_reset:5.0 \
##             processing_system7_0 xilinx.com:ip:processing_system7:5.5 \
##             protection_ip_axi_lite_0 zsr112.local:protection:protection_ip_axi_lite:0.3 \
##             smartconnect_0 xilinx.com:ip:smartconnect:1.0 \
##             system_ila_stage2b_0 xilinx.com:ip:system_ila:1.1 \
##             system_ila_stage2i_b2_source_0 xilinx.com:ip:system_ila:1.1] \
##         axi_gpio [dict create C_IS_DUAL 1 C_GPIO_WIDTH 32 C_GPIO2_WIDTH 32 C_ALL_OUTPUTS 1 C_ALL_INPUTS_2 1 C_INTERRUPT_PRESENT 0 C_DOUT_DEFAULT 0x00000000] \
##         slices [dict create] \
##         adc_source_clock [dict create driver processing_system7_0/FCLK_CLK1 sink protection_ip_axi_lite_0/adc_src_clk current_clock_alias DISTINCT_FCLK1 frequency_mhz 125] \
##         adc_sample_sources [dict create adc_sample_ch1 stage2i_b2_ready_aware_stimulus_0/sample_ch1 adc_sample_ch2 stage2i_b2_ready_aware_stimulus_0/sample_ch2] \
##         controlled_stimulus [dict create profile READY_AWARE_SYNTHETIC_DIGITAL_STIMULUS profile_class BOARD_TEST production_authority 0 demo_test_only 1 valid_value DYNAMIC functional_adc_stimulus 1 valid_source_exists 1 ready_consumed 1 no_overwrite_when_ready_low 1 transaction_pulse_bounded 1 maximum_burst_count 127 command_cdc BUNDLED_DATA_REQUEST_ACK valid_driver stage2i_b2_ready_aware_stimulus_0/sample_valid valid_sink protection_ip_axi_lite_0/adc_sample_valid ready_source protection_ip_axi_lite_0/adc_sample_ready ready_probe system_ila_stage2i_b2_source_0/probe1 source_acceptance_claimed 1 fault_stimulus_claimed 1] \
##         debug_ready_observation [dict create ready_observation_clock_domain FCLK_CLK1 adc_src_clock_domain FCLK_CLK1 destination_clock_domain FCLK_CLK0 clocks_identical_in_current_profile 0 acceptance_evidence_scope SOURCE_DOMAIN_CYCLE_ACCURATE distinct_clock_debug_policy SOURCE_DOMAIN_ILA direct_async_ready_observation_as_cdc_proof 0] \
##         source_system_ila [dict create present 1 cell system_ila_stage2i_b2_source_0 properties [dict create C_MON_TYPE NATIVE C_PROBE_WIDTH_PROPAGATION MANUAL C_NUM_MONITOR_SLOTS 0 C_NUM_OF_PROBES 8 C_DATA_DEPTH 4096] probes $source_probes]]]
## }
## proc ::stage1e::production_vivado_runner_v2::validate_topology_fixture {observed} {
##     set expected [topology_contract [dict get $observed implementation_profile]]
##     ::stage1e::vivado_runtime_contract_v2::require_exact_fields $observed [dict keys $expected] {Stage 1E topology fixture}
##     set inventory [dict get $observed cell_inventory]
##     if {[llength $inventory] != [llength [lsort -unique $inventory]]} {
##         _raise TOPOLOGY_FIXTURE {Topology fixture cell inventory contains a duplicate.}
##     }
##     set probes [dict get $observed system_ila probes]
##     set indices {}
##     foreach probe $probes { lappend indices [dict get $probe index] }
##     if {[llength $indices] != [llength [lsort -unique $indices]]} {
##         _raise TOPOLOGY_FIXTURE {Topology fixture probe inventory contains a duplicate.}
##     }
##     if {[_is_ready_aware_profile \
##         [dict get $observed implementation_profile]]} {
##         set source_indices {}
##         foreach probe [dict get $observed source_system_ila probes] {
##             lappend source_indices [dict get $probe index]
##         }
##         if {[llength $source_indices] !=
##             [llength [lsort -unique $source_indices]]} {
##             _raise TOPOLOGY_FIXTURE \
##                 {B2 source ILA probe inventory contains a duplicate.}
##         }
##     }
##     if {$observed ne $expected} {
##         _raise TOPOLOGY_FIXTURE {Stage 1E topology differs from the exact controlled integration contract.}
##     }
##     return 1
## }
## proc ::stage1e::production_vivado_runner_v2::_validate_context {context} {
##     variable context_fields
##     ::stage1e::vivado_runtime_contract_v2::require_exact_fields $context $context_fields {Named Vivado execution context}
##     ::stage1e::vivado_runtime_contract_v2::require_equal stage1e-vivado-execution-context-v1 [dict get $context context_schema_version] {Execution context schema}
##     foreach field {execution_id request_identity source_commit source_tree execution_contract_identity process_identity project_identity design_identity vivado_version vivado_build} {
##         if {[dict get $context $field] eq {}} {
##             _raise CONTEXT_FIELD_EMPTY "Execution context field is empty: $field"
##         }
##     }
##     foreach field {request_identity execution_contract_identity} {
##         if {![regexp {^[0-9a-f]{64}$} [dict get $context $field]]} {
##             _raise CONTEXT_IDENTITY "Execution context SHA-256 identity is invalid: $field"
##         }
##     }
##     foreach field {source_commit source_tree} {
##         if {![regexp {^[0-9a-f]{40}$} [dict get $context $field]]} {
##             _raise CONTEXT_IDENTITY "Execution context Git identity is invalid: $field"
##         }
##     }
##     if {[dict get $context run_kind] eq {FORMAL}} {
##         _raise FORMAL_CURRENT_RUN_FINDING_COMPARATOR_NOT_IMPLEMENTED FORMAL_CURRENT_RUN_FINDING_COMPARATOR_NOT_IMPLEMENTED
##     }
##     if {[dict get $context run_kind] ne {ENGINEERING}} {
##         _raise RUN_KIND {Unsupported run kind.}
##     }
##     if {[dict get $context build_target] ni {IMPLEMENTATION ARTIFACTS}} {
##         _raise BUILD_TARGET {Unsupported build target.}
##     }
##     if {[dict get $context implementation_profile] ni {
##         SAFE_INERT READY_AWARE_SYNTHETIC_DIGITAL_STIMULUS
##     }} {
##         _raise IMPLEMENTATION_PROFILE {Unsupported implementation profile.}
##     }
##     if {[dict get $context project_retention] ni {RETAIN REMOVE}} {
##         _raise PROJECT_RETENTION {Unsupported project retention setting.}
##     }
##     foreach field {repository_root workspace_path project_path output_path report_root artifact_root result_path phase_journal_path} {
##         if {[file pathtype [dict get $context $field]] ne {absolute}} {
##             _raise CONTEXT_PATH "Execution context path is not absolute: $field"
##         }
##     }
##     return $context
## }
## proc ::stage1e::production_vivado_runner_v2::_assert_execution_contract_identity {context} {
##     set path [file join [dict get $context repository_root] fpga vivado build config stage1e_execution_contract_v1.json]
##     set bytes [::stage1e::canonical_json_v1::read_file_bytes $path]
##     if {[::stage1e::canonical_json_v1::digest_bytes $bytes] ne [dict get $context execution_contract_identity]} {
##         _raise EXECUTION_CONTRACT_IDENTITY {Execution contract differs from the sealed machine runtime owner.}
##     }
##     ::stage1e::canonical_json_v1::parse_bytes $bytes
##     return $path
## }
## proc ::stage1e::production_vivado_runner_v2::_tsv_field {value} {
##     return [string map [list \\ \\\\ \t \\t \r \\r \n \\n] $value]
## }
## proc ::stage1e::production_vivado_runner_v2::initialize_phase_journal {context} {
##     variable journal_ordinal
##     set path [dict get $context phase_journal_path]
##     if {![file exists [file dirname $path]] || [file exists $path]} {
##         _raise PHASE_JOURNAL_PATH {Runner phase journal path is not fresh and writable.}
##     }
##     set channel [open $path {WRONLY CREAT EXCL}]
##     fconfigure $channel -encoding utf-8 -translation lf
##     puts $channel "ordinal\tutc_timestamp\tevent\tphase\texecution_id\trun_identity\tSTATUS\tPROGRESS\tCURRENT_STEP\toutput_identity\tdetail"
##     close $channel
##     set journal_ordinal 0
##     return $path
## }
## proc ::stage1e::production_vivado_runner_v2::append_phase_journal {
##     context event phase run_identity status progress current_step output_identity detail
## } {
##     variable journal_ordinal
##     if {$event ni {ATTEMPT COMPLETED FAILED}} {
##         _raise PHASE_JOURNAL_EVENT "Unsupported phase-journal event: $event"
##     }
##     incr journal_ordinal
##     set timestamp [clock format [clock seconds] -gmt 1 -format {%Y-%m-%dT%H:%M:%SZ}]
##     set values [list $journal_ordinal $timestamp $event $phase [dict get $context execution_id] $run_identity $status $progress $current_step $output_identity $detail]
##     set escaped {}
##     foreach value $values { lappend escaped [_tsv_field $value] }
##     set channel [open [dict get $context phase_journal_path] a]
##     fconfigure $channel -encoding utf-8 -translation lf
##     puts $channel [join $escaped \t]
##     close $channel
##     return $journal_ordinal
## }
## proc ::stage1e::production_vivado_runner_v2::_phase_journal_record {context} {
##     set path [dict get $context phase_journal_path]
##     return [dict create path [_canonical_path $path] bytes [_file_size $path] sha256 [_file_identity $path]]
## }
## proc ::stage1e::production_vivado_runner_v2::phase_order {} {
##     variable implementation_phases
##     return $implementation_phases
## }
## proc ::stage1e::production_vivado_runner_v2::new_phase_state {} {
##     return [dict create schema_version stage1e-project-mode-phase-state-v2 completed_phases {} phase_attempts {} terminal_state OPEN first_failure NONE]
## }
## proc ::stage1e::production_vivado_runner_v2::_next_implementation_phase {state} {
##     set ordinal [llength [dict get $state completed_phases]]
##     if {$ordinal >= [llength [phase_order]]} { return NONE }
##     return [lindex [phase_order] $ordinal]
## }
## proc ::stage1e::production_vivado_runner_v2::_start_implementation_phase {state phase} {
##     ::stage1e::vivado_runtime_contract_v2::require_exact_fields $state {schema_version completed_phases phase_attempts terminal_state first_failure} {Project Mode phase state}
##     if {[dict get $state terminal_state] ne {OPEN} || [_next_implementation_phase $state] ne $phase ||
##         [lsearch -exact [dict get $state phase_attempts] $phase] >= 0} {
##         _raise PHASE_ORDER {Project Mode phase order or exact-once state differs.}
##     }
##     dict lappend state phase_attempts $phase
##     return $state
## }
## proc ::stage1e::production_vivado_runner_v2::_finish_implementation_phase {state observation} {
##     if {[dict get $observation action] ne {PROCEED}} {
##         dict set state terminal_state BLOCKED
##         dict set state first_failure [dict get $observation reason]
##         return $state
##     }
##     dict lappend state completed_phases [dict get $observation phase]
##     if {[llength [dict get $state completed_phases]] == [llength [phase_order]]} {
##         dict set state terminal_state ROUTED
##     }
##     return $state
## }
## proc ::stage1e::production_vivado_runner_v2::run_fixture {state properties snapshot} {
##     set phase [dict get $snapshot phase]
##     set state [_start_implementation_phase $state $phase]
##     set observation [::stage1e::production_vivado_observer_v2::observe_fixture $properties $snapshot]
##     set state [_finish_implementation_phase $state $observation]
##     return [dict create phase_state $state observation $observation]
## }
## proc ::stage1e::production_vivado_runner_v2::_assert_tool_identity {context} {
##     _require_command version
##     set version_text [version]
##     if {[string first [dict get $context vivado_version] $version_text] < 0 ||
##         [string first [dict get $context vivado_build] $version_text] < 0} {
##         _raise VIVADO_VERSION "Unexpected Vivado identity: $version_text"
##     }
##     return $version_text
## }
## proc ::stage1e::production_vivado_runner_v2::_rtl_files {context} {
##     set rtl [file join [dict get $context repository_root] rtl]
##     set files [list \
##         [file join $rtl adc_sample_cdc_bridge.v] \
##         [file join $rtl adc_sample_code_normalizer.sv] \
##         [file join $rtl async_fifo_gray.v] \
##         [file join $rtl source_observability_cdc.v] \
##         [file join $rtl transaction_destination_observer.v] \
##         [file join $rtl transaction_source_observer.v] \
##         [file join $rtl fault_defs.vh] \
##         [file join $rtl generated protection_register_map.vh] \
##         [file join $rtl generated stage2f_adc_source_profile.svh] \
##         [file join $rtl reset_release_sync.v] \
##         [file join $rtl current_compare_dual.v] \
##         [file join $rtl fault_classifier.v] \
##         [file join $rtl protection_core_top.v] \
##         [file join $rtl protection_fsm.v] \
##         [file join $rtl protection_ip_top_async_adc_axi_lite.v] \
##         [file join $rtl protection_ip_top_axi_lite.v] \
##         [file join $rtl protection_ip_top_reg_controlled.v] \
##         [file join $rtl protection_reg_bank.v] \
##         [file join $rtl pwm_gate.v] \
##         [file join $rtl pwm_gen.v] \
##         [file join $rtl sensor_health_monitor.v]]
##     foreach file $files { _require_file $file {Packaged IP RTL source} }
##     return $files
## }
## proc ::stage1e::production_vivado_runner_v2::_constraint_files {context} {
##     set files [list \
##         [file join [dict get $context repository_root] fpga vivado \
##             constraints stage2d_async_adc_atomic_cdc.xdc] \
##         [file join [dict get $context repository_root] fpga vivado \
##             constraints stage2e_transaction_observability_cdc.xdc] \
##     ]
##     foreach file $files { _require_file $file {Packaged IP constraint source} }
##     return $files
## }
## proc ::stage1e::production_vivado_runner_v2::_ensure_bus_interface {core name bus abstraction mode} {
##     set value [ipx::get_bus_interfaces $name -of_objects $core -quiet]
##     if {[llength $value] == 0} { set value [ipx::add_bus_interface $name $core] }
##     set_property bus_type_vlnv $bus $value
##     set_property abstraction_type_vlnv $abstraction $value
##     set_property interface_mode $mode $value
##     return $value
## }
## proc ::stage1e::production_vivado_runner_v2::_ensure_port_map {busif logical physical} {
##     set value [ipx::get_port_maps $logical -of_objects $busif -quiet]
##     if {[llength $value] == 0} { set value [ipx::add_port_map $logical $busif] }
##     set_property physical_name $physical $value
## }
## proc ::stage1e::production_vivado_runner_v2::_ensure_bus_parameter {busif name value} {
##     set parameter [ipx::get_bus_parameters $name -of_objects $busif -quiet]
##     if {[llength $parameter] == 0} { set parameter [ipx::add_bus_parameter $name $busif] }
##     set_property value $value $parameter
## }
## proc ::stage1e::production_vivado_runner_v2::_stage_packaged_generated_header {
##     core ip_root source relative_path file_type
## } {
##     _require_file $source {Generated packaged header source}
##     set destination [file join $ip_root {*}[split $relative_path /]]
##     file mkdir [file dirname $destination]
##     file copy -force -- $source $destination
## 
##     set source_name [_canonical_path $source]
##     set flat_name "src/[file tail $source]"
##     foreach group_name {
##         xilinx_anylanguagesynthesis
##         xilinx_anylanguagebehavioralsimulation
##     } {
##         set group [_require_unique_object \
##             [ipx::get_file_groups $group_name -of_objects $core -quiet] \
##             "Packaged IP file group $group_name"]
##         foreach packaged_file [ipx::get_files -of_objects $group] {
##             set name [get_property NAME $packaged_file]
##             if {$name eq $flat_name ||
##                 ([file pathtype $name] eq {absolute} &&
##                  [string equal -nocase [_canonical_path $name] $source_name])} {
##                 ipx::remove_file $name $group
##             }
##         }
##         set file [ipx::get_files $relative_path -of_objects $group -quiet]
##         if {[llength $file] == 0} {
##             set file [ipx::add_file $relative_path $group]
##         } elseif {[llength $file] != 1} {
##             _raise PACKAGED_HEADER \
##                 "Packaged generated header is not unique: $relative_path"
##         }
##         set_property type $file_type $file
##         set_property is_include true $file
##         set_property dependency {src} $group
##         if {[get_property DEPENDENCY $group] ne {src} ||
##             [file pathtype [get_property DEPENDENCY $group]] ne {relative}} {
##             _raise PACKAGED_HEADER \
##                 "Packaged include dependency is not portable: $group_name"
##         }
##     }
## 
##     set flat_path [file join $ip_root src [file tail $source]]
##     if {[file exists $flat_path] &&
##         ![string equal -nocase [_canonical_path $flat_path] \
##             [_canonical_path $destination]]} {
##         file delete -force -- $flat_path
##     }
##     _require_file $destination {Nested packaged generated header}
##     return $destination
## }
## proc ::stage1e::production_vivado_runner_v2::_stage_packaged_implementation_constraints {
##     core constraint_files
## } {
##     set synthesis [_require_unique_object \
##         [ipx::get_file_groups xilinx_anylanguagesynthesis \
##             -of_objects $core -quiet] \
##         {Packaged IP synthesis file group}]
##     set implementation_groups [ipx::get_file_groups xilinx_implementation \
##         -of_objects $core -quiet]
##     if {[llength $implementation_groups] == 0} {
##         set implementation [ipx::add_file_group xilinx_implementation \
##             -type implementation $core]
##     } else {
##         set implementation [_require_unique_object $implementation_groups \
##             {Packaged IP implementation file group}]
##     }
## 
##     foreach source $constraint_files {
##         set relative_path "src/[file tail $source]"
##         set synthesis_files [ipx::get_files $relative_path \
##             -of_objects $synthesis -quiet]
##         if {[llength $synthesis_files] > 1} {
##             _raise PACKAGED_CONSTRAINT \
##                 "Packaged constraint is duplicated in synthesis: $relative_path"
##         }
##         if {[llength $synthesis_files] == 1} {
##             ipx::remove_file $relative_path $synthesis
##         }
## 
##         set implementation_files [ipx::get_files $relative_path \
##             -of_objects $implementation -quiet]
##         if {[llength $implementation_files] == 0} {
##             set implementation_file [ipx::add_file \
##                 $relative_path $implementation]
##         } elseif {[llength $implementation_files] == 1} {
##             set implementation_file [lindex $implementation_files 0]
##         } else {
##             _raise PACKAGED_CONSTRAINT \
##                 "Packaged constraint is duplicated in implementation: $relative_path"
##         }
##         set_property type xdc $implementation_file
##         set_property processing_order late $implementation_file
## 
##         set occurrence_count 0
##         set owning_groups {}
##         foreach group [ipx::get_file_groups -of_objects $core] {
##             set files [ipx::get_files $relative_path \
##                 -of_objects $group -quiet]
##             incr occurrence_count [llength $files]
##             if {[llength $files] != 0} {
##                 lappend owning_groups [get_property NAME $group]
##             }
##         }
##         if {$occurrence_count != 1 ||
##             $owning_groups ne {xilinx_implementation}} {
##             _raise PACKAGED_CONSTRAINT \
##                 "Packaged constraint must occur exactly once and only in xilinx_implementation: $relative_path"
##         }
##     }
## }
## proc ::stage1e::production_vivado_runner_v2::package_protection_ip {context} {
##     foreach command {create_project add_files current_project current_fileset update_compile_order close_project} { _require_command $command }
##     set workspace [dict get $context workspace_path]
##     set package_project [file join $workspace ip_packaging_project]
##     set ip_repo [file join $workspace ip_repo]
##     set ip_root [file join $ip_repo protection_ip_axi_lite]
##     if {[file exists $package_project] || [file exists $ip_root]} {
##         _raise FRESH_PACKAGE_PATH {Fresh packaging paths already exist.}
##     }
##     file mkdir $ip_repo
##     ::create_project stage1e_ip_packaging $package_project \
##         -part [dict get $context part]
##     set_property board_part [dict get $context board_part] [current_project]
##     set_property target_language Verilog [current_project]
##     set rtl_files [_rtl_files $context]
##     set constraint_files [_constraint_files $context]
##     add_files -norecurse -fileset sources_1 $rtl_files
##     add_files -norecurse -fileset constrs_1 $constraint_files
##     set header [file join [dict get $context repository_root] rtl fault_defs.vh]
##     set register_map_header [file join [dict get $context repository_root] rtl generated protection_register_map.vh]
##     set profile_header [file join [dict get $context repository_root] rtl generated stage2f_adc_source_profile.svh]
##     set register_map_ipxact [file join [dict get $context repository_root] fpga vivado generated protection_register_map_ipxact.tcl]
##     _require_file $register_map_ipxact {Generated protection register-map IP-XACT metadata}
##     source $register_map_ipxact
##     set_property file_type {Verilog Header} [get_files [list $header]]
##     set_property file_type {Verilog Header} [get_files [list $register_map_header]]
##     set_property file_type {Verilog Header} [get_files [list $profile_header]]
##     foreach constraint_file $constraint_files {
##         set_property file_type XDC [get_files [list $constraint_file]]
##         set_property USED_IN_SYNTHESIS false [get_files [list $constraint_file]]
##         set_property USED_IN_IMPLEMENTATION true [get_files [list $constraint_file]]
##         set_property PROCESSING_ORDER LATE [get_files [list $constraint_file]]
##     }
##     set_property include_dirs [list [file dirname $header]] [current_fileset]
##     set_property top protection_ip_top_async_adc_axi_lite [current_fileset]
##     update_compile_order -fileset sources_1
##     ipx::package_project -root_dir $ip_root -vendor zsr112.local -library protection -taxonomy {/UserIP} -import_files -set_current true
##     set core [ipx::current_core]
##     set_property name protection_ip_axi_lite $core
##     set_property version 0.3 $core
##     set_property display_name {Current Protection AXI-Lite IP} $core
##     set_property supported_families {zynq Production} $core
##     _stage_packaged_implementation_constraints $core $constraint_files
##     _stage_packaged_generated_header $core $ip_root $register_map_header \
##         {src/generated/protection_register_map.vh} verilogSource
##     _stage_packaged_generated_header $core $ip_root $profile_header \
##         {src/generated/stage2f_adc_source_profile.svh} systemVerilogSource
##     foreach {parameter_name minimum maximum} {
##         DATA_WIDTH 1 1024
##         ADC_FIFO_ADDR_WIDTH 2 16
##         OBS_SEQUENCE_WIDTH 16 32
##     } {
##         set parameter [ipx::get_user_parameters $parameter_name -of_objects $core -quiet]
##         if {[llength $parameter] != 1} {
##             _raise PACKAGED_PARAMETER "Expected exactly one packaged user parameter: $parameter_name"
##         }
##         set_property value_validation_type range_long $parameter
##         set_property value_validation_range_minimum $minimum $parameter
##         set_property value_validation_range_maximum $maximum $parameter
##     }
##     set saxi [_ensure_bus_interface $core S_AXI xilinx.com:interface:aximm:1.0 xilinx.com:interface:aximm_rtl:1.0 slave]
##     _ensure_bus_parameter $saxi PROTOCOL AXI4LITE
##     _ensure_bus_parameter $saxi DATA_WIDTH 32
##     _ensure_bus_parameter $saxi ADDR_WIDTH 8
##     foreach {logical physical} {AWADDR S_AXI_AWADDR AWVALID S_AXI_AWVALID AWREADY S_AXI_AWREADY WDATA S_AXI_WDATA WSTRB S_AXI_WSTRB WVALID S_AXI_WVALID WREADY S_AXI_WREADY BRESP S_AXI_BRESP BVALID S_AXI_BVALID BREADY S_AXI_BREADY ARADDR S_AXI_ARADDR ARVALID S_AXI_ARVALID ARREADY S_AXI_ARREADY RDATA S_AXI_RDATA RRESP S_AXI_RRESP RVALID S_AXI_RVALID RREADY S_AXI_RREADY} {
##         _ensure_port_map $saxi $logical $physical
##     }
##     set aclk [_ensure_bus_interface $core ACLK xilinx.com:signal:clock:1.0 xilinx.com:signal:clock_rtl:1.0 slave]
##     _ensure_port_map $aclk CLK ACLK
##     _ensure_bus_parameter $aclk ASSOCIATED_BUSIF S_AXI
##     _ensure_bus_parameter $aclk ASSOCIATED_RESET ARESETN
##     _ensure_bus_parameter $aclk FREQ_HZ 100000000
##     set aresetn [_ensure_bus_interface $core ARESETN xilinx.com:signal:reset:1.0 xilinx.com:signal:reset_rtl:1.0 slave]
##     _ensure_port_map $aresetn RST ARESETN
##     _ensure_bus_parameter $aresetn POLARITY ACTIVE_LOW
##     set adc_clk [_ensure_bus_interface $core adc_src_clk xilinx.com:signal:clock:1.0 xilinx.com:signal:clock_rtl:1.0 slave]
##     _ensure_port_map $adc_clk CLK adc_src_clk
##     _ensure_bus_parameter $adc_clk ASSOCIATED_RESET ARESETN
##     set memory_map [ipx::get_memory_maps S_AXI -of_objects $core -quiet]
##     if {[llength $memory_map] == 0} { set memory_map [ipx::add_memory_map S_AXI $core] }
##     set_property slave_memory_map_ref S_AXI $saxi
##     set block [ipx::get_address_blocks reg0 -of_objects $memory_map -quiet]
##     if {[llength $block] == 0} { set block [ipx::add_address_block reg0 $memory_map] }
##     set_property base_address 0 $block
##     set_property range 0x1000 $block
##     set_property width 32 $block
##     set_property usage register $block
##     set generated_register_count [protection_register_map_apply_ipxact $block]
##     if {$generated_register_count != $::PROTECTION_REGISTER_MAP_REGISTER_COUNT} {
##         _raise PACKAGED_REGISTER_MAP {Generated IP-XACT register count differs from its authority.}
##     }
##     ipx::create_xgui_files $core
##     ipx::update_checksums $core
##     ipx::check_integrity $core
##     ipx::save_core $core
##     if {[get_property VLNV $core] ne {zsr112.local:protection:protection_ip_axi_lite:0.3}} {
##         _raise PACKAGED_IP_IDENTITY {Packaged protection IP VLNV differs.}
##     }
##     set component [file join $ip_root component.xml]
##     _require_file $component {Packaged protection component}
##     set component_identity [_file_identity $component]
##     ::close_project
##     return [dict create ip_repo $ip_repo component_path $component component_identity $component_identity]
## }
## proc ::stage1e::production_vivado_runner_v2::create_build_project {context package} {
##     set project_path [dict get $context project_path]
##     set project_dir [file dirname $project_path]
##     set project_name [file rootname [file tail $project_path]]
##     if {[file exists $project_dir] && [llength [glob -nocomplain -directory $project_dir *]] != 0} {
##         _raise FRESH_PROJECT_PATH {Fresh project directory is not empty.}
##     }
##     ::create_project $project_name $project_dir \
##         -part [dict get $context part]
##     set_property board_part [dict get $context board_part] [current_project]
##     set_property target_language Verilog [current_project]
##     set_property IP_REPO_PATHS [list [dict get $package ip_repo]] [current_project]
##     update_ip_catalog
##     foreach vlnv {
##         xilinx.com:ip:processing_system7:5.5
##         xilinx.com:ip:proc_sys_reset:5.0
##         xilinx.com:ip:smartconnect:1.0
##         xilinx.com:ip:xlconstant:1.1
##         xilinx.com:ip:system_ila:1.1
##         xilinx.com:ip:axi_gpio:2.0
##         xilinx.com:ip:xlslice:1.0
##         zsr112.local:protection:protection_ip_axi_lite:0.3
##     } { _require_ipdef_exact $vlnv }
##     if {[_is_ready_aware_profile \
##         [dict get $context implementation_profile]]} {
##         set b2_source [file join [dict get $context repository_root] fpga \
##             vivado test_profile stage2i_b2_ready_aware_stimulus.v]
##         set b2_constraint [file join [dict get $context repository_root] fpga \
##             vivado constraints stage2i_b2_ready_aware_stimulus_cdc.xdc]
##         _require_file $b2_source {B2 ready-aware stimulus source}
##         _require_file $b2_constraint {B2 ready-aware stimulus CDC constraint}
##         add_files -norecurse -fileset sources_1 [list $b2_source]
##         add_files -norecurse -fileset constrs_1 [list $b2_constraint]
##         set_property file_type Verilog [get_files [list $b2_source]]
##         set_property file_type XDC [get_files [list $b2_constraint]]
##         set_property USED_IN_SYNTHESIS false [get_files [list $b2_constraint]]
##         set_property USED_IN_IMPLEMENTATION true [get_files [list $b2_constraint]]
##         set_property PROCESSING_ORDER LATE [get_files [list $b2_constraint]]
##         update_compile_order -fileset sources_1
##     }
##     if {[_canonical_path [get_property DIRECTORY [current_project]]] ne [_canonical_path $project_dir] ||
##         [get_property PART [current_project]] ne [dict get $context part] ||
##         [get_property BOARD_PART [current_project]] ne [dict get $context board_part]} {
##         _raise PROJECT_IDENTITY {Created project identity differs from the execution context.}
##     }
##     return [dict create project_path $project_path project_dir $project_dir project_name $project_name bd_name protection_system]
## }
## proc ::stage1e::production_vivado_runner_v2::create_base_bd {context project} {
##     set bd_name [dict get $project bd_name]
##     set profile [dict get $context implementation_profile]
##     if {[llength [get_bd_designs -quiet $bd_name]] != 0} {
##         _raise BD_EXISTS {Block design already exists.}
##     }
##     create_bd_design $bd_name
##     set ps [create_bd_cell -type ip -vlnv xilinx.com:ip:processing_system7:5.5 processing_system7_0]
##     set reset [create_bd_cell -type ip -vlnv xilinx.com:ip:proc_sys_reset:5.0 proc_sys_reset_0]
##     set smart [create_bd_cell -type ip -vlnv xilinx.com:ip:smartconnect:1.0 smartconnect_0]
##     set protection [create_bd_cell -type ip -vlnv zsr112.local:protection:protection_ip_axi_lite:0.3 protection_ip_axi_lite_0]
##     set sample [create_bd_cell -type ip -vlnv xilinx.com:ip:xlconstant:1.1 sample_valid_const]
##     set ch1 [create_bd_cell -type ip -vlnv xilinx.com:ip:xlconstant:1.1 i_ch1_const]
##     set ch2 [create_bd_cell -type ip -vlnv xilinx.com:ip:xlconstant:1.1 i_ch2_const]
##     set locked [create_bd_cell -type ip -vlnv xilinx.com:ip:xlconstant:1.1 dcm_locked_const]
##     if {$profile eq {READY_AWARE_SYNTHETIC_DIGITAL_STIMULUS}} {
##         set source_reset [create_bd_cell -type ip \
##             -vlnv xilinx.com:ip:proc_sys_reset:5.0 \
##             proc_sys_reset_stage2i_b2_src]
##     }
##     apply_bd_automation -rule xilinx.com:bd_rule:processing_system7 -config {make_external "FIXED_IO, DDR" apply_board_preset "1"} [get_bd_cells processing_system7_0]
##     set ps_properties [list CONFIG.PCW_USE_M_AXI_GP0 {1} \
##         CONFIG.PCW_EN_CLK0_PORT {1} \
##         CONFIG.PCW_FPGA0_PERIPHERAL_FREQMHZ {100}]
##     if {$profile eq {READY_AWARE_SYNTHETIC_DIGITAL_STIMULUS}} {
##         lappend ps_properties CONFIG.PCW_EN_CLK1_PORT {1} \
##             CONFIG.PCW_EN_RST1_PORT {1} \
##             CONFIG.PCW_FPGA1_PERIPHERAL_FREQMHZ {125}
##     }
##     set_property -dict $ps_properties $ps
##     set_property -dict [list CONFIG.NUM_MI {1} CONFIG.NUM_SI {1}] $smart
##     set_property -dict [list CONFIG.CONST_WIDTH {1} CONFIG.CONST_VAL {1}] $sample
##     set_property -dict [list CONFIG.CONST_WIDTH {12} CONFIG.CONST_VAL {1024}] $ch1
##     set_property -dict [list CONFIG.CONST_WIDTH {12} CONFIG.CONST_VAL {1024}] $ch2
##     set_property -dict [list CONFIG.CONST_WIDTH {1} CONFIG.CONST_VAL {1}] $locked
##     connect_bd_net [_require_bd_pin processing_system7_0/FCLK_CLK0] [_require_bd_pin processing_system7_0/M_AXI_GP0_ACLK] [_require_bd_pin smartconnect_0/aclk] [_require_bd_pin proc_sys_reset_0/slowest_sync_clk] [_require_bd_pin protection_ip_axi_lite_0/ACLK]
##     if {$profile eq {SAFE_INERT}} {
##         _connect_pin_preserving_net processing_system7_0/FCLK_CLK0 \
##             protection_ip_axi_lite_0/adc_src_clk
##     } else {
##         connect_bd_net [_require_bd_pin processing_system7_0/FCLK_CLK1] \
##             [_require_bd_pin protection_ip_axi_lite_0/adc_src_clk] \
##             [_require_bd_pin proc_sys_reset_stage2i_b2_src/slowest_sync_clk]
##         connect_bd_net [_require_bd_pin processing_system7_0/FCLK_RESET1_N] \
##             [_require_bd_pin proc_sys_reset_stage2i_b2_src/ext_reset_in]
##         _connect_pin_preserving_net dcm_locked_const/dout \
##             proc_sys_reset_stage2i_b2_src/dcm_locked
##     }
##     connect_bd_net [_require_bd_pin processing_system7_0/FCLK_RESET0_N] [_require_bd_pin proc_sys_reset_0/ext_reset_in]
##     connect_bd_net [_require_bd_pin dcm_locked_const/dout] [_require_bd_pin proc_sys_reset_0/dcm_locked]
##     connect_bd_net [_require_bd_pin proc_sys_reset_0/peripheral_aresetn] [_require_bd_pin smartconnect_0/aresetn] [_require_bd_pin protection_ip_axi_lite_0/ARESETN]
##     connect_bd_intf_net [_require_bd_intf_pin processing_system7_0/M_AXI_GP0] [_require_bd_intf_pin smartconnect_0/S00_AXI]
##     connect_bd_intf_net [_require_bd_intf_pin smartconnect_0/M00_AXI] [_require_bd_intf_pin protection_ip_axi_lite_0/S_AXI]
##     connect_bd_net [_require_bd_pin sample_valid_const/dout] [_require_bd_pin protection_ip_axi_lite_0/adc_sample_valid]
##     connect_bd_net [_require_bd_pin i_ch1_const/dout] [_require_bd_pin protection_ip_axi_lite_0/adc_sample_ch1]
##     connect_bd_net [_require_bd_pin i_ch2_const/dout] [_require_bd_pin protection_ip_axi_lite_0/adc_sample_ch2]
##     assign_bd_address -target_address_space [get_bd_addr_spaces processing_system7_0/Data] -offset 0x43C00000 -range 0x00001000 [get_bd_addr_segs protection_ip_axi_lite_0/S_AXI/reg0]
##     validate_bd_design
##     save_bd_design
##     set bd_file [_require_unique_object [get_files -quiet -all "*$bd_name.bd"] {Block design file}]
##     dict set project bd_file $bd_file
##     return $project
## }
## proc ::stage1e::production_vivado_runner_v2::_probe_specs {profile} {
##     if {[_is_ready_aware_profile $profile]} {
##         return {
##             {protection_ip_axi_lite_0/ARESETN 1}
##             {protection_ip_axi_lite_0/pwm_raw 1}
##             {protection_ip_axi_lite_0/pwm_out 1}
##             {protection_ip_axi_lite_0/fault_valid 1}
##             {protection_ip_axi_lite_0/fault_latched 1}
##             {protection_ip_axi_lite_0/fault_code 8}
##             {protection_ip_axi_lite_0/fault_code_latched 8}
##             {protection_ip_axi_lite_0/fsm_state 4}
##         }
##     }
##     return {
##         {protection_ip_axi_lite_0/ARESETN 1}
##         {protection_ip_axi_lite_0/adc_sample_valid 1}
##         {protection_ip_axi_lite_0/adc_sample_ch1 12}
##         {protection_ip_axi_lite_0/adc_sample_ch2 12}
##         {protection_ip_axi_lite_0/pwm_raw 1}
##         {protection_ip_axi_lite_0/pwm_out 1}
##         {protection_ip_axi_lite_0/fault_valid 1}
##         {protection_ip_axi_lite_0/fault_latched 1}
##         {protection_ip_axi_lite_0/fault_code 8}
##         {protection_ip_axi_lite_0/fault_code_latched 8}
##         {protection_ip_axi_lite_0/fsm_state 4}
##         {protection_ip_axi_lite_0/adc_sample_ready 1}
##     }
## }
## proc ::stage1e::production_vivado_runner_v2::_source_probe_specs {} {
##     return {
##         {stage2i_b2_ready_aware_stimulus_0/sample_valid 1}
##         {protection_ip_axi_lite_0/adc_sample_ready 1}
##         {stage2i_b2_ready_aware_stimulus_0/sample_ch1 12}
##         {stage2i_b2_ready_aware_stimulus_0/sample_ch2 12}
##         {stage2i_b2_ready_aware_stimulus_0/producer_active 1}
##         {stage2i_b2_ready_aware_stimulus_0/producer_remaining 7}
##         {stage2i_b2_ready_aware_stimulus_0/producer_accept 1}
##         {stage2i_b2_ready_aware_stimulus_0/command_pending_src 1}
##     }
## }
## proc ::stage1e::production_vivado_runner_v2::_destination_probe_net_requires_exact_membership {
##     profile index
## } {
##     if {$index == 0} {
##         return 0
##     }
##     if {$profile eq {SAFE_INERT} && $index < 4} {
##         return 0
##     }
##     return 1
## }
## proc ::stage1e::production_vivado_runner_v2::add_debug {context project} {
##     set name system_ila_stage2b_0
##     set profile [dict get $context implementation_profile]
##     set probes [_probe_specs $profile]
##     if {[llength [get_bd_cells -quiet $name]] != 0} {
##         _raise DEBUG_EXISTS {System ILA already exists.}
##     }
##     set ila [create_bd_cell -type ip -vlnv xilinx.com:ip:system_ila:1.1 $name]
##     set_property CONFIG.C_MON_TYPE MIX $ila
##     set_property -dict [list \
##         CONFIG.C_PROBE_WIDTH_PROPAGATION MANUAL \
##         CONFIG.C_NUM_MONITOR_SLOTS {1} \
##         CONFIG.C_SLOT_0_INTF_TYPE xilinx.com:interface:aximm_rtl:1.0 \
##         CONFIG.C_SLOT_0_AXI_PROTOCOL AXI4LITE \
##         CONFIG.C_NUM_OF_PROBES [llength $probes] \
##         CONFIG.C_DATA_DEPTH {4096}] $ila
##     set index 0
##     foreach spec $probes {
##         set_property CONFIG.C_PROBE${index}_WIDTH [lindex $spec 1] $ila
##         incr index
##     }
##     _connect_pin_preserving_net processing_system7_0/FCLK_CLK0 ${name}/clk
##     _connect_pin_preserving_net proc_sys_reset_0/peripheral_aresetn ${name}/resetn
##     connect_bd_intf_net [_require_bd_intf_pin protection_ip_axi_lite_0/S_AXI] [_require_bd_intf_pin ${name}/SLOT_0_AXI]
##     set index 0
##     foreach spec $probes {
##         _connect_pin_preserving_net [lindex $spec 0] ${name}/probe${index}
##         incr index
##     }
##     validate_bd_design
##     save_bd_design
##     return $project
## }
## proc ::stage1e::production_vivado_runner_v2::_mapped_segment_for_cell {cell_name} {
##     set space [_require_unique_object [get_bd_addr_spaces -quiet processing_system7_0/Data] {PS data address space}]
##     set selected {}
##     foreach segment [get_bd_addr_segs -quiet -of_objects $space] {
##         if {[string first [string tolower $cell_name] [string tolower $segment]] >= 0} {
##             lappend selected $segment
##         }
##     }
##     return [_require_unique_object $selected "Mapped address segment for $cell_name"]
## }
## proc ::stage1e::production_vivado_runner_v2::_add_ready_aware_stimulus {
##     context project
## } {
##     set valid_net [_scalar_net_for_pin protection_ip_axi_lite_0/adc_sample_valid]
##     set ch1_net [_scalar_net_for_pin protection_ip_axi_lite_0/adc_sample_ch1]
##     set ch2_net [_scalar_net_for_pin protection_ip_axi_lite_0/adc_sample_ch2]
##     set gpio [create_bd_cell -type ip \
##         -vlnv xilinx.com:ip:axi_gpio:2.0 axi_gpio_stage1d_0]
##     set producer [create_bd_cell -type module \
##         -reference stage2i_b2_ready_aware_stimulus \
##         stage2i_b2_ready_aware_stimulus_0]
##     set source_ila [create_bd_cell -type ip \
##         -vlnv xilinx.com:ip:system_ila:1.1 \
##         system_ila_stage2i_b2_source_0]
## 
##     set_property -dict [list \
##         CONFIG.C_IS_DUAL {1} \
##         CONFIG.C_GPIO_WIDTH {32} \
##         CONFIG.C_GPIO2_WIDTH {32} \
##         CONFIG.C_ALL_OUTPUTS {1} \
##         CONFIG.C_ALL_INPUTS_2 {1} \
##         CONFIG.C_INTERRUPT_PRESENT {0} \
##         CONFIG.C_DOUT_DEFAULT {0x00000000}] $gpio
##     set_property -dict [list \
##         CONFIG.C_MON_TYPE {NATIVE} \
##         CONFIG.C_PROBE_WIDTH_PROPAGATION {MANUAL} \
##         CONFIG.C_NUM_MONITOR_SLOTS {0} \
##         CONFIG.C_NUM_OF_PROBES {8} \
##         CONFIG.C_DATA_DEPTH {4096}] $source_ila
##     set index 0
##     foreach spec [_source_probe_specs] {
##         set_property CONFIG.C_PROBE${index}_WIDTH [lindex $spec 1] $source_ila
##         incr index
##     }
## 
##     set_property -dict [list CONFIG.NUM_SI {1} CONFIG.NUM_MI {2}] \
##         [_require_bd_cell smartconnect_0]
##     connect_bd_intf_net [_require_bd_intf_pin smartconnect_0/M01_AXI] \
##         [_require_bd_intf_pin axi_gpio_stage1d_0/S_AXI]
##     _connect_pin_preserving_net processing_system7_0/FCLK_CLK0 \
##         axi_gpio_stage1d_0/s_axi_aclk
##     _connect_pin_preserving_net processing_system7_0/FCLK_CLK0 \
##         stage2i_b2_ready_aware_stimulus_0/aclk
##     _connect_pin_preserving_net proc_sys_reset_0/peripheral_aresetn \
##         axi_gpio_stage1d_0/s_axi_aresetn
##     _connect_pin_preserving_net proc_sys_reset_0/peripheral_aresetn \
##         stage2i_b2_ready_aware_stimulus_0/aclk_aresetn
##     _connect_pin_preserving_net processing_system7_0/FCLK_CLK1 \
##         stage2i_b2_ready_aware_stimulus_0/adc_src_clk
##     _connect_pin_preserving_net processing_system7_0/FCLK_CLK1 \
##         system_ila_stage2i_b2_source_0/clk
##     _connect_pin_preserving_net \
##         proc_sys_reset_stage2i_b2_src/peripheral_aresetn \
##         stage2i_b2_ready_aware_stimulus_0/adc_src_aresetn
## 
##     connect_bd_net [_require_bd_pin axi_gpio_stage1d_0/gpio_io_o] \
##         [_require_bd_pin stage2i_b2_ready_aware_stimulus_0/control_word_aclk]
##     connect_bd_net \
##         [_require_bd_pin stage2i_b2_ready_aware_stimulus_0/status_word_aclk] \
##         [_require_bd_pin axi_gpio_stage1d_0/gpio2_io_i]
## 
##     disconnect_bd_net $valid_net [_require_bd_pin sample_valid_const/dout]
##     disconnect_bd_net $ch1_net [_require_bd_pin i_ch1_const/dout]
##     disconnect_bd_net $ch2_net [_require_bd_pin i_ch2_const/dout]
##     connect_bd_net -net $valid_net \
##         [_require_bd_pin stage2i_b2_ready_aware_stimulus_0/sample_valid]
##     connect_bd_net -net $ch1_net \
##         [_require_bd_pin stage2i_b2_ready_aware_stimulus_0/sample_ch1]
##     connect_bd_net -net $ch2_net \
##         [_require_bd_pin stage2i_b2_ready_aware_stimulus_0/sample_ch2]
##     _connect_pin_preserving_net protection_ip_axi_lite_0/adc_sample_ready \
##         stage2i_b2_ready_aware_stimulus_0/sample_ready
##     delete_bd_objs [_require_bd_cell sample_valid_const] \
##         [_require_bd_cell i_ch1_const] [_require_bd_cell i_ch2_const]
## 
##     set index 0
##     foreach spec [_source_probe_specs] {
##         _connect_pin_preserving_net [lindex $spec 0] \
##             system_ila_stage2i_b2_source_0/probe${index}
##         incr index
##     }
##     assign_bd_address \
##         -target_address_space [get_bd_addr_spaces processing_system7_0/Data] \
##         -offset 0x41200000 -range 0x00010000 \
##         [get_bd_addr_segs axi_gpio_stage1d_0/S_AXI/Reg]
##     validate_bd_design
##     save_bd_design
##     return $project
## }
## proc ::stage1e::production_vivado_runner_v2::add_controlled_stimulus {context project} {
##     if {[_is_ready_aware_profile \
##         [dict get $context implementation_profile]]} {
##         return [_add_ready_aware_stimulus $context $project]
##     }
##     set i_ch1_net [_scalar_net_for_pin protection_ip_axi_lite_0/adc_sample_ch1]
##     set i_ch2_net [_scalar_net_for_pin protection_ip_axi_lite_0/adc_sample_ch2]
##     set gpio [create_bd_cell -type ip -vlnv xilinx.com:ip:axi_gpio:2.0 axi_gpio_stage1d_0]
##     set slice1 [create_bd_cell -type ip -vlnv xilinx.com:ip:xlslice:1.0 xlslice_stage1d_ch1]
##     set slice2 [create_bd_cell -type ip -vlnv xilinx.com:ip:xlslice:1.0 xlslice_stage1d_ch2]
##     set_property -dict [list CONFIG.C_IS_DUAL {0} CONFIG.C_GPIO_WIDTH {24} CONFIG.C_ALL_OUTPUTS {1} CONFIG.C_INTERRUPT_PRESENT {0} CONFIG.C_DOUT_DEFAULT {0x00400400}] $gpio
##     set_property -dict [list CONFIG.DIN_WIDTH {24} CONFIG.DIN_FROM {11} CONFIG.DIN_TO {0} CONFIG.DOUT_WIDTH {12}] $slice1
##     set_property -dict [list CONFIG.DIN_WIDTH {24} CONFIG.DIN_FROM {23} CONFIG.DIN_TO {12} CONFIG.DOUT_WIDTH {12}] $slice2
##     set_property -dict [list CONFIG.NUM_SI {1} CONFIG.NUM_MI {2}] [_require_bd_cell smartconnect_0]
##     connect_bd_intf_net [_require_bd_intf_pin smartconnect_0/M01_AXI] [_require_bd_intf_pin axi_gpio_stage1d_0/S_AXI]
##     _connect_pin_preserving_net processing_system7_0/FCLK_CLK0 axi_gpio_stage1d_0/s_axi_aclk
##     _connect_pin_preserving_net proc_sys_reset_0/peripheral_aresetn axi_gpio_stage1d_0/s_axi_aresetn
##     connect_bd_net [_require_bd_pin axi_gpio_stage1d_0/gpio_io_o] [_require_bd_pin xlslice_stage1d_ch1/Din] [_require_bd_pin xlslice_stage1d_ch2/Din]
##     disconnect_bd_net $i_ch1_net [_require_bd_pin i_ch1_const/dout]
##     disconnect_bd_net $i_ch2_net [_require_bd_pin i_ch2_const/dout]
##     connect_bd_net -net $i_ch1_net [_require_bd_pin xlslice_stage1d_ch1/Dout]
##     connect_bd_net -net $i_ch2_net [_require_bd_pin xlslice_stage1d_ch2/Dout]
##     delete_bd_objs [_require_bd_cell i_ch1_const] [_require_bd_cell i_ch2_const]
##     set_property CONFIG.CONST_VAL {0} [_require_bd_cell sample_valid_const]
##     assign_bd_address -target_address_space [get_bd_addr_spaces processing_system7_0/Data] -offset 0x41200000 -range 0x00010000 [get_bd_addr_segs axi_gpio_stage1d_0/S_AXI/Reg]
##     validate_bd_design
##     save_bd_design
##     return $project
## }
## proc ::stage1e::production_vivado_runner_v2::generate_wrapper {context project} {
##     set bd_file [dict get $project bd_file]
##     generate_target all $bd_file
##     set wrappers [make_wrapper -files $bd_file -top]
##     set wrapper [_require_unique_object $wrappers {Generated wrapper}]
##     _require_file $wrapper {Generated wrapper}
##     add_files -norecurse [list $wrapper]
##     set_property top protection_system_wrapper [current_fileset]
##     update_compile_order -fileset sources_1
##     dict set project wrapper_path $wrapper
##     return $project
## }
## proc ::stage1e::production_vivado_runner_v2::_assert_pin_width {path expected} {
##     set pin [_require_bd_pin $path]
##     set left [get_property LEFT $pin]
##     set right [get_property RIGHT $pin]
##     set width [expr {($left eq {} && $right eq {}) ? 1 : abs(int($left) - int($right)) + 1}]
##     if {$width != $expected} {
##         _raise TOPOLOGY_PROBE_WIDTH "Pin width mismatch for $path: actual=$width expected=$expected"
##     }
## }
## proc ::stage1e::production_vivado_runner_v2::_bd_external_port_width {name} {
##     set ports [get_bd_ports -quiet $name]
##     if {[llength $ports] != 1} {
##         _raise TOPOLOGY_PLATFORM_PORT_INVENTORY \
##             "External platform port must resolve exactly once: $name"
##     }
##     set port [lindex $ports 0]
##     if {[_object_path $port] ne $name} {
##         _raise TOPOLOGY_PLATFORM_PORT_INVENTORY \
##             "External platform port resolved to a different object: $name"
##     }
##     set left [get_property LEFT $port]
##     set right [get_property RIGHT $port]
##     if {$left eq {} && $right eq {}} {
##         return 1
##     }
##     if {$left eq {} || $right eq {} ||
##         ![string is integer -strict $left] ||
##         ![string is integer -strict $right]} {
##         _raise TOPOLOGY_PLATFORM_PORT_WIDTH \
##             "External platform port has malformed bounds: $name LEFT='$left' RIGHT='$right'"
##     }
##     return [expr {abs(wide($left) - wide($right)) + 1}]
## }
## proc ::stage1e::production_vivado_runner_v2::_validate_platform_interface_inventory {observed expected} {
##     set observed_sorted [lsort -dictionary -unique $observed]
##     set expected_sorted [lsort -dictionary -unique $expected]
##     if {[llength $observed] != [llength $observed_sorted] ||
##         [llength $expected] != [llength $expected_sorted] ||
##         $observed_sorted ne $expected_sorted} {
##         _raise TOPOLOGY_PLATFORM_INTERFACE_INVENTORY \
##             "External platform interface inventory mismatch: actual=$observed expected=$expected"
##     }
##     return 1
## }
## proc ::stage1e::production_vivado_runner_v2::_validate_platform_port_inventory {observed expected expected_custom} {
##     if {[llength $observed] % 2 != 0} {
##         _raise TOPOLOGY_PLATFORM_PORT_INVENTORY \
##             {External platform port inventory is malformed.}
##     }
##     set observed_names {}
##     foreach {name width} $observed {
##         lappend observed_names $name
##     }
##     if {[llength $observed_names] != [llength [lsort -dictionary -unique $observed_names]]} {
##         _raise TOPOLOGY_PLATFORM_PORT_INVENTORY \
##             {External platform port inventory contains a duplicate.}
##     }
## 
##     set missing {}
##     foreach name [dict keys $expected] {
##         if {[lsearch -exact $observed_names $name] < 0} {
##             lappend missing $name
##         }
##     }
##     if {[llength $missing] != 0} {
##         _raise TOPOLOGY_PLATFORM_PORT_INVENTORY \
##             "External platform port inventory is missing required ports: $missing"
##     }
## 
##     set custom {}
##     foreach name $observed_names {
##         if {![dict exists $expected $name]} {
##             lappend custom $name
##         }
##     }
##     if {[lsort -dictionary $custom] ne [lsort -dictionary $expected_custom]} {
##         _raise TOPOLOGY_CUSTOM_EXTERNAL_PORT \
##             "Custom external PL port inventory mismatch: actual=$custom expected=$expected_custom"
##     }
## 
##     foreach {name expected_width} $expected {
##         set position [lsearch -exact $observed_names $name]
##         set actual_width [lindex $observed [expr {$position * 2 + 1}]]
##         if {![string is integer -strict $actual_width] ||
##             wide($actual_width) != wide($expected_width)} {
##             _raise TOPOLOGY_PLATFORM_PORT_WIDTH \
##                 "External platform port width mismatch: $name actual=$actual_width expected=$expected_width"
##         }
##     }
##     return 1
## }
## proc ::stage1e::production_vivado_runner_v2::_wrapper_module_header_inventory {path} {
##     _require_file $path {Generated wrapper}
##     set channel [open $path r]
##     fconfigure $channel -encoding utf-8 -translation auto
##     set source [read $channel]
##     close $channel
## 
##     if {![regexp -indices {(?m)^[ \t]*module[ \t\r\n]+([A-Za-z_][A-Za-z0-9_$]*)[ \t\r\n]*\(} \
##         $source declaration_indices module_indices]} {
##         _raise TOPOLOGY_WRAPPER {Generated wrapper module header does not exist.}
##     }
##     set module_name [string range $source [lindex $module_indices 0] [lindex $module_indices 1]]
##     set header_start [expr {[lindex $declaration_indices 1] + 1}]
##     set depth 1
##     set header_end -1
##     for {set index $header_start} {$index < [string length $source]} {incr index} {
##         set character [string index $source $index]
##         if {$character eq {(}} {
##             incr depth
##         } elseif {$character eq {)}} {
##             incr depth -1
##             if {$depth == 0} {
##                 set header_end [expr {$index - 1}]
##                 set terminator_index [expr {$index + 1}]
##                 break
##             }
##         }
##     }
##     if {$header_end < $header_start} {
##         _raise TOPOLOGY_WRAPPER {Generated wrapper module header is malformed.}
##     }
##     while {$terminator_index < [string length $source] &&
##         [string is space [string index $source $terminator_index]]} {
##         incr terminator_index
##     }
##     if {$terminator_index >= [string length $source] ||
##         [string index $source $terminator_index] ne {;}} {
##         _raise TOPOLOGY_WRAPPER {Generated wrapper module header lacks its semicolon terminator.}
##     }
## 
##     set ports {}
##     set header [string range $source $header_start $header_end]
##     foreach declaration [split $header ,] {
##         set declaration [string trim $declaration]
##         if {$declaration eq {} ||
##             ![regexp {([A-Za-z_][A-Za-z0-9_$]*)[ \t\r\n]*$} $declaration _ name]} {
##             _raise TOPOLOGY_WRAPPER \
##                 "Generated wrapper contains a malformed module-header port declaration: '$declaration'"
##         }
##         lappend ports $name
##     }
##     return [dict create module_name $module_name ports $ports]
## }
## proc ::stage1e::production_vivado_runner_v2::_validate_wrapper_port_inventory {observed expected_module expected_ports} {
##     if {![dict exists $observed module_name] || ![dict exists $observed ports] ||
##         [dict get $observed module_name] ne $expected_module} {
##         _raise TOPOLOGY_WRAPPER \
##             "Generated wrapper module is not $expected_module."
##     }
##     set ports [dict get $observed ports]
##     set unique_ports [lsort -dictionary -unique $ports]
##     set expected_names [lsort -dictionary [dict keys $expected_ports]]
##     if {[llength $ports] != [llength $unique_ports] ||
##         $unique_ports ne $expected_names} {
##         _raise TOPOLOGY_WRAPPER_PORT_INVENTORY \
##             "Generated wrapper top-level port inventory mismatch: actual=$ports expected=[dict keys $expected_ports]"
##     }
##     return 1
## }
## proc ::stage1e::production_vivado_runner_v2::_assert_mapped_address {cell offset range} {
##     set segment [_mapped_segment_for_cell $cell]
##     _assert_property $segment OFFSET $offset "$cell address"
##     _assert_property $segment RANGE $range "$cell address"
##     return $segment
## }
## proc ::stage1e::production_vivado_runner_v2::validate_final_topology {context project} {
##     set profile [dict get $context implementation_profile]
##     set expected [topology_contract $profile]
##     if {[current_bd_design] ne {protection_system}} {
##         _raise TOPOLOGY_BD {Current block design identity differs.}
##     }
##     if {[get_property PART [current_project]] ne [dict get $context part] ||
##         [get_property BOARD_PART [current_project]] ne [dict get $context board_part]} {
##         _raise TOPOLOGY_TARGET {Project target identity differs.}
##     }
##     set cells {}
##     foreach cell [get_bd_cells -quiet] { lappend cells [_object_path $cell] }
##     if {[lsort -dictionary $cells] ne [lsort -dictionary [dict get $expected cell_inventory]]} {
##         _raise TOPOLOGY_CELL_INVENTORY {Final BD cell inventory is missing, duplicated, or additional.}
##     }
##     dict for {name vlnv} [dict get $expected cell_vlnvs] {
##         _assert_property [_require_bd_cell $name] VLNV $vlnv "BD cell $name"
##     }
##     set smart [_require_bd_cell smartconnect_0]
##     _assert_property $smart CONFIG.NUM_MI 2 SmartConnect
##     _assert_property $smart CONFIG.NUM_SI 1 SmartConnect
##     set gpio [_require_bd_cell axi_gpio_stage1d_0]
##     dict for {property value} [dict get $expected axi_gpio] {
##         _assert_property $gpio CONFIG.$property $value {AXI GPIO}
##     }
##     dict for {name properties} [dict get $expected slices] {
##         set slice [_require_bd_cell $name]
##         dict for {property value} $properties {
##             _assert_property $slice CONFIG.$property $value "XL Slice $name"
##         }
##     }
##     if {$profile eq {SAFE_INERT}} {
##         set sample [_require_bd_cell sample_valid_const]
##         _assert_property $sample CONFIG.CONST_WIDTH 1 sample_valid_const
##         _assert_property $sample CONFIG.CONST_VAL 0 sample_valid_const
##         if {[llength [get_bd_cells -quiet i_ch1_const]] != 0 ||
##             [llength [get_bd_cells -quiet i_ch2_const]] != 0} {
##             _raise TOPOLOGY_CURRENT_DRIVER \
##                 {Protection current inputs remain connected to constants.}
##         }
##     } else {
##         foreach forbidden {
##             sample_valid_const i_ch1_const i_ch2_const
##             xlslice_stage1d_ch1 xlslice_stage1d_ch2
##         } {
##             if {[llength [get_bd_cells -quiet $forbidden]] != 0} {
##                 _raise TOPOLOGY_PROFILE_LEAKAGE \
##                     "B2 retained a SAFE_INERT-only cell: $forbidden"
##             }
##         }
##         _require_bd_cell stage2i_b2_ready_aware_stimulus_0
##         _require_bd_cell proc_sys_reset_stage2i_b2_src
##         _require_bd_cell system_ila_stage2i_b2_source_0
##     }
##     _assert_mapped_address protection_ip_axi_lite_0 0x43C00000 0x00001000
##     _assert_mapped_address axi_gpio_stage1d_0 0x41200000 0x00010000
##     set address_space [_require_unique_object [get_bd_addr_spaces -quiet processing_system7_0/Data] {PS data address space}]
##     if {[llength [get_bd_addr_segs -quiet -of_objects $address_space]] != 2} {
##         _raise TOPOLOGY_ADDRESS_INVENTORY {PS data address space must contain exactly two mapped segments.}
##     }
##     _assert_exact_interface_net {processing_system7_0/M_AXI_GP0 smartconnect_0/S00_AXI} {PS to SmartConnect}
##     _assert_exact_interface_net {smartconnect_0/M00_AXI protection_ip_axi_lite_0/S_AXI system_ila_stage2b_0/SLOT_0_AXI} {Protection AXI and ILA monitor}
##     _assert_exact_interface_net {smartconnect_0/M01_AXI axi_gpio_stage1d_0/S_AXI} {AXI GPIO master path}
##     if {$profile eq {SAFE_INERT}} {
##         _assert_exact_scalar_net {processing_system7_0/FCLK_CLK0 processing_system7_0/M_AXI_GP0_ACLK smartconnect_0/aclk proc_sys_reset_0/slowest_sync_clk protection_ip_axi_lite_0/ACLK protection_ip_axi_lite_0/adc_src_clk axi_gpio_stage1d_0/s_axi_aclk system_ila_stage2b_0/clk} {100 MHz clock}
##         _assert_exact_scalar_net {processing_system7_0/FCLK_RESET0_N proc_sys_reset_0/ext_reset_in} {PS reset input}
##         _assert_exact_scalar_net {dcm_locked_const/dout proc_sys_reset_0/dcm_locked} {Reset lock constant}
##         _assert_exact_scalar_net {proc_sys_reset_0/peripheral_aresetn smartconnect_0/aresetn protection_ip_axi_lite_0/ARESETN axi_gpio_stage1d_0/s_axi_aresetn system_ila_stage2b_0/resetn system_ila_stage2b_0/probe0} {Peripheral active-low reset}
##     } else {
##         _assert_exact_scalar_net {processing_system7_0/FCLK_CLK0 processing_system7_0/M_AXI_GP0_ACLK smartconnect_0/aclk proc_sys_reset_0/slowest_sync_clk protection_ip_axi_lite_0/ACLK axi_gpio_stage1d_0/s_axi_aclk system_ila_stage2b_0/clk stage2i_b2_ready_aware_stimulus_0/aclk} {100 MHz clock}
##         _assert_exact_scalar_net {processing_system7_0/FCLK_CLK1 protection_ip_axi_lite_0/adc_src_clk proc_sys_reset_stage2i_b2_src/slowest_sync_clk stage2i_b2_ready_aware_stimulus_0/adc_src_clk system_ila_stage2i_b2_source_0/clk} {125 MHz source clock}
##         _assert_exact_scalar_net {processing_system7_0/FCLK_RESET0_N proc_sys_reset_0/ext_reset_in} {PS FCLK0 reset input}
##         _assert_exact_scalar_net {processing_system7_0/FCLK_RESET1_N proc_sys_reset_stage2i_b2_src/ext_reset_in} {PS FCLK1 reset input}
##         _assert_exact_scalar_net {dcm_locked_const/dout proc_sys_reset_0/dcm_locked proc_sys_reset_stage2i_b2_src/dcm_locked} {Reset lock constant}
##         _assert_exact_scalar_net {proc_sys_reset_0/peripheral_aresetn smartconnect_0/aresetn protection_ip_axi_lite_0/ARESETN axi_gpio_stage1d_0/s_axi_aresetn system_ila_stage2b_0/resetn system_ila_stage2b_0/probe0 stage2i_b2_ready_aware_stimulus_0/aclk_aresetn} {ACLK active-low reset}
##         _assert_exact_scalar_net {proc_sys_reset_stage2i_b2_src/peripheral_aresetn stage2i_b2_ready_aware_stimulus_0/adc_src_aresetn} {Source active-low reset}
##         _assert_property [_require_bd_cell processing_system7_0] \
##             CONFIG.PCW_FPGA0_PERIPHERAL_FREQMHZ 100 {PS FCLK0}
##         _assert_property [_require_bd_cell processing_system7_0] \
##             CONFIG.PCW_FPGA1_PERIPHERAL_FREQMHZ 125 {PS FCLK1}
##         _assert_property [_require_bd_cell processing_system7_0] \
##             CONFIG.PCW_EN_RST1_PORT 1 {PS FCLK1 reset port}
##     }
##     _assert_property [_require_bd_pin processing_system7_0/FCLK_RESET0_N] CONFIG.POLARITY ACTIVE_LOW {PS FCLK reset}
##     _assert_property [_require_bd_pin proc_sys_reset_0/ext_reset_in] CONFIG.POLARITY ACTIVE_LOW {Processor System Reset input}
##     _assert_property [_require_bd_cell proc_sys_reset_0] CONFIG.C_EXT_RESET_HIGH 0 {Processor System Reset}
##     _assert_property [_require_bd_pin proc_sys_reset_0/peripheral_aresetn] CONFIG.POLARITY ACTIVE_LOW {Peripheral reset output}
##     _assert_property [_require_bd_pin protection_ip_axi_lite_0/ARESETN] CONFIG.POLARITY ACTIVE_LOW {Protection reset input}
##     _assert_property [_require_bd_pin axi_gpio_stage1d_0/s_axi_aresetn] CONFIG.POLARITY ACTIVE_LOW {AXI GPIO reset input}
##     _assert_property [_require_bd_pin system_ila_stage2b_0/resetn] CONFIG.POLARITY ACTIVE_LOW {System ILA reset input}
##     if {$profile eq {SAFE_INERT}} {
##         _assert_exact_scalar_net {axi_gpio_stage1d_0/gpio_io_o xlslice_stage1d_ch1/Din xlslice_stage1d_ch2/Din} {Packed GPIO stimulus}
##         _assert_exact_scalar_net {sample_valid_const/dout protection_ip_axi_lite_0/adc_sample_valid system_ila_stage2b_0/probe1} {adc_sample_valid constant zero}
##         _assert_exact_scalar_net {xlslice_stage1d_ch1/Dout protection_ip_axi_lite_0/adc_sample_ch1 system_ila_stage2b_0/probe2} {adc_sample_ch1 slice source}
##         _assert_exact_scalar_net {xlslice_stage1d_ch2/Dout protection_ip_axi_lite_0/adc_sample_ch2 system_ila_stage2b_0/probe3} {adc_sample_ch2 slice source}
##         _assert_exact_scalar_net {protection_ip_axi_lite_0/adc_sample_ready system_ila_stage2b_0/probe11} {adc_sample_ready evidence path}
##     } else {
##         _assert_exact_scalar_net {axi_gpio_stage1d_0/gpio_io_o stage2i_b2_ready_aware_stimulus_0/control_word_aclk} {B2 command word}
##         _assert_exact_scalar_net {stage2i_b2_ready_aware_stimulus_0/status_word_aclk axi_gpio_stage1d_0/gpio2_io_i} {B2 status word}
##         _assert_exact_scalar_net {stage2i_b2_ready_aware_stimulus_0/sample_valid protection_ip_axi_lite_0/adc_sample_valid system_ila_stage2i_b2_source_0/probe0} {B2 adc_sample_valid path}
##         _assert_exact_scalar_net {stage2i_b2_ready_aware_stimulus_0/sample_ch1 protection_ip_axi_lite_0/adc_sample_ch1 system_ila_stage2i_b2_source_0/probe2} {B2 adc_sample_ch1 path}
##         _assert_exact_scalar_net {stage2i_b2_ready_aware_stimulus_0/sample_ch2 protection_ip_axi_lite_0/adc_sample_ch2 system_ila_stage2i_b2_source_0/probe3} {B2 adc_sample_ch2 path}
##         _assert_exact_scalar_net {protection_ip_axi_lite_0/adc_sample_ready stage2i_b2_ready_aware_stimulus_0/sample_ready system_ila_stage2i_b2_source_0/probe1} {B2 adc_sample_ready path}
##     }
##     set ila [_require_bd_cell system_ila_stage2b_0]
##     dict for {property value} [dict get $expected system_ila properties] {
##         _assert_property $ila CONFIG.$property $value {System ILA}
##     }
##     set index 0
##     foreach spec [_probe_specs $profile] {
##         set source [lindex $spec 0]
##         set width [lindex $spec 1]
##         _assert_pin_width system_ila_stage2b_0/probe${index} $width
##         _assert_property $ila CONFIG.C_PROBE${index}_WIDTH $width {System ILA probe}
##         if {[_destination_probe_net_requires_exact_membership \
##                 $profile $index]} {
##             _assert_exact_scalar_net [list $source system_ila_stage2b_0/probe${index}] "System ILA probe $index"
##         } else {
##             _assert_same_scalar_net [list $source system_ila_stage2b_0/probe${index}] "System ILA probe $index"
##         }
##         incr index
##     }
##     if {$profile eq {READY_AWARE_SYNTHETIC_DIGITAL_STIMULUS}} {
##         set source_reset [_require_bd_cell proc_sys_reset_stage2i_b2_src]
##         _assert_property $source_reset CONFIG.C_EXT_RESET_HIGH 0 \
##             {B2 source Processor System Reset}
##         _assert_property \
##             [_require_bd_pin proc_sys_reset_stage2i_b2_src/ext_reset_in] \
##             CONFIG.POLARITY ACTIVE_LOW {B2 source reset input}
##         _assert_property \
##             [_require_bd_pin proc_sys_reset_stage2i_b2_src/peripheral_aresetn] \
##             CONFIG.POLARITY ACTIVE_LOW {B2 source reset output}
##         set source_ila [_require_bd_cell system_ila_stage2i_b2_source_0]
##         dict for {property value} \
##             [dict get $expected source_system_ila properties] {
##             _assert_property $source_ila CONFIG.$property $value \
##                 {B2 source System ILA}
##         }
##         set index 0
##         foreach spec [_source_probe_specs] {
##             set source [lindex $spec 0]
##             set width [lindex $spec 1]
##             _assert_pin_width system_ila_stage2i_b2_source_0/probe${index} \
##                 $width
##             _assert_property $source_ila CONFIG.C_PROBE${index}_WIDTH $width \
##                 {B2 source System ILA probe}
##             if {$index < 4} {
##                 _assert_same_scalar_net \
##                     [list $source \
##                         system_ila_stage2i_b2_source_0/probe${index}] \
##                     "B2 source System ILA probe $index"
##             } else {
##                 _assert_exact_scalar_net \
##                     [list $source \
##                         system_ila_stage2i_b2_source_0/probe${index}] \
##                     "B2 source System ILA probe $index"
##             }
##             incr index
##         }
##     }
##     set external_interfaces {}
##     foreach port [get_bd_intf_ports -quiet] { lappend external_interfaces [_object_path $port] }
##     _validate_platform_interface_inventory \
##         $external_interfaces [dict get $expected external_interfaces]
##     set external_ports {}
##     foreach port [get_bd_ports -quiet] {
##         set name [_object_path $port]
##         lappend external_ports $name [_bd_external_port_width $name]
##     }
##     _validate_platform_port_inventory \
##         $external_ports \
##         [dict get $expected platform_external_scalar_ports] \
##         [dict get $expected custom_external_pl_ports]
##     if {![dict exists $project wrapper_path] || ![file exists [dict get $project wrapper_path]] ||
##         [file tail [dict get $project wrapper_path]] ne {protection_system_wrapper.v}} {
##         _raise TOPOLOGY_WRAPPER {Exact protection_system wrapper does not exist.}
##     }
##     if {[get_property top [current_fileset]] ne {protection_system_wrapper}} {
##         _raise TOPOLOGY_TOP {Synthesis top is not protection_system_wrapper.}
##     }
##     _validate_wrapper_port_inventory \
##         [_wrapper_module_header_inventory [dict get $project wrapper_path]] \
##         [dict get $expected project_top] \
##         [dict get $expected platform_external_scalar_ports]
##     validate_bd_design
##     save_bd_design
##     validate_topology_fixture $expected
##     return [dict create contract $expected topology_identity [::stage1e::canonical_json_v1::digest_bytes [encoding convertto utf-8 $expected]]]
## }
## proc ::stage1e::production_vivado_runner_v2::_run_synthesis {project} {
##     launch_runs synth_1
##     wait_on_run synth_1
##     set run [_require_unique_object [get_runs -quiet synth_1] {Synthesis run}]
##     set status [get_property STATUS $run]
##     set progress [get_property PROGRESS $run]
##     if {$status ne {synth_design Complete!} || $progress ne {100%}} {
##         _raise SYNTHESIS_STATE {Synthesis did not reach its exact completed state.}
##     }
##     set checkpoint [file join [get_property DIRECTORY $run] protection_system_wrapper.dcp]
##     return [dict create run_identity synth_1 STATUS $status PROGRESS $progress CURRENT_STEP [get_property CURRENT_STEP $run] checkpoint $checkpoint output_identity [_file_identity $checkpoint]]
## }
## proc ::stage1e::production_vivado_runner_v2::_forbidden_operations {impl_run} {
##     set observed {}
##     foreach {property operation expected} {
##         STEPS.PHYS_OPT_DESIGN.IS_ENABLED phys_opt_design 0
##         STEPS.POST_ROUTE_PHYS_OPT_DESIGN.IS_ENABLED post_route_phys_opt_design 0
##         STEPS.POWER_OPT_DESIGN.IS_ENABLED power_opt_design 0
##         STEPS.POST_PLACE_POWER_OPT_DESIGN.IS_ENABLED post_place_power_opt_design 0
##         AUTO_INCREMENTAL_CHECKPOINT incremental_implementation 0
##     } {
##         if {[get_property $property $impl_run] ne $expected} { lappend observed $operation }
##     }
##     if {[get_property INCREMENTAL_CHECKPOINT $impl_run] ne {}} { lappend observed checkpoint_import }
##     return $observed
## }
## proc ::stage1e::production_vivado_runner_v2::_configure_implementation {} {
##     set impl [_require_unique_object [get_runs -quiet impl_1] {Implementation run}]
##     set_property STEPS.PHYS_OPT_DESIGN.IS_ENABLED 0 $impl
##     set_property STEPS.POST_ROUTE_PHYS_OPT_DESIGN.IS_ENABLED 0 $impl
##     set_property STEPS.POWER_OPT_DESIGN.IS_ENABLED 0 $impl
##     set_property STEPS.POST_PLACE_POWER_OPT_DESIGN.IS_ENABLED 0 $impl
##     set_property AUTO_INCREMENTAL_CHECKPOINT 0 $impl
##     set_property INCREMENTAL_CHECKPOINT {} $impl
##     set requested [dict get [::stage1e::vivado_runtime_contract_v2::property_map] requested_implementation_graph]
##     ::stage1e::vivado_runtime_contract_v2::validate_requested_graph [dict create \
##         enabled_operations {opt_design place_design route_design} \
##         launch_targets {opt_design place_design route_design} \
##         prohibited_operations [dict get $requested prohibited_operations] \
##         incremental_implementation AUTO_INCREMENTAL_CHECKPOINT_ZERO_AND_INCREMENTAL_CHECKPOINT_EMPTY]
##     if {[llength [_forbidden_operations $impl]] != 0} {
##         _raise FORBIDDEN_CONFIGURATION {Forbidden implementation configuration is enabled.}
##     }
##     return $impl
## }
## proc ::stage1e::production_vivado_runner_v2::_execute_phase {state phase run_directory impl_run} {
##     set state [_start_implementation_phase $state $phase]
##     launch_runs impl_1 -to_step $phase
##     wait_on_run impl_1
##     set observation [::stage1e::production_vivado_observer_v2::observe_live $phase $run_directory [_forbidden_operations $impl_run]]
##     set state [_finish_implementation_phase $state $observation]
##     return [dict create phase_state $state observation $observation]
## }
## proc ::stage1e::production_vivado_runner_v2::_complete_artifacts_bitstream {impl_run} {
##     launch_runs impl_1 -to_step write_bitstream
##     wait_on_run impl_1
##     set evidence {}
##     foreach property {NAME STATUS PROGRESS CURRENT_STEP DIRECTORY} {
##         dict set evidence $property [get_property $property $impl_run]
##     }
##     if {[dict get $evidence NAME] ne {impl_1}} {
##         _raise BITSTREAM_RUN_IDENTITY {Project Mode bitstream run is not impl_1.}
##     }
##     if {[dict get $evidence STATUS] ne {write_bitstream Complete!}} {
##         _raise BITSTREAM_RUN_STATE {Project Mode bitstream did not reach its exact completed state.}
##     }
##     if {[dict get $evidence PROGRESS] ne {100%}} {
##         _raise BITSTREAM_RUN_PROGRESS {Project Mode bitstream did not reach 100% progress.}
##     }
##     set forbidden [_forbidden_operations $impl_run]
##     if {[llength $forbidden] != 0} {
##         _raise FORBIDDEN_OPERATION "Forbidden implementation operation observed: $forbidden"
##     }
##     set bitstream [file join [dict get $evidence DIRECTORY] protection_system_wrapper.bit]
##     _require_file $bitstream {Run-owned implementation BIT}
##     if {[file size $bitstream] <= 0} {
##         _raise BITSTREAM_EMPTY {Run-owned implementation BIT is empty.}
##     }
##     dict set evidence bitstream_path $bitstream
##     return $evidence
## }
## proc ::stage1e::production_vivado_runner_v2::_artifact_binding {context} {
##     return [dict create \
##         implementation_profile [dict get $context implementation_profile] \
##         execution_id [dict get $context execution_id] \
##         source_commit [dict get $context source_commit] \
##         source_tree [dict get $context source_tree] \
##         project_identity [dict get $context project_identity] \
##         design_identity [dict get $context design_identity]]
## }
## proc ::stage1e::production_vivado_runner_v2::_artifact_record {context role path} {
##     return [::stage1e::production_vivado_collector_v2::_artifact_record [_artifact_binding $context] $role $path]
## }
## proc ::stage1e::production_vivado_runner_v2::_copy_artifact_new {source destination role} {
##     _require_file $source "Generated $role artifact"
##     if {[file exists $destination]} {
##         _raise ARTIFACT_COLLISION "Artifact output already exists: $destination"
##     }
##     file copy -- $source $destination
##     return $destination
## }
## proc ::stage1e::production_vivado_runner_v2::_expected_hwh_source {project} {
##     set expected [file join [dict get $project project_dir] "[dict get $project project_name].gen" sources_1 bd [dict get $project bd_name] hw_handoff "[dict get $project bd_name].hwh"]
##     _require_file $expected {Exact protection_system HWH source}
##     return $expected
## }
## proc ::stage1e::production_vivado_runner_v2::_validate_artifact_roles {artifacts expected_roles} {
##     set roles {}
##     foreach artifact $artifacts { lappend roles [dict get $artifact role] }
##     if {$roles ne $expected_roles || [llength $roles] != [llength [lsort -unique $roles]]} {
##         _raise ARTIFACT_ROLE_INVENTORY "Artifact roles are not exact and unique: $roles"
##     }
##     return 1
## }
## proc ::stage1e::production_vivado_runner_v2::_generate_artifacts {context project run_bitstream} {
##     if {[dict get $context build_target] ne {ARTIFACTS}} { return {} }
##     set root [dict get $context artifact_root]
##     set bitstream [_copy_artifact_new $run_bitstream [file join $root protection_system.bit] BITSTREAM]
##     set xsa [file join $root protection_system.xsa]
##     write_hw_platform -fixed -include_bit -file $xsa
##     set hwh_source [_expected_hwh_source $project]
##     set hwh [_copy_artifact_new $hwh_source [file join $root protection_system.hwh] HWH]
##     if {[llength [get_debug_cores -quiet]] == 0} {
##         _raise LTX_DEBUG_CORE {System ILA topology did not produce a debug core.}
##     }
##     set ltx [file join $root protection_system.ltx]
##     write_debug_probes $ltx
##     set artifacts [list \
##         [_artifact_record $context BITSTREAM $bitstream] \
##         [_artifact_record $context XSA $xsa] \
##         [_artifact_record $context HWH $hwh] \
##         [_artifact_record $context LTX $ltx]]
##     _validate_artifact_roles $artifacts {BITSTREAM XSA HWH LTX}
##     return $artifacts
## }
## proc ::stage1e::production_vivado_runner_v2::_report_paths {context} {
##     set paths {}
##     foreach role [::stage1e::production_vivado_collector_v2::report_roles] {
##         dict set paths $role [file join [dict get $context report_root] "[string tolower $role].rpt"]
##     }
##     return $paths
## }
## proc ::stage1e::production_vivado_runner_v2::_result_schema {} {
##     variable build_root
##     set path [file join $build_root config stage1e_vivado_result_schema_v1.json]
##     return [::stage1e::canonical_json_v1::parse_bytes [::stage1e::canonical_json_v1::read_file_bytes $path]]
## }
## proc ::stage1e::production_vivado_runner_v2::_string_array_node {values} {
##     set nodes {}
##     foreach value $values { lappend nodes [::stage1e::canonical_json_v1::new_string $value] }
##     return [::stage1e::canonical_json_v1::new_array $nodes]
## }
## proc ::stage1e::production_vivado_runner_v2::_artifact_array_node {artifacts} {
##     set nodes {}
##     foreach artifact $artifacts {
##         lappend nodes [::stage1e::canonical_json_v1::new_object [list \
##             role [::stage1e::canonical_json_v1::new_string [dict get $artifact role]] \
##             path [::stage1e::canonical_json_v1::new_string [dict get $artifact path]] \
##             bytes [::stage1e::canonical_json_v1::new_integer [dict get $artifact bytes]] \
##             sha256 [::stage1e::canonical_json_v1::new_string [dict get $artifact sha256]] \
##             implementation_profile [::stage1e::canonical_json_v1::new_string [dict get $artifact implementation_profile]] \
##             execution_id [::stage1e::canonical_json_v1::new_string [dict get $artifact execution_id]] \
##             source_commit [::stage1e::canonical_json_v1::new_string [dict get $artifact source_commit]] \
##             source_tree [::stage1e::canonical_json_v1::new_string [dict get $artifact source_tree]] \
##             project_identity [::stage1e::canonical_json_v1::new_string [dict get $artifact project_identity]] \
##             design_identity [::stage1e::canonical_json_v1::new_string [dict get $artifact design_identity]]]]
##     }
##     return [::stage1e::canonical_json_v1::new_array $nodes]
## }
## proc ::stage1e::production_vivado_runner_v2::_journal_node {journal} {
##     return [::stage1e::canonical_json_v1::new_object [list \
##         path [::stage1e::canonical_json_v1::new_string [dict get $journal path]] \
##         bytes [::stage1e::canonical_json_v1::new_integer [dict get $journal bytes]] \
##         sha256 [::stage1e::canonical_json_v1::new_string [dict get $journal sha256]]]]
## }
## proc ::stage1e::production_vivado_runner_v2::_write_result {context result} {
##     set schema [_result_schema]
##     set registry [dict create stage1e-vivado-result-v1 $schema]
##     set node [::stage1e::canonical_json_v1::new_object [list \
##         schema_version [::stage1e::canonical_json_v1::new_string stage1e-vivado-result-v1] \
##         execution_id [::stage1e::canonical_json_v1::new_string [dict get $context execution_id]] \
##         request_identity [::stage1e::canonical_json_v1::new_string [dict get $context request_identity]] \
##         execution_contract_identity [::stage1e::canonical_json_v1::new_string [dict get $context execution_contract_identity]] \
##         implementation_profile [::stage1e::canonical_json_v1::new_string [dict get $context implementation_profile]] \
##         source_commit [::stage1e::canonical_json_v1::new_string [dict get $context source_commit]] \
##         source_tree [::stage1e::canonical_json_v1::new_string [dict get $context source_tree]] \
##         project_identity [::stage1e::canonical_json_v1::new_string [dict get $context project_identity]] \
##         design_identity [::stage1e::canonical_json_v1::new_string [dict get $context design_identity]] \
##         run_kind [::stage1e::canonical_json_v1::new_string [dict get $context run_kind]] \
##         result_state [::stage1e::canonical_json_v1::new_string [dict get $result result_state]] \
##         failure_code [::stage1e::canonical_json_v1::new_string [dict get $result failure_code]] \
##         reason [::stage1e::canonical_json_v1::new_string [dict get $result reason]] \
##         route_completed [::stage1e::canonical_json_v1::new_boolean [dict get $result route_completed]] \
##         SYNTH_RUN_AVAILABLE [::stage1e::canonical_json_v1::new_boolean [dict get $result SYNTH_RUN_AVAILABLE]] \
##         IMPL_RUN_AVAILABLE [::stage1e::canonical_json_v1::new_boolean [dict get $result IMPL_RUN_AVAILABLE]] \
##         GUI_PROJECT_PATH [::stage1e::canonical_json_v1::new_string [dict get $result GUI_PROJECT_PATH]] \
##         PROJECT_SAFE_TO_OPEN [::stage1e::canonical_json_v1::new_boolean [dict get $result PROJECT_SAFE_TO_OPEN]] \
##         forbidden_operation_count [::stage1e::canonical_json_v1::new_integer [llength [dict get $result forbidden_operations]]] \
##         forbidden_operations [_string_array_node [dict get $result forbidden_operations]] \
##         runner_phase_journal [_journal_node [dict get $result runner_phase_journal]] \
##         collector_state [::stage1e::canonical_json_v1::new_string [dict get $result collector_state]] \
##         artifact_inventory [_artifact_array_node [dict get $result artifact_inventory]] \
##         finding_decision_identity [::stage1e::canonical_json_v1::new_string [dict get $context finding_decision_identity]]]]
##     set bytes [::stage1e::canonical_json_v1::canonical_bytes $node $schema $registry]
##     set channel [open [dict get $context result_path] {WRONLY CREAT EXCL}]
##     fconfigure $channel -translation binary -encoding binary
##     puts -nonewline $channel $bytes
##     close $channel
## }
## proc ::stage1e::production_vivado_runner_v2::_blocked_result {context reason} {
##     return [dict create result_state BLOCKED failure_code EXECUTION_FAILED reason $reason \
##         route_completed 0 SYNTH_RUN_AVAILABLE 0 IMPL_RUN_AVAILABLE 0 \
##         GUI_PROJECT_PATH UNAVAILABLE PROJECT_SAFE_TO_OPEN 0 forbidden_operations {} \
##         runner_phase_journal [_phase_journal_record $context] collector_state BLOCKED artifact_inventory {}]
## }
## proc ::stage1e::production_vivado_runner_v2::_safe_impl_evidence {} {
##     if {[catch {set run [_require_unique_object [get_runs -quiet impl_1] {Implementation run}]}]} {
##         return [dict create run_identity NOT_AVAILABLE STATUS NOT_AVAILABLE PROGRESS NOT_AVAILABLE CURRENT_STEP NOT_AVAILABLE]
##     }
##     set evidence [dict create run_identity impl_1]
##     foreach property {STATUS PROGRESS CURRENT_STEP} {
##         if {[catch {get_property $property $run} value]} { set value NOT_AVAILABLE }
##         dict set evidence $property $value
##     }
##     return $evidence
## }
## proc ::stage1e::production_vivado_runner_v2::run {context} {
##     _validate_context $context
##     initialize_phase_journal $context
##     set result [_blocked_result $context {Execution did not start.}]
##     set current_phase {}
##     if {[catch {
##         set current_phase SOURCE_PRECHECK
##         append_phase_journal $context ATTEMPT $current_phase PRECHECK NOT_STARTED 0 NONE NONE {Validate sealed contract and Vivado identity.}
##         _assert_execution_contract_identity $context
##         set tool_identity [_assert_tool_identity $context]
##         append_phase_journal $context COMPLETED $current_phase PRECHECK VALIDATED 0 NONE [dict get $context execution_contract_identity] $tool_identity
##         set current_phase {}
## 
##         set current_phase PACKAGE_IP
##         append_phase_journal $context ATTEMPT $current_phase stage1e_ip_packaging NOT_STARTED 0 NONE NONE {Package exact protection IP.}
##         set package [package_protection_ip $context]
##         append_phase_journal $context COMPLETED $current_phase stage1e_ip_packaging COMPLETE 100 NONE [dict get $package component_identity] [dict get $package component_path]
##         set current_phase {}
## 
##         set current_phase CREATE_PROJECT
##         append_phase_journal $context ATTEMPT $current_phase [dict get $context project_identity] NOT_STARTED 0 NONE NONE {Create fresh PYNQ-Z2 project.}
##         set project [create_build_project $context $package]
##         append_phase_journal $context COMPLETED $current_phase [dict get $context project_identity] CREATED 100 NONE [dict get $context project_identity] [dict get $project project_path]
##         set current_phase {}
## 
##         set current_phase CREATE_BASE_BD
##         append_phase_journal $context ATTEMPT $current_phase protection_system NOT_STARTED 0 NONE NONE {Create reviewed PS/reset/SmartConnect/protection base.}
##         set project [create_base_bd $context $project]
##         append_phase_journal $context COMPLETED $current_phase protection_system VALIDATED 100 NONE protection_system [dict get $project bd_file]
##         set current_phase {}
## 
##         set current_phase ADD_DEBUG
##         append_phase_journal $context ATTEMPT $current_phase protection_system NOT_STARTED 0 NONE NONE {Add exact mixed System ILA.}
##         set project [add_debug $context $project]
##         if {[dict get $context implementation_profile] eq {SAFE_INERT}} {
##             set debug_detail {Twelve destination probes and one AXI monitor connected for the identical-clock production profile.}
##         } else {
##             set debug_detail {Destination System ILA connected; source-domain System ILA is added with the B2 stimulus.}
##         }
##         append_phase_journal $context COMPLETED $current_phase protection_system VALIDATED 100 NONE system_ila_stage2b_0 $debug_detail
##         set current_phase {}
## 
##         set current_phase ADD_CONTROLLED_STIMULUS
##         append_phase_journal $context ATTEMPT $current_phase protection_system NOT_STARTED 0 NONE NONE {Add exact profile-specific AXI GPIO stimulus source.}
##         set project [add_controlled_stimulus $context $project]
##         if {[dict get $context implementation_profile] eq {SAFE_INERT}} {
##             set stimulus_detail {GPIO[11:0] to channel 1; GPIO[23:12] to channel 2; sample_valid is explicitly zero.}
##         } else {
##             set stimulus_detail {Dual-channel GPIO controls the bounded ready-aware producer; FCLK1 is 125 MHz and source-domain ILA observes valid, ready, payload, state, remaining, and acceptance.}
##         }
##         append_phase_journal $context COMPLETED $current_phase protection_system VALIDATED 100 NONE axi_gpio_stage1d_0 $stimulus_detail
##         set current_phase {}
## 
##         set current_phase GENERATE_WRAPPER
##         append_phase_journal $context ATTEMPT $current_phase protection_system_wrapper NOT_STARTED 0 NONE NONE {Generate exact BD output products and wrapper.}
##         set project [generate_wrapper $context $project]
##         set wrapper_identity [_file_identity [dict get $project wrapper_path]]
##         append_phase_journal $context COMPLETED $current_phase protection_system_wrapper GENERATED 100 NONE $wrapper_identity [dict get $project wrapper_path]
##         set current_phase {}
## 
##         set current_phase VALIDATE_FINAL_TOPOLOGY
##         append_phase_journal $context ATTEMPT $current_phase protection_system READBACK 0 NONE NONE {Read back the complete final BD before synthesis.}
##         set topology [validate_final_topology $context $project]
##         append_phase_journal $context COMPLETED $current_phase protection_system VALIDATED 100 NONE [dict get $topology topology_identity] "Exact [dict get $context implementation_profile] topology read back."
##         set current_phase {}
## 
##         set current_phase SYNTHESIS
##         append_phase_journal $context ATTEMPT $current_phase synth_1 {Not started} 0 NONE NONE {Launch and wait for synthesis.}
##         set synthesis [_run_synthesis $project]
##         dict set result SYNTH_RUN_AVAILABLE 1
##         append_phase_journal $context COMPLETED $current_phase [dict get $synthesis run_identity] [dict get $synthesis STATUS] [dict get $synthesis PROGRESS] [dict get $synthesis CURRENT_STEP] [dict get $synthesis output_identity] [dict get $synthesis checkpoint]
##         set current_phase {}
## 
##         set impl [_configure_implementation]
##         dict set result IMPL_RUN_AVAILABLE 1
##         set run_directory [get_property DIRECTORY $impl]
##         set state [new_phase_state]
##         foreach phase [phase_order] {
##             set current_phase [string toupper $phase]
##             set before [_safe_impl_evidence]
##             append_phase_journal $context ATTEMPT $current_phase impl_1 [dict get $before STATUS] [dict get $before PROGRESS] [dict get $before CURRENT_STEP] NONE "Launch impl_1 through $phase."
##             set phase_result [_execute_phase $state $phase $run_directory $impl]
##             set state [dict get $phase_result phase_state]
##             set observation [dict get $phase_result observation]
##             if {[dict get $observation action] ne {PROCEED}} {
##                 _raise PHASE_COMPLETION [dict get $observation reason]
##             }
##             set snapshot [dict get $observation snapshot]
##             append_phase_journal $context COMPLETED $current_phase impl_1 [dict get $snapshot run_status] [dict get $snapshot progress] [dict get $snapshot current_step] [dict get $snapshot checkpoint_identity] [dict get $snapshot checkpoint]
##             set current_phase {}
##         }
##         if {[dict get $state terminal_state] ne {ROUTED}} {
##             _raise PHASE_COMPLETION {Implementation phase state is not routed.}
##         }
## 
##         set current_phase ARTIFACT_GENERATION
##         set artifact_before [_safe_impl_evidence]
##         append_phase_journal $context ATTEMPT $current_phase impl_1 [dict get $artifact_before STATUS] [dict get $artifact_before PROGRESS] [dict get $artifact_before CURRENT_STEP] NONE {Generate requested deterministic artifact roles.}
##         set run_bitstream {}
##         if {[dict get $context build_target] eq {ARTIFACTS}} {
##             set bitstream_evidence [_complete_artifacts_bitstream $impl]
##             set run_bitstream [dict get $bitstream_evidence bitstream_path]
##         }
##         open_run impl_1
##         set final_forbidden [_forbidden_operations $impl]
##         if {[llength $final_forbidden] != 0} {
##             _raise FORBIDDEN_OPERATION "Forbidden implementation operation observed: $final_forbidden"
##         }
##         set artifacts [_generate_artifacts $context $project $run_bitstream]
##         set generated_roles {}
##         foreach artifact $artifacts { lappend generated_roles [dict get $artifact role] }
##         set artifact_after [_safe_impl_evidence]
##         append_phase_journal $context COMPLETED $current_phase impl_1 [dict get $artifact_after STATUS] [dict get $artifact_after PROGRESS] [dict get $artifact_after CURRENT_STEP] [join $generated_roles ,] {Requested artifacts generated.}
##         set current_phase {}
## 
##         set current_phase REPORT_COLLECTION
##         set report_before [_safe_impl_evidence]
##         append_phase_journal $context ATTEMPT $current_phase impl_1 [dict get $report_before STATUS] [dict get $report_before PROGRESS] [dict get $report_before CURRENT_STEP] NONE {Collect closed report inventory and manifest.}
##         set collector_request [dict create \
##             report_root [dict get $context report_root] \
##             implementation_profile [dict get $context implementation_profile] \
##             execution_id [dict get $context execution_id] \
##             source_commit [dict get $context source_commit] \
##             source_tree [dict get $context source_tree] \
##             project_identity [dict get $context project_identity] \
##             design_identity [dict get $context design_identity] \
##             run_identity impl_1 \
##             process_identity [dict get $context process_identity] \
##             role_output_paths [_report_paths $context]]
##         set collected [::stage1e::production_vivado_collector_v2::collect_live $collector_request]
##         if {[dict get $collected action] ne {PROCEED}} {
##             _raise COLLECTOR [dict get $collected reason]
##         }
##         set artifacts [::stage1e::production_vivado_collector_v2::write_artifact_manifest [dict get $context artifact_root] $artifacts [dict get $collected attempts] [_artifact_binding $context]]
##         if {[dict get $context build_target] eq {ARTIFACTS}} {
##             _validate_artifact_roles $artifacts {BITSTREAM XSA HWH LTX ARTIFACT_MANIFEST}
##         }
##         set report_after [_safe_impl_evidence]
##         append_phase_journal $context COMPLETED $current_phase impl_1 [dict get $report_after STATUS] [dict get $report_after PROGRESS] [dict get $report_after CURRENT_STEP] ARTIFACT_MANIFEST {Reports and exact artifact manifest collected.}
##         set current_phase {}
## 
##         dict set result result_state COMPLETED
##         dict set result failure_code NONE
##         dict set result reason {Routed engineering implementation, reports, and requested artifacts completed.}
##         dict set result route_completed 1
##         dict set result GUI_PROJECT_PATH [_canonical_path [dict get $project project_path]]
##         dict set result PROJECT_SAFE_TO_OPEN 1
##         dict set result forbidden_operations $final_forbidden
##         dict set result runner_phase_journal [_phase_journal_record $context]
##         dict set result collector_state COLLECTED
##         dict set result artifact_inventory $artifacts
##         if {[dict get $context project_retention] eq {REMOVE}} {
##             ::close_project
##             file delete -force [dict get $project project_dir]
##             dict set result GUI_PROJECT_PATH NOT_RETAINED
##             dict set result PROJECT_SAFE_TO_OPEN 0
##         }
##     } reason options]} {
##         if {$current_phase ne {}} {
##             set evidence [_safe_impl_evidence]
##             catch {append_phase_journal $context FAILED $current_phase [dict get $evidence run_identity] [dict get $evidence STATUS] [dict get $evidence PROGRESS] [dict get $evidence CURRENT_STEP] NONE $reason}
##         }
##         set result [_blocked_result $context $reason]
##     }
##     _write_result $context $result
##     return $result
## }
# ::stage1e::production_vivado_runner_v2::run $stage1e_execution_context
WARNING: [Board 49-151] The current board 'tul.com.tw::pynq-z2:1.0' is from a local repo. The vivado install has a corresponding board with version greater than or equal to the local repo board. Please use boards from vivado install to avoid any upgrade/migrate issues
## proc protection_register_map_apply_ipxact {address_block} {
##     if {[llength $address_block] != 1} {
##         error {protection register-map generator requires one address block}
##     }
##     set register [ipx::get_registers {CTRL} -of_objects $address_block -quiet]
##     if {[llength $register] == 0} {
##         set register [ipx::add_register {CTRL} $address_block]
##     }
##     set_property address_offset 0x00 $register
##     set_property size 32 $register
##     set_property access read-write $register
##     set_property description {Controls the demo PWM and submits the one-ACLK fault-clear request.} $register
##     set reset_parameter [ipx::get_register_parameters RESET_VALUE -of_objects $register -quiet]
##     if {[llength $reset_parameter] == 0} {
##         set reset_parameter [ipx::add_register_parameter RESET_VALUE $register]
##     }
##     set_property value 0x00000000 $reset_parameter
##     set field [ipx::get_fields {PWM_ENABLE} -of_objects $register -quiet]
##     if {[llength $field] == 0} {
##         set field [ipx::add_field {PWM_ENABLE} $register]
##     }
##     set_property bit_offset 0 $field
##     set_property bit_width 1 $field
##     set_property access read-write $field
##     set_property description {Enables the low-voltage demo PWM carrier before protection gating.} $field
##     set field [ipx::get_fields {CLEAR_FAULT_PULSE} -of_objects $register -quiet]
##     if {[llength $field] == 0} {
##         set field [ipx::add_field {CLEAR_FAULT_PULSE} $register]
##     }
##     set_property bit_offset 1 $field
##     set_property bit_width 1 $field
##     set_property access read-write $field
##     set_property description {Submits a clear request to the Stage 2G request/evaluation fence; it is not unconditional recovery.} $field
##     set_property modified_write_value oneToSet $field
##     set field [ipx::get_fields {RESERVED} -of_objects $register -quiet]
##     if {[llength $field] == 0} {
##         set field [ipx::add_field {RESERVED} $register]
##     }
##     set_property bit_offset 2 $field
##     set_property bit_width 30 $field
##     set_property access read-only $field
##     set_property description {Reserved.} $field
## 
##     set register [ipx::get_registers {STATUS} -of_objects $address_block -quiet]
##     if {[llength $register] == 0} {
##         set register [ipx::add_register {STATUS} $address_block]
##     }
##     set_property address_offset 0x04 $register
##     set_property size 32 $register
##     set_property access read-only $register
##     set_property description {Registered Stage 2G evaluation status and the public compatibility latch.} $register
##     set reset_parameter [ipx::get_register_parameters RESET_VALUE -of_objects $register -quiet]
##     if {[llength $reset_parameter] == 0} {
##         set reset_parameter [ipx::add_register_parameter RESET_VALUE $register]
##     }
##     set_property value 0x00000000 $reset_parameter
##     set field [ipx::get_fields {FAULT_VALID} -of_objects $register -quiet]
##     if {[llength $field] == 0} {
##         set field [ipx::add_field {FAULT_VALID} $register]
##     }
##     set_property bit_offset 0 $field
##     set_property bit_width 1 $field
##     set_property access read-only $field
##     set_property description {Registered fault-evaluation result, asserted only when evaluation-valid and the evaluated bitmap is nonzero.} $field
##     set field [ipx::get_fields {FAULT_LATCHED} -of_objects $register -quiet]
##     if {[llength $field] == 0} {
##         set field [ipx::add_field {FAULT_LATCHED} $register]
##     }
##     set_property bit_offset 1 $field
##     set_property bit_width 1 $field
##     set_property access read-only $field
##     set_property description {Public compatibility latch for an accepted fault episode.} $field
##     set field [ipx::get_fields {RESERVED} -of_objects $register -quiet]
##     if {[llength $field] == 0} {
##         set field [ipx::add_field {RESERVED} $register]
##     }
##     set_property bit_offset 2 $field
##     set_property bit_width 30 $field
##     set_property access read-only $field
##     set_property description {Reserved.} $field
## 
##     set register [ipx::get_registers {FAULT_CODE} -of_objects $address_block -quiet]
##     if {[llength $register] == 0} {
##         set register [ipx::add_register {FAULT_CODE} $address_block]
##     }
##     set_property address_offset 0x08 $register
##     set_property size 32 $register
##     set_property access read-only $register
##     set_property description {Stage 2G public first-cause compatibility code.} $register
##     set reset_parameter [ipx::get_register_parameters RESET_VALUE -of_objects $register -quiet]
##     if {[llength $reset_parameter] == 0} {
##         set reset_parameter [ipx::add_register_parameter RESET_VALUE $register]
##     }
##     set_property value 0x00000000 $reset_parameter
##     set field [ipx::get_fields {FAULT_CODE_LATCHED} -of_objects $register -quiet]
##     if {[llength $field] == 0} {
##         set field [ipx::add_field {FAULT_CODE_LATCHED} $register]
##     }
##     set_property bit_offset 0 $field
##     set_property bit_width 8 $field
##     set_property access read-only $field
##     set_property description {Latched first-cause compatibility code from the frozen fault taxonomy.} $field
##     set_property enumerated_values [list {NONE} 0x00 read {OVERCURRENT} 0x01 read {SENSOR_MISMATCH} 0x02 read {SENSOR_OPEN} 0x03 read {SENSOR_SATURATION} 0x04 read {SENSOR_STUCK} 0x05 read {OC_WITH_ANY_SENSOR} 0x06 read] $field
##     set field [ipx::get_fields {RESERVED} -of_objects $register -quiet]
##     if {[llength $field] == 0} {
##         set field [ipx::add_field {RESERVED} $register]
##     }
##     set_property bit_offset 8 $field
##     set_property bit_width 24 $field
##     set_property access read-only $field
##     set_property description {Reserved.} $field
## 
##     set register [ipx::get_registers {I_CH1} -of_objects $address_block -quiet]
##     if {[llength $register] == 0} {
##         set register [ipx::add_register {I_CH1} $address_block]
##     }
##     set_property address_offset 0x0C $register
##     set_property size 32 $register
##     set_property access read-only $register
##     set_property description {Latest atomic destination-FIFO delivery registered in ACLK for channel 1.} $register
##     set reset_parameter [ipx::get_register_parameters RESET_VALUE -of_objects $register -quiet]
##     if {[llength $reset_parameter] == 0} {
##         set reset_parameter [ipx::add_register_parameter RESET_VALUE $register]
##     }
##     set_property value 0x00000000 $reset_parameter
##     set field [ipx::get_fields {I_CH1_MON} -of_objects $register -quiet]
##     if {[llength $field] == 0} {
##         set field [ipx::add_field {I_CH1_MON} $register]
##     }
##     set_property bit_offset 0 $field
##     set_property bit_width 12 $field
##     set_property access read-only $field
##     set_property description {Raw channel-1 monitor from the latest atomic destination delivery.} $field
##     set field [ipx::get_fields {RESERVED} -of_objects $register -quiet]
##     if {[llength $field] == 0} {
##         set field [ipx::add_field {RESERVED} $register]
##     }
##     set_property bit_offset 12 $field
##     set_property bit_width 20 $field
##     set_property access read-only $field
##     set_property description {Reserved.} $field
## 
##     set register [ipx::get_registers {I_CH2} -of_objects $address_block -quiet]
##     if {[llength $register] == 0} {
##         set register [ipx::add_register {I_CH2} $address_block]
##     }
##     set_property address_offset 0x10 $register
##     set_property size 32 $register
##     set_property access read-only $register
##     set_property description {Latest atomic destination-FIFO delivery registered in ACLK for channel 2.} $register
##     set reset_parameter [ipx::get_register_parameters RESET_VALUE -of_objects $register -quiet]
##     if {[llength $reset_parameter] == 0} {
##         set reset_parameter [ipx::add_register_parameter RESET_VALUE $register]
##     }
##     set_property value 0x00000000 $reset_parameter
##     set field [ipx::get_fields {I_CH2_MON} -of_objects $register -quiet]
##     if {[llength $field] == 0} {
##         set field [ipx::add_field {I_CH2_MON} $register]
##     }
##     set_property bit_offset 0 $field
##     set_property bit_width 12 $field
##     set_property access read-only $field
##     set_property description {Raw channel-2 monitor from the latest atomic destination delivery.} $field
##     set field [ipx::get_fields {RESERVED} -of_objects $register -quiet]
##     if {[llength $field] == 0} {
##         set field [ipx::add_field {RESERVED} $register]
##     }
##     set_property bit_offset 12 $field
##     set_property bit_width 20 $field
##     set_property access read-only $field
##     set_property description {Reserved.} $field
## 
##     set register [ipx::get_registers {TH_OC1} -of_objects $address_block -quiet]
##     if {[llength $register] == 0} {
##         set register [ipx::add_register {TH_OC1} $address_block]
##     }
##     set_property address_offset 0x14 $register
##     set_property size 32 $register
##     set_property access read-write $register
##     set_property description {Channel-1 overcurrent threshold; equality is not a fault.} $register
##     set reset_parameter [ipx::get_register_parameters RESET_VALUE -of_objects $register -quiet]
##     if {[llength $reset_parameter] == 0} {
##         set reset_parameter [ipx::add_register_parameter RESET_VALUE $register]
##     }
##     set_property value 0x00000BB8 $reset_parameter
##     set field [ipx::get_fields {THRESHOLD_CH1} -of_objects $register -quiet]
##     if {[llength $field] == 0} {
##         set field [ipx::add_field {THRESHOLD_CH1} $register]
##     }
##     set_property bit_offset 0 $field
##     set_property bit_width 12 $field
##     set_property access read-write $field
##     set_property description {Channel-1 overcurrent threshold.} $field
##     set field [ipx::get_fields {RESERVED} -of_objects $register -quiet]
##     if {[llength $field] == 0} {
##         set field [ipx::add_field {RESERVED} $register]
##     }
##     set_property bit_offset 12 $field
##     set_property bit_width 20 $field
##     set_property access read-only $field
##     set_property description {Reserved.} $field
## 
##     set register [ipx::get_registers {TH_OC2} -of_objects $address_block -quiet]
##     if {[llength $register] == 0} {
##         set register [ipx::add_register {TH_OC2} $address_block]
##     }
##     set_property address_offset 0x18 $register
##     set_property size 32 $register
##     set_property access read-write $register
##     set_property description {Channel-2 overcurrent threshold; equality is not a fault.} $register
##     set reset_parameter [ipx::get_register_parameters RESET_VALUE -of_objects $register -quiet]
##     if {[llength $reset_parameter] == 0} {
##         set reset_parameter [ipx::add_register_parameter RESET_VALUE $register]
##     }
##     set_property value 0x00000BB8 $reset_parameter
##     set field [ipx::get_fields {THRESHOLD_CH2} -of_objects $register -quiet]
##     if {[llength $field] == 0} {
##         set field [ipx::add_field {THRESHOLD_CH2} $register]
##     }
##     set_property bit_offset 0 $field
##     set_property bit_width 12 $field
##     set_property access read-write $field
##     set_property description {Channel-2 overcurrent threshold.} $field
##     set field [ipx::get_fields {RESERVED} -of_objects $register -quiet]
##     if {[llength $field] == 0} {
##         set field [ipx::add_field {RESERVED} $register]
##     }
##     set_property bit_offset 12 $field
##     set_property bit_width 20 $field
##     set_property access read-only $field
##     set_property description {Reserved.} $field
## 
##     set register [ipx::get_registers {TH_DIFF} -of_objects $address_block -quiet]
##     if {[llength $register] == 0} {
##         set register [ipx::add_register {TH_DIFF} $address_block]
##     }
##     set_property address_offset 0x1C $register
##     set_property size 32 $register
##     set_property access read-write $register
##     set_property description {Channel differential threshold; equality is not a fault.} $register
##     set reset_parameter [ipx::get_register_parameters RESET_VALUE -of_objects $register -quiet]
##     if {[llength $reset_parameter] == 0} {
##         set reset_parameter [ipx::add_register_parameter RESET_VALUE $register]
##     }
##     set_property value 0x000000C8 $reset_parameter
##     set field [ipx::get_fields {DIFF_THRESHOLD} -of_objects $register -quiet]
##     if {[llength $field] == 0} {
##         set field [ipx::add_field {DIFF_THRESHOLD} $register]
##     }
##     set_property bit_offset 0 $field
##     set_property bit_width 12 $field
##     set_property access read-write $field
##     set_property description {Absolute channel-difference threshold.} $field
##     set field [ipx::get_fields {RESERVED} -of_objects $register -quiet]
##     if {[llength $field] == 0} {
##         set field [ipx::add_field {RESERVED} $register]
##     }
##     set_property bit_offset 12 $field
##     set_property bit_width 20 $field
##     set_property access read-only $field
##     set_property description {Reserved.} $field
## 
##     set register [ipx::get_registers {PWM_PERIOD} -of_objects $address_block -quiet]
##     if {[llength $register] == 0} {
##         set register [ipx::add_register {PWM_PERIOD} $address_block]
##     }
##     set_property address_offset 0x20 $register
##     set_property size 32 $register
##     set_property access read-write $register
##     set_property description {Low-voltage demo PWM counter period.} $register
##     set reset_parameter [ipx::get_register_parameters RESET_VALUE -of_objects $register -quiet]
##     if {[llength $reset_parameter] == 0} {
##         set reset_parameter [ipx::add_register_parameter RESET_VALUE $register]
##     }
##     set_property value 0x000003E8 $reset_parameter
##     set field [ipx::get_fields {PWM_PERIOD} -of_objects $register -quiet]
##     if {[llength $field] == 0} {
##         set field [ipx::add_field {PWM_PERIOD} $register]
##     }
##     set_property bit_offset 0 $field
##     set_property bit_width 16 $field
##     set_property access read-write $field
##     set_property description {Demo PWM counter period; zero holds the raw PWM low.} $field
##     set field [ipx::get_fields {RESERVED} -of_objects $register -quiet]
##     if {[llength $field] == 0} {
##         set field [ipx::add_field {RESERVED} $register]
##     }
##     set_property bit_offset 16 $field
##     set_property bit_width 16 $field
##     set_property access read-only $field
##     set_property description {Reserved.} $field
## 
##     set register [ipx::get_registers {PWM_DUTY} -of_objects $address_block -quiet]
##     if {[llength $register] == 0} {
##         set register [ipx::add_register {PWM_DUTY} $address_block]
##     }
##     set_property address_offset 0x24 $register
##     set_property size 32 $register
##     set_property access read-write $register
##     set_property description {Low-voltage demo PWM high-time count.} $register
##     set reset_parameter [ipx::get_register_parameters RESET_VALUE -of_objects $register -quiet]
##     if {[llength $reset_parameter] == 0} {
##         set reset_parameter [ipx::add_register_parameter RESET_VALUE $register]
##     }
##     set_property value 0x000001F4 $reset_parameter
##     set field [ipx::get_fields {PWM_DUTY} -of_objects $register -quiet]
##     if {[llength $field] == 0} {
##         set field [ipx::add_field {PWM_DUTY} $register]
##     }
##     set_property bit_offset 0 $field
##     set_property bit_width 16 $field
##     set_property access read-write $field
##     set_property description {Demo PWM high-time count, clamped to the period by the PWM implementation.} $field
##     set field [ipx::get_fields {RESERVED} -of_objects $register -quiet]
##     if {[llength $field] == 0} {
##         set field [ipx::add_field {RESERVED} $register]
##     }
##     set_property bit_offset 16 $field
##     set_property bit_width 16 $field
##     set_property access read-only $field
##     set_property description {Reserved.} $field
## 
##     set register [ipx::get_registers {OBS_CAPABILITY} -of_objects $address_block -quiet]
##     if {[llength $register] == 0} {
##         set register [ipx::add_register {OBS_CAPABILITY} $address_block]
##     }
##     set_property address_offset 0x28 $register
##     set_property size 32 $register
##     set_property access read-only $register
##     set_property description {Stage 2E transaction-observability version and consistency contract.} $register
##     set reset_parameter [ipx::get_register_parameters RESET_VALUE -of_objects $register -quiet]
##     if {[llength $reset_parameter] == 0} {
##         set reset_parameter [ipx::add_register_parameter RESET_VALUE $register]
##     }
##     set_property value 0xE2782001 $reset_parameter
##     set field [ipx::get_fields {OBSERVABILITY_VERSION} -of_objects $register -quiet]
##     if {[llength $field] == 0} {
##         set field [ipx::add_field {OBSERVABILITY_VERSION} $register]
##     }
##     set_property bit_offset 0 $field
##     set_property bit_width 8 $field
##     set_property access read-only $field
##     set_property description {Observability interface version.} $field
##     set field [ipx::get_fields {SEQUENCE_WIDTH} -of_objects $register -quiet]
##     if {[llength $field] == 0} {
##         set field [ipx::add_field {SEQUENCE_WIDTH} $register]
##     }
##     set_property bit_offset 8 $field
##     set_property bit_width 6 $field
##     set_property access read-only $field
##     set_property description {Internal transaction sequence width.} $field
##     set field [ipx::get_fields {COUNTER_WIDTH} -of_objects $register -quiet]
##     if {[llength $field] == 0} {
##         set field [ipx::add_field {COUNTER_WIDTH} $register]
##     }
##     set_property bit_offset 14 $field
##     set_property bit_width 6 $field
##     set_property access read-only $field
##     set_property description {Diagnostic counter width.} $field
##     set field [ipx::get_fields {COUNTERS_RESET_ONLY} -of_objects $register -quiet]
##     if {[llength $field] == 0} {
##         set field [ipx::add_field {COUNTERS_RESET_ONLY} $register]
##     }
##     set_property bit_offset 20 $field
##     set_property bit_width 1 $field
##     set_property access read-only $field
##     set_property description {Counters clear only on reset.} $field
##     set field [ipx::get_fields {STICKY_STATUS_W1C} -of_objects $register -quiet]
##     if {[llength $field] == 0} {
##         set field [ipx::add_field {STICKY_STATUS_W1C} $register]
##     }
##     set_property bit_offset 21 $field
##     set_property bit_width 1 $field
##     set_property access read-only $field
##     set_property description {Sticky status uses W1C semantics.} $field
##     set field [ipx::get_fields {SOURCE_TELEMETRY_EVENTUALLY_CONSISTENT} -of_objects $register -quiet]
##     if {[llength $field] == 0} {
##         set field [ipx::add_field {SOURCE_TELEMETRY_EVENTUALLY_CONSISTENT} $register]
##     }
##     set_property bit_offset 22 $field
##     set_property bit_width 1 $field
##     set_property access read-only $field
##     set_property description {Source telemetry is eventually consistent across independent Gray-counter CDC paths.} $field
##     set field [ipx::get_fields {ATOMIC_MULTI_REGISTER_SNAPSHOT} -of_objects $register -quiet]
##     if {[llength $field] == 0} {
##         set field [ipx::add_field {ATOMIC_MULTI_REGISTER_SNAPSHOT} $register]
##     }
##     set_property bit_offset 23 $field
##     set_property bit_width 1 $field
##     set_property access read-only $field
##     set_property description {Atomic multi-register snapshot support.} $field
##     set field [ipx::get_fields {STAGE2E_MAGIC} -of_objects $register -quiet]
##     if {[llength $field] == 0} {
##         set field [ipx::add_field {STAGE2E_MAGIC} $register]
##     }
##     set_property bit_offset 24 $field
##     set_property bit_width 8 $field
##     set_property access read-only $field
##     set_property description {Stage 2E capability magic byte.} $field
## 
##     set register [ipx::get_registers {OBS_STATUS_W1C} -of_objects $address_block -quiet]
##     if {[llength $register] == 0} {
##         set register [ipx::add_register {OBS_STATUS_W1C} $address_block]
##     }
##     set_property address_offset 0x2C $register
##     set_property size 32 $register
##     set_property access read-write $register
##     set_property description {Sticky transaction-integrity causes and their read-only aggregate; a new cause wins over a same-cycle clear.} $register
##     set reset_parameter [ipx::get_register_parameters RESET_VALUE -of_objects $register -quiet]
##     if {[llength $reset_parameter] == 0} {
##         set reset_parameter [ipx::add_register_parameter RESET_VALUE $register]
##     }
##     set_property value 0x00000000 $reset_parameter
##     set field [ipx::get_fields {BACKPRESSURE_SEEN} -of_objects $register -quiet]
##     if {[llength $field] == 0} {
##         set field [ipx::add_field {BACKPRESSURE_SEEN} $register]
##     }
##     set_property bit_offset 0 $field
##     set_property bit_width 1 $field
##     set_property access read-write $field
##     set_property description {At least one legal source backpressure cycle occurred.} $field
##     set_property modified_write_value oneToClear $field
##     set field [ipx::get_fields {SOURCE_PROTOCOL_VIOLATION} -of_objects $register -quiet]
##     if {[llength $field] == 0} {
##         set field [ipx::add_field {SOURCE_PROTOCOL_VIOLATION} $register]
##     }
##     set_property bit_offset 1 $field
##     set_property bit_width 1 $field
##     set_property access read-write $field
##     set_property description {A stalled producer withdrew valid or replaced its payload.} $field
##     set_property modified_write_value oneToClear $field
##     set field [ipx::get_fields {SOURCE_DROP_SEEN} -of_objects $register -quiet]
##     if {[llength $field] == 0} {
##         set field [ipx::add_field {SOURCE_DROP_SEEN} $register]
##     }
##     set_property bit_offset 2 $field
##     set_property bit_width 1 $field
##     set_property access read-write $field
##     set_property description {A pending source transaction was dropped or replaced by a producer violation.} $field
##     set_property modified_write_value oneToClear $field
##     set field [ipx::get_fields {FIFO_OVERFLOW_ATTEMPT} -of_objects $register -quiet]
##     if {[llength $field] == 0} {
##         set field [ipx::add_field {FIFO_OVERFLOW_ATTEMPT} $register]
##     }
##     set_property bit_offset 3 $field
##     set_property bit_width 1 $field
##     set_property access read-write $field
##     set_property description {An illegal internal write-enable while full occurred.} $field
##     set_property modified_write_value oneToClear $field
##     set field [ipx::get_fields {FIFO_UNDERFLOW_ATTEMPT} -of_objects $register -quiet]
##     if {[llength $field] == 0} {
##         set field [ipx::add_field {FIFO_UNDERFLOW_ATTEMPT} $register]
##     }
##     set_property bit_offset 4 $field
##     set_property bit_width 1 $field
##     set_property access read-write $field
##     set_property description {An illegal internal read-enable while empty occurred.} $field
##     set_property modified_write_value oneToClear $field
##     set field [ipx::get_fields {DUPLICATE_DELIVERY} -of_objects $register -quiet]
##     if {[llength $field] == 0} {
##         set field [ipx::add_field {DUPLICATE_DELIVERY} $register]
##     }
##     set_property bit_offset 5 $field
##     set_property bit_width 1 $field
##     set_property access read-write $field
##     set_property description {A duplicate internal transaction identity was delivered.} $field
##     set_property modified_write_value oneToClear $field
##     set field [ipx::get_fields {SEQUENCE_GAP} -of_objects $register -quiet]
##     if {[llength $field] == 0} {
##         set field [ipx::add_field {SEQUENCE_GAP} $register]
##     }
##     set_property bit_offset 6 $field
##     set_property bit_width 1 $field
##     set_property access read-write $field
##     set_property description {A forward sequence gap occurred.} $field
##     set_property modified_write_value oneToClear $field
##     set field [ipx::get_fields {REORDER_OR_STALE} -of_objects $register -quiet]
##     if {[llength $field] == 0} {
##         set field [ipx::add_field {REORDER_OR_STALE} $register]
##     }
##     set_property bit_offset 7 $field
##     set_property bit_width 1 $field
##     set_property access read-write $field
##     set_property description {A backward, stale, or first-nonzero sequence mismatch occurred.} $field
##     set_property modified_write_value oneToClear $field
##     set field [ipx::get_fields {COUNTER_SATURATED} -of_objects $register -quiet]
##     if {[llength $field] == 0} {
##         set field [ipx::add_field {COUNTER_SATURATED} $register]
##     }
##     set_property bit_offset 8 $field
##     set_property bit_width 1 $field
##     set_property access read-write $field
##     set_property description {At least one diagnostic counter saturated.} $field
##     set_property modified_write_value oneToClear $field
##     set field [ipx::get_fields {ANY_ERROR} -of_objects $register -quiet]
##     if {[llength $field] == 0} {
##         set field [ipx::add_field {ANY_ERROR} $register]
##     }
##     set_property bit_offset 9 $field
##     set_property bit_width 1 $field
##     set_property access read-only $field
##     set_property description {Read-only OR of post-clear causes 1 through 8; legal backpressure is excluded.} $field
##     set field [ipx::get_fields {RESERVED} -of_objects $register -quiet]
##     if {[llength $field] == 0} {
##         set field [ipx::add_field {RESERVED} $register]
##     }
##     set_property bit_offset 10 $field
##     set_property bit_width 22 $field
##     set_property access read-only $field
##     set_property description {Reserved.} $field
## 
##     set register [ipx::get_registers {OBS_SOURCE_ACCEPT_COUNT} -of_objects $address_block -quiet]
##     if {[llength $register] == 0} {
##         set register [ipx::add_register {OBS_SOURCE_ACCEPT_COUNT} $address_block]
##     }
##     set_property address_offset 0x30 $register
##     set_property size 32 $register
##     set_property access read-only $register
##     set_property description {Saturating count of source ready/valid acceptances; reset-only clear.} $register
##     set reset_parameter [ipx::get_register_parameters RESET_VALUE -of_objects $register -quiet]
##     if {[llength $reset_parameter] == 0} {
##         set reset_parameter [ipx::add_register_parameter RESET_VALUE $register]
##     }
##     set_property value 0x00000000 $reset_parameter
##     set field [ipx::get_fields {COUNT} -of_objects $register -quiet]
##     if {[llength $field] == 0} {
##         set field [ipx::add_field {COUNT} $register]
##     }
##     set_property bit_offset 0 $field
##     set_property bit_width 32 $field
##     set_property access read-only $field
##     set_property description {Source acceptance count.} $field
## 
##     set register [ipx::get_registers {OBS_DESTINATION_DELIVERY_COUNT} -of_objects $address_block -quiet]
##     if {[llength $register] == 0} {
##         set register [ipx::add_register {OBS_DESTINATION_DELIVERY_COUNT} $address_block]
##     }
##     set_property address_offset 0x34 $register
##     set_property size 32 $register
##     set_property access read-only $register
##     set_property description {Saturating count of accepted atomic raw CDC destination deliveries to Stage 2B; reset-only clear.} $register
##     set reset_parameter [ipx::get_register_parameters RESET_VALUE -of_objects $register -quiet]
##     if {[llength $reset_parameter] == 0} {
##         set reset_parameter [ipx::add_register_parameter RESET_VALUE $register]
##     }
##     set_property value 0x00000000 $reset_parameter
##     set field [ipx::get_fields {COUNT} -of_objects $register -quiet]
##     if {[llength $field] == 0} {
##         set field [ipx::add_field {COUNT} $register]
##     }
##     set_property bit_offset 0 $field
##     set_property bit_width 32 $field
##     set_property access read-only $field
##     set_property description {Destination delivery count.} $field
## 
##     set register [ipx::get_registers {OBS_BACKPRESSURE_CYCLE_COUNT} -of_objects $address_block -quiet]
##     if {[llength $register] == 0} {
##         set register [ipx::add_register {OBS_BACKPRESSURE_CYCLE_COUNT} $address_block]
##     }
##     set_property address_offset 0x38 $register
##     set_property size 32 $register
##     set_property access read-only $register
##     set_property description {Saturating count of legal source cycles with valid and not ready; reset-only clear.} $register
##     set reset_parameter [ipx::get_register_parameters RESET_VALUE -of_objects $register -quiet]
##     if {[llength $reset_parameter] == 0} {
##         set reset_parameter [ipx::add_register_parameter RESET_VALUE $register]
##     }
##     set_property value 0x00000000 $reset_parameter
##     set field [ipx::get_fields {COUNT} -of_objects $register -quiet]
##     if {[llength $field] == 0} {
##         set field [ipx::add_field {COUNT} $register]
##     }
##     set_property bit_offset 0 $field
##     set_property bit_width 32 $field
##     set_property access read-only $field
##     set_property description {Backpressure-cycle count.} $field
## 
##     set register [ipx::get_registers {OBS_SOURCE_PROTOCOL_VIOLATION_COUNT} -of_objects $address_block -quiet]
##     if {[llength $register] == 0} {
##         set register [ipx::add_register {OBS_SOURCE_PROTOCOL_VIOLATION_COUNT} $address_block]
##     }
##     set_property address_offset 0x3C $register
##     set_property size 32 $register
##     set_property access read-only $register
##     set_property description {Saturating count of stalled episodes with withdrawal or payload replacement; reset-only clear.} $register
##     set reset_parameter [ipx::get_register_parameters RESET_VALUE -of_objects $register -quiet]
##     if {[llength $reset_parameter] == 0} {
##         set reset_parameter [ipx::add_register_parameter RESET_VALUE $register]
##     }
##     set_property value 0x00000000 $reset_parameter
##     set field [ipx::get_fields {COUNT} -of_objects $register -quiet]
##     if {[llength $field] == 0} {
##         set field [ipx::add_field {COUNT} $register]
##     }
##     set_property bit_offset 0 $field
##     set_property bit_width 32 $field
##     set_property access read-only $field
##     set_property description {Source protocol violation count.} $field
## 
##     set register [ipx::get_registers {OBS_SOURCE_DROP_COUNT} -of_objects $address_block -quiet]
##     if {[llength $register] == 0} {
##         set register [ipx::add_register {OBS_SOURCE_DROP_COUNT} $address_block]
##     }
##     set_property address_offset 0x40 $register
##     set_property size 32 $register
##     set_property access read-only $register
##     set_property description {Saturating count of pending source transactions dropped or replaced by a producer violation; reset-only clear.} $register
##     set reset_parameter [ipx::get_register_parameters RESET_VALUE -of_objects $register -quiet]
##     if {[llength $reset_parameter] == 0} {
##         set reset_parameter [ipx::add_register_parameter RESET_VALUE $register]
##     }
##     set_property value 0x00000000 $reset_parameter
##     set field [ipx::get_fields {COUNT} -of_objects $register -quiet]
##     if {[llength $field] == 0} {
##         set field [ipx::add_field {COUNT} $register]
##     }
##     set_property bit_offset 0 $field
##     set_property bit_width 32 $field
##     set_property access read-only $field
##     set_property description {Source drop count.} $field
## 
##     set register [ipx::get_registers {OBS_FIFO_OVERFLOW_ATTEMPT_COUNT} -of_objects $address_block -quiet]
##     if {[llength $register] == 0} {
##         set register [ipx::add_register {OBS_FIFO_OVERFLOW_ATTEMPT_COUNT} $address_block]
##     }
##     set_property address_offset 0x44 $register
##     set_property size 32 $register
##     set_property access read-only $register
##     set_property description {Saturating count of illegal internal write-enable while full attempts; reset-only clear.} $register
##     set reset_parameter [ipx::get_register_parameters RESET_VALUE -of_objects $register -quiet]
##     if {[llength $reset_parameter] == 0} {
##         set reset_parameter [ipx::add_register_parameter RESET_VALUE $register]
##     }
##     set_property value 0x00000000 $reset_parameter
##     set field [ipx::get_fields {COUNT} -of_objects $register -quiet]
##     if {[llength $field] == 0} {
##         set field [ipx::add_field {COUNT} $register]
##     }
##     set_property bit_offset 0 $field
##     set_property bit_width 32 $field
##     set_property access read-only $field
##     set_property description {FIFO overflow-attempt count.} $field
## 
##     set register [ipx::get_registers {OBS_FIFO_UNDERFLOW_ATTEMPT_COUNT} -of_objects $address_block -quiet]
##     if {[llength $register] == 0} {
##         set register [ipx::add_register {OBS_FIFO_UNDERFLOW_ATTEMPT_COUNT} $address_block]
##     }
##     set_property address_offset 0x48 $register
##     set_property size 32 $register
##     set_property access read-only $register
##     set_property description {Saturating count of illegal internal read-enable while empty attempts; reset-only clear.} $register
##     set reset_parameter [ipx::get_register_parameters RESET_VALUE -of_objects $register -quiet]
##     if {[llength $reset_parameter] == 0} {
##         set reset_parameter [ipx::add_register_parameter RESET_VALUE $register]
##     }
##     set_property value 0x00000000 $reset_parameter
##     set field [ipx::get_fields {COUNT} -of_objects $register -quiet]
##     if {[llength $field] == 0} {
##         set field [ipx::add_field {COUNT} $register]
##     }
##     set_property bit_offset 0 $field
##     set_property bit_width 32 $field
##     set_property access read-only $field
##     set_property description {FIFO underflow-attempt count.} $field
## 
##     set register [ipx::get_registers {OBS_DUPLICATE_DELIVERY_COUNT} -of_objects $address_block -quiet]
##     if {[llength $register] == 0} {
##         set register [ipx::add_register {OBS_DUPLICATE_DELIVERY_COUNT} $address_block]
##     }
##     set_property address_offset 0x4C $register
##     set_property size 32 $register
##     set_property access read-only $register
##     set_property description {Saturating count of duplicate internal transaction identities; reset-only clear.} $register
##     set reset_parameter [ipx::get_register_parameters RESET_VALUE -of_objects $register -quiet]
##     if {[llength $reset_parameter] == 0} {
##         set reset_parameter [ipx::add_register_parameter RESET_VALUE $register]
##     }
##     set_property value 0x00000000 $reset_parameter
##     set field [ipx::get_fields {COUNT} -of_objects $register -quiet]
##     if {[llength $field] == 0} {
##         set field [ipx::add_field {COUNT} $register]
##     }
##     set_property bit_offset 0 $field
##     set_property bit_width 32 $field
##     set_property access read-only $field
##     set_property description {Duplicate-delivery count.} $field
## 
##     set register [ipx::get_registers {OBS_SEQUENCE_GAP_COUNT} -of_objects $address_block -quiet]
##     if {[llength $register] == 0} {
##         set register [ipx::add_register {OBS_SEQUENCE_GAP_COUNT} $address_block]
##     }
##     set_property address_offset 0x50 $register
##     set_property size 32 $register
##     set_property access read-only $register
##     set_property description {Saturating count of forward sequence-gap events; reset-only clear.} $register
##     set reset_parameter [ipx::get_register_parameters RESET_VALUE -of_objects $register -quiet]
##     if {[llength $reset_parameter] == 0} {
##         set reset_parameter [ipx::add_register_parameter RESET_VALUE $register]
##     }
##     set_property value 0x00000000 $reset_parameter
##     set field [ipx::get_fields {COUNT} -of_objects $register -quiet]
##     if {[llength $field] == 0} {
##         set field [ipx::add_field {COUNT} $register]
##     }
##     set_property bit_offset 0 $field
##     set_property bit_width 32 $field
##     set_property access read-only $field
##     set_property description {Sequence-gap count.} $field
## 
##     set register [ipx::get_registers {OBS_REORDER_OR_STALE_COUNT} -of_objects $address_block -quiet]
##     if {[llength $register] == 0} {
##         set register [ipx::add_register {OBS_REORDER_OR_STALE_COUNT} $address_block]
##     }
##     set_property address_offset 0x54 $register
##     set_property size 32 $register
##     set_property access read-only $register
##     set_property description {Saturating count of backward, stale, or first-nonzero sequence mismatches; reset-only clear.} $register
##     set reset_parameter [ipx::get_register_parameters RESET_VALUE -of_objects $register -quiet]
##     if {[llength $reset_parameter] == 0} {
##         set reset_parameter [ipx::add_register_parameter RESET_VALUE $register]
##     }
##     set_property value 0x00000000 $reset_parameter
##     set field [ipx::get_fields {COUNT} -of_objects $register -quiet]
##     if {[llength $field] == 0} {
##         set field [ipx::add_field {COUNT} $register]
##     }
##     set_property bit_offset 0 $field
##     set_property bit_width 32 $field
##     set_property access read-only $field
##     set_property description {Reorder-or-stale count.} $field
## 
##     set register [ipx::get_registers {OBS_AGGREGATE_ERROR_COUNT} -of_objects $address_block -quiet]
##     if {[llength $register] == 0} {
##         set register [ipx::add_register {OBS_AGGREGATE_ERROR_COUNT} $address_block]
##     }
##     set_property address_offset 0x58 $register
##     set_property size 32 $register
##     set_property access read-only $register
##     set_property description {Saturating count of aggregate error occurrences; legal backpressure is excluded; reset-only clear.} $register
##     set reset_parameter [ipx::get_register_parameters RESET_VALUE -of_objects $register -quiet]
##     if {[llength $reset_parameter] == 0} {
##         set reset_parameter [ipx::add_register_parameter RESET_VALUE $register]
##     }
##     set_property value 0x00000000 $reset_parameter
##     set field [ipx::get_fields {COUNT} -of_objects $register -quiet]
##     if {[llength $field] == 0} {
##         set field [ipx::add_field {COUNT} $register]
##     }
##     set_property bit_offset 0 $field
##     set_property bit_width 32 $field
##     set_property access read-only $field
##     set_property description {Aggregate-error count.} $field
## 
##     set register [ipx::get_registers {OBS_LAST_SOURCE_SEQUENCE} -of_objects $address_block -quiet]
##     if {[llength $register] == 0} {
##         set register [ipx::add_register {OBS_LAST_SOURCE_SEQUENCE} $address_block]
##     }
##     set_property address_offset 0x5C $register
##     set_property size 32 $register
##     set_property access read-only $register
##     set_property description {Last source-accepted internal sequence identity, zero-extended to 32 bits.} $register
##     set reset_parameter [ipx::get_register_parameters RESET_VALUE -of_objects $register -quiet]
##     if {[llength $reset_parameter] == 0} {
##         set reset_parameter [ipx::add_register_parameter RESET_VALUE $register]
##     }
##     set_property value 0x00000000 $reset_parameter
##     set field [ipx::get_fields {SEQUENCE} -of_objects $register -quiet]
##     if {[llength $field] == 0} {
##         set field [ipx::add_field {SEQUENCE} $register]
##     }
##     set_property bit_offset 0 $field
##     set_property bit_width 32 $field
##     set_property access read-only $field
##     set_property description {Last source-accepted sequence in the implemented width, zero-extended to 32 bits.} $field
## 
##     set register [ipx::get_registers {OBS_LAST_DESTINATION_SEQUENCE} -of_objects $address_block -quiet]
##     if {[llength $register] == 0} {
##         set register [ipx::add_register {OBS_LAST_DESTINATION_SEQUENCE} $address_block]
##     }
##     set_property address_offset 0x60 $register
##     set_property size 32 $register
##     set_property access read-only $register
##     set_property description {Last destination-delivered internal sequence identity, zero-extended to 32 bits.} $register
##     set reset_parameter [ipx::get_register_parameters RESET_VALUE -of_objects $register -quiet]
##     if {[llength $reset_parameter] == 0} {
##         set reset_parameter [ipx::add_register_parameter RESET_VALUE $register]
##     }
##     set_property value 0x00000000 $reset_parameter
##     set field [ipx::get_fields {SEQUENCE} -of_objects $register -quiet]
##     if {[llength $field] == 0} {
##         set field [ipx::add_field {SEQUENCE} $register]
##     }
##     set_property bit_offset 0 $field
##     set_property bit_width 32 $field
##     set_property access read-only $field
##     set_property description {Last destination-delivered sequence in the implemented width, zero-extended to 32 bits.} $field
## 
##     set register [ipx::get_registers {REGISTER_MAP_VERSION} -of_objects $address_block -quiet]
##     if {[llength $register] == 0} {
##         set register [ipx::add_register {REGISTER_MAP_VERSION} $address_block]
##     }
##     set_property address_offset 0x80 $register
##     set_property size 32 $register
##     set_property access read-only $register
##     set_property description {Explicit register-map ABI version word for the connected Stage 2G production path.} $register
##     set reset_parameter [ipx::get_register_parameters RESET_VALUE -of_objects $register -quiet]
##     if {[llength $reset_parameter] == 0} {
##         set reset_parameter [ipx::add_register_parameter RESET_VALUE $register]
##     }
##     set_property value 0x524D0101 $reset_parameter
##     set field [ipx::get_fields {MAGIC} -of_objects $register -quiet]
##     if {[llength $field] == 0} {
##         set field [ipx::add_field {MAGIC} $register]
##     }
##     set_property bit_offset 16 $field
##     set_property bit_width 16 $field
##     set_property access read-only $field
##     set_property description {Explicit register-map discovery magic.} $field
##     set field [ipx::get_fields {ABI_MAJOR} -of_objects $register -quiet]
##     if {[llength $field] == 0} {
##         set field [ipx::add_field {ABI_MAJOR} $register]
##     }
##     set_property bit_offset 8 $field
##     set_property bit_width 8 $field
##     set_property access read-only $field
##     set_property description {Supported ABI major version.} $field
##     set field [ipx::get_fields {ABI_MINOR} -of_objects $register -quiet]
##     if {[llength $field] == 0} {
##         set field [ipx::add_field {ABI_MINOR} $register]
##     }
##     set_property bit_offset 0 $field
##     set_property bit_width 8 $field
##     set_property access read-only $field
##     set_property description {Supported ABI minor version.} $field
## 
##     set register [ipx::get_registers {CAPABILITIES_0} -of_objects $address_block -quiet]
##     if {[llength $register] == 0} {
##         set register [ipx::add_register {CAPABILITIES_0} $address_block]
##     }
##     set_property address_offset 0x84 $register
##     set_property size 32 $register
##     set_property access read-only $register
##     set_property description {Usable public feature advertisements for explicit ABI 1.1.} $register
##     set reset_parameter [ipx::get_register_parameters RESET_VALUE -of_objects $register -quiet]
##     if {[llength $reset_parameter] == 0} {
##         set reset_parameter [ipx::add_register_parameter RESET_VALUE $register]
##     }
##     set_property value 0x0000006F $reset_parameter
##     set field [ipx::get_fields {ARMED_READY} -of_objects $register -quiet]
##     if {[llength $field] == 0} {
##         set field [ipx::add_field {ARMED_READY} $register]
##     }
##     set_property bit_offset 0 $field
##     set_property bit_width 1 $field
##     set_property access read-only $field
##     set_property description {The explicit ARMED readiness level is usable.} $field
##     set field [ipx::get_fields {FAULT_BITMAPS} -of_objects $register -quiet]
##     if {[llength $field] == 0} {
##         set field [ipx::add_field {FAULT_BITMAPS} $register]
##     }
##     set_property bit_offset 1 $field
##     set_property bit_width 1 $field
##     set_property access read-only $field
##     set_property description {All three public fault bitmap registers are usable.} $field
##     set field [ipx::get_fields {CLEAR_LEVEL_STATUS} -of_objects $register -quiet]
##     if {[llength $field] == 0} {
##         set field [ipx::add_field {CLEAR_LEVEL_STATUS} $register]
##     }
##     set_property bit_offset 2 $field
##     set_property bit_width 1 $field
##     set_property access read-only $field
##     set_property description {Stable clear and post-clear pending levels are usable.} $field
##     set field [ipx::get_fields {STAGE2G_POLICY} -of_objects $register -quiet]
##     if {[llength $field] == 0} {
##         set field [ipx::add_field {STAGE2G_POLICY} $register]
##     }
##     set_property bit_offset 3 $field
##     set_property bit_width 1 $field
##     set_property access read-only $field
##     set_property description {The connected Stage 2G policy contract is usable.} $field
##     set field [ipx::get_fields {NORMALIZED_TELEMETRY_RESERVED_ZERO} -of_objects $register -quiet]
##     if {[llength $field] == 0} {
##         set field [ipx::add_field {NORMALIZED_TELEMETRY_RESERVED_ZERO} $register]
##     }
##     set_property bit_offset 4 $field
##     set_property bit_width 1 $field
##     set_property access read-only $field
##     set_property description {Reserved zero because normalized telemetry is not public in ABI 1.1.} $field
##     set field [ipx::get_fields {STAGE2E_TRANSACTION_OBSERVABILITY} -of_objects $register -quiet]
##     if {[llength $field] == 0} {
##         set field [ipx::add_field {STAGE2E_TRANSACTION_OBSERVABILITY} $register]
##     }
##     set_property bit_offset 5 $field
##     set_property bit_width 1 $field
##     set_property access read-only $field
##     set_property description {The frozen Stage 2E transaction observability block is usable.} $field
##     set field [ipx::get_fields {POLICY_EVALUATION_IDENTITY} -of_objects $register -quiet]
##     if {[llength $field] == 0} {
##         set field [ipx::add_field {POLICY_EVALUATION_IDENTITY} $register]
##     }
##     set_property bit_offset 6 $field
##     set_property bit_width 1 $field
##     set_property access read-only $field
##     set_property description {The diagnostic last-retirement identity is usable.} $field
##     set field [ipx::get_fields {RESERVED_ZERO} -of_objects $register -quiet]
##     if {[llength $field] == 0} {
##         set field [ipx::add_field {RESERVED_ZERO} $register]
##     }
##     set_property bit_offset 7 $field
##     set_property bit_width 25 $field
##     set_property access read-only $field
##     set_property description {Reserved zero for ABI minor 1.} $field
## 
##     set register [ipx::get_registers {CAPABILITIES_1} -of_objects $address_block -quiet]
##     if {[llength $register] == 0} {
##         set register [ipx::add_register {CAPABILITIES_1} $address_block]
##     }
##     set_property address_offset 0x88 $register
##     set_property size 32 $register
##     set_property access read-only $register
##     set_property description {Fault bitmap and policy identity width metadata.} $register
##     set reset_parameter [ipx::get_register_parameters RESET_VALUE -of_objects $register -quiet]
##     if {[llength $reset_parameter] == 0} {
##         set reset_parameter [ipx::add_register_parameter RESET_VALUE $register]
##     }
##     set_property value 0x20102006 $reset_parameter
##     set field [ipx::get_fields {FAULT_BITMAP_WIDTH} -of_objects $register -quiet]
##     if {[llength $field] == 0} {
##         set field [ipx::add_field {FAULT_BITMAP_WIDTH} $register]
##     }
##     set_property bit_offset 0 $field
##     set_property bit_width 8 $field
##     set_property access read-only $field
##     set_property description {Advertised public fault bitmap width.} $field
##     set field [ipx::get_fields {IMPLEMENTED_SEQUENCE_WIDTH} -of_objects $register -quiet]
##     if {[llength $field] == 0} {
##         set field [ipx::add_field {IMPLEMENTED_SEQUENCE_WIDTH} $register]
##     }
##     set_property bit_offset 8 $field
##     set_property bit_width 8 $field
##     set_property access read-only $field
##     set_property description {Implemented policy identity source width.} $field
##     set field [ipx::get_fields {MIN_SEQUENCE_WIDTH} -of_objects $register -quiet]
##     if {[llength $field] == 0} {
##         set field [ipx::add_field {MIN_SEQUENCE_WIDTH} $register]
##     }
##     set_property bit_offset 16 $field
##     set_property bit_width 8 $field
##     set_property access read-only $field
##     set_property description {Minimum supported sequence width.} $field
##     set field [ipx::get_fields {MAX_SEQUENCE_WIDTH} -of_objects $register -quiet]
##     if {[llength $field] == 0} {
##         set field [ipx::add_field {MAX_SEQUENCE_WIDTH} $register]
##     }
##     set_property bit_offset 24 $field
##     set_property bit_width 8 $field
##     set_property access read-only $field
##     set_property description {Maximum supported sequence width.} $field
## 
##     set register [ipx::get_registers {POLICY_STATUS} -of_objects $address_block -quiet]
##     if {[llength $register] == 0} {
##         set register [ipx::add_register {POLICY_STATUS} $address_block]
##     }
##     set_property address_offset 0xA0 $register
##     set_property size 32 $register
##     set_property access read-only $register
##     set_property description {Same-cycle Stage 2G policy state and clear protocol levels.} $register
##     set reset_parameter [ipx::get_register_parameters RESET_VALUE -of_objects $register -quiet]
##     if {[llength $reset_parameter] == 0} {
##         set reset_parameter [ipx::add_register_parameter RESET_VALUE $register]
##     }
##     set_property value 0x00000004 $reset_parameter
##     set field [ipx::get_fields {ARMED_READY} -of_objects $register -quiet]
##     if {[llength $field] == 0} {
##         set field [ipx::add_field {ARMED_READY} $register]
##     }
##     set_property bit_offset 0 $field
##     set_property bit_width 1 $field
##     set_property access read-only $field
##     set_property description {One exactly when the Stage 2G controller is ARMED.} $field
##     set field [ipx::get_fields {FAULT_LATCHED_STATE} -of_objects $register -quiet]
##     if {[llength $field] == 0} {
##         set field [ipx::add_field {FAULT_LATCHED_STATE} $register]
##     }
##     set_property bit_offset 1 $field
##     set_property bit_width 1 $field
##     set_property access read-only $field
##     set_property description {One exactly when the Stage 2G controller is FAULT_LATCHED.} $field
##     set field [ipx::get_fields {RESET_WAIT_STATE} -of_objects $register -quiet]
##     if {[llength $field] == 0} {
##         set field [ipx::add_field {RESET_WAIT_STATE} $register]
##     }
##     set_property bit_offset 2 $field
##     set_property bit_width 1 $field
##     set_property access read-only $field
##     set_property description {One exactly when the Stage 2G controller is RESET_WAIT.} $field
##     set field [ipx::get_fields {CLEAR_PENDING} -of_objects $register -quiet]
##     if {[llength $field] == 0} {
##         set field [ipx::add_field {CLEAR_PENDING} $register]
##     }
##     set_property bit_offset 3 $field
##     set_property bit_width 1 $field
##     set_property access read-only $field
##     set_property description {Exact Stage 2G clear request pending level.} $field
##     set field [ipx::get_fields {POST_CLEAR_RECOVERY_PENDING} -of_objects $register -quiet]
##     if {[llength $field] == 0} {
##         set field [ipx::add_field {POST_CLEAR_RECOVERY_PENDING} $register]
##     }
##     set_property bit_offset 4 $field
##     set_property bit_width 1 $field
##     set_property access read-only $field
##     set_property description {Exact Stage 2G post-clear recovery pending level.} $field
##     set field [ipx::get_fields {RESERVED} -of_objects $register -quiet]
##     if {[llength $field] == 0} {
##         set field [ipx::add_field {RESERVED} $register]
##     }
##     set_property bit_offset 5 $field
##     set_property bit_width 27 $field
##     set_property access read-only $field
##     set_property description {Reserved.} $field
## 
##     set register [ipx::get_registers {FIRST_FAULT_BITMAP} -of_objects $address_block -quiet]
##     if {[llength $register] == 0} {
##         set register [ipx::add_register {FIRST_FAULT_BITMAP} $address_block]
##     }
##     set_property address_offset 0xA4 $register
##     set_property size 32 $register
##     set_property access read-only $register
##     set_property description {Complete first clean cause set for the active internal fault episode.} $register
##     set reset_parameter [ipx::get_register_parameters RESET_VALUE -of_objects $register -quiet]
##     if {[llength $reset_parameter] == 0} {
##         set reset_parameter [ipx::add_register_parameter RESET_VALUE $register]
##     }
##     set_property value 0x00000000 $reset_parameter
##     set field [ipx::get_fields {CH1_OVERCURRENT} -of_objects $register -quiet]
##     if {[llength $field] == 0} {
##         set field [ipx::add_field {CH1_OVERCURRENT} $register]
##     }
##     set_property bit_offset 0 $field
##     set_property bit_width 1 $field
##     set_property access read-only $field
##     set_property description {Channel 1 overcurrent was in the first clean cause set.} $field
##     set field [ipx::get_fields {CH2_OVERCURRENT} -of_objects $register -quiet]
##     if {[llength $field] == 0} {
##         set field [ipx::add_field {CH2_OVERCURRENT} $register]
##     }
##     set_property bit_offset 1 $field
##     set_property bit_width 1 $field
##     set_property access read-only $field
##     set_property description {Channel 2 overcurrent was in the first clean cause set.} $field
##     set field [ipx::get_fields {SENSOR_MISMATCH_OR_DIFFERENTIAL} -of_objects $register -quiet]
##     if {[llength $field] == 0} {
##         set field [ipx::add_field {SENSOR_MISMATCH_OR_DIFFERENTIAL} $register]
##     }
##     set_property bit_offset 2 $field
##     set_property bit_width 1 $field
##     set_property access read-only $field
##     set_property description {Mismatch or differential was in the first clean cause set.} $field
##     set field [ipx::get_fields {SENSOR_OPEN} -of_objects $register -quiet]
##     if {[llength $field] == 0} {
##         set field [ipx::add_field {SENSOR_OPEN} $register]
##     }
##     set_property bit_offset 3 $field
##     set_property bit_width 1 $field
##     set_property access read-only $field
##     set_property description {Sensor open was in the first clean cause set.} $field
##     set field [ipx::get_fields {SENSOR_SATURATION} -of_objects $register -quiet]
##     if {[llength $field] == 0} {
##         set field [ipx::add_field {SENSOR_SATURATION} $register]
##     }
##     set_property bit_offset 4 $field
##     set_property bit_width 1 $field
##     set_property access read-only $field
##     set_property description {Sensor saturation was in the first clean cause set.} $field
##     set field [ipx::get_fields {SENSOR_STUCK} -of_objects $register -quiet]
##     if {[llength $field] == 0} {
##         set field [ipx::add_field {SENSOR_STUCK} $register]
##     }
##     set_property bit_offset 5 $field
##     set_property bit_width 1 $field
##     set_property access read-only $field
##     set_property description {Sensor stuck was in the first clean cause set.} $field
##     set field [ipx::get_fields {RESERVED} -of_objects $register -quiet]
##     if {[llength $field] == 0} {
##         set field [ipx::add_field {RESERVED} $register]
##     }
##     set_property bit_offset 6 $field
##     set_property bit_width 26 $field
##     set_property access read-only $field
##     set_property description {Reserved.} $field
## 
##     set register [ipx::get_registers {LIVE_FAULT_BITMAP} -of_objects $address_block -quiet]
##     if {[llength $register] == 0} {
##         set register [ipx::add_register {LIVE_FAULT_BITMAP} $address_block]
##     }
##     set_property address_offset 0xA8 $register
##     set_property size 32 $register
##     set_property access read-only $register
##     set_property description {Latest clean eligible cause set for the active internal fault episode.} $register
##     set reset_parameter [ipx::get_register_parameters RESET_VALUE -of_objects $register -quiet]
##     if {[llength $reset_parameter] == 0} {
##         set reset_parameter [ipx::add_register_parameter RESET_VALUE $register]
##     }
##     set_property value 0x00000000 $reset_parameter
##     set field [ipx::get_fields {CH1_OVERCURRENT} -of_objects $register -quiet]
##     if {[llength $field] == 0} {
##         set field [ipx::add_field {CH1_OVERCURRENT} $register]
##     }
##     set_property bit_offset 0 $field
##     set_property bit_width 1 $field
##     set_property access read-only $field
##     set_property description {Channel 1 overcurrent is in the live cause set.} $field
##     set field [ipx::get_fields {CH2_OVERCURRENT} -of_objects $register -quiet]
##     if {[llength $field] == 0} {
##         set field [ipx::add_field {CH2_OVERCURRENT} $register]
##     }
##     set_property bit_offset 1 $field
##     set_property bit_width 1 $field
##     set_property access read-only $field
##     set_property description {Channel 2 overcurrent is in the live cause set.} $field
##     set field [ipx::get_fields {SENSOR_MISMATCH_OR_DIFFERENTIAL} -of_objects $register -quiet]
##     if {[llength $field] == 0} {
##         set field [ipx::add_field {SENSOR_MISMATCH_OR_DIFFERENTIAL} $register]
##     }
##     set_property bit_offset 2 $field
##     set_property bit_width 1 $field
##     set_property access read-only $field
##     set_property description {Mismatch or differential is in the live cause set.} $field
##     set field [ipx::get_fields {SENSOR_OPEN} -of_objects $register -quiet]
##     if {[llength $field] == 0} {
##         set field [ipx::add_field {SENSOR_OPEN} $register]
##     }
##     set_property bit_offset 3 $field
##     set_property bit_width 1 $field
##     set_property access read-only $field
##     set_property description {Sensor open is in the live cause set.} $field
##     set field [ipx::get_fields {SENSOR_SATURATION} -of_objects $register -quiet]
##     if {[llength $field] == 0} {
##         set field [ipx::add_field {SENSOR_SATURATION} $register]
##     }
##     set_property bit_offset 4 $field
##     set_property bit_width 1 $field
##     set_property access read-only $field
##     set_property description {Sensor saturation is in the live cause set.} $field
##     set field [ipx::get_fields {SENSOR_STUCK} -of_objects $register -quiet]
##     if {[llength $field] == 0} {
##         set field [ipx::add_field {SENSOR_STUCK} $register]
##     }
##     set_property bit_offset 5 $field
##     set_property bit_width 1 $field
##     set_property access read-only $field
##     set_property description {Sensor stuck is in the live cause set.} $field
##     set field [ipx::get_fields {RESERVED} -of_objects $register -quiet]
##     if {[llength $field] == 0} {
##         set field [ipx::add_field {RESERVED} $register]
##     }
##     set_property bit_offset 6 $field
##     set_property bit_width 26 $field
##     set_property access read-only $field
##     set_property description {Reserved.} $field
## 
##     set register [ipx::get_registers {FAULT_SEEN_BITMAP} -of_objects $address_block -quiet]
##     if {[llength $register] == 0} {
##         set register [ipx::add_register {FAULT_SEEN_BITMAP} $address_block]
##     }
##     set_property address_offset 0xAC $register
##     set_property size 32 $register
##     set_property access read-only $register
##     set_property description {Monotonic OR of clean eligible cause sets during the active internal fault episode.} $register
##     set reset_parameter [ipx::get_register_parameters RESET_VALUE -of_objects $register -quiet]
##     if {[llength $reset_parameter] == 0} {
##         set reset_parameter [ipx::add_register_parameter RESET_VALUE $register]
##     }
##     set_property value 0x00000000 $reset_parameter
##     set field [ipx::get_fields {CH1_OVERCURRENT} -of_objects $register -quiet]
##     if {[llength $field] == 0} {
##         set field [ipx::add_field {CH1_OVERCURRENT} $register]
##     }
##     set_property bit_offset 0 $field
##     set_property bit_width 1 $field
##     set_property access read-only $field
##     set_property description {Channel 1 overcurrent has been seen in the episode.} $field
##     set field [ipx::get_fields {CH2_OVERCURRENT} -of_objects $register -quiet]
##     if {[llength $field] == 0} {
##         set field [ipx::add_field {CH2_OVERCURRENT} $register]
##     }
##     set_property bit_offset 1 $field
##     set_property bit_width 1 $field
##     set_property access read-only $field
##     set_property description {Channel 2 overcurrent has been seen in the episode.} $field
##     set field [ipx::get_fields {SENSOR_MISMATCH_OR_DIFFERENTIAL} -of_objects $register -quiet]
##     if {[llength $field] == 0} {
##         set field [ipx::add_field {SENSOR_MISMATCH_OR_DIFFERENTIAL} $register]
##     }
##     set_property bit_offset 2 $field
##     set_property bit_width 1 $field
##     set_property access read-only $field
##     set_property description {Mismatch or differential has been seen in the episode.} $field
##     set field [ipx::get_fields {SENSOR_OPEN} -of_objects $register -quiet]
##     if {[llength $field] == 0} {
##         set field [ipx::add_field {SENSOR_OPEN} $register]
##     }
##     set_property bit_offset 3 $field
##     set_property bit_width 1 $field
##     set_property access read-only $field
##     set_property description {Sensor open has been seen in the episode.} $field
##     set field [ipx::get_fields {SENSOR_SATURATION} -of_objects $register -quiet]
##     if {[llength $field] == 0} {
##         set field [ipx::add_field {SENSOR_SATURATION} $register]
##     }
##     set_property bit_offset 4 $field
##     set_property bit_width 1 $field
##     set_property access read-only $field
##     set_property description {Sensor saturation has been seen in the episode.} $field
##     set field [ipx::get_fields {SENSOR_STUCK} -of_objects $register -quiet]
##     if {[llength $field] == 0} {
##         set field [ipx::add_field {SENSOR_STUCK} $register]
##     }
##     set_property bit_offset 5 $field
##     set_property bit_width 1 $field
##     set_property access read-only $field
##     set_property description {Sensor stuck has been seen in the episode.} $field
##     set field [ipx::get_fields {RESERVED} -of_objects $register -quiet]
##     if {[llength $field] == 0} {
##         set field [ipx::add_field {RESERVED} $register]
##     }
##     set_property bit_offset 6 $field
##     set_property bit_width 26 $field
##     set_property access read-only $field
##     set_property description {Reserved.} $field
## 
##     set register [ipx::get_registers {POLICY_EVALUATION_SEQUENCE} -of_objects $address_block -quiet]
##     if {[llength $register] == 0} {
##         set register [ipx::add_register {POLICY_EVALUATION_SEQUENCE} $address_block]
##     }
##     set_property address_offset 0xB0 $register
##     set_property size 32 $register
##     set_property access read-only $register
##     set_property description {Diagnostic identity of the latest valid policy retirement, held across idle cycles.} $register
##     set reset_parameter [ipx::get_register_parameters RESET_VALUE -of_objects $register -quiet]
##     if {[llength $reset_parameter] == 0} {
##         set reset_parameter [ipx::add_register_parameter RESET_VALUE $register]
##     }
##     set_property value 0x00000000 $reset_parameter
##     set field [ipx::get_fields {SEQUENCE} -of_objects $register -quiet]
##     if {[llength $field] == 0} {
##         set field [ipx::add_field {SEQUENCE} $register]
##     }
##     set_property bit_offset 0 $field
##     set_property bit_width 32 $field
##     set_property access read-only $field
##     set_property description {Zero-extended sequence of the latest clean or nonclean valid policy retirement.} $field
## 
##     return [llength [ipx::get_registers -of_objects $address_block]]
## }
## set ::PROTECTION_REGISTER_MAP_REGISTER_COUNT 33
## set ::PROTECTION_REGISTER_MAP_GENERATOR_VERSION {1.1.0}
## set ::PROTECTION_REGISTER_MAP_SCHEMA_VERSION {1.1.0}
## set ::PROTECTION_REGISTER_MAP_CANONICAL_SHA256 {36dcf0aa703dd63cf2b280b698b9b03b6ffd0ab93840af8c492cca63cdb7bef1}
WARNING: [IP_Flow 19-4656] Synthesis file group is packaged with a Dependency property value '<EXTERNAL_SOURCE>/rtl' although it may not be recognized as a synthesis -include_dir property after IP delivery.
INFO: [IP_Flow 19-5654] Module 'protection_ip_top_async_adc_axi_lite' uses SystemVerilog sources with a Verilog top file. These SystemVerilog files will not be analysed by the packager.
INFO: [IP_Flow 19-1842] HDL Parser: Found include file "src/fault_defs.vh" from the top-level HDL file.
INFO: [IP_Flow 19-1842] HDL Parser: Found include file "<EXTERNAL_SOURCE>/rtl/generated/protection_register_map.vh" from the top-level HDL file.
INFO: [IP_Flow 19-1841] HDL Parser: Add include file "<EXTERNAL_SOURCE>/rtl/generated/protection_register_map.vh" to file group xilinx_anylanguagesynthesis.
INFO: [IP_Flow 19-1841] HDL Parser: Add include file "<EXTERNAL_SOURCE>/rtl/generated/protection_register_map.vh" to file group xilinx_anylanguagebehavioralsimulation.
INFO: [IP_Flow 19-234] Refreshing IP repositories
INFO: [IP_Flow 19-1704] No user IP repositories specified
INFO: [IP_Flow 19-2313] Loaded Vivado IP repository '<EXTERNAL_PATH>'.
INFO: [IP_Flow 19-5107] Inferred bus interface 'S_AXI' of definition 'xilinx.com:interface:aximm:1.0' (from Xilinx Repository).
INFO: [IP_Flow 19-5107] Inferred bus interface 'ARESETN' of definition 'xilinx.com:signal:reset:1.0' (from Xilinx Repository).
INFO: [IP_Flow 19-5107] Inferred bus interface 'ACLK' of definition 'xilinx.com:signal:clock:1.0' (from Xilinx Repository).
INFO: [IP_Flow 19-5107] Inferred bus interface 'adc_src_clk' of definition 'xilinx.com:signal:clock:1.0' (from Xilinx Repository).
INFO: [IP_Flow 19-4728] Bus Interface 'ARESETN': Added interface parameter 'POLARITY' with value 'ACTIVE_LOW'.
INFO: [IP_Flow 19-4728] Bus Interface 'ACLK': Added interface parameter 'ASSOCIATED_BUSIF' with value 'S_AXI'.
WARNING: [IP_Flow 19-11888] Component Definition 'zsr112.local:protection:protection_ip_top_async_adc_axi_lite:1.0 (protection_ip_top_async_adc_axi_lite_v1_0)': IP description "protection_ip_top_async_adc_axi_lite_v1_0" is not meaningful: same as name or display name
WARNING: [IP_Flow 19-11770] Clock interface 'ACLK' has no FREQ_HZ parameter.
WARNING: [IP_Flow 19-5661] Bus Interface 'adc_src_clk' does not have any bus interfaces associated with it.
WARNING: [IP_Flow 19-11770] Clock interface 'adc_src_clk' has no FREQ_HZ parameter.
WARNING: [IP_Flow 19-731] File Group 'xilinx_anylanguagesynthesis (Synthesis)': "<EXTERNAL_SOURCE>/rtl/generated/protection_register_map.vh" file path is not relative to the IP root directory.
WARNING: [IP_Flow 19-4816] The Synthesis file group has two include files that have the same base name. It is not guaranteed which of these two files will be picked up during synthesis/simulation:  src/protection_register_map.vh , <EXTERNAL_SOURCE>/rtl/generated/protection_register_map.vh
WARNING: [IP_Flow 19-731] File Group 'xilinx_anylanguagebehavioralsimulation (Simulation)': "<EXTERNAL_SOURCE>/rtl/generated/protection_register_map.vh" file path is not relative to the IP root directory.
WARNING: [IP_Flow 19-4816] The Simulation file group has two include files that have the same base name. It is not guaranteed which of these two files will be picked up during synthesis/simulation:  src/protection_register_map.vh , <EXTERNAL_SOURCE>/rtl/generated/protection_register_map.vh
INFO: [IP_Flow 19-2181] Payment is not required for this core.
WARNING: [IP_Flow 19-2187] The Product Guide file is missing.
INFO: [IP_Flow 19-7067] Note that bus interface 'ACLK' has a fixed FREQ_HZ of '100000000'. This value will be respected whenever this IP is instantiated in IP Integrator.
WARNING: [IP_Flow 19-5661] Bus Interface 'adc_src_clk' does not have any bus interfaces associated with it.
WARNING: [IP_Flow 19-11770] Clock interface 'adc_src_clk' has no FREQ_HZ parameter.
INFO: [IP_Flow 19-2181] Payment is not required for this core.
WARNING: [IP_Flow 19-2187] The Product Guide file is missing.
INFO: [Ipptcl 7-1486] check_integrity: Integrity check passed.
WARNING: [Board 49-151] The current board 'tul.com.tw::pynq-z2:1.0' is from a local repo. The vivado install has a corresponding board with version greater than or equal to the local repo board. Please use boards from vivado install to avoid any upgrade/migrate issues
INFO: [IP_Flow 19-234] Refreshing IP repositories
INFO: [IP_Flow 19-1700] Loaded user IP repository '<EXTERNAL_BUILD>/w/ip_repo'.
INFO: [IP_Flow 19-2313] Loaded Vivado IP repository '<EXTERNAL_PATH>'.
Wrote  : <<EXTERNAL_BUILD>\w\project\s1e_e608f8c11cc8.srcs\sources_1\bd\protection_system\protection_system.bd> 
INFO: [Ipptcl 7-1463] No Compatible Board Interface found. Board Tab not created in customize GUI
WARNING: [BD 41-1753] The name 'proc_sys_reset_stage2i_b2_src' you have specified is long. The Windows OS has path length limitations. It is recommended you use shorter names(less than 25 characters) to reduce the likelihood of issues when/if running on windows OS.
INFO: [Ipptcl 7-1463] No Compatible Board Interface found. Board Tab not created in customize GUI
CRITICAL WARNING: [PSU-1]  Parameter : PCW_UIPARAM_DDR_DQS_TO_CLK_DELAY_0 has negative value -0.051 . PS DDR interfaces might fail when entering negative DQS skew values. 
CRITICAL WARNING: [PSU-2]  Parameter : PCW_UIPARAM_DDR_DQS_TO_CLK_DELAY_1 has negative value -0.006 . PS DDR interfaces might fail when entering negative DQS skew values. 
CRITICAL WARNING: [PSU-3]  Parameter : PCW_UIPARAM_DDR_DQS_TO_CLK_DELAY_2 has negative value -0.009 . PS DDR interfaces might fail when entering negative DQS skew values. 
CRITICAL WARNING: [PSU-4]  Parameter : PCW_UIPARAM_DDR_DQS_TO_CLK_DELAY_3 has negative value -0.033 . PS DDR interfaces might fail when entering negative DQS skew values. 
Slave segment '/protection_ip_axi_lite_0/S_AXI/reg0' is being assigned into address space '/processing_system7_0/Data' at <0x43C0_0000 [ 4K ]>.
WARNING: [BD 41-702] Propagation TCL tries to overwrite USER strength parameter PCW_M_AXI_GP0_FREQMHZ(10) on '/processing_system7_0' with propagated value(100). Command ignored
INFO: [BD 5-943] Reserving offset range <0x43C0_0000 [ 4K ]> from slave interface '/smartconnect_0/S00_AXI' to master interface '/smartconnect_0/M00_AXI'. This will be used by smartconnect on path for routing.
INFO: [xilinx.com:ip:smartconnect:1.0-1] protection_system_smartconnect_0_0: SmartConnect protection_system_smartconnect_0_0 is in Low-Area Mode.
WARNING: [xilinx.com:ip:smartconnect:1.0-1] protection_system_smartconnect_0_0: IP protection_system_smartconnect_0_0 is configured in Low-area mode as all propagated traffic is low-bandwidth (AXI4LITE). SI S00_AXI has property HAS_BURST == 1. WRAP bursts are not supported in Low-area mode and will result in DECERR if received.
WARNING: [xilinx.com:ip:smartconnect:1.0-1] protection_system_smartconnect_0_0: If WRAP transactions are required then turn off Low-area mode using ADVANCED_PROPERTIES. Execute following: set_property CONFIG.ADVANCED_PROPERTIES {__experimental_features__ {disable_low_area_mode 1}} [get_bd_cells /protection_system_smartconnect_0_0]
INFO: [Ipptcl 7-1463] No Compatible Board Interface found. Board Tab not created in customize GUI
CRITICAL WARNING: [BD 41-1761] Reset pin '/protection_ip_axi_lite_0/ARESETN' is found to be associated with multiple clock pins, which are not compatible w.r.t frequency, phase and clock-domain. This may prevent design from functioning correctly. Please ensure same reset pin is either not associated with different clock pins or all associated clock pins are driven by same or compatible clock source(s). List of associated clock pins:
/protection_ip_axi_lite_0/ACLK
/protection_ip_axi_lite_0/adc_src_clk

Wrote  : <<EXTERNAL_BUILD>\w\project\s1e_e608f8c11cc8.srcs\sources_1\bd\protection_system\protection_system.bd> 
WARNING: [BD 41-702] Propagation TCL tries to overwrite USER strength parameter PCW_M_AXI_GP0_FREQMHZ(10) on '/processing_system7_0' with propagated value(100). Command ignored
INFO: [BD 5-943] Reserving offset range <0x43C0_0000 [ 4K ]> from slave interface '/smartconnect_0/S00_AXI' to master interface '/smartconnect_0/M00_AXI'. This will be used by smartconnect on path for routing.
INFO: [xilinx.com:ip:smartconnect:1.0-1] protection_system_smartconnect_0_0: SmartConnect protection_system_smartconnect_0_0 is in Low-Area Mode.
WARNING: [xilinx.com:ip:smartconnect:1.0-1] protection_system_smartconnect_0_0: IP protection_system_smartconnect_0_0 is configured in Low-area mode as all propagated traffic is low-bandwidth (AXI4LITE). SI S00_AXI has property HAS_BURST == 1. WRAP bursts are not supported in Low-area mode and will result in DECERR if received.
WARNING: [xilinx.com:ip:smartconnect:1.0-1] protection_system_smartconnect_0_0: If WRAP transactions are required then turn off Low-area mode using ADVANCED_PROPERTIES. Execute following: set_property CONFIG.ADVANCED_PROPERTIES {__experimental_features__ {disable_low_area_mode 1}} [get_bd_cells /protection_system_smartconnect_0_0]
INFO: [Ipptcl 7-1463] No Compatible Board Interface found. Board Tab not created in customize GUI
CRITICAL WARNING: [BD 41-1761] Reset pin '/protection_ip_axi_lite_0/ARESETN' is found to be associated with multiple clock pins, which are not compatible w.r.t frequency, phase and clock-domain. This may prevent design from functioning correctly. Please ensure same reset pin is either not associated with different clock pins or all associated clock pins are driven by same or compatible clock source(s). List of associated clock pins:
/protection_ip_axi_lite_0/ACLK
/protection_ip_axi_lite_0/adc_src_clk

Wrote  : <<EXTERNAL_BUILD>\w\project\s1e_e608f8c11cc8.srcs\sources_1\bd\protection_system\protection_system.bd> 
INFO: [IP_Flow 19-5107] Inferred bus interface 'aclk_aresetn' of definition 'xilinx.com:signal:reset:1.0' (from Xilinx Repository).
INFO: [IP_Flow 19-5107] Inferred bus interface 'adc_src_aresetn' of definition 'xilinx.com:signal:reset:1.0' (from Xilinx Repository).
INFO: [IP_Flow 19-5107] Inferred bus interface 'aclk' of definition 'xilinx.com:signal:clock:1.0' (from Xilinx Repository).
INFO: [IP_Flow 19-5107] Inferred bus interface 'adc_src_clk' of definition 'xilinx.com:signal:clock:1.0' (from Xilinx Repository).
INFO: [IP_Flow 19-5107] Inferred bus interface 'control_word_aclk' of definition 'xilinx.com:signal:clock:1.0' (from Xilinx Repository).
INFO: [IP_Flow 19-5107] Inferred bus interface 'status_word_aclk' of definition 'xilinx.com:signal:clock:1.0' (from Xilinx Repository).
INFO: [IP_Flow 19-4728] Bus Interface 'aclk_aresetn': Added interface parameter 'POLARITY' with value 'ACTIVE_LOW'.
INFO: [IP_Flow 19-4728] Bus Interface 'adc_src_aresetn': Added interface parameter 'POLARITY' with value 'ACTIVE_LOW'.
INFO: [IP_Flow 19-4728] Bus Interface 'adc_src_clk': Added interface parameter 'ASSOCIATED_RESET' with value 'adc_src_aresetn'.
WARNING: [IP_Flow 19-5661] Bus Interface 'aclk' does not have any bus interfaces associated with it.
WARNING: [IP_Flow 19-11770] Clock interface 'aclk' has no FREQ_HZ parameter.
WARNING: [IP_Flow 19-5661] Bus Interface 'adc_src_clk' does not have any bus interfaces associated with it.
WARNING: [IP_Flow 19-11770] Clock interface 'adc_src_clk' has no FREQ_HZ parameter.
WARNING: [IP_Flow 19-5661] Bus Interface 'control_word_aclk' does not have any bus interfaces associated with it.
WARNING: [IP_Flow 19-11770] Clock interface 'control_word_aclk' has no FREQ_HZ parameter.
CRITICAL WARNING: [IP_Flow 19-4751] Bus Interface 'status_word_aclk': FREQ_HZ bus parameter is missing for output clock interface.
WARNING: [BD 41-1753] The name 'stage2i_b2_ready_aware_stimulus_0' you have specified is long. The Windows OS has path length limitations. It is recommended you use shorter names(less than 25 characters) to reduce the likelihood of issues when/if running on windows OS.
WARNING: [BD 41-1753] The name 'system_ila_stage2i_b2_source_0' you have specified is long. The Windows OS has path length limitations. It is recommended you use shorter names(less than 25 characters) to reduce the likelihood of issues when/if running on windows OS.
WARNING: [BD 41-1306] The connection to interface pin </axi_gpio_stage1d_0/gpio_io_o> is being overridden by the user with net <axi_gpio_stage1d_0_gpio_io_o>. This pin will not be connected as a part of interface connection <GPIO>.
WARNING: [BD 41-1306] The connection to interface pin </axi_gpio_stage1d_0/gpio2_io_i> is being overridden by the user with net <stage2i_b2_ready_aware_stimulus_0_status_word_aclk>. This pin will not be connected as a part of interface connection <GPIO2>.
Slave segment '/axi_gpio_stage1d_0/S_AXI/Reg' is being assigned into address space '/processing_system7_0/Data' at <0x4120_0000 [ 64K ]>.
WARNING: [BD 41-702] Propagation TCL tries to overwrite USER strength parameter PCW_M_AXI_GP0_FREQMHZ(10) on '/processing_system7_0' with propagated value(100). Command ignored
INFO: [BD 5-943] Reserving offset range <0x43C0_0000 [ 4K ]> from slave interface '/smartconnect_0/S00_AXI' to master interface '/smartconnect_0/M00_AXI'. This will be used by smartconnect on path for routing.
INFO: [BD 5-943] Reserving offset range <0x4120_0000 [ 64K ]> from slave interface '/smartconnect_0/S00_AXI' to master interface '/smartconnect_0/M01_AXI'. This will be used by smartconnect on path for routing.
INFO: [xilinx.com:ip:smartconnect:1.0-1] protection_system_smartconnect_0_0: SmartConnect protection_system_smartconnect_0_0 is in Low-Area Mode.
WARNING: [xilinx.com:ip:smartconnect:1.0-1] protection_system_smartconnect_0_0: IP protection_system_smartconnect_0_0 is configured in Low-area mode as all propagated traffic is low-bandwidth (AXI4LITE). SI S00_AXI has property HAS_BURST == 1. WRAP bursts are not supported in Low-area mode and will result in DECERR if received.
WARNING: [xilinx.com:ip:smartconnect:1.0-1] protection_system_smartconnect_0_0: If WRAP transactions are required then turn off Low-area mode using ADVANCED_PROPERTIES. Execute following: set_property CONFIG.ADVANCED_PROPERTIES {__experimental_features__ {disable_low_area_mode 1}} [get_bd_cells /protection_system_smartconnect_0_0]
INFO: [Ipptcl 7-1463] No Compatible Board Interface found. Board Tab not created in customize GUI
CRITICAL WARNING: [BD 41-1761] Reset pin '/protection_ip_axi_lite_0/ARESETN' is found to be associated with multiple clock pins, which are not compatible w.r.t frequency, phase and clock-domain. This may prevent design from functioning correctly. Please ensure same reset pin is either not associated with different clock pins or all associated clock pins are driven by same or compatible clock source(s). List of associated clock pins:
/protection_ip_axi_lite_0/ACLK
/protection_ip_axi_lite_0/adc_src_clk

validate_bd_design: Time (s): cpu = 00:00:06 ; elapsed = 00:00:06 . Memory (MB): peak = 1007.871 ; gain = 28.086
Wrote  : <<EXTERNAL_BUILD>\w\project\s1e_e608f8c11cc8.srcs\sources_1\bd\protection_system\protection_system.bd> 
INFO: [BD 41-1662] The design 'protection_system.bd' is already validated. Therefore parameter propagation will not be re-run.
Verilog Output written to : <EXTERNAL_BUILD>/w/project/s1e_e608f8c11cc8.gen/sources_1/bd/protection_system/synth/protection_system.v
Verilog Output written to : <EXTERNAL_BUILD>/w/project/s1e_e608f8c11cc8.gen/sources_1/bd/protection_system/sim/protection_system.v
Verilog Output written to : <EXTERNAL_BUILD>/w/project/s1e_e608f8c11cc8.gen/sources_1/bd/protection_system/hdl/protection_system_wrapper.v
INFO: [IP_Flow 19-5611] Unable to find an associated reset port for the interface 'M_AXI_GP0'. A default connection has been created.
INFO: [BD 41-1029] Generation completed for the IP Integrator block processing_system7_0 .
INFO: [BD 41-1029] Generation completed for the IP Integrator block proc_sys_reset_0 .
WARNING: [BD 41-2384] Width mismatch when connecting pin: '/s00_nodes/s00_ar_node/s_sc_payld'(145) to pin: '/s00_nodes/S_SC_AR_payld'(141) - Only lower order bits will be connected.
WARNING: [BD 41-2384] Width mismatch when connecting pin: '/s00_nodes/s00_aw_node/s_sc_payld'(145) to pin: '/s00_nodes/S_SC_AW_payld'(141) - Only lower order bits will be connected.
WARNING: [BD 41-2384] Width mismatch when connecting pin: '/m00_nodes/m00_r_node/s_sc_payld'(55) to pin: '/m00_nodes/S_SC_R_payld'(53) - Only lower order bits will be connected.
WARNING: [BD 41-2384] Width mismatch when connecting pin: '/m00_nodes/m00_b_node/s_sc_payld'(9) to pin: '/m00_nodes/S_SC_B_payld'(7) - Only lower order bits will be connected.
WARNING: [BD 41-2384] Width mismatch when connecting pin: '/m01_nodes/m01_r_node/s_sc_payld'(55) to pin: '/m01_nodes/S_SC_R_payld'(53) - Only lower order bits will be connected.
WARNING: [BD 41-2384] Width mismatch when connecting pin: '/m01_nodes/m01_b_node/s_sc_payld'(9) to pin: '/m01_nodes/S_SC_B_payld'(7) - Only lower order bits will be connected.
WARNING: [BD 41-2384] Width mismatch when connecting pin: '/s00_axi2sc/s_sc_r_payld'(53) to pin: '/s00_nodes/M_SC_R_payld'(55) - Only lower order bits will be connected.
WARNING: [BD 41-2384] Width mismatch when connecting pin: '/s00_axi2sc/s_sc_b_payld'(7) to pin: '/s00_nodes/M_SC_B_payld'(9) - Only lower order bits will be connected.
WARNING: [BD 41-2384] Width mismatch when connecting pin: '/m00_sc2axi/s_sc_ar_payld'(141) to pin: '/m00_nodes/M_SC_AR_payld'(145) - Only lower order bits will be connected.
WARNING: [BD 41-2384] Width mismatch when connecting pin: '/m00_sc2axi/s_sc_aw_payld'(141) to pin: '/m00_nodes/M_SC_AW_payld'(145) - Only lower order bits will be connected.
WARNING: [BD 41-2384] Width mismatch when connecting pin: '/m01_sc2axi/s_sc_ar_payld'(141) to pin: '/m01_nodes/M_SC_AR_payld'(145) - Only lower order bits will be connected.
WARNING: [BD 41-2384] Width mismatch when connecting pin: '/m01_sc2axi/s_sc_aw_payld'(141) to pin: '/m01_nodes/M_SC_AW_payld'(145) - Only lower order bits will be connected.
WARNING: [BD 41-2384] Width mismatch when connecting pin: '/s00_nodes/s00_ar_node/s_sc_payld'(145) to pin: '/s00_nodes/S_SC_AR_payld'(141) - Only lower order bits will be connected.
WARNING: [BD 41-2384] Width mismatch when connecting pin: '/s00_nodes/s00_aw_node/s_sc_payld'(145) to pin: '/s00_nodes/S_SC_AW_payld'(141) - Only lower order bits will be connected.
WARNING: [BD 41-2384] Width mismatch when connecting pin: '/m00_nodes/m00_r_node/s_sc_payld'(55) to pin: '/m00_nodes/S_SC_R_payld'(53) - Only lower order bits will be connected.
WARNING: [BD 41-2384] Width mismatch when connecting pin: '/m00_nodes/m00_b_node/s_sc_payld'(9) to pin: '/m00_nodes/S_SC_B_payld'(7) - Only lower order bits will be connected.
WARNING: [BD 41-2384] Width mismatch when connecting pin: '/m01_nodes/m01_r_node/s_sc_payld'(55) to pin: '/m01_nodes/S_SC_R_payld'(53) - Only lower order bits will be connected.
WARNING: [BD 41-2384] Width mismatch when connecting pin: '/m01_nodes/m01_b_node/s_sc_payld'(9) to pin: '/m01_nodes/S_SC_B_payld'(7) - Only lower order bits will be connected.
WARNING: [BD 41-2384] Width mismatch when connecting pin: '/s00_axi2sc/s_sc_r_payld'(53) to pin: '/s00_nodes/M_SC_R_payld'(55) - Only lower order bits will be connected.
WARNING: [BD 41-2384] Width mismatch when connecting pin: '/s00_axi2sc/s_sc_b_payld'(7) to pin: '/s00_nodes/M_SC_B_payld'(9) - Only lower order bits will be connected.
WARNING: [BD 41-2384] Width mismatch when connecting pin: '/m00_sc2axi/s_sc_ar_payld'(141) to pin: '/m00_nodes/M_SC_AR_payld'(145) - Only lower order bits will be connected.
WARNING: [BD 41-2384] Width mismatch when connecting pin: '/m00_sc2axi/s_sc_aw_payld'(141) to pin: '/m00_nodes/M_SC_AW_payld'(145) - Only lower order bits will be connected.
WARNING: [BD 41-2384] Width mismatch when connecting pin: '/m01_sc2axi/s_sc_ar_payld'(141) to pin: '/m01_nodes/M_SC_AR_payld'(145) - Only lower order bits will be connected.
WARNING: [BD 41-2384] Width mismatch when connecting pin: '/m01_sc2axi/s_sc_aw_payld'(141) to pin: '/m01_nodes/M_SC_AW_payld'(145) - Only lower order bits will be connected.
Exporting to file <EXTERNAL_BUILD>/w/project/s1e_e608f8c11cc8.gen/sources_1/bd/protection_system/ip/protection_system_smartconnect_0_0/bd_0/hw_handoff/protection_system_smartconnect_0_0.hwh
Generated Hardware Definition File <EXTERNAL_BUILD>/w/project/s1e_e608f8c11cc8.gen/sources_1/bd/protection_system/ip/protection_system_smartconnect_0_0/bd_0/synth/protection_system_smartconnect_0_0.hwdef
INFO: [BD 41-1029] Generation completed for the IP Integrator block smartconnect_0 .
INFO: [BD 41-1029] Generation completed for the IP Integrator block protection_ip_axi_lite_0 .
INFO: [BD 41-1029] Generation completed for the IP Integrator block dcm_locked_const .
INFO: [BD 41-1029] Generation completed for the IP Integrator block proc_sys_reset_stage2i_b2_src .
WARNING: [IP_Flow 19-4994] Overwriting existing constraint file '<EXTERNAL_BUILD>/w/project/s1e_e608f8c11cc8.gen/sources_1/bd/protection_system/ip/protection_system_system_ila_stage2b_0_0/protection_system_system_ila_stage2b_0_0_ooc.xdc'
Exporting to file <EXTERNAL_BUILD>/w/project/s1e_e608f8c11cc8.gen/sources_1/bd/protection_system/ip/protection_system_system_ila_stage2b_0_0/bd_0/hw_handoff/protection_system_system_ila_stage2b_0_0.hwh
Generated Hardware Definition File <EXTERNAL_BUILD>/w/project/s1e_e608f8c11cc8.gen/sources_1/bd/protection_system/ip/protection_system_system_ila_stage2b_0_0/bd_0/synth/protection_system_system_ila_stage2b_0_0.hwdef
INFO: [BD 41-1029] Generation completed for the IP Integrator block system_ila_stage2b_0 .
INFO: [BD 41-1029] Generation completed for the IP Integrator block axi_gpio_stage1d_0 .
INFO: [BD 41-1029] Generation completed for the IP Integrator block stage2i_b2_ready_aware_stimulus_0 .
WARNING: [IP_Flow 19-4994] Overwriting existing constraint file '<EXTERNAL_BUILD>/w/project/s1e_e608f8c11cc8.gen/sources_1/bd/protection_system/ip/protection_system_system_ila_stage2i_b2_source_0_0/protection_system_system_ila_stage2i_b2_source_0_0_ooc.xdc'
Exporting to file <EXTERNAL_BUILD>/w/project/s1e_e608f8c11cc8.gen/sources_1/bd/protection_system/ip/protection_system_system_ila_stage2i_b2_source_0_0/bd_0/hw_handoff/protection_system_system_ila_stage2i_b2_source_0_0.hwh
Generated Hardware Definition File <EXTERNAL_BUILD>/w/project/s1e_e608f8c11cc8.gen/sources_1/bd/protection_system/ip/protection_system_system_ila_stage2i_b2_source_0_0/bd_0/synth/protection_system_system_ila_stage2i_b2_source_0_0.hwdef
INFO: [BD 41-1029] Generation completed for the IP Integrator block system_ila_stage2i_b2_source_0 .
Exporting to file <EXTERNAL_BUILD>/w/project/s1e_e608f8c11cc8.gen/sources_1/bd/protection_system/hw_handoff/protection_system.hwh
Generated Hardware Definition File <EXTERNAL_BUILD>/w/project/s1e_e608f8c11cc8.gen/sources_1/bd/protection_system/synth/protection_system.hwdef
generate_target: Time (s): cpu = 00:00:16 ; elapsed = 00:00:19 . Memory (MB): peak = 1356.848 ; gain = 316.160
INFO: [BD 5-320] Validate design is not run, since the design is already validated.
INFO: [IP_Flow 19-6930] IPCACHE: runCacheChecks() number of threads = 8
INFO: [IP_Flow 19-6921] IPCACHE: Adding cache check func to thread queue for IP protection_system_axi_gpio_stage1d_0_0
INFO: [IP_Flow 19-6921] IPCACHE: Adding cache check func to thread queue for IP protection_system_proc_sys_reset_0_0
INFO: [IP_Flow 19-6921] IPCACHE: Adding cache check func to thread queue for IP protection_system_proc_sys_reset_stage2i_b2_src_0
INFO: [IP_Flow 19-6921] IPCACHE: Adding cache check func to thread queue for IP protection_system_protection_ip_axi_lite_0_0
INFO: [IP_Flow 19-6921] IPCACHE: Adding cache check func to thread queue for IP protection_system_smartconnect_0_0
INFO: [IP_Flow 19-6921] IPCACHE: Adding cache check func to thread queue for IP protection_system_system_ila_stage2b_0_0
INFO: [IP_Flow 19-6921] IPCACHE: Adding cache check func to thread queue for IP protection_system_system_ila_stage2i_b2_source_0_0
INFO: [IP_Flow 19-8020] IPCACHE: runCacheChecks() calling threadPool finishWork()
INFO: [IP_Flow 19-6924] IPCACHE: Running cache check for IP inst: protection_system_axi_gpio_stage1d_0_0
INFO: [IP_Flow 19-6924] IPCACHE: Running cache check for IP inst: protection_system_proc_sys_reset_0_0
INFO: [IP_Flow 19-6924] IPCACHE: Running cache check for IP inst: protection_system_proc_sys_reset_stage2i_b2_src_0
INFO: [IP_Flow 19-6924] IPCACHE: Running cache check for IP inst: protection_system_protection_ip_axi_lite_0_0
INFO: [IP_Flow 19-6924] IPCACHE: Running cache check for IP inst: protection_system_smartconnect_0_0
INFO: [IP_Flow 19-6924] IPCACHE: Running cache check for IP inst: protection_system_system_ila_stage2b_0_0
INFO: [IP_Flow 19-6924] IPCACHE: Running cache check for IP inst: protection_system_system_ila_stage2i_b2_source_0_0
WARNING: [Vivado 12-7122] Auto Incremental Compile:: No reference checkpoint was found in run synth_1. Auto-incremental flow will not be run, the standard flow will be run instead.
[Wed Sep  9 17:05:44 2026] Launched protection_system_proc_sys_reset_0_0_synth_1, protection_system_smartconnect_0_0_synth_1, protection_system_protection_ip_axi_lite_0_0_synth_1, protection_system_proc_sys_reset_stage2i_b2_src_0_synth_1, protection_system_system_ila_stage2b_0_0_synth_1, protection_system_processing_system7_0_0_synth_1, protection_system_stage2i_b2_ready_aware_stimulus_0_0_synth_1, protection_system_axi_gpio_stage1d_0_0_synth_1, protection_system_system_ila_stage2i_b2_source_0_0_synth_1...
Run output will be captured here:
protection_system_proc_sys_reset_0_0_synth_1: <EXTERNAL_BUILD>/w/project/s1e_e608f8c11cc8.runs/protection_system_proc_sys_reset_0_0_synth_1/runme.log
protection_system_smartconnect_0_0_synth_1: <EXTERNAL_BUILD>/w/project/s1e_e608f8c11cc8.runs/protection_system_smartconnect_0_0_synth_1/runme.log
protection_system_protection_ip_axi_lite_0_0_synth_1: <EXTERNAL_BUILD>/w/project/s1e_e608f8c11cc8.runs/protection_system_protection_ip_axi_lite_0_0_synth_1/runme.log
protection_system_proc_sys_reset_stage2i_b2_src_0_synth_1: <EXTERNAL_BUILD>/w/project/s1e_e608f8c11cc8.runs/protection_system_proc_sys_reset_stage2i_b2_src_0_synth_1/runme.log
protection_system_system_ila_stage2b_0_0_synth_1: <EXTERNAL_BUILD>/w/project/s1e_e608f8c11cc8.runs/protection_system_system_ila_stage2b_0_0_synth_1/runme.log
protection_system_processing_system7_0_0_synth_1: <EXTERNAL_BUILD>/w/project/s1e_e608f8c11cc8.runs/protection_system_processing_system7_0_0_synth_1/runme.log
protection_system_stage2i_b2_ready_aware_stimulus_0_0_synth_1: <EXTERNAL_BUILD>/w/project/s1e_e608f8c11cc8.runs/protection_system_stage2i_b2_ready_aware_stimulus_0_0_synth_1/runme.log
protection_system_axi_gpio_stage1d_0_0_synth_1: <EXTERNAL_BUILD>/w/project/s1e_e608f8c11cc8.runs/protection_system_axi_gpio_stage1d_0_0_synth_1/runme.log
protection_system_system_ila_stage2i_b2_source_0_0_synth_1: <EXTERNAL_BUILD>/w/project/s1e_e608f8c11cc8.runs/protection_system_system_ila_stage2i_b2_source_0_0_synth_1/runme.log
[Wed Sep  9 17:05:44 2026] Launched synth_1...
Run output will be captured here: <EXTERNAL_BUILD>/w/project/s1e_e608f8c11cc8.runs/synth_1/runme.log
[Wed Sep  9 17:05:44 2026] Waiting for synth_1 to finish...


*** Running vivado
    with args -log protection_system_wrapper.vds -m64 -product Vivado -mode batch -messageDb vivado.pb -notrace -source protection_system_wrapper.tcl



****** Vivado v2024.1 (64-bit)
  **** SW Build 5076996 on Wed May 22 18:37:14 MDT 2024
  **** IP Build 5075265 on Wed May 22 21:45:21 MDT 2024
  **** SharedData Build 5076995 on Wed May 22 18:29:18 MDT 2024
  **** Start of session at: Wed Sep  9 17:12:14 2026
    ** Copyright 1986-2022 Xilinx, Inc. All Rights Reserved.
    ** Copyright 2022-2024 Advanced Micro Devices, Inc. All Rights Reserved.

source protection_system_wrapper.tcl -notrace
INFO: [IP_Flow 19-234] Refreshing IP repositories
INFO: [IP_Flow 19-1700] Loaded user IP repository '<EXTERNAL_BUILD>/w/ip_repo'.
INFO: [IP_Flow 19-2313] Loaded Vivado IP repository '<EXTERNAL_PATH>'.
Command: synth_design -top protection_system_wrapper -part xc7z020clg400-1
Starting synth_design
Attempting to get a license for feature 'Synthesis' and/or device 'xc7z020'
INFO: [Common 17-349] Got license for feature 'Synthesis' and/or device 'xc7z020'
INFO: [Device 21-403] Loading part xc7z020clg400-1
INFO: [Device 21-9227] Part: xc7z020clg400-1 does not have CEAM library.
INFO: [Synth 8-7079] Multithreading enabled for synth_design using a maximum of 2 processes.
INFO: [Synth 8-7078] Launching helper process for spawning children vivado processes
INFO: [Synth 8-7075] Helper process launched with PID 26876
---------------------------------------------------------------------------------
Starting RTL Elaboration : Time (s): cpu = 00:00:03 ; elapsed = 00:00:03 . Memory (MB): peak = 1564.188 ; gain = 447.453
---------------------------------------------------------------------------------
INFO: [Synth 8-6157] synthesizing module 'protection_system_wrapper' [<EXTERNAL_BUILD>/w/project/s1e_e608f8c11cc8.gen/sources_1/bd/protection_system/hdl/protection_system_wrapper.v:13]
INFO: [Synth 8-6157] synthesizing module 'protection_system' [<EXTERNAL_BUILD>/w/project/s1e_e608f8c11cc8.gen/sources_1/bd/protection_system/synth/protection_system.v:13]
INFO: [Synth 8-6157] synthesizing module 'protection_system_axi_gpio_stage1d_0_0' [<EXTERNAL_BUILD>/w/project/s1e_e608f8c11cc8.runs/synth_1/.Xil/Vivado-28424-illusion/realtime/protection_system_axi_gpio_stage1d_0_0_stub.v:6]
INFO: [Synth 8-6155] done synthesizing module 'protection_system_axi_gpio_stage1d_0_0' (0#1) [<EXTERNAL_BUILD>/w/project/s1e_e608f8c11cc8.runs/synth_1/.Xil/Vivado-28424-illusion/realtime/protection_system_axi_gpio_stage1d_0_0_stub.v:6]
INFO: [Synth 8-6157] synthesizing module 'protection_system_dcm_locked_const_0' [<EXTERNAL_BUILD>/w/project/s1e_e608f8c11cc8.gen/sources_1/bd/protection_system/ip/protection_system_dcm_locked_const_0/synth/protection_system_dcm_locked_const_0.v:53]
INFO: [Synth 8-6157] synthesizing module 'xlconstant_v1_1_9_xlconstant' [<EXTERNAL_BUILD>/w/project/s1e_e608f8c11cc8.gen/sources_1/bd/protection_system/ipshared/e2d2/hdl/xlconstant_v1_1_vl_rfs.v:68]
INFO: [Synth 8-6155] done synthesizing module 'xlconstant_v1_1_9_xlconstant' (0#1) [<EXTERNAL_BUILD>/w/project/s1e_e608f8c11cc8.gen/sources_1/bd/protection_system/ipshared/e2d2/hdl/xlconstant_v1_1_vl_rfs.v:68]
INFO: [Synth 8-6155] done synthesizing module 'protection_system_dcm_locked_const_0' (0#1) [<EXTERNAL_BUILD>/w/project/s1e_e608f8c11cc8.gen/sources_1/bd/protection_system/ip/protection_system_dcm_locked_const_0/synth/protection_system_dcm_locked_const_0.v:53]
INFO: [Synth 8-6157] synthesizing module 'protection_system_proc_sys_reset_0_0' [<EXTERNAL_BUILD>/w/project/s1e_e608f8c11cc8.runs/synth_1/.Xil/Vivado-28424-illusion/realtime/protection_system_proc_sys_reset_0_0_stub.v:6]
INFO: [Synth 8-6155] done synthesizing module 'protection_system_proc_sys_reset_0_0' (0#1) [<EXTERNAL_BUILD>/w/project/s1e_e608f8c11cc8.runs/synth_1/.Xil/Vivado-28424-illusion/realtime/protection_system_proc_sys_reset_0_0_stub.v:6]
WARNING: [Synth 8-7071] port 'mb_reset' of module 'protection_system_proc_sys_reset_0_0' is unconnected for instance 'proc_sys_reset_0' [<EXTERNAL_BUILD>/w/project/s1e_e608f8c11cc8.gen/sources_1/bd/protection_system/synth/protection_system.v:202]
WARNING: [Synth 8-7071] port 'bus_struct_reset' of module 'protection_system_proc_sys_reset_0_0' is unconnected for instance 'proc_sys_reset_0' [<EXTERNAL_BUILD>/w/project/s1e_e608f8c11cc8.gen/sources_1/bd/protection_system/synth/protection_system.v:202]
WARNING: [Synth 8-7071] port 'peripheral_reset' of module 'protection_system_proc_sys_reset_0_0' is unconnected for instance 'proc_sys_reset_0' [<EXTERNAL_BUILD>/w/project/s1e_e608f8c11cc8.gen/sources_1/bd/protection_system/synth/protection_system.v:202]
WARNING: [Synth 8-7071] port 'interconnect_aresetn' of module 'protection_system_proc_sys_reset_0_0' is unconnected for instance 'proc_sys_reset_0' [<EXTERNAL_BUILD>/w/project/s1e_e608f8c11cc8.gen/sources_1/bd/protection_system/synth/protection_system.v:202]
WARNING: [Synth 8-7023] instance 'proc_sys_reset_0' of module 'protection_system_proc_sys_reset_0_0' has 10 connections declared, but only 6 given [<EXTERNAL_BUILD>/w/project/s1e_e608f8c11cc8.gen/sources_1/bd/protection_system/synth/protection_system.v:202]
INFO: [Synth 8-6157] synthesizing module 'protection_system_proc_sys_reset_stage2i_b2_src_0' [<EXTERNAL_BUILD>/w/project/s1e_e608f8c11cc8.runs/synth_1/.Xil/Vivado-28424-illusion/realtime/protection_system_proc_sys_reset_stage2i_b2_src_0_stub.v:6]
INFO: [Synth 8-6155] done synthesizing module 'protection_system_proc_sys_reset_stage2i_b2_src_0' (0#1) [<EXTERNAL_BUILD>/w/project/s1e_e608f8c11cc8.runs/synth_1/.Xil/Vivado-28424-illusion/realtime/protection_system_proc_sys_reset_stage2i_b2_src_0_stub.v:6]
WARNING: [Synth 8-7071] port 'mb_reset' of module 'protection_system_proc_sys_reset_stage2i_b2_src_0' is unconnected for instance 'proc_sys_reset_stage2i_b2_src' [<EXTERNAL_BUILD>/w/project/s1e_e608f8c11cc8.gen/sources_1/bd/protection_system/synth/protection_system.v:209]
WARNING: [Synth 8-7071] port 'bus_struct_reset' of module 'protection_system_proc_sys_reset_stage2i_b2_src_0' is unconnected for instance 'proc_sys_reset_stage2i_b2_src' [<EXTERNAL_BUILD>/w/project/s1e_e608f8c11cc8.gen/sources_1/bd/protection_system/synth/protection_system.v:209]
WARNING: [Synth 8-7071] port 'peripheral_reset' of module 'protection_system_proc_sys_reset_stage2i_b2_src_0' is unconnected for instance 'proc_sys_reset_stage2i_b2_src' [<EXTERNAL_BUILD>/w/project/s1e_e608f8c11cc8.gen/sources_1/bd/protection_system/synth/protection_system.v:209]
WARNING: [Synth 8-7071] port 'interconnect_aresetn' of module 'protection_system_proc_sys_reset_stage2i_b2_src_0' is unconnected for instance 'proc_sys_reset_stage2i_b2_src' [<EXTERNAL_BUILD>/w/project/s1e_e608f8c11cc8.gen/sources_1/bd/protection_system/synth/protection_system.v:209]
WARNING: [Synth 8-7023] instance 'proc_sys_reset_stage2i_b2_src' of module 'protection_system_proc_sys_reset_stage2i_b2_src_0' has 10 connections declared, but only 6 given [<EXTERNAL_BUILD>/w/project/s1e_e608f8c11cc8.gen/sources_1/bd/protection_system/synth/protection_system.v:209]
INFO: [Synth 8-6157] synthesizing module 'protection_system_processing_system7_0_0' [<EXTERNAL_BUILD>/w/project/s1e_e608f8c11cc8.runs/synth_1/.Xil/Vivado-28424-illusion/realtime/protection_system_processing_system7_0_0_stub.v:6]
INFO: [Synth 8-6155] done synthesizing module 'protection_system_processing_system7_0_0' (0#1) [<EXTERNAL_BUILD>/w/project/s1e_e608f8c11cc8.runs/synth_1/.Xil/Vivado-28424-illusion/realtime/protection_system_processing_system7_0_0_stub.v:6]
WARNING: [Synth 8-7071] port 'USB0_PORT_INDCTL' of module 'protection_system_processing_system7_0_0' is unconnected for instance 'processing_system7_0' [<EXTERNAL_BUILD>/w/project/s1e_e608f8c11cc8.gen/sources_1/bd/protection_system/synth/protection_system.v:216]
WARNING: [Synth 8-7071] port 'USB0_VBUS_PWRSELECT' of module 'protection_system_processing_system7_0_0' is unconnected for instance 'processing_system7_0' [<EXTERNAL_BUILD>/w/project/s1e_e608f8c11cc8.gen/sources_1/bd/protection_system/synth/protection_system.v:216]
WARNING: [Synth 8-7023] instance 'processing_system7_0' of module 'protection_system_processing_system7_0_0' has 67 connections declared, but only 65 given [<EXTERNAL_BUILD>/w/project/s1e_e608f8c11cc8.gen/sources_1/bd/protection_system/synth/protection_system.v:216]
INFO: [Synth 8-6157] synthesizing module 'protection_system_protection_ip_axi_lite_0_0' [<EXTERNAL_BUILD>/w/project/s1e_e608f8c11cc8.runs/synth_1/.Xil/Vivado-28424-illusion/realtime/protection_system_protection_ip_axi_lite_0_0_stub.v:6]
INFO: [Synth 8-6155] done synthesizing module 'protection_system_protection_ip_axi_lite_0_0' (0#1) [<EXTERNAL_BUILD>/w/project/s1e_e608f8c11cc8.runs/synth_1/.Xil/Vivado-28424-illusion/realtime/protection_system_protection_ip_axi_lite_0_0_stub.v:6]
INFO: [Synth 8-6157] synthesizing module 'protection_system_smartconnect_0_0' [<EXTERNAL_BUILD>/w/project/s1e_e608f8c11cc8.runs/synth_1/.Xil/Vivado-28424-illusion/realtime/protection_system_smartconnect_0_0_stub.v:6]
INFO: [Synth 8-6155] done synthesizing module 'protection_system_smartconnect_0_0' (0#1) [<EXTERNAL_BUILD>/w/project/s1e_e608f8c11cc8.runs/synth_1/.Xil/Vivado-28424-illusion/realtime/protection_system_smartconnect_0_0_stub.v:6]
WARNING: [Synth 8-7071] port 'M01_AXI_awprot' of module 'protection_system_smartconnect_0_0' is unconnected for instance 'smartconnect_0' [<EXTERNAL_BUILD>/w/project/s1e_e608f8c11cc8.gen/sources_1/bd/protection_system/synth/protection_system.v:314]
WARNING: [Synth 8-7071] port 'M01_AXI_arprot' of module 'protection_system_smartconnect_0_0' is unconnected for instance 'smartconnect_0' [<EXTERNAL_BUILD>/w/project/s1e_e608f8c11cc8.gen/sources_1/bd/protection_system/synth/protection_system.v:314]
WARNING: [Synth 8-7023] instance 'smartconnect_0' of module 'protection_system_smartconnect_0_0' has 78 connections declared, but only 76 given [<EXTERNAL_BUILD>/w/project/s1e_e608f8c11cc8.gen/sources_1/bd/protection_system/synth/protection_system.v:314]
INFO: [Synth 8-6157] synthesizing module 'protection_system_stage2i_b2_ready_aware_stimulus_0_0' [<EXTERNAL_BUILD>/w/project/s1e_e608f8c11cc8.runs/synth_1/.Xil/Vivado-28424-illusion/realtime/protection_system_stage2i_b2_ready_aware_stimulus_0_0_stub.v:6]
INFO: [Synth 8-6155] done synthesizing module 'protection_system_stage2i_b2_ready_aware_stimulus_0_0' (0#1) [<EXTERNAL_BUILD>/w/project/s1e_e608f8c11cc8.runs/synth_1/.Xil/Vivado-28424-illusion/realtime/protection_system_stage2i_b2_ready_aware_stimulus_0_0_stub.v:6]
WARNING: [Synth 8-4446] all outputs are unconnected for this instance and logic may be removed [<EXTERNAL_BUILD>/w/project/s1e_e608f8c11cc8.gen/sources_1/bd/protection_system/synth/protection_system.v:406]
INFO: [Synth 8-6157] synthesizing module 'protection_system_system_ila_stage2b_0_0' [<EXTERNAL_BUILD>/w/project/s1e_e608f8c11cc8.runs/synth_1/.Xil/Vivado-28424-illusion/realtime/protection_system_system_ila_stage2b_0_0_stub.v:6]
INFO: [Synth 8-6155] done synthesizing module 'protection_system_system_ila_stage2b_0_0' (0#1) [<EXTERNAL_BUILD>/w/project/s1e_e608f8c11cc8.runs/synth_1/.Xil/Vivado-28424-illusion/realtime/protection_system_system_ila_stage2b_0_0_stub.v:6]
WARNING: [Synth 8-4446] all outputs are unconnected for this instance and logic may be removed [<EXTERNAL_BUILD>/w/project/s1e_e608f8c11cc8.gen/sources_1/bd/protection_system/synth/protection_system.v:436]
INFO: [Synth 8-6157] synthesizing module 'protection_system_system_ila_stage2i_b2_source_0_0' [<EXTERNAL_BUILD>/w/project/s1e_e608f8c11cc8.runs/synth_1/.Xil/Vivado-28424-illusion/realtime/protection_system_system_ila_stage2i_b2_source_0_0_stub.v:6]
INFO: [Synth 8-6155] done synthesizing module 'protection_system_system_ila_stage2i_b2_source_0_0' (0#1) [<EXTERNAL_BUILD>/w/project/s1e_e608f8c11cc8.runs/synth_1/.Xil/Vivado-28424-illusion/realtime/protection_system_system_ila_stage2i_b2_source_0_0_stub.v:6]
INFO: [Synth 8-6155] done synthesizing module 'protection_system' (0#1) [<EXTERNAL_BUILD>/w/project/s1e_e608f8c11cc8.gen/sources_1/bd/protection_system/synth/protection_system.v:13]
INFO: [Synth 8-6155] done synthesizing module 'protection_system_wrapper' (0#1) [<EXTERNAL_BUILD>/w/project/s1e_e608f8c11cc8.gen/sources_1/bd/protection_system/hdl/protection_system_wrapper.v:13]
---------------------------------------------------------------------------------
Finished RTL Elaboration : Time (s): cpu = 00:00:04 ; elapsed = 00:00:04 . Memory (MB): peak = 1681.129 ; gain = 564.395
---------------------------------------------------------------------------------
---------------------------------------------------------------------------------
Start Handling Custom Attributes
---------------------------------------------------------------------------------
---------------------------------------------------------------------------------
Finished Handling Custom Attributes : Time (s): cpu = 00:00:04 ; elapsed = 00:00:04 . Memory (MB): peak = 1681.129 ; gain = 564.395
---------------------------------------------------------------------------------
---------------------------------------------------------------------------------
Finished RTL Optimization Phase 1 : Time (s): cpu = 00:00:04 ; elapsed = 00:00:04 . Memory (MB): peak = 1681.129 ; gain = 564.395
---------------------------------------------------------------------------------
Netlist sorting complete. Time (s): cpu = 00:00:00 ; elapsed = 00:00:00.003 . Memory (MB): peak = 1681.129 ; gain = 0.000
INFO: [Project 1-570] Preparing netlist for logic optimization

Processing XDC Constraints
Initializing timing engine
Parsing XDC File [<EXTERNAL_BUILD>/w/project/s1e_e608f8c11cc8.gen/sources_1/bd/protection_system/ip/protection_system_processing_system7_0_0/protection_system_processing_system7_0_0/protection_system_processing_system7_0_0_in_context.xdc] for cell 'protection_system_i/processing_system7_0'
Finished Parsing XDC File [<EXTERNAL_BUILD>/w/project/s1e_e608f8c11cc8.gen/sources_1/bd/protection_system/ip/protection_system_processing_system7_0_0/protection_system_processing_system7_0_0/protection_system_processing_system7_0_0_in_context.xdc] for cell 'protection_system_i/processing_system7_0'
Parsing XDC File [<EXTERNAL_BUILD>/w/project/s1e_e608f8c11cc8.gen/sources_1/bd/protection_system/ip/protection_system_proc_sys_reset_0_0/protection_system_proc_sys_reset_0_0/protection_system_proc_sys_reset_0_0_in_context.xdc] for cell 'protection_system_i/proc_sys_reset_0'
Finished Parsing XDC File [<EXTERNAL_BUILD>/w/project/s1e_e608f8c11cc8.gen/sources_1/bd/protection_system/ip/protection_system_proc_sys_reset_0_0/protection_system_proc_sys_reset_0_0/protection_system_proc_sys_reset_0_0_in_context.xdc] for cell 'protection_system_i/proc_sys_reset_0'
Parsing XDC File [<EXTERNAL_BUILD>/w/project/s1e_e608f8c11cc8.gen/sources_1/bd/protection_system/ip/protection_system_smartconnect_0_0/protection_system_smartconnect_0_0/protection_system_smartconnect_0_0_in_context.xdc] for cell 'protection_system_i/smartconnect_0'
Finished Parsing XDC File [<EXTERNAL_BUILD>/w/project/s1e_e608f8c11cc8.gen/sources_1/bd/protection_system/ip/protection_system_smartconnect_0_0/protection_system_smartconnect_0_0/protection_system_smartconnect_0_0_in_context.xdc] for cell 'protection_system_i/smartconnect_0'
Parsing XDC File [<EXTERNAL_BUILD>/w/project/s1e_e608f8c11cc8.gen/sources_1/bd/protection_system/ip/protection_system_protection_ip_axi_lite_0_0/protection_system_protection_ip_axi_lite_0_0/protection_system_protection_ip_axi_lite_0_0_in_context.xdc] for cell 'protection_system_i/protection_ip_axi_lite_0'
Finished Parsing XDC File [<EXTERNAL_BUILD>/w/project/s1e_e608f8c11cc8.gen/sources_1/bd/protection_system/ip/protection_system_protection_ip_axi_lite_0_0/protection_system_protection_ip_axi_lite_0_0/protection_system_protection_ip_axi_lite_0_0_in_context.xdc] for cell 'protection_system_i/protection_ip_axi_lite_0'
Parsing XDC File [<EXTERNAL_BUILD>/w/project/s1e_e608f8c11cc8.gen/sources_1/bd/protection_system/ip/protection_system_proc_sys_reset_stage2i_b2_src_0/protection_system_proc_sys_reset_stage2i_b2_src_0/protection_system_proc_sys_reset_stage2i_b2_src_0_in_context.xdc] for cell 'protection_system_i/proc_sys_reset_stage2i_b2_src'
Finished Parsing XDC File [<EXTERNAL_BUILD>/w/project/s1e_e608f8c11cc8.gen/sources_1/bd/protection_system/ip/protection_system_proc_sys_reset_stage2i_b2_src_0/protection_system_proc_sys_reset_stage2i_b2_src_0/protection_system_proc_sys_reset_stage2i_b2_src_0_in_context.xdc] for cell 'protection_system_i/proc_sys_reset_stage2i_b2_src'
Parsing XDC File [<EXTERNAL_BUILD>/w/project/s1e_e608f8c11cc8.gen/sources_1/bd/protection_system/ip/protection_system_system_ila_stage2b_0_0/protection_system_system_ila_stage2b_0_0/protection_system_system_ila_stage2b_0_0_in_context.xdc] for cell 'protection_system_i/system_ila_stage2b_0'
Finished Parsing XDC File [<EXTERNAL_BUILD>/w/project/s1e_e608f8c11cc8.gen/sources_1/bd/protection_system/ip/protection_system_system_ila_stage2b_0_0/protection_system_system_ila_stage2b_0_0/protection_system_system_ila_stage2b_0_0_in_context.xdc] for cell 'protection_system_i/system_ila_stage2b_0'
Parsing XDC File [<EXTERNAL_BUILD>/w/project/s1e_e608f8c11cc8.gen/sources_1/bd/protection_system/ip/protection_system_axi_gpio_stage1d_0_0/protection_system_axi_gpio_stage1d_0_0/protection_system_axi_gpio_stage1d_0_0_in_context.xdc] for cell 'protection_system_i/axi_gpio_stage1d_0'
Finished Parsing XDC File [<EXTERNAL_BUILD>/w/project/s1e_e608f8c11cc8.gen/sources_1/bd/protection_system/ip/protection_system_axi_gpio_stage1d_0_0/protection_system_axi_gpio_stage1d_0_0/protection_system_axi_gpio_stage1d_0_0_in_context.xdc] for cell 'protection_system_i/axi_gpio_stage1d_0'
Parsing XDC File [<EXTERNAL_BUILD>/w/project/s1e_e608f8c11cc8.gen/sources_1/bd/protection_system/ip/protection_system_stage2i_b2_ready_aware_stimulus_0_0/protection_system_stage2i_b2_ready_aware_stimulus_0_0/protection_system_stage2i_b2_ready_aware_stimulus_0_0_in_context.xdc] for cell 'protection_system_i/stage2i_b2_ready_aware_stimulus_0'
Finished Parsing XDC File [<EXTERNAL_BUILD>/w/project/s1e_e608f8c11cc8.gen/sources_1/bd/protection_system/ip/protection_system_stage2i_b2_ready_aware_stimulus_0_0/protection_system_stage2i_b2_ready_aware_stimulus_0_0/protection_system_stage2i_b2_ready_aware_stimulus_0_0_in_context.xdc] for cell 'protection_system_i/stage2i_b2_ready_aware_stimulus_0'
Parsing XDC File [<EXTERNAL_BUILD>/w/project/s1e_e608f8c11cc8.gen/sources_1/bd/protection_system/ip/protection_system_system_ila_stage2i_b2_source_0_0/protection_system_system_ila_stage2i_b2_source_0_0/protection_system_system_ila_stage2i_b2_source_0_0_in_context.xdc] for cell 'protection_system_i/system_ila_stage2i_b2_source_0'
Finished Parsing XDC File [<EXTERNAL_BUILD>/w/project/s1e_e608f8c11cc8.gen/sources_1/bd/protection_system/ip/protection_system_system_ila_stage2i_b2_source_0_0/protection_system_system_ila_stage2i_b2_source_0_0/protection_system_system_ila_stage2i_b2_source_0_0_in_context.xdc] for cell 'protection_system_i/system_ila_stage2i_b2_source_0'
Parsing XDC File [<EXTERNAL_BUILD>/w/project/s1e_e608f8c11cc8.runs/synth_1/dont_touch.xdc]
Finished Parsing XDC File [<EXTERNAL_BUILD>/w/project/s1e_e608f8c11cc8.runs/synth_1/dont_touch.xdc]
Completed Processing XDC Constraints

Netlist sorting complete. Time (s): cpu = 00:00:00 ; elapsed = 00:00:00 . Memory (MB): peak = 1684.723 ; gain = 0.000
INFO: [Project 1-111] Unisim Transformation Summary:
No Unisim elements were transformed.

Constraint Validation Runtime : Time (s): cpu = 00:00:00 ; elapsed = 00:00:00.005 . Memory (MB): peak = 1684.723 ; gain = 0.000
---------------------------------------------------------------------------------
Finished Constraint Validation : Time (s): cpu = 00:00:08 ; elapsed = 00:00:09 . Memory (MB): peak = 1684.723 ; gain = 567.988
---------------------------------------------------------------------------------
---------------------------------------------------------------------------------
Start Loading Part and Timing Information
---------------------------------------------------------------------------------
Loading part: xc7z020clg400-1
---------------------------------------------------------------------------------
Finished Loading Part and Timing Information : Time (s): cpu = 00:00:08 ; elapsed = 00:00:09 . Memory (MB): peak = 1684.723 ; gain = 567.988
---------------------------------------------------------------------------------
---------------------------------------------------------------------------------
Start Applying 'set_property' XDC Constraints
---------------------------------------------------------------------------------
Applied set_property IO_BUFFER_TYPE = NONE for DDR_addr[0]. (constraint file  <EXTERNAL_BUILD>/w/project/s1e_e608f8c11cc8.gen/sources_1/bd/protection_system/ip/protection_system_processing_system7_0_0/protection_system_processing_system7_0_0/protection_system_processing_system7_0_0_in_context.xdc, line 3).
Applied set_property CLOCK_BUFFER_TYPE = NONE for DDR_addr[0]. (constraint file  <EXTERNAL_BUILD>/w/project/s1e_e608f8c11cc8.gen/sources_1/bd/protection_system/ip/protection_system_processing_system7_0_0/protection_system_processing_system7_0_0/protection_system_processing_system7_0_0_in_context.xdc, line 4).
Applied set_property IO_BUFFER_TYPE = NONE for DDR_addr[10]. (constraint file  <EXTERNAL_BUILD>/w/project/s1e_e608f8c11cc8.gen/sources_1/bd/protection_system/ip/protection_system_processing_system7_0_0/protection_system_processing_system7_0_0/protection_system_processing_system7_0_0_in_context.xdc, line 5).
Applied set_property CLOCK_BUFFER_TYPE = NONE for DDR_addr[10]. (constraint file  <EXTERNAL_BUILD>/w/project/s1e_e608f8c11cc8.gen/sources_1/bd/protection_system/ip/protection_system_processing_system7_0_0/protection_system_processing_system7_0_0/protection_system_processing_system7_0_0_in_context.xdc, line 6).
Applied set_property IO_BUFFER_TYPE = NONE for DDR_addr[11]. (constraint file  <EXTERNAL_BUILD>/w/project/s1e_e608f8c11cc8.gen/sources_1/bd/protection_system/ip/protection_system_processing_system7_0_0/protection_system_processing_system7_0_0/protection_system_processing_system7_0_0_in_context.xdc, line 7).
Applied set_property CLOCK_BUFFER_TYPE = NONE for DDR_addr[11]. (constraint file  <EXTERNAL_BUILD>/w/project/s1e_e608f8c11cc8.gen/sources_1/bd/protection_system/ip/protection_system_processing_system7_0_0/protection_system_processing_system7_0_0/protection_system_processing_system7_0_0_in_context.xdc, line 8).
Applied set_property IO_BUFFER_TYPE = NONE for DDR_addr[12]. (constraint file  <EXTERNAL_BUILD>/w/project/s1e_e608f8c11cc8.gen/sources_1/bd/protection_system/ip/protection_system_processing_system7_0_0/protection_system_processing_system7_0_0/protection_system_processing_system7_0_0_in_context.xdc, line 9).
Applied set_property CLOCK_BUFFER_TYPE = NONE for DDR_addr[12]. (constraint file  <EXTERNAL_BUILD>/w/project/s1e_e608f8c11cc8.gen/sources_1/bd/protection_system/ip/protection_system_processing_system7_0_0/protection_system_processing_system7_0_0/protection_system_processing_system7_0_0_in_context.xdc, line 10).
Applied set_property IO_BUFFER_TYPE = NONE for DDR_addr[13]. (constraint file  <EXTERNAL_BUILD>/w/project/s1e_e608f8c11cc8.gen/sources_1/bd/protection_system/ip/protection_system_processing_system7_0_0/protection_system_processing_system7_0_0/protection_system_processing_system7_0_0_in_context.xdc, line 11).
Applied set_property CLOCK_BUFFER_TYPE = NONE for DDR_addr[13]. (constraint file  <EXTERNAL_BUILD>/w/project/s1e_e608f8c11cc8.gen/sources_1/bd/protection_system/ip/protection_system_processing_system7_0_0/protection_system_processing_system7_0_0/protection_system_processing_system7_0_0_in_context.xdc, line 12).
Applied set_property IO_BUFFER_TYPE = NONE for DDR_addr[14]. (constraint file  <EXTERNAL_BUILD>/w/project/s1e_e608f8c11cc8.gen/sources_1/bd/protection_system/ip/protection_system_processing_system7_0_0/protection_system_processing_system7_0_0/protection_system_processing_system7_0_0_in_context.xdc, line 13).
Applied set_property CLOCK_BUFFER_TYPE = NONE for DDR_addr[14]. (constraint file  <EXTERNAL_BUILD>/w/project/s1e_e608f8c11cc8.gen/sources_1/bd/protection_system/ip/protection_system_processing_system7_0_0/protection_system_processing_system7_0_0/protection_system_processing_system7_0_0_in_context.xdc, line 14).
Applied set_property IO_BUFFER_TYPE = NONE for DDR_addr[1]. (constraint file  <EXTERNAL_BUILD>/w/project/s1e_e608f8c11cc8.gen/sources_1/bd/protection_system/ip/protection_system_processing_system7_0_0/protection_system_processing_system7_0_0/protection_system_processing_system7_0_0_in_context.xdc, line 15).
Applied set_property CLOCK_BUFFER_TYPE = NONE for DDR_addr[1]. (constraint file  <EXTERNAL_BUILD>/w/project/s1e_e608f8c11cc8.gen/sources_1/bd/protection_system/ip/protection_system_processing_system7_0_0/protection_system_processing_system7_0_0/protection_system_processing_system7_0_0_in_context.xdc, line 16).
Applied set_property IO_BUFFER_TYPE = NONE for DDR_addr[2]. (constraint file  <EXTERNAL_BUILD>/w/project/s1e_e608f8c11cc8.gen/sources_1/bd/protection_system/ip/protection_system_processing_system7_0_0/protection_system_processing_system7_0_0/protection_system_processing_system7_0_0_in_context.xdc, line 17).
Applied set_property CLOCK_BUFFER_TYPE = NONE for DDR_addr[2]. (constraint file  <EXTERNAL_BUILD>/w/project/s1e_e608f8c11cc8.gen/sources_1/bd/protection_system/ip/protection_system_processing_system7_0_0/protection_system_processing_system7_0_0/protection_system_processing_system7_0_0_in_context.xdc, line 18).
Applied set_property IO_BUFFER_TYPE = NONE for DDR_addr[3]. (constraint file  <EXTERNAL_BUILD>/w/project/s1e_e608f8c11cc8.gen/sources_1/bd/protection_system/ip/protection_system_processing_system7_0_0/protection_system_processing_system7_0_0/protection_system_processing_system7_0_0_in_context.xdc, line 19).
Applied set_property CLOCK_BUFFER_TYPE = NONE for DDR_addr[3]. (constraint file  <EXTERNAL_BUILD>/w/project/s1e_e608f8c11cc8.gen/sources_1/bd/protection_system/ip/protection_system_processing_system7_0_0/protection_system_processing_system7_0_0/protection_system_processing_system7_0_0_in_context.xdc, line 20).
Applied set_property IO_BUFFER_TYPE = NONE for DDR_addr[4]. (constraint file  <EXTERNAL_BUILD>/w/project/s1e_e608f8c11cc8.gen/sources_1/bd/protection_system/ip/protection_system_processing_system7_0_0/protection_system_processing_system7_0_0/protection_system_processing_system7_0_0_in_context.xdc, line 21).
Applied set_property CLOCK_BUFFER_TYPE = NONE for DDR_addr[4]. (constraint file  <EXTERNAL_BUILD>/w/project/s1e_e608f8c11cc8.gen/sources_1/bd/protection_system/ip/protection_system_processing_system7_0_0/protection_system_processing_system7_0_0/protection_system_processing_system7_0_0_in_context.xdc, line 22).
Applied set_property IO_BUFFER_TYPE = NONE for DDR_addr[5]. (constraint file  <EXTERNAL_BUILD>/w/project/s1e_e608f8c11cc8.gen/sources_1/bd/protection_system/ip/protection_system_processing_system7_0_0/protection_system_processing_system7_0_0/protection_system_processing_system7_0_0_in_context.xdc, line 23).
Applied set_property CLOCK_BUFFER_TYPE = NONE for DDR_addr[5]. (constraint file  <EXTERNAL_BUILD>/w/project/s1e_e608f8c11cc8.gen/sources_1/bd/protection_system/ip/protection_system_processing_system7_0_0/protection_system_processing_system7_0_0/protection_system_processing_system7_0_0_in_context.xdc, line 24).
Applied set_property IO_BUFFER_TYPE = NONE for DDR_addr[6]. (constraint file  <EXTERNAL_BUILD>/w/project/s1e_e608f8c11cc8.gen/sources_1/bd/protection_system/ip/protection_system_processing_system7_0_0/protection_system_processing_system7_0_0/protection_system_processing_system7_0_0_in_context.xdc, line 25).
Applied set_property CLOCK_BUFFER_TYPE = NONE for DDR_addr[6]. (constraint file  <EXTERNAL_BUILD>/w/project/s1e_e608f8c11cc8.gen/sources_1/bd/protection_system/ip/protection_system_processing_system7_0_0/protection_system_processing_system7_0_0/protection_system_processing_system7_0_0_in_context.xdc, line 26).
Applied set_property IO_BUFFER_TYPE = NONE for DDR_addr[7]. (constraint file  <EXTERNAL_BUILD>/w/project/s1e_e608f8c11cc8.gen/sources_1/bd/protection_system/ip/protection_system_processing_system7_0_0/protection_system_processing_system7_0_0/protection_system_processing_system7_0_0_in_context.xdc, line 27).
Applied set_property CLOCK_BUFFER_TYPE = NONE for DDR_addr[7]. (constraint file  <EXTERNAL_BUILD>/w/project/s1e_e608f8c11cc8.gen/sources_1/bd/protection_system/ip/protection_system_processing_system7_0_0/protection_system_processing_system7_0_0/protection_system_processing_system7_0_0_in_context.xdc, line 28).
Applied set_property IO_BUFFER_TYPE = NONE for DDR_addr[8]. (constraint file  <EXTERNAL_BUILD>/w/project/s1e_e608f8c11cc8.gen/sources_1/bd/protection_system/ip/protection_system_processing_system7_0_0/protection_system_processing_system7_0_0/protection_system_processing_system7_0_0_in_context.xdc, line 29).
Applied set_property CLOCK_BUFFER_TYPE = NONE for DDR_addr[8]. (constraint file  <EXTERNAL_BUILD>/w/project/s1e_e608f8c11cc8.gen/sources_1/bd/protection_system/ip/protection_system_processing_system7_0_0/protection_system_processing_system7_0_0/protection_system_processing_system7_0_0_in_context.xdc, line 30).
Applied set_property IO_BUFFER_TYPE = NONE for DDR_addr[9]. (constraint file  <EXTERNAL_BUILD>/w/project/s1e_e608f8c11cc8.gen/sources_1/bd/protection_system/ip/protection_system_processing_system7_0_0/protection_system_processing_system7_0_0/protection_system_processing_system7_0_0_in_context.xdc, line 31).
Applied set_property CLOCK_BUFFER_TYPE = NONE for DDR_addr[9]. (constraint file  <EXTERNAL_BUILD>/w/project/s1e_e608f8c11cc8.gen/sources_1/bd/protection_system/ip/protection_system_processing_system7_0_0/protection_system_processing_system7_0_0/protection_system_processing_system7_0_0_in_context.xdc, line 32).
Applied set_property IO_BUFFER_TYPE = NONE for DDR_ba[0]. (constraint file  <EXTERNAL_BUILD>/w/project/s1e_e608f8c11cc8.gen/sources_1/bd/protection_system/ip/protection_system_processing_system7_0_0/protection_system_processing_system7_0_0/protection_system_processing_system7_0_0_in_context.xdc, line 33).
Applied set_property CLOCK_BUFFER_TYPE = NONE for DDR_ba[0]. (constraint file  <EXTERNAL_BUILD>/w/project/s1e_e608f8c11cc8.gen/sources_1/bd/protection_system/ip/protection_system_processing_system7_0_0/protection_system_processing_system7_0_0/protection_system_processing_system7_0_0_in_context.xdc, line 34).
Applied set_property IO_BUFFER_TYPE = NONE for DDR_ba[1]. (constraint file  <EXTERNAL_BUILD>/w/project/s1e_e608f8c11cc8.gen/sources_1/bd/protection_system/ip/protection_system_processing_system7_0_0/protection_system_processing_system7_0_0/protection_system_processing_system7_0_0_in_context.xdc, line 35).
Applied set_property CLOCK_BUFFER_TYPE = NONE for DDR_ba[1]. (constraint file  <EXTERNAL_BUILD>/w/project/s1e_e608f8c11cc8.gen/sources_1/bd/protection_system/ip/protection_system_processing_system7_0_0/protection_system_processing_system7_0_0/protection_system_processing_system7_0_0_in_context.xdc, line 36).
Applied set_property IO_BUFFER_TYPE = NONE for DDR_ba[2]. (constraint file  <EXTERNAL_BUILD>/w/project/s1e_e608f8c11cc8.gen/sources_1/bd/protection_system/ip/protection_system_processing_system7_0_0/protection_system_processing_system7_0_0/protection_system_processing_system7_0_0_in_context.xdc, line 37).
Applied set_property CLOCK_BUFFER_TYPE = NONE for DDR_ba[2]. (constraint file  <EXTERNAL_BUILD>/w/project/s1e_e608f8c11cc8.gen/sources_1/bd/protection_system/ip/protection_system_processing_system7_0_0/protection_system_processing_system7_0_0/protection_system_processing_system7_0_0_in_context.xdc, line 38).
Applied set_property IO_BUFFER_TYPE = NONE for DDR_cas_n. (constraint file  <EXTERNAL_BUILD>/w/project/s1e_e608f8c11cc8.gen/sources_1/bd/protection_system/ip/protection_system_processing_system7_0_0/protection_system_processing_system7_0_0/protection_system_processing_system7_0_0_in_context.xdc, line 39).
Applied set_property CLOCK_BUFFER_TYPE = NONE for DDR_cas_n. (constraint file  <EXTERNAL_BUILD>/w/project/s1e_e608f8c11cc8.gen/sources_1/bd/protection_system/ip/protection_system_processing_system7_0_0/protection_system_processing_system7_0_0/protection_system_processing_system7_0_0_in_context.xdc, line 40).
Applied set_property IO_BUFFER_TYPE = NONE for DDR_cke. (constraint file  <EXTERNAL_BUILD>/w/project/s1e_e608f8c11cc8.gen/sources_1/bd/protection_system/ip/protection_system_processing_system7_0_0/protection_system_processing_system7_0_0/protection_system_processing_system7_0_0_in_context.xdc, line 41).
Applied set_property CLOCK_BUFFER_TYPE = NONE for DDR_cke. (constraint file  <EXTERNAL_BUILD>/w/project/s1e_e608f8c11cc8.gen/sources_1/bd/protection_system/ip/protection_system_processing_system7_0_0/protection_system_processing_system7_0_0/protection_system_processing_system7_0_0_in_context.xdc, line 42).
Applied set_property IO_BUFFER_TYPE = NONE for DDR_cs_n. (constraint file  <EXTERNAL_BUILD>/w/project/s1e_e608f8c11cc8.gen/sources_1/bd/protection_system/ip/protection_system_processing_system7_0_0/protection_system_processing_system7_0_0/protection_system_processing_system7_0_0_in_context.xdc, line 43).
Applied set_property CLOCK_BUFFER_TYPE = NONE for DDR_cs_n. (constraint file  <EXTERNAL_BUILD>/w/project/s1e_e608f8c11cc8.gen/sources_1/bd/protection_system/ip/protection_system_processing_system7_0_0/protection_system_processing_system7_0_0/protection_system_processing_system7_0_0_in_context.xdc, line 44).
Applied set_property IO_BUFFER_TYPE = NONE for DDR_ck_p. (constraint file  <EXTERNAL_BUILD>/w/project/s1e_e608f8c11cc8.gen/sources_1/bd/protection_system/ip/protection_system_processing_system7_0_0/protection_system_processing_system7_0_0/protection_system_processing_system7_0_0_in_context.xdc, line 45).
Applied set_property CLOCK_BUFFER_TYPE = NONE for DDR_ck_p. (constraint file  <EXTERNAL_BUILD>/w/project/s1e_e608f8c11cc8.gen/sources_1/bd/protection_system/ip/protection_system_processing_system7_0_0/protection_system_processing_system7_0_0/protection_system_processing_system7_0_0_in_context.xdc, line 46).
Applied set_property IO_BUFFER_TYPE = NONE for DDR_ck_n. (constraint file  <EXTERNAL_BUILD>/w/project/s1e_e608f8c11cc8.gen/sources_1/bd/protection_system/ip/protection_system_processing_system7_0_0/protection_system_processing_system7_0_0/protection_system_processing_system7_0_0_in_context.xdc, line 47).
Applied set_property CLOCK_BUFFER_TYPE = NONE for DDR_ck_n. (constraint file  <EXTERNAL_BUILD>/w/project/s1e_e608f8c11cc8.gen/sources_1/bd/protection_system/ip/protection_system_processing_system7_0_0/protection_system_processing_system7_0_0/protection_system_processing_system7_0_0_in_context.xdc, line 48).
Applied set_property IO_BUFFER_TYPE = NONE for DDR_dm[0]. (constraint file  <EXTERNAL_BUILD>/w/project/s1e_e608f8c11cc8.gen/sources_1/bd/protection_system/ip/protection_system_processing_system7_0_0/protection_system_processing_system7_0_0/protection_system_processing_system7_0_0_in_context.xdc, line 49).
Applied set_property CLOCK_BUFFER_TYPE = NONE for DDR_dm[0]. (constraint file  <EXTERNAL_BUILD>/w/project/s1e_e608f8c11cc8.gen/sources_1/bd/protection_system/ip/protection_system_processing_system7_0_0/protection_system_processing_system7_0_0/protection_system_processing_system7_0_0_in_context.xdc, line 50).
Applied set_property IO_BUFFER_TYPE = NONE for DDR_dm[1]. (constraint file  <EXTERNAL_BUILD>/w/project/s1e_e608f8c11cc8.gen/sources_1/bd/protection_system/ip/protection_system_processing_system7_0_0/protection_system_processing_system7_0_0/protection_system_processing_system7_0_0_in_context.xdc, line 51).
Applied set_property CLOCK_BUFFER_TYPE = NONE for DDR_dm[1]. (constraint file  <EXTERNAL_BUILD>/w/project/s1e_e608f8c11cc8.gen/sources_1/bd/protection_system/ip/protection_system_processing_system7_0_0/protection_system_processing_system7_0_0/protection_system_processing_system7_0_0_in_context.xdc, line 52).
Applied set_property IO_BUFFER_TYPE = NONE for DDR_dm[2]. (constraint file  <EXTERNAL_BUILD>/w/project/s1e_e608f8c11cc8.gen/sources_1/bd/protection_system/ip/protection_system_processing_system7_0_0/protection_system_processing_system7_0_0/protection_system_processing_system7_0_0_in_context.xdc, line 53).
Applied set_property CLOCK_BUFFER_TYPE = NONE for DDR_dm[2]. (constraint file  <EXTERNAL_BUILD>/w/project/s1e_e608f8c11cc8.gen/sources_1/bd/protection_system/ip/protection_system_processing_system7_0_0/protection_system_processing_system7_0_0/protection_system_processing_system7_0_0_in_context.xdc, line 54).
Applied set_property IO_BUFFER_TYPE = NONE for DDR_dm[3]. (constraint file  <EXTERNAL_BUILD>/w/project/s1e_e608f8c11cc8.gen/sources_1/bd/protection_system/ip/protection_system_processing_system7_0_0/protection_system_processing_system7_0_0/protection_system_processing_system7_0_0_in_context.xdc, line 55).
Applied set_property CLOCK_BUFFER_TYPE = NONE for DDR_dm[3]. (constraint file  <EXTERNAL_BUILD>/w/project/s1e_e608f8c11cc8.gen/sources_1/bd/protection_system/ip/protection_system_processing_system7_0_0/protection_system_processing_system7_0_0/protection_system_processing_system7_0_0_in_context.xdc, line 56).
Applied set_property IO_BUFFER_TYPE = NONE for DDR_dqs_p[0]. (constraint file  <EXTERNAL_BUILD>/w/project/s1e_e608f8c11cc8.gen/sources_1/bd/protection_system/ip/protection_system_processing_system7_0_0/protection_system_processing_system7_0_0/protection_system_processing_system7_0_0_in_context.xdc, line 57).
Applied set_property CLOCK_BUFFER_TYPE = NONE for DDR_dqs_p[0]. (constraint file  <EXTERNAL_BUILD>/w/project/s1e_e608f8c11cc8.gen/sources_1/bd/protection_system/ip/protection_system_processing_system7_0_0/protection_system_processing_system7_0_0/protection_system_processing_system7_0_0_in_context.xdc, line 58).
Applied set_property IO_BUFFER_TYPE = NONE for DDR_dqs_p[1]. (constraint file  <EXTERNAL_BUILD>/w/project/s1e_e608f8c11cc8.gen/sources_1/bd/protection_system/ip/protection_system_processing_system7_0_0/protection_system_processing_system7_0_0/protection_system_processing_system7_0_0_in_context.xdc, line 59).
Applied set_property CLOCK_BUFFER_TYPE = NONE for DDR_dqs_p[1]. (constraint file  <EXTERNAL_BUILD>/w/project/s1e_e608f8c11cc8.gen/sources_1/bd/protection_system/ip/protection_system_processing_system7_0_0/protection_system_processing_system7_0_0/protection_system_processing_system7_0_0_in_context.xdc, line 60).
Applied set_property IO_BUFFER_TYPE = NONE for DDR_dqs_p[2]. (constraint file  <EXTERNAL_BUILD>/w/project/s1e_e608f8c11cc8.gen/sources_1/bd/protection_system/ip/protection_system_processing_system7_0_0/protection_system_processing_system7_0_0/protection_system_processing_system7_0_0_in_context.xdc, line 61).
Applied set_property CLOCK_BUFFER_TYPE = NONE for DDR_dqs_p[2]. (constraint file  <EXTERNAL_BUILD>/w/project/s1e_e608f8c11cc8.gen/sources_1/bd/protection_system/ip/protection_system_processing_system7_0_0/protection_system_processing_system7_0_0/protection_system_processing_system7_0_0_in_context.xdc, line 62).
Applied set_property IO_BUFFER_TYPE = NONE for DDR_dqs_p[3]. (constraint file  <EXTERNAL_BUILD>/w/project/s1e_e608f8c11cc8.gen/sources_1/bd/protection_system/ip/protection_system_processing_system7_0_0/protection_system_processing_system7_0_0/protection_system_processing_system7_0_0_in_context.xdc, line 63).
Applied set_property CLOCK_BUFFER_TYPE = NONE for DDR_dqs_p[3]. (constraint file  <EXTERNAL_BUILD>/w/project/s1e_e608f8c11cc8.gen/sources_1/bd/protection_system/ip/protection_system_processing_system7_0_0/protection_system_processing_system7_0_0/protection_system_processing_system7_0_0_in_context.xdc, line 64).
Applied set_property IO_BUFFER_TYPE = NONE for DDR_dqs_n[0]. (constraint file  <EXTERNAL_BUILD>/w/project/s1e_e608f8c11cc8.gen/sources_1/bd/protection_system/ip/protection_system_processing_system7_0_0/protection_system_processing_system7_0_0/protection_system_processing_system7_0_0_in_context.xdc, line 65).
Applied set_property CLOCK_BUFFER_TYPE = NONE for DDR_dqs_n[0]. (constraint file  <EXTERNAL_BUILD>/w/project/s1e_e608f8c11cc8.gen/sources_1/bd/protection_system/ip/protection_system_processing_system7_0_0/protection_system_processing_system7_0_0/protection_system_processing_system7_0_0_in_context.xdc, line 66).
Applied set_property IO_BUFFER_TYPE = NONE for DDR_dqs_n[1]. (constraint file  <EXTERNAL_BUILD>/w/project/s1e_e608f8c11cc8.gen/sources_1/bd/protection_system/ip/protection_system_processing_system7_0_0/protection_system_processing_system7_0_0/protection_system_processing_system7_0_0_in_context.xdc, line 67).
Applied set_property CLOCK_BUFFER_TYPE = NONE for DDR_dqs_n[1]. (constraint file  <EXTERNAL_BUILD>/w/project/s1e_e608f8c11cc8.gen/sources_1/bd/protection_system/ip/protection_system_processing_system7_0_0/protection_system_processing_system7_0_0/protection_system_processing_system7_0_0_in_context.xdc, line 68).
Applied set_property IO_BUFFER_TYPE = NONE for DDR_dqs_n[2]. (constraint file  <EXTERNAL_BUILD>/w/project/s1e_e608f8c11cc8.gen/sources_1/bd/protection_system/ip/protection_system_processing_system7_0_0/protection_system_processing_system7_0_0/protection_system_processing_system7_0_0_in_context.xdc, line 69).
Applied set_property CLOCK_BUFFER_TYPE = NONE for DDR_dqs_n[2]. (constraint file  <EXTERNAL_BUILD>/w/project/s1e_e608f8c11cc8.gen/sources_1/bd/protection_system/ip/protection_system_processing_system7_0_0/protection_system_processing_system7_0_0/protection_system_processing_system7_0_0_in_context.xdc, line 70).
Applied set_property IO_BUFFER_TYPE = NONE for DDR_dqs_n[3]. (constraint file  <EXTERNAL_BUILD>/w/project/s1e_e608f8c11cc8.gen/sources_1/bd/protection_system/ip/protection_system_processing_system7_0_0/protection_system_processing_system7_0_0/protection_system_processing_system7_0_0_in_context.xdc, line 71).
Applied set_property CLOCK_BUFFER_TYPE = NONE for DDR_dqs_n[3]. (constraint file  <EXTERNAL_BUILD>/w/project/s1e_e608f8c11cc8.gen/sources_1/bd/protection_system/ip/protection_system_processing_system7_0_0/protection_system_processing_system7_0_0/protection_system_processing_system7_0_0_in_context.xdc, line 72).
Applied set_property IO_BUFFER_TYPE = NONE for DDR_dq[0]. (constraint file  <EXTERNAL_BUILD>/w/project/s1e_e608f8c11cc8.gen/sources_1/bd/protection_system/ip/protection_system_processing_system7_0_0/protection_system_processing_system7_0_0/protection_system_processing_system7_0_0_in_context.xdc, line 73).
Applied set_property CLOCK_BUFFER_TYPE = NONE for DDR_dq[0]. (constraint file  <EXTERNAL_BUILD>/w/project/s1e_e608f8c11cc8.gen/sources_1/bd/protection_system/ip/protection_system_processing_system7_0_0/protection_system_processing_system7_0_0/protection_system_processing_system7_0_0_in_context.xdc, line 74).
Applied set_property IO_BUFFER_TYPE = NONE for DDR_dq[10]. (constraint file  <EXTERNAL_BUILD>/w/project/s1e_e608f8c11cc8.gen/sources_1/bd/protection_system/ip/protection_system_processing_system7_0_0/protection_system_processing_system7_0_0/protection_system_processing_system7_0_0_in_context.xdc, line 75).
Applied set_property CLOCK_BUFFER_TYPE = NONE for DDR_dq[10]. (constraint file  <EXTERNAL_BUILD>/w/project/s1e_e608f8c11cc8.gen/sources_1/bd/protection_system/ip/protection_system_processing_system7_0_0/protection_system_processing_system7_0_0/protection_system_processing_system7_0_0_in_context.xdc, line 76).
Applied set_property IO_BUFFER_TYPE = NONE for DDR_dq[11]. (constraint file  <EXTERNAL_BUILD>/w/project/s1e_e608f8c11cc8.gen/sources_1/bd/protection_system/ip/protection_system_processing_system7_0_0/protection_system_processing_system7_0_0/protection_system_processing_system7_0_0_in_context.xdc, line 77).
Applied set_property CLOCK_BUFFER_TYPE = NONE for DDR_dq[11]. (constraint file  <EXTERNAL_BUILD>/w/project/s1e_e608f8c11cc8.gen/sources_1/bd/protection_system/ip/protection_system_processing_system7_0_0/protection_system_processing_system7_0_0/protection_system_processing_system7_0_0_in_context.xdc, line 78).
Applied set_property IO_BUFFER_TYPE = NONE for DDR_dq[12]. (constraint file  <EXTERNAL_BUILD>/w/project/s1e_e608f8c11cc8.gen/sources_1/bd/protection_system/ip/protection_system_processing_system7_0_0/protection_system_processing_system7_0_0/protection_system_processing_system7_0_0_in_context.xdc, line 79).
Applied set_property CLOCK_BUFFER_TYPE = NONE for DDR_dq[12]. (constraint file  <EXTERNAL_BUILD>/w/project/s1e_e608f8c11cc8.gen/sources_1/bd/protection_system/ip/protection_system_processing_system7_0_0/protection_system_processing_system7_0_0/protection_system_processing_system7_0_0_in_context.xdc, line 80).
Applied set_property IO_BUFFER_TYPE = NONE for DDR_dq[13]. (constraint file  <EXTERNAL_BUILD>/w/project/s1e_e608f8c11cc8.gen/sources_1/bd/protection_system/ip/protection_system_processing_system7_0_0/protection_system_processing_system7_0_0/protection_system_processing_system7_0_0_in_context.xdc, line 81).
Applied set_property CLOCK_BUFFER_TYPE = NONE for DDR_dq[13]. (constraint file  <EXTERNAL_BUILD>/w/project/s1e_e608f8c11cc8.gen/sources_1/bd/protection_system/ip/protection_system_processing_system7_0_0/protection_system_processing_system7_0_0/protection_system_processing_system7_0_0_in_context.xdc, line 82).
Applied set_property IO_BUFFER_TYPE = NONE for DDR_dq[14]. (constraint file  <EXTERNAL_BUILD>/w/project/s1e_e608f8c11cc8.gen/sources_1/bd/protection_system/ip/protection_system_processing_system7_0_0/protection_system_processing_system7_0_0/protection_system_processing_system7_0_0_in_context.xdc, line 83).
Applied set_property CLOCK_BUFFER_TYPE = NONE for DDR_dq[14]. (constraint file  <EXTERNAL_BUILD>/w/project/s1e_e608f8c11cc8.gen/sources_1/bd/protection_system/ip/protection_system_processing_system7_0_0/protection_system_processing_system7_0_0/protection_system_processing_system7_0_0_in_context.xdc, line 84).
Applied set_property IO_BUFFER_TYPE = NONE for DDR_dq[15]. (constraint file  <EXTERNAL_BUILD>/w/project/s1e_e608f8c11cc8.gen/sources_1/bd/protection_system/ip/protection_system_processing_system7_0_0/protection_system_processing_system7_0_0/protection_system_processing_system7_0_0_in_context.xdc, line 85).
Applied set_property CLOCK_BUFFER_TYPE = NONE for DDR_dq[15]. (constraint file  <EXTERNAL_BUILD>/w/project/s1e_e608f8c11cc8.gen/sources_1/bd/protection_system/ip/protection_system_processing_system7_0_0/protection_system_processing_system7_0_0/protection_system_processing_system7_0_0_in_context.xdc, line 86).
Applied set_property IO_BUFFER_TYPE = NONE for DDR_dq[16]. (constraint file  <EXTERNAL_BUILD>/w/project/s1e_e608f8c11cc8.gen/sources_1/bd/protection_system/ip/protection_system_processing_system7_0_0/protection_system_processing_system7_0_0/protection_system_processing_system7_0_0_in_context.xdc, line 87).
Applied set_property CLOCK_BUFFER_TYPE = NONE for DDR_dq[16]. (constraint file  <EXTERNAL_BUILD>/w/project/s1e_e608f8c11cc8.gen/sources_1/bd/protection_system/ip/protection_system_processing_system7_0_0/protection_system_processing_system7_0_0/protection_system_processing_system7_0_0_in_context.xdc, line 88).
Applied set_property IO_BUFFER_TYPE = NONE for DDR_dq[17]. (constraint file  <EXTERNAL_BUILD>/w/project/s1e_e608f8c11cc8.gen/sources_1/bd/protection_system/ip/protection_system_processing_system7_0_0/protection_system_processing_system7_0_0/protection_system_processing_system7_0_0_in_context.xdc, line 89).
Applied set_property CLOCK_BUFFER_TYPE = NONE for DDR_dq[17]. (constraint file  <EXTERNAL_BUILD>/w/project/s1e_e608f8c11cc8.gen/sources_1/bd/protection_system/ip/protection_system_processing_system7_0_0/protection_system_processing_system7_0_0/protection_system_processing_system7_0_0_in_context.xdc, line 90).
Applied set_property IO_BUFFER_TYPE = NONE for DDR_dq[18]. (constraint file  <EXTERNAL_BUILD>/w/project/s1e_e608f8c11cc8.gen/sources_1/bd/protection_system/ip/protection_system_processing_system7_0_0/protection_system_processing_system7_0_0/protection_system_processing_system7_0_0_in_context.xdc, line 91).
Applied set_property CLOCK_BUFFER_TYPE = NONE for DDR_dq[18]. (constraint file  <EXTERNAL_BUILD>/w/project/s1e_e608f8c11cc8.gen/sources_1/bd/protection_system/ip/protection_system_processing_system7_0_0/protection_system_processing_system7_0_0/protection_system_processing_system7_0_0_in_context.xdc, line 92).
Applied set_property IO_BUFFER_TYPE = NONE for DDR_dq[19]. (constraint file  <EXTERNAL_BUILD>/w/project/s1e_e608f8c11cc8.gen/sources_1/bd/protection_system/ip/protection_system_processing_system7_0_0/protection_system_processing_system7_0_0/protection_system_processing_system7_0_0_in_context.xdc, line 93).
Applied set_property CLOCK_BUFFER_TYPE = NONE for DDR_dq[19]. (constraint file  <EXTERNAL_BUILD>/w/project/s1e_e608f8c11cc8.gen/sources_1/bd/protection_system/ip/protection_system_processing_system7_0_0/protection_system_processing_system7_0_0/protection_system_processing_system7_0_0_in_context.xdc, line 94).
Applied set_property IO_BUFFER_TYPE = NONE for DDR_dq[1]. (constraint file  <EXTERNAL_BUILD>/w/project/s1e_e608f8c11cc8.gen/sources_1/bd/protection_system/ip/protection_system_processing_system7_0_0/protection_system_processing_system7_0_0/protection_system_processing_system7_0_0_in_context.xdc, line 95).
Applied set_property CLOCK_BUFFER_TYPE = NONE for DDR_dq[1]. (constraint file  <EXTERNAL_BUILD>/w/project/s1e_e608f8c11cc8.gen/sources_1/bd/protection_system/ip/protection_system_processing_system7_0_0/protection_system_processing_system7_0_0/protection_system_processing_system7_0_0_in_context.xdc, line 96).
Applied set_property IO_BUFFER_TYPE = NONE for DDR_dq[20]. (constraint file  <EXTERNAL_BUILD>/w/project/s1e_e608f8c11cc8.gen/sources_1/bd/protection_system/ip/protection_system_processing_system7_0_0/protection_system_processing_system7_0_0/protection_system_processing_system7_0_0_in_context.xdc, line 97).
Applied set_property CLOCK_BUFFER_TYPE = NONE for DDR_dq[20]. (constraint file  <EXTERNAL_BUILD>/w/project/s1e_e608f8c11cc8.gen/sources_1/bd/protection_system/ip/protection_system_processing_system7_0_0/protection_system_processing_system7_0_0/protection_system_processing_system7_0_0_in_context.xdc, line 98).
Applied set_property IO_BUFFER_TYPE = NONE for DDR_dq[21]. (constraint file  <EXTERNAL_BUILD>/w/project/s1e_e608f8c11cc8.gen/sources_1/bd/protection_system/ip/protection_system_processing_system7_0_0/protection_system_processing_system7_0_0/protection_system_processing_system7_0_0_in_context.xdc, line 99).
Applied set_property CLOCK_BUFFER_TYPE = NONE for DDR_dq[21]. (constraint file  <EXTERNAL_BUILD>/w/project/s1e_e608f8c11cc8.gen/sources_1/bd/protection_system/ip/protection_system_processing_system7_0_0/protection_system_processing_system7_0_0/protection_system_processing_system7_0_0_in_context.xdc, line 100).
Applied set_property IO_BUFFER_TYPE = NONE for DDR_dq[22]. (constraint file  <EXTERNAL_BUILD>/w/project/s1e_e608f8c11cc8.gen/sources_1/bd/protection_system/ip/protection_system_processing_system7_0_0/protection_system_processing_system7_0_0/protection_system_processing_system7_0_0_in_context.xdc, line 101).
Applied set_property CLOCK_BUFFER_TYPE = NONE for DDR_dq[22]. (constraint file  <EXTERNAL_BUILD>/w/project/s1e_e608f8c11cc8.gen/sources_1/bd/protection_system/ip/protection_system_processing_system7_0_0/protection_system_processing_system7_0_0/protection_system_processing_system7_0_0_in_context.xdc, line 102).
Applied set_property IO_BUFFER_TYPE = NONE for DDR_dq[23]. (constraint file  <EXTERNAL_BUILD>/w/project/s1e_e608f8c11cc8.gen/sources_1/bd/protection_system/ip/protection_system_processing_system7_0_0/protection_system_processing_system7_0_0/protection_system_processing_system7_0_0_in_context.xdc, line 103).
Applied set_property CLOCK_BUFFER_TYPE = NONE for DDR_dq[23]. (constraint file  <EXTERNAL_BUILD>/w/project/s1e_e608f8c11cc8.gen/sources_1/bd/protection_system/ip/protection_system_processing_system7_0_0/protection_system_processing_system7_0_0/protection_system_processing_system7_0_0_in_context.xdc, line 104).
Applied set_property IO_BUFFER_TYPE = NONE for DDR_dq[24]. (constraint file  <EXTERNAL_BUILD>/w/project/s1e_e608f8c11cc8.gen/sources_1/bd/protection_system/ip/protection_system_processing_system7_0_0/protection_system_processing_system7_0_0/protection_system_processing_system7_0_0_in_context.xdc, line 105).
Applied set_property CLOCK_BUFFER_TYPE = NONE for DDR_dq[24]. (constraint file  <EXTERNAL_BUILD>/w/project/s1e_e608f8c11cc8.gen/sources_1/bd/protection_system/ip/protection_system_processing_system7_0_0/protection_system_processing_system7_0_0/protection_system_processing_system7_0_0_in_context.xdc, line 106).
Applied set_property IO_BUFFER_TYPE = NONE for DDR_dq[25]. (constraint file  <EXTERNAL_BUILD>/w/project/s1e_e608f8c11cc8.gen/sources_1/bd/protection_system/ip/protection_system_processing_system7_0_0/protection_system_processing_system7_0_0/protection_system_processing_system7_0_0_in_context.xdc, line 107).
Applied set_property CLOCK_BUFFER_TYPE = NONE for DDR_dq[25]. (constraint file  <EXTERNAL_BUILD>/w/project/s1e_e608f8c11cc8.gen/sources_1/bd/protection_system/ip/protection_system_processing_system7_0_0/protection_system_processing_system7_0_0/protection_system_processing_system7_0_0_in_context.xdc, line 108).
Applied set_property IO_BUFFER_TYPE = NONE for DDR_dq[26]. (constraint file  <EXTERNAL_BUILD>/w/project/s1e_e608f8c11cc8.gen/sources_1/bd/protection_system/ip/protection_system_processing_system7_0_0/protection_system_processing_system7_0_0/protection_system_processing_system7_0_0_in_context.xdc, line 109).
Applied set_property CLOCK_BUFFER_TYPE = NONE for DDR_dq[26]. (constraint file  <EXTERNAL_BUILD>/w/project/s1e_e608f8c11cc8.gen/sources_1/bd/protection_system/ip/protection_system_processing_system7_0_0/protection_system_processing_system7_0_0/protection_system_processing_system7_0_0_in_context.xdc, line 110).
Applied set_property IO_BUFFER_TYPE = NONE for DDR_dq[27]. (constraint file  <EXTERNAL_BUILD>/w/project/s1e_e608f8c11cc8.gen/sources_1/bd/protection_system/ip/protection_system_processing_system7_0_0/protection_system_processing_system7_0_0/protection_system_processing_system7_0_0_in_context.xdc, line 111).
Applied set_property CLOCK_BUFFER_TYPE = NONE for DDR_dq[27]. (constraint file  <EXTERNAL_BUILD>/w/project/s1e_e608f8c11cc8.gen/sources_1/bd/protection_system/ip/protection_system_processing_system7_0_0/protection_system_processing_system7_0_0/protection_system_processing_system7_0_0_in_context.xdc, line 112).
Applied set_property IO_BUFFER_TYPE = NONE for DDR_dq[28]. (constraint file  <EXTERNAL_BUILD>/w/project/s1e_e608f8c11cc8.gen/sources_1/bd/protection_system/ip/protection_system_processing_system7_0_0/protection_system_processing_system7_0_0/protection_system_processing_system7_0_0_in_context.xdc, line 113).
Applied set_property CLOCK_BUFFER_TYPE = NONE for DDR_dq[28]. (constraint file  <EXTERNAL_BUILD>/w/project/s1e_e608f8c11cc8.gen/sources_1/bd/protection_system/ip/protection_system_processing_system7_0_0/protection_system_processing_system7_0_0/protection_system_processing_system7_0_0_in_context.xdc, line 114).
Applied set_property IO_BUFFER_TYPE = NONE for DDR_dq[29]. (constraint file  <EXTERNAL_BUILD>/w/project/s1e_e608f8c11cc8.gen/sources_1/bd/protection_system/ip/protection_system_processing_system7_0_0/protection_system_processing_system7_0_0/protection_system_processing_system7_0_0_in_context.xdc, line 115).
Applied set_property CLOCK_BUFFER_TYPE = NONE for DDR_dq[29]. (constraint file  <EXTERNAL_BUILD>/w/project/s1e_e608f8c11cc8.gen/sources_1/bd/protection_system/ip/protection_system_processing_system7_0_0/protection_system_processing_system7_0_0/protection_system_processing_system7_0_0_in_context.xdc, line 116).
Applied set_property IO_BUFFER_TYPE = NONE for DDR_dq[2]. (constraint file  <EXTERNAL_BUILD>/w/project/s1e_e608f8c11cc8.gen/sources_1/bd/protection_system/ip/protection_system_processing_system7_0_0/protection_system_processing_system7_0_0/protection_system_processing_system7_0_0_in_context.xdc, line 117).
Applied set_property CLOCK_BUFFER_TYPE = NONE for DDR_dq[2]. (constraint file  <EXTERNAL_BUILD>/w/project/s1e_e608f8c11cc8.gen/sources_1/bd/protection_system/ip/protection_system_processing_system7_0_0/protection_system_processing_system7_0_0/protection_system_processing_system7_0_0_in_context.xdc, line 118).
Applied set_property IO_BUFFER_TYPE = NONE for DDR_dq[30]. (constraint file  <EXTERNAL_BUILD>/w/project/s1e_e608f8c11cc8.gen/sources_1/bd/protection_system/ip/protection_system_processing_system7_0_0/protection_system_processing_system7_0_0/protection_system_processing_system7_0_0_in_context.xdc, line 119).
Applied set_property CLOCK_BUFFER_TYPE = NONE for DDR_dq[30]. (constraint file  <EXTERNAL_BUILD>/w/project/s1e_e608f8c11cc8.gen/sources_1/bd/protection_system/ip/protection_system_processing_system7_0_0/protection_system_processing_system7_0_0/protection_system_processing_system7_0_0_in_context.xdc, line 120).
Applied set_property IO_BUFFER_TYPE = NONE for DDR_dq[31]. (constraint file  <EXTERNAL_BUILD>/w/project/s1e_e608f8c11cc8.gen/sources_1/bd/protection_system/ip/protection_system_processing_system7_0_0/protection_system_processing_system7_0_0/protection_system_processing_system7_0_0_in_context.xdc, line 121).
Applied set_property CLOCK_BUFFER_TYPE = NONE for DDR_dq[31]. (constraint file  <EXTERNAL_BUILD>/w/project/s1e_e608f8c11cc8.gen/sources_1/bd/protection_system/ip/protection_system_processing_system7_0_0/protection_system_processing_system7_0_0/protection_system_processing_system7_0_0_in_context.xdc, line 122).
Applied set_property IO_BUFFER_TYPE = NONE for DDR_dq[3]. (constraint file  <EXTERNAL_BUILD>/w/project/s1e_e608f8c11cc8.gen/sources_1/bd/protection_system/ip/protection_system_processing_system7_0_0/protection_system_processing_system7_0_0/protection_system_processing_system7_0_0_in_context.xdc, line 123).
Applied set_property CLOCK_BUFFER_TYPE = NONE for DDR_dq[3]. (constraint file  <EXTERNAL_BUILD>/w/project/s1e_e608f8c11cc8.gen/sources_1/bd/protection_system/ip/protection_system_processing_system7_0_0/protection_system_processing_system7_0_0/protection_system_processing_system7_0_0_in_context.xdc, line 124).
Applied set_property IO_BUFFER_TYPE = NONE for DDR_dq[4]. (constraint file  <EXTERNAL_BUILD>/w/project/s1e_e608f8c11cc8.gen/sources_1/bd/protection_system/ip/protection_system_processing_system7_0_0/protection_system_processing_system7_0_0/protection_system_processing_system7_0_0_in_context.xdc, line 125).
Applied set_property CLOCK_BUFFER_TYPE = NONE for DDR_dq[4]. (constraint file  <EXTERNAL_BUILD>/w/project/s1e_e608f8c11cc8.gen/sources_1/bd/protection_system/ip/protection_system_processing_system7_0_0/protection_system_processing_system7_0_0/protection_system_processing_system7_0_0_in_context.xdc, line 126).
Applied set_property IO_BUFFER_TYPE = NONE for DDR_dq[5]. (constraint file  <EXTERNAL_BUILD>/w/project/s1e_e608f8c11cc8.gen/sources_1/bd/protection_system/ip/protection_system_processing_system7_0_0/protection_system_processing_system7_0_0/protection_system_processing_system7_0_0_in_context.xdc, line 127).
Applied set_property CLOCK_BUFFER_TYPE = NONE for DDR_dq[5]. (constraint file  <EXTERNAL_BUILD>/w/project/s1e_e608f8c11cc8.gen/sources_1/bd/protection_system/ip/protection_system_processing_system7_0_0/protection_system_processing_system7_0_0/protection_system_processing_system7_0_0_in_context.xdc, line 128).
Applied set_property IO_BUFFER_TYPE = NONE for DDR_dq[6]. (constraint file  <EXTERNAL_BUILD>/w/project/s1e_e608f8c11cc8.gen/sources_1/bd/protection_system/ip/protection_system_processing_system7_0_0/protection_system_processing_system7_0_0/protection_system_processing_system7_0_0_in_context.xdc, line 129).
Applied set_property CLOCK_BUFFER_TYPE = NONE for DDR_dq[6]. (constraint file  <EXTERNAL_BUILD>/w/project/s1e_e608f8c11cc8.gen/sources_1/bd/protection_system/ip/protection_system_processing_system7_0_0/protection_system_processing_system7_0_0/protection_system_processing_system7_0_0_in_context.xdc, line 130).
Applied set_property IO_BUFFER_TYPE = NONE for DDR_dq[7]. (constraint file  <EXTERNAL_BUILD>/w/project/s1e_e608f8c11cc8.gen/sources_1/bd/protection_system/ip/protection_system_processing_system7_0_0/protection_system_processing_system7_0_0/protection_system_processing_system7_0_0_in_context.xdc, line 131).
Applied set_property CLOCK_BUFFER_TYPE = NONE for DDR_dq[7]. (constraint file  <EXTERNAL_BUILD>/w/project/s1e_e608f8c11cc8.gen/sources_1/bd/protection_system/ip/protection_system_processing_system7_0_0/protection_system_processing_system7_0_0/protection_system_processing_system7_0_0_in_context.xdc, line 132).
Applied set_property IO_BUFFER_TYPE = NONE for DDR_dq[8]. (constraint file  <EXTERNAL_BUILD>/w/project/s1e_e608f8c11cc8.gen/sources_1/bd/protection_system/ip/protection_system_processing_system7_0_0/protection_system_processing_system7_0_0/protection_system_processing_system7_0_0_in_context.xdc, line 133).
Applied set_property CLOCK_BUFFER_TYPE = NONE for DDR_dq[8]. (constraint file  <EXTERNAL_BUILD>/w/project/s1e_e608f8c11cc8.gen/sources_1/bd/protection_system/ip/protection_system_processing_system7_0_0/protection_system_processing_system7_0_0/protection_system_processing_system7_0_0_in_context.xdc, line 134).
Applied set_property IO_BUFFER_TYPE = NONE for DDR_dq[9]. (constraint file  <EXTERNAL_BUILD>/w/project/s1e_e608f8c11cc8.gen/sources_1/bd/protection_system/ip/protection_system_processing_system7_0_0/protection_system_processing_system7_0_0/protection_system_processing_system7_0_0_in_context.xdc, line 135).
Applied set_property CLOCK_BUFFER_TYPE = NONE for DDR_dq[9]. (constraint file  <EXTERNAL_BUILD>/w/project/s1e_e608f8c11cc8.gen/sources_1/bd/protection_system/ip/protection_system_processing_system7_0_0/protection_system_processing_system7_0_0/protection_system_processing_system7_0_0_in_context.xdc, line 136).
Applied set_property IO_BUFFER_TYPE = NONE for DDR_reset_n. (constraint file  <EXTERNAL_BUILD>/w/project/s1e_e608f8c11cc8.gen/sources_1/bd/protection_system/ip/protection_system_processing_system7_0_0/protection_system_processing_system7_0_0/protection_system_processing_system7_0_0_in_context.xdc, line 137).
Applied set_property CLOCK_BUFFER_TYPE = NONE for DDR_reset_n. (constraint file  <EXTERNAL_BUILD>/w/project/s1e_e608f8c11cc8.gen/sources_1/bd/protection_system/ip/protection_system_processing_system7_0_0/protection_system_processing_system7_0_0/protection_system_processing_system7_0_0_in_context.xdc, line 138).
Applied set_property IO_BUFFER_TYPE = NONE for DDR_odt. (constraint file  <EXTERNAL_BUILD>/w/project/s1e_e608f8c11cc8.gen/sources_1/bd/protection_system/ip/protection_system_processing_system7_0_0/protection_system_processing_system7_0_0/protection_system_processing_system7_0_0_in_context.xdc, line 139).
Applied set_property CLOCK_BUFFER_TYPE = NONE for DDR_odt. (constraint file  <EXTERNAL_BUILD>/w/project/s1e_e608f8c11cc8.gen/sources_1/bd/protection_system/ip/protection_system_processing_system7_0_0/protection_system_processing_system7_0_0/protection_system_processing_system7_0_0_in_context.xdc, line 140).
Applied set_property IO_BUFFER_TYPE = NONE for DDR_ras_n. (constraint file  <EXTERNAL_BUILD>/w/project/s1e_e608f8c11cc8.gen/sources_1/bd/protection_system/ip/protection_system_processing_system7_0_0/protection_system_processing_system7_0_0/protection_system_processing_system7_0_0_in_context.xdc, line 141).
Applied set_property CLOCK_BUFFER_TYPE = NONE for DDR_ras_n. (constraint file  <EXTERNAL_BUILD>/w/project/s1e_e608f8c11cc8.gen/sources_1/bd/protection_system/ip/protection_system_processing_system7_0_0/protection_system_processing_system7_0_0/protection_system_processing_system7_0_0_in_context.xdc, line 142).
Applied set_property IO_BUFFER_TYPE = NONE for FIXED_IO_ddr_vrn. (constraint file  <EXTERNAL_BUILD>/w/project/s1e_e608f8c11cc8.gen/sources_1/bd/protection_system/ip/protection_system_processing_system7_0_0/protection_system_processing_system7_0_0/protection_system_processing_system7_0_0_in_context.xdc, line 143).
Applied set_property CLOCK_BUFFER_TYPE = NONE for FIXED_IO_ddr_vrn. (constraint file  <EXTERNAL_BUILD>/w/project/s1e_e608f8c11cc8.gen/sources_1/bd/protection_system/ip/protection_system_processing_system7_0_0/protection_system_processing_system7_0_0/protection_system_processing_system7_0_0_in_context.xdc, line 144).
Applied set_property IO_BUFFER_TYPE = NONE for FIXED_IO_ddr_vrp. (constraint file  <EXTERNAL_BUILD>/w/project/s1e_e608f8c11cc8.gen/sources_1/bd/protection_system/ip/protection_system_processing_system7_0_0/protection_system_processing_system7_0_0/protection_system_processing_system7_0_0_in_context.xdc, line 145).
Applied set_property CLOCK_BUFFER_TYPE = NONE for FIXED_IO_ddr_vrp. (constraint file  <EXTERNAL_BUILD>/w/project/s1e_e608f8c11cc8.gen/sources_1/bd/protection_system/ip/protection_system_processing_system7_0_0/protection_system_processing_system7_0_0/protection_system_processing_system7_0_0_in_context.xdc, line 146).
Applied set_property IO_BUFFER_TYPE = NONE for DDR_we_n. (constraint file  <EXTERNAL_BUILD>/w/project/s1e_e608f8c11cc8.gen/sources_1/bd/protection_system/ip/protection_system_processing_system7_0_0/protection_system_processing_system7_0_0/protection_system_processing_system7_0_0_in_context.xdc, line 147).
Applied set_property CLOCK_BUFFER_TYPE = NONE for DDR_we_n. (constraint file  <EXTERNAL_BUILD>/w/project/s1e_e608f8c11cc8.gen/sources_1/bd/protection_system/ip/protection_system_processing_system7_0_0/protection_system_processing_system7_0_0/protection_system_processing_system7_0_0_in_context.xdc, line 148).
Applied set_property IO_BUFFER_TYPE = NONE for FIXED_IO_mio[0]. (constraint file  <EXTERNAL_BUILD>/w/project/s1e_e608f8c11cc8.gen/sources_1/bd/protection_system/ip/protection_system_processing_system7_0_0/protection_system_processing_system7_0_0/protection_system_processing_system7_0_0_in_context.xdc, line 149).
Applied set_property CLOCK_BUFFER_TYPE = NONE for FIXED_IO_mio[0]. (constraint file  <EXTERNAL_BUILD>/w/project/s1e_e608f8c11cc8.gen/sources_1/bd/protection_system/ip/protection_system_processing_system7_0_0/protection_system_processing_system7_0_0/protection_system_processing_system7_0_0_in_context.xdc, line 150).
Applied set_property IO_BUFFER_TYPE = NONE for FIXED_IO_mio[10]. (constraint file  <EXTERNAL_BUILD>/w/project/s1e_e608f8c11cc8.gen/sources_1/bd/protection_system/ip/protection_system_processing_system7_0_0/protection_system_processing_system7_0_0/protection_system_processing_system7_0_0_in_context.xdc, line 151).
Applied set_property CLOCK_BUFFER_TYPE = NONE for FIXED_IO_mio[10]. (constraint file  <EXTERNAL_BUILD>/w/project/s1e_e608f8c11cc8.gen/sources_1/bd/protection_system/ip/protection_system_processing_system7_0_0/protection_system_processing_system7_0_0/protection_system_processing_system7_0_0_in_context.xdc, line 152).
Applied set_property IO_BUFFER_TYPE = NONE for FIXED_IO_mio[11]. (constraint file  <EXTERNAL_BUILD>/w/project/s1e_e608f8c11cc8.gen/sources_1/bd/protection_system/ip/protection_system_processing_system7_0_0/protection_system_processing_system7_0_0/protection_system_processing_system7_0_0_in_context.xdc, line 153).
Applied set_property CLOCK_BUFFER_TYPE = NONE for FIXED_IO_mio[11]. (constraint file  <EXTERNAL_BUILD>/w/project/s1e_e608f8c11cc8.gen/sources_1/bd/protection_system/ip/protection_system_processing_system7_0_0/protection_system_processing_system7_0_0/protection_system_processing_system7_0_0_in_context.xdc, line 154).
Applied set_property IO_BUFFER_TYPE = NONE for FIXED_IO_mio[12]. (constraint file  <EXTERNAL_BUILD>/w/project/s1e_e608f8c11cc8.gen/sources_1/bd/protection_system/ip/protection_system_processing_system7_0_0/protection_system_processing_system7_0_0/protection_system_processing_system7_0_0_in_context.xdc, line 155).
Applied set_property CLOCK_BUFFER_TYPE = NONE for FIXED_IO_mio[12]. (constraint file  <EXTERNAL_BUILD>/w/project/s1e_e608f8c11cc8.gen/sources_1/bd/protection_system/ip/protection_system_processing_system7_0_0/protection_system_processing_system7_0_0/protection_system_processing_system7_0_0_in_context.xdc, line 156).
Applied set_property IO_BUFFER_TYPE = NONE for FIXED_IO_mio[13]. (constraint file  <EXTERNAL_BUILD>/w/project/s1e_e608f8c11cc8.gen/sources_1/bd/protection_system/ip/protection_system_processing_system7_0_0/protection_system_processing_system7_0_0/protection_system_processing_system7_0_0_in_context.xdc, line 157).
Applied set_property CLOCK_BUFFER_TYPE = NONE for FIXED_IO_mio[13]. (constraint file  <EXTERNAL_BUILD>/w/project/s1e_e608f8c11cc8.gen/sources_1/bd/protection_system/ip/protection_system_processing_system7_0_0/protection_system_processing_system7_0_0/protection_system_processing_system7_0_0_in_context.xdc, line 158).
Applied set_property IO_BUFFER_TYPE = NONE for FIXED_IO_mio[14]. (constraint file  <EXTERNAL_BUILD>/w/project/s1e_e608f8c11cc8.gen/sources_1/bd/protection_system/ip/protection_system_processing_system7_0_0/protection_system_processing_system7_0_0/protection_system_processing_system7_0_0_in_context.xdc, line 159).
Applied set_property CLOCK_BUFFER_TYPE = NONE for FIXED_IO_mio[14]. (constraint file  <EXTERNAL_BUILD>/w/project/s1e_e608f8c11cc8.gen/sources_1/bd/protection_system/ip/protection_system_processing_system7_0_0/protection_system_processing_system7_0_0/protection_system_processing_system7_0_0_in_context.xdc, line 160).
Applied set_property IO_BUFFER_TYPE = NONE for FIXED_IO_mio[15]. (constraint file  <EXTERNAL_BUILD>/w/project/s1e_e608f8c11cc8.gen/sources_1/bd/protection_system/ip/protection_system_processing_system7_0_0/protection_system_processing_system7_0_0/protection_system_processing_system7_0_0_in_context.xdc, line 161).
Applied set_property CLOCK_BUFFER_TYPE = NONE for FIXED_IO_mio[15]. (constraint file  <EXTERNAL_BUILD>/w/project/s1e_e608f8c11cc8.gen/sources_1/bd/protection_system/ip/protection_system_processing_system7_0_0/protection_system_processing_system7_0_0/protection_system_processing_system7_0_0_in_context.xdc, line 162).
Applied set_property IO_BUFFER_TYPE = NONE for FIXED_IO_mio[16]. (constraint file  <EXTERNAL_BUILD>/w/project/s1e_e608f8c11cc8.gen/sources_1/bd/protection_system/ip/protection_system_processing_system7_0_0/protection_system_processing_system7_0_0/protection_system_processing_system7_0_0_in_context.xdc, line 163).
Applied set_property CLOCK_BUFFER_TYPE = NONE for FIXED_IO_mio[16]. (constraint file  <EXTERNAL_BUILD>/w/project/s1e_e608f8c11cc8.gen/sources_1/bd/protection_system/ip/protection_system_processing_system7_0_0/protection_system_processing_system7_0_0/protection_system_processing_system7_0_0_in_context.xdc, line 164).
Applied set_property IO_BUFFER_TYPE = NONE for FIXED_IO_mio[17]. (constraint file  <EXTERNAL_BUILD>/w/project/s1e_e608f8c11cc8.gen/sources_1/bd/protection_system/ip/protection_system_processing_system7_0_0/protection_system_processing_system7_0_0/protection_system_processing_system7_0_0_in_context.xdc, line 165).
Applied set_property CLOCK_BUFFER_TYPE = NONE for FIXED_IO_mio[17]. (constraint file  <EXTERNAL_BUILD>/w/project/s1e_e608f8c11cc8.gen/sources_1/bd/protection_system/ip/protection_system_processing_system7_0_0/protection_system_processing_system7_0_0/protection_system_processing_system7_0_0_in_context.xdc, line 166).
Applied set_property IO_BUFFER_TYPE = NONE for FIXED_IO_mio[18]. (constraint file  <EXTERNAL_BUILD>/w/project/s1e_e608f8c11cc8.gen/sources_1/bd/protection_system/ip/protection_system_processing_system7_0_0/protection_system_processing_system7_0_0/protection_system_processing_system7_0_0_in_context.xdc, line 167).
Applied set_property CLOCK_BUFFER_TYPE = NONE for FIXED_IO_mio[18]. (constraint file  <EXTERNAL_BUILD>/w/project/s1e_e608f8c11cc8.gen/sources_1/bd/protection_system/ip/protection_system_processing_system7_0_0/protection_system_processing_system7_0_0/protection_system_processing_system7_0_0_in_context.xdc, line 168).
Applied set_property IO_BUFFER_TYPE = NONE for FIXED_IO_mio[19]. (constraint file  <EXTERNAL_BUILD>/w/project/s1e_e608f8c11cc8.gen/sources_1/bd/protection_system/ip/protection_system_processing_system7_0_0/protection_system_processing_system7_0_0/protection_system_processing_system7_0_0_in_context.xdc, line 169).
Applied set_property CLOCK_BUFFER_TYPE = NONE for FIXED_IO_mio[19]. (constraint file  <EXTERNAL_BUILD>/w/project/s1e_e608f8c11cc8.gen/sources_1/bd/protection_system/ip/protection_system_processing_system7_0_0/protection_system_processing_system7_0_0/protection_system_processing_system7_0_0_in_context.xdc, line 170).
Applied set_property IO_BUFFER_TYPE = NONE for FIXED_IO_mio[1]. (constraint file  <EXTERNAL_BUILD>/w/project/s1e_e608f8c11cc8.gen/sources_1/bd/protection_system/ip/protection_system_processing_system7_0_0/protection_system_processing_system7_0_0/protection_system_processing_system7_0_0_in_context.xdc, line 171).
Applied set_property CLOCK_BUFFER_TYPE = NONE for FIXED_IO_mio[1]. (constraint file  <EXTERNAL_BUILD>/w/project/s1e_e608f8c11cc8.gen/sources_1/bd/protection_system/ip/protection_system_processing_system7_0_0/protection_system_processing_system7_0_0/protection_system_processing_system7_0_0_in_context.xdc, line 172).
Applied set_property IO_BUFFER_TYPE = NONE for FIXED_IO_mio[20]. (constraint file  <EXTERNAL_BUILD>/w/project/s1e_e608f8c11cc8.gen/sources_1/bd/protection_system/ip/protection_system_processing_system7_0_0/protection_system_processing_system7_0_0/protection_system_processing_system7_0_0_in_context.xdc, line 173).
Applied set_property CLOCK_BUFFER_TYPE = NONE for FIXED_IO_mio[20]. (constraint file  <EXTERNAL_BUILD>/w/project/s1e_e608f8c11cc8.gen/sources_1/bd/protection_system/ip/protection_system_processing_system7_0_0/protection_system_processing_system7_0_0/protection_system_processing_system7_0_0_in_context.xdc, line 174).
Applied set_property IO_BUFFER_TYPE = NONE for FIXED_IO_mio[21]. (constraint file  <EXTERNAL_BUILD>/w/project/s1e_e608f8c11cc8.gen/sources_1/bd/protection_system/ip/protection_system_processing_system7_0_0/protection_system_processing_system7_0_0/protection_system_processing_system7_0_0_in_context.xdc, line 175).
Applied set_property CLOCK_BUFFER_TYPE = NONE for FIXED_IO_mio[21]. (constraint file  <EXTERNAL_BUILD>/w/project/s1e_e608f8c11cc8.gen/sources_1/bd/protection_system/ip/protection_system_processing_system7_0_0/protection_system_processing_system7_0_0/protection_system_processing_system7_0_0_in_context.xdc, line 176).
Applied set_property IO_BUFFER_TYPE = NONE for FIXED_IO_mio[22]. (constraint file  <EXTERNAL_BUILD>/w/project/s1e_e608f8c11cc8.gen/sources_1/bd/protection_system/ip/protection_system_processing_system7_0_0/protection_system_processing_system7_0_0/protection_system_processing_system7_0_0_in_context.xdc, line 177).
Applied set_property CLOCK_BUFFER_TYPE = NONE for FIXED_IO_mio[22]. (constraint file  <EXTERNAL_BUILD>/w/project/s1e_e608f8c11cc8.gen/sources_1/bd/protection_system/ip/protection_system_processing_system7_0_0/protection_system_processing_system7_0_0/protection_system_processing_system7_0_0_in_context.xdc, line 178).
Applied set_property IO_BUFFER_TYPE = NONE for FIXED_IO_mio[23]. (constraint file  <EXTERNAL_BUILD>/w/project/s1e_e608f8c11cc8.gen/sources_1/bd/protection_system/ip/protection_system_processing_system7_0_0/protection_system_processing_system7_0_0/protection_system_processing_system7_0_0_in_context.xdc, line 179).
Applied set_property CLOCK_BUFFER_TYPE = NONE for FIXED_IO_mio[23]. (constraint file  <EXTERNAL_BUILD>/w/project/s1e_e608f8c11cc8.gen/sources_1/bd/protection_system/ip/protection_system_processing_system7_0_0/protection_system_processing_system7_0_0/protection_system_processing_system7_0_0_in_context.xdc, line 180).
Applied set_property IO_BUFFER_TYPE = NONE for FIXED_IO_mio[24]. (constraint file  <EXTERNAL_BUILD>/w/project/s1e_e608f8c11cc8.gen/sources_1/bd/protection_system/ip/protection_system_processing_system7_0_0/protection_system_processing_system7_0_0/protection_system_processing_system7_0_0_in_context.xdc, line 181).
Applied set_property CLOCK_BUFFER_TYPE = NONE for FIXED_IO_mio[24]. (constraint file  <EXTERNAL_BUILD>/w/project/s1e_e608f8c11cc8.gen/sources_1/bd/protection_system/ip/protection_system_processing_system7_0_0/protection_system_processing_system7_0_0/protection_system_processing_system7_0_0_in_context.xdc, line 182).
Applied set_property IO_BUFFER_TYPE = NONE for FIXED_IO_mio[25]. (constraint file  <EXTERNAL_BUILD>/w/project/s1e_e608f8c11cc8.gen/sources_1/bd/protection_system/ip/protection_system_processing_system7_0_0/protection_system_processing_system7_0_0/protection_system_processing_system7_0_0_in_context.xdc, line 183).
Applied set_property CLOCK_BUFFER_TYPE = NONE for FIXED_IO_mio[25]. (constraint file  <EXTERNAL_BUILD>/w/project/s1e_e608f8c11cc8.gen/sources_1/bd/protection_system/ip/protection_system_processing_system7_0_0/protection_system_processing_system7_0_0/protection_system_processing_system7_0_0_in_context.xdc, line 184).
Applied set_property IO_BUFFER_TYPE = NONE for FIXED_IO_mio[26]. (constraint file  <EXTERNAL_BUILD>/w/project/s1e_e608f8c11cc8.gen/sources_1/bd/protection_system/ip/protection_system_processing_system7_0_0/protection_system_processing_system7_0_0/protection_system_processing_system7_0_0_in_context.xdc, line 185).
Applied set_property CLOCK_BUFFER_TYPE = NONE for FIXED_IO_mio[26]. (constraint file  <EXTERNAL_BUILD>/w/project/s1e_e608f8c11cc8.gen/sources_1/bd/protection_system/ip/protection_system_processing_system7_0_0/protection_system_processing_system7_0_0/protection_system_processing_system7_0_0_in_context.xdc, line 186).
Applied set_property IO_BUFFER_TYPE = NONE for FIXED_IO_mio[27]. (constraint file  <EXTERNAL_BUILD>/w/project/s1e_e608f8c11cc8.gen/sources_1/bd/protection_system/ip/protection_system_processing_system7_0_0/protection_system_processing_system7_0_0/protection_system_processing_system7_0_0_in_context.xdc, line 187).
Applied set_property CLOCK_BUFFER_TYPE = NONE for FIXED_IO_mio[27]. (constraint file  <EXTERNAL_BUILD>/w/project/s1e_e608f8c11cc8.gen/sources_1/bd/protection_system/ip/protection_system_processing_system7_0_0/protection_system_processing_system7_0_0/protection_system_processing_system7_0_0_in_context.xdc, line 188).
Applied set_property IO_BUFFER_TYPE = NONE for FIXED_IO_mio[28]. (constraint file  <EXTERNAL_BUILD>/w/project/s1e_e608f8c11cc8.gen/sources_1/bd/protection_system/ip/protection_system_processing_system7_0_0/protection_system_processing_system7_0_0/protection_system_processing_system7_0_0_in_context.xdc, line 189).
Applied set_property CLOCK_BUFFER_TYPE = NONE for FIXED_IO_mio[28]. (constraint file  <EXTERNAL_BUILD>/w/project/s1e_e608f8c11cc8.gen/sources_1/bd/protection_system/ip/protection_system_processing_system7_0_0/protection_system_processing_system7_0_0/protection_system_processing_system7_0_0_in_context.xdc, line 190).
Applied set_property IO_BUFFER_TYPE = NONE for FIXED_IO_mio[29]. (constraint file  <EXTERNAL_BUILD>/w/project/s1e_e608f8c11cc8.gen/sources_1/bd/protection_system/ip/protection_system_processing_system7_0_0/protection_system_processing_system7_0_0/protection_system_processing_system7_0_0_in_context.xdc, line 191).
Applied set_property CLOCK_BUFFER_TYPE = NONE for FIXED_IO_mio[29]. (constraint file  <EXTERNAL_BUILD>/w/project/s1e_e608f8c11cc8.gen/sources_1/bd/protection_system/ip/protection_system_processing_system7_0_0/protection_system_processing_system7_0_0/protection_system_processing_system7_0_0_in_context.xdc, line 192).
Applied set_property IO_BUFFER_TYPE = NONE for FIXED_IO_mio[2]. (constraint file  <EXTERNAL_BUILD>/w/project/s1e_e608f8c11cc8.gen/sources_1/bd/protection_system/ip/protection_system_processing_system7_0_0/protection_system_processing_system7_0_0/protection_system_processing_system7_0_0_in_context.xdc, line 193).
Applied set_property CLOCK_BUFFER_TYPE = NONE for FIXED_IO_mio[2]. (constraint file  <EXTERNAL_BUILD>/w/project/s1e_e608f8c11cc8.gen/sources_1/bd/protection_system/ip/protection_system_processing_system7_0_0/protection_system_processing_system7_0_0/protection_system_processing_system7_0_0_in_context.xdc, line 194).
Applied set_property IO_BUFFER_TYPE = NONE for FIXED_IO_mio[30]. (constraint file  <EXTERNAL_BUILD>/w/project/s1e_e608f8c11cc8.gen/sources_1/bd/protection_system/ip/protection_system_processing_system7_0_0/protection_system_processing_system7_0_0/protection_system_processing_system7_0_0_in_context.xdc, line 195).
Applied set_property CLOCK_BUFFER_TYPE = NONE for FIXED_IO_mio[30]. (constraint file  <EXTERNAL_BUILD>/w/project/s1e_e608f8c11cc8.gen/sources_1/bd/protection_system/ip/protection_system_processing_system7_0_0/protection_system_processing_system7_0_0/protection_system_processing_system7_0_0_in_context.xdc, line 196).
Applied set_property IO_BUFFER_TYPE = NONE for FIXED_IO_mio[31]. (constraint file  <EXTERNAL_BUILD>/w/project/s1e_e608f8c11cc8.gen/sources_1/bd/protection_system/ip/protection_system_processing_system7_0_0/protection_system_processing_system7_0_0/protection_system_processing_system7_0_0_in_context.xdc, line 197).
Applied set_property CLOCK_BUFFER_TYPE = NONE for FIXED_IO_mio[31]. (constraint file  <EXTERNAL_BUILD>/w/project/s1e_e608f8c11cc8.gen/sources_1/bd/protection_system/ip/protection_system_processing_system7_0_0/protection_system_processing_system7_0_0/protection_system_processing_system7_0_0_in_context.xdc, line 198).
Applied set_property IO_BUFFER_TYPE = NONE for FIXED_IO_mio[32]. (constraint file  <EXTERNAL_BUILD>/w/project/s1e_e608f8c11cc8.gen/sources_1/bd/protection_system/ip/protection_system_processing_system7_0_0/protection_system_processing_system7_0_0/protection_system_processing_system7_0_0_in_context.xdc, line 199).
Applied set_property CLOCK_BUFFER_TYPE = NONE for FIXED_IO_mio[32]. (constraint file  <EXTERNAL_BUILD>/w/project/s1e_e608f8c11cc8.gen/sources_1/bd/protection_system/ip/protection_system_processing_system7_0_0/protection_system_processing_system7_0_0/protection_system_processing_system7_0_0_in_context.xdc, line 200).
Applied set_property IO_BUFFER_TYPE = NONE for FIXED_IO_mio[33]. (constraint file  <EXTERNAL_BUILD>/w/project/s1e_e608f8c11cc8.gen/sources_1/bd/protection_system/ip/protection_system_processing_system7_0_0/protection_system_processing_system7_0_0/protection_system_processing_system7_0_0_in_context.xdc, line 201).
Applied set_property CLOCK_BUFFER_TYPE = NONE for FIXED_IO_mio[33]. (constraint file  <EXTERNAL_BUILD>/w/project/s1e_e608f8c11cc8.gen/sources_1/bd/protection_system/ip/protection_system_processing_system7_0_0/protection_system_processing_system7_0_0/protection_system_processing_system7_0_0_in_context.xdc, line 202).
Applied set_property IO_BUFFER_TYPE = NONE for FIXED_IO_mio[34]. (constraint file  <EXTERNAL_BUILD>/w/project/s1e_e608f8c11cc8.gen/sources_1/bd/protection_system/ip/protection_system_processing_system7_0_0/protection_system_processing_system7_0_0/protection_system_processing_system7_0_0_in_context.xdc, line 203).
Applied set_property CLOCK_BUFFER_TYPE = NONE for FIXED_IO_mio[34]. (constraint file  <EXTERNAL_BUILD>/w/project/s1e_e608f8c11cc8.gen/sources_1/bd/protection_system/ip/protection_system_processing_system7_0_0/protection_system_processing_system7_0_0/protection_system_processing_system7_0_0_in_context.xdc, line 204).
Applied set_property IO_BUFFER_TYPE = NONE for FIXED_IO_mio[35]. (constraint file  <EXTERNAL_BUILD>/w/project/s1e_e608f8c11cc8.gen/sources_1/bd/protection_system/ip/protection_system_processing_system7_0_0/protection_system_processing_system7_0_0/protection_system_processing_system7_0_0_in_context.xdc, line 205).
Applied set_property CLOCK_BUFFER_TYPE = NONE for FIXED_IO_mio[35]. (constraint file  <EXTERNAL_BUILD>/w/project/s1e_e608f8c11cc8.gen/sources_1/bd/protection_system/ip/protection_system_processing_system7_0_0/protection_system_processing_system7_0_0/protection_system_processing_system7_0_0_in_context.xdc, line 206).
Applied set_property IO_BUFFER_TYPE = NONE for FIXED_IO_mio[36]. (constraint file  <EXTERNAL_BUILD>/w/project/s1e_e608f8c11cc8.gen/sources_1/bd/protection_system/ip/protection_system_processing_system7_0_0/protection_system_processing_system7_0_0/protection_system_processing_system7_0_0_in_context.xdc, line 207).
Applied set_property CLOCK_BUFFER_TYPE = NONE for FIXED_IO_mio[36]. (constraint file  <EXTERNAL_BUILD>/w/project/s1e_e608f8c11cc8.gen/sources_1/bd/protection_system/ip/protection_system_processing_system7_0_0/protection_system_processing_system7_0_0/protection_system_processing_system7_0_0_in_context.xdc, line 208).
Applied set_property IO_BUFFER_TYPE = NONE for FIXED_IO_mio[37]. (constraint file  <EXTERNAL_BUILD>/w/project/s1e_e608f8c11cc8.gen/sources_1/bd/protection_system/ip/protection_system_processing_system7_0_0/protection_system_processing_system7_0_0/protection_system_processing_system7_0_0_in_context.xdc, line 209).
Applied set_property CLOCK_BUFFER_TYPE = NONE for FIXED_IO_mio[37]. (constraint file  <EXTERNAL_BUILD>/w/project/s1e_e608f8c11cc8.gen/sources_1/bd/protection_system/ip/protection_system_processing_system7_0_0/protection_system_processing_system7_0_0/protection_system_processing_system7_0_0_in_context.xdc, line 210).
Applied set_property IO_BUFFER_TYPE = NONE for FIXED_IO_mio[38]. (constraint file  <EXTERNAL_BUILD>/w/project/s1e_e608f8c11cc8.gen/sources_1/bd/protection_system/ip/protection_system_processing_system7_0_0/protection_system_processing_system7_0_0/protection_system_processing_system7_0_0_in_context.xdc, line 211).
Applied set_property CLOCK_BUFFER_TYPE = NONE for FIXED_IO_mio[38]. (constraint file  <EXTERNAL_BUILD>/w/project/s1e_e608f8c11cc8.gen/sources_1/bd/protection_system/ip/protection_system_processing_system7_0_0/protection_system_processing_system7_0_0/protection_system_processing_system7_0_0_in_context.xdc, line 212).
Applied set_property IO_BUFFER_TYPE = NONE for FIXED_IO_mio[39]. (constraint file  <EXTERNAL_BUILD>/w/project/s1e_e608f8c11cc8.gen/sources_1/bd/protection_system/ip/protection_system_processing_system7_0_0/protection_system_processing_system7_0_0/protection_system_processing_system7_0_0_in_context.xdc, line 213).
Applied set_property CLOCK_BUFFER_TYPE = NONE for FIXED_IO_mio[39]. (constraint file  <EXTERNAL_BUILD>/w/project/s1e_e608f8c11cc8.gen/sources_1/bd/protection_system/ip/protection_system_processing_system7_0_0/protection_system_processing_system7_0_0/protection_system_processing_system7_0_0_in_context.xdc, line 214).
Applied set_property IO_BUFFER_TYPE = NONE for FIXED_IO_mio[3]. (constraint file  <EXTERNAL_BUILD>/w/project/s1e_e608f8c11cc8.gen/sources_1/bd/protection_system/ip/protection_system_processing_system7_0_0/protection_system_processing_system7_0_0/protection_system_processing_system7_0_0_in_context.xdc, line 215).
Applied set_property CLOCK_BUFFER_TYPE = NONE for FIXED_IO_mio[3]. (constraint file  <EXTERNAL_BUILD>/w/project/s1e_e608f8c11cc8.gen/sources_1/bd/protection_system/ip/protection_system_processing_system7_0_0/protection_system_processing_system7_0_0/protection_system_processing_system7_0_0_in_context.xdc, line 216).
Applied set_property IO_BUFFER_TYPE = NONE for FIXED_IO_mio[40]. (constraint file  <EXTERNAL_BUILD>/w/project/s1e_e608f8c11cc8.gen/sources_1/bd/protection_system/ip/protection_system_processing_system7_0_0/protection_system_processing_system7_0_0/protection_system_processing_system7_0_0_in_context.xdc, line 217).
Applied set_property CLOCK_BUFFER_TYPE = NONE for FIXED_IO_mio[40]. (constraint file  <EXTERNAL_BUILD>/w/project/s1e_e608f8c11cc8.gen/sources_1/bd/protection_system/ip/protection_system_processing_system7_0_0/protection_system_processing_system7_0_0/protection_system_processing_system7_0_0_in_context.xdc, line 218).
Applied set_property IO_BUFFER_TYPE = NONE for FIXED_IO_mio[41]. (constraint file  <EXTERNAL_BUILD>/w/project/s1e_e608f8c11cc8.gen/sources_1/bd/protection_system/ip/protection_system_processing_system7_0_0/protection_system_processing_system7_0_0/protection_system_processing_system7_0_0_in_context.xdc, line 219).
Applied set_property CLOCK_BUFFER_TYPE = NONE for FIXED_IO_mio[41]. (constraint file  <EXTERNAL_BUILD>/w/project/s1e_e608f8c11cc8.gen/sources_1/bd/protection_system/ip/protection_system_processing_system7_0_0/protection_system_processing_system7_0_0/protection_system_processing_system7_0_0_in_context.xdc, line 220).
Applied set_property IO_BUFFER_TYPE = NONE for FIXED_IO_mio[42]. (constraint file  <EXTERNAL_BUILD>/w/project/s1e_e608f8c11cc8.gen/sources_1/bd/protection_system/ip/protection_system_processing_system7_0_0/protection_system_processing_system7_0_0/protection_system_processing_system7_0_0_in_context.xdc, line 221).
Applied set_property CLOCK_BUFFER_TYPE = NONE for FIXED_IO_mio[42]. (constraint file  <EXTERNAL_BUILD>/w/project/s1e_e608f8c11cc8.gen/sources_1/bd/protection_system/ip/protection_system_processing_system7_0_0/protection_system_processing_system7_0_0/protection_system_processing_system7_0_0_in_context.xdc, line 222).
Applied set_property IO_BUFFER_TYPE = NONE for FIXED_IO_mio[43]. (constraint file  <EXTERNAL_BUILD>/w/project/s1e_e608f8c11cc8.gen/sources_1/bd/protection_system/ip/protection_system_processing_system7_0_0/protection_system_processing_system7_0_0/protection_system_processing_system7_0_0_in_context.xdc, line 223).
Applied set_property CLOCK_BUFFER_TYPE = NONE for FIXED_IO_mio[43]. (constraint file  <EXTERNAL_BUILD>/w/project/s1e_e608f8c11cc8.gen/sources_1/bd/protection_system/ip/protection_system_processing_system7_0_0/protection_system_processing_system7_0_0/protection_system_processing_system7_0_0_in_context.xdc, line 224).
Applied set_property IO_BUFFER_TYPE = NONE for FIXED_IO_mio[44]. (constraint file  <EXTERNAL_BUILD>/w/project/s1e_e608f8c11cc8.gen/sources_1/bd/protection_system/ip/protection_system_processing_system7_0_0/protection_system_processing_system7_0_0/protection_system_processing_system7_0_0_in_context.xdc, line 225).
Applied set_property CLOCK_BUFFER_TYPE = NONE for FIXED_IO_mio[44]. (constraint file  <EXTERNAL_BUILD>/w/project/s1e_e608f8c11cc8.gen/sources_1/bd/protection_system/ip/protection_system_processing_system7_0_0/protection_system_processing_system7_0_0/protection_system_processing_system7_0_0_in_context.xdc, line 226).
Applied set_property IO_BUFFER_TYPE = NONE for FIXED_IO_mio[45]. (constraint file  <EXTERNAL_BUILD>/w/project/s1e_e608f8c11cc8.gen/sources_1/bd/protection_system/ip/protection_system_processing_system7_0_0/protection_system_processing_system7_0_0/protection_system_processing_system7_0_0_in_context.xdc, line 227).
Applied set_property CLOCK_BUFFER_TYPE = NONE for FIXED_IO_mio[45]. (constraint file  <EXTERNAL_BUILD>/w/project/s1e_e608f8c11cc8.gen/sources_1/bd/protection_system/ip/protection_system_processing_system7_0_0/protection_system_processing_system7_0_0/protection_system_processing_system7_0_0_in_context.xdc, line 228).
Applied set_property IO_BUFFER_TYPE = NONE for FIXED_IO_mio[46]. (constraint file  <EXTERNAL_BUILD>/w/project/s1e_e608f8c11cc8.gen/sources_1/bd/protection_system/ip/protection_system_processing_system7_0_0/protection_system_processing_system7_0_0/protection_system_processing_system7_0_0_in_context.xdc, line 229).
Applied set_property CLOCK_BUFFER_TYPE = NONE for FIXED_IO_mio[46]. (constraint file  <EXTERNAL_BUILD>/w/project/s1e_e608f8c11cc8.gen/sources_1/bd/protection_system/ip/protection_system_processing_system7_0_0/protection_system_processing_system7_0_0/protection_system_processing_system7_0_0_in_context.xdc, line 230).
Applied set_property IO_BUFFER_TYPE = NONE for FIXED_IO_mio[47]. (constraint file  <EXTERNAL_BUILD>/w/project/s1e_e608f8c11cc8.gen/sources_1/bd/protection_system/ip/protection_system_processing_system7_0_0/protection_system_processing_system7_0_0/protection_system_processing_system7_0_0_in_context.xdc, line 231).
Applied set_property CLOCK_BUFFER_TYPE = NONE for FIXED_IO_mio[47]. (constraint file  <EXTERNAL_BUILD>/w/project/s1e_e608f8c11cc8.gen/sources_1/bd/protection_system/ip/protection_system_processing_system7_0_0/protection_system_processing_system7_0_0/protection_system_processing_system7_0_0_in_context.xdc, line 232).
Applied set_property IO_BUFFER_TYPE = NONE for FIXED_IO_mio[48]. (constraint file  <EXTERNAL_BUILD>/w/project/s1e_e608f8c11cc8.gen/sources_1/bd/protection_system/ip/protection_system_processing_system7_0_0/protection_system_processing_system7_0_0/protection_system_processing_system7_0_0_in_context.xdc, line 233).
Applied set_property CLOCK_BUFFER_TYPE = NONE for FIXED_IO_mio[48]. (constraint file  <EXTERNAL_BUILD>/w/project/s1e_e608f8c11cc8.gen/sources_1/bd/protection_system/ip/protection_system_processing_system7_0_0/protection_system_processing_system7_0_0/protection_system_processing_system7_0_0_in_context.xdc, line 234).
Applied set_property IO_BUFFER_TYPE = NONE for FIXED_IO_mio[49]. (constraint file  <EXTERNAL_BUILD>/w/project/s1e_e608f8c11cc8.gen/sources_1/bd/protection_system/ip/protection_system_processing_system7_0_0/protection_system_processing_system7_0_0/protection_system_processing_system7_0_0_in_context.xdc, line 235).
Applied set_property CLOCK_BUFFER_TYPE = NONE for FIXED_IO_mio[49]. (constraint file  <EXTERNAL_BUILD>/w/project/s1e_e608f8c11cc8.gen/sources_1/bd/protection_system/ip/protection_system_processing_system7_0_0/protection_system_processing_system7_0_0/protection_system_processing_system7_0_0_in_context.xdc, line 236).
Applied set_property IO_BUFFER_TYPE = NONE for FIXED_IO_mio[4]. (constraint file  <EXTERNAL_BUILD>/w/project/s1e_e608f8c11cc8.gen/sources_1/bd/protection_system/ip/protection_system_processing_system7_0_0/protection_system_processing_system7_0_0/protection_system_processing_system7_0_0_in_context.xdc, line 237).
Applied set_property CLOCK_BUFFER_TYPE = NONE for FIXED_IO_mio[4]. (constraint file  <EXTERNAL_BUILD>/w/project/s1e_e608f8c11cc8.gen/sources_1/bd/protection_system/ip/protection_system_processing_system7_0_0/protection_system_processing_system7_0_0/protection_system_processing_system7_0_0_in_context.xdc, line 238).
Applied set_property IO_BUFFER_TYPE = NONE for FIXED_IO_mio[50]. (constraint file  <EXTERNAL_BUILD>/w/project/s1e_e608f8c11cc8.gen/sources_1/bd/protection_system/ip/protection_system_processing_system7_0_0/protection_system_processing_system7_0_0/protection_system_processing_system7_0_0_in_context.xdc, line 239).
Applied set_property CLOCK_BUFFER_TYPE = NONE for FIXED_IO_mio[50]. (constraint file  <EXTERNAL_BUILD>/w/project/s1e_e608f8c11cc8.gen/sources_1/bd/protection_system/ip/protection_system_processing_system7_0_0/protection_system_processing_system7_0_0/protection_system_processing_system7_0_0_in_context.xdc, line 240).
Applied set_property IO_BUFFER_TYPE = NONE for FIXED_IO_mio[51]. (constraint file  <EXTERNAL_BUILD>/w/project/s1e_e608f8c11cc8.gen/sources_1/bd/protection_system/ip/protection_system_processing_system7_0_0/protection_system_processing_system7_0_0/protection_system_processing_system7_0_0_in_context.xdc, line 241).
Applied set_property CLOCK_BUFFER_TYPE = NONE for FIXED_IO_mio[51]. (constraint file  <EXTERNAL_BUILD>/w/project/s1e_e608f8c11cc8.gen/sources_1/bd/protection_system/ip/protection_system_processing_system7_0_0/protection_system_processing_system7_0_0/protection_system_processing_system7_0_0_in_context.xdc, line 242).
Applied set_property IO_BUFFER_TYPE = NONE for FIXED_IO_mio[52]. (constraint file  <EXTERNAL_BUILD>/w/project/s1e_e608f8c11cc8.gen/sources_1/bd/protection_system/ip/protection_system_processing_system7_0_0/protection_system_processing_system7_0_0/protection_system_processing_system7_0_0_in_context.xdc, line 243).
Applied set_property CLOCK_BUFFER_TYPE = NONE for FIXED_IO_mio[52]. (constraint file  <EXTERNAL_BUILD>/w/project/s1e_e608f8c11cc8.gen/sources_1/bd/protection_system/ip/protection_system_processing_system7_0_0/protection_system_processing_system7_0_0/protection_system_processing_system7_0_0_in_context.xdc, line 244).
Applied set_property IO_BUFFER_TYPE = NONE for FIXED_IO_mio[53]. (constraint file  <EXTERNAL_BUILD>/w/project/s1e_e608f8c11cc8.gen/sources_1/bd/protection_system/ip/protection_system_processing_system7_0_0/protection_system_processing_system7_0_0/protection_system_processing_system7_0_0_in_context.xdc, line 245).
Applied set_property CLOCK_BUFFER_TYPE = NONE for FIXED_IO_mio[53]. (constraint file  <EXTERNAL_BUILD>/w/project/s1e_e608f8c11cc8.gen/sources_1/bd/protection_system/ip/protection_system_processing_system7_0_0/protection_system_processing_system7_0_0/protection_system_processing_system7_0_0_in_context.xdc, line 246).
Applied set_property IO_BUFFER_TYPE = NONE for FIXED_IO_mio[5]. (constraint file  <EXTERNAL_BUILD>/w/project/s1e_e608f8c11cc8.gen/sources_1/bd/protection_system/ip/protection_system_processing_system7_0_0/protection_system_processing_system7_0_0/protection_system_processing_system7_0_0_in_context.xdc, line 247).
Applied set_property CLOCK_BUFFER_TYPE = NONE for FIXED_IO_mio[5]. (constraint file  <EXTERNAL_BUILD>/w/project/s1e_e608f8c11cc8.gen/sources_1/bd/protection_system/ip/protection_system_processing_system7_0_0/protection_system_processing_system7_0_0/protection_system_processing_system7_0_0_in_context.xdc, line 248).
Applied set_property IO_BUFFER_TYPE = NONE for FIXED_IO_mio[6]. (constraint file  <EXTERNAL_BUILD>/w/project/s1e_e608f8c11cc8.gen/sources_1/bd/protection_system/ip/protection_system_processing_system7_0_0/protection_system_processing_system7_0_0/protection_system_processing_system7_0_0_in_context.xdc, line 249).
Applied set_property CLOCK_BUFFER_TYPE = NONE for FIXED_IO_mio[6]. (constraint file  <EXTERNAL_BUILD>/w/project/s1e_e608f8c11cc8.gen/sources_1/bd/protection_system/ip/protection_system_processing_system7_0_0/protection_system_processing_system7_0_0/protection_system_processing_system7_0_0_in_context.xdc, line 250).
Applied set_property IO_BUFFER_TYPE = NONE for FIXED_IO_mio[7]. (constraint file  <EXTERNAL_BUILD>/w/project/s1e_e608f8c11cc8.gen/sources_1/bd/protection_system/ip/protection_system_processing_system7_0_0/protection_system_processing_system7_0_0/protection_system_processing_system7_0_0_in_context.xdc, line 251).
Applied set_property CLOCK_BUFFER_TYPE = NONE for FIXED_IO_mio[7]. (constraint file  <EXTERNAL_BUILD>/w/project/s1e_e608f8c11cc8.gen/sources_1/bd/protection_system/ip/protection_system_processing_system7_0_0/protection_system_processing_system7_0_0/protection_system_processing_system7_0_0_in_context.xdc, line 252).
Applied set_property IO_BUFFER_TYPE = NONE for FIXED_IO_mio[8]. (constraint file  <EXTERNAL_BUILD>/w/project/s1e_e608f8c11cc8.gen/sources_1/bd/protection_system/ip/protection_system_processing_system7_0_0/protection_system_processing_system7_0_0/protection_system_processing_system7_0_0_in_context.xdc, line 253).
Applied set_property CLOCK_BUFFER_TYPE = NONE for FIXED_IO_mio[8]. (constraint file  <EXTERNAL_BUILD>/w/project/s1e_e608f8c11cc8.gen/sources_1/bd/protection_system/ip/protection_system_processing_system7_0_0/protection_system_processing_system7_0_0/protection_system_processing_system7_0_0_in_context.xdc, line 254).
Applied set_property IO_BUFFER_TYPE = NONE for FIXED_IO_mio[9]. (constraint file  <EXTERNAL_BUILD>/w/project/s1e_e608f8c11cc8.gen/sources_1/bd/protection_system/ip/protection_system_processing_system7_0_0/protection_system_processing_system7_0_0/protection_system_processing_system7_0_0_in_context.xdc, line 255).
Applied set_property CLOCK_BUFFER_TYPE = NONE for FIXED_IO_mio[9]. (constraint file  <EXTERNAL_BUILD>/w/project/s1e_e608f8c11cc8.gen/sources_1/bd/protection_system/ip/protection_system_processing_system7_0_0/protection_system_processing_system7_0_0/protection_system_processing_system7_0_0_in_context.xdc, line 256).
Applied set_property IO_BUFFER_TYPE = NONE for FIXED_IO_ps_clk. (constraint file  <EXTERNAL_BUILD>/w/project/s1e_e608f8c11cc8.gen/sources_1/bd/protection_system/ip/protection_system_processing_system7_0_0/protection_system_processing_system7_0_0/protection_system_processing_system7_0_0_in_context.xdc, line 257).
Applied set_property CLOCK_BUFFER_TYPE = NONE for FIXED_IO_ps_clk. (constraint file  <EXTERNAL_BUILD>/w/project/s1e_e608f8c11cc8.gen/sources_1/bd/protection_system/ip/protection_system_processing_system7_0_0/protection_system_processing_system7_0_0/protection_system_processing_system7_0_0_in_context.xdc, line 258).
Applied set_property IO_BUFFER_TYPE = NONE for FIXED_IO_ps_porb. (constraint file  <EXTERNAL_BUILD>/w/project/s1e_e608f8c11cc8.gen/sources_1/bd/protection_system/ip/protection_system_processing_system7_0_0/protection_system_processing_system7_0_0/protection_system_processing_system7_0_0_in_context.xdc, line 259).
Applied set_property CLOCK_BUFFER_TYPE = NONE for FIXED_IO_ps_porb. (constraint file  <EXTERNAL_BUILD>/w/project/s1e_e608f8c11cc8.gen/sources_1/bd/protection_system/ip/protection_system_processing_system7_0_0/protection_system_processing_system7_0_0/protection_system_processing_system7_0_0_in_context.xdc, line 260).
Applied set_property IO_BUFFER_TYPE = NONE for FIXED_IO_ps_srstb. (constraint file  <EXTERNAL_BUILD>/w/project/s1e_e608f8c11cc8.gen/sources_1/bd/protection_system/ip/protection_system_processing_system7_0_0/protection_system_processing_system7_0_0/protection_system_processing_system7_0_0_in_context.xdc, line 261).
Applied set_property CLOCK_BUFFER_TYPE = NONE for FIXED_IO_ps_srstb. (constraint file  <EXTERNAL_BUILD>/w/project/s1e_e608f8c11cc8.gen/sources_1/bd/protection_system/ip/protection_system_processing_system7_0_0/protection_system_processing_system7_0_0/protection_system_processing_system7_0_0_in_context.xdc, line 262).
Applied set_property KEEP_HIERARCHY = SOFT for protection_system_i. (constraint file  auto generated constraint).
Applied set_property KEEP_HIERARCHY = SOFT for protection_system_i/processing_system7_0. (constraint file  auto generated constraint).
Applied set_property KEEP_HIERARCHY = SOFT for protection_system_i/proc_sys_reset_0. (constraint file  auto generated constraint).
Applied set_property KEEP_HIERARCHY = SOFT for protection_system_i/smartconnect_0. (constraint file  auto generated constraint).
Applied set_property KEEP_HIERARCHY = SOFT for protection_system_i/protection_ip_axi_lite_0. (constraint file  auto generated constraint).
Applied set_property KEEP_HIERARCHY = SOFT for protection_system_i/dcm_locked_const. (constraint file  auto generated constraint).
Applied set_property KEEP_HIERARCHY = SOFT for protection_system_i/proc_sys_reset_stage2i_b2_src. (constraint file  auto generated constraint).
Applied set_property KEEP_HIERARCHY = SOFT for protection_system_i/system_ila_stage2b_0. (constraint file  auto generated constraint).
Applied set_property KEEP_HIERARCHY = SOFT for protection_system_i/axi_gpio_stage1d_0. (constraint file  auto generated constraint).
Applied set_property KEEP_HIERARCHY = SOFT for protection_system_i/stage2i_b2_ready_aware_stimulus_0. (constraint file  auto generated constraint).
Applied set_property KEEP_HIERARCHY = SOFT for protection_system_i/system_ila_stage2i_b2_source_0. (constraint file  auto generated constraint).
---------------------------------------------------------------------------------
Finished applying 'set_property' XDC Constraints : Time (s): cpu = 00:00:09 ; elapsed = 00:00:09 . Memory (MB): peak = 1684.723 ; gain = 567.988
---------------------------------------------------------------------------------
---------------------------------------------------------------------------------
Finished RTL Optimization Phase 2 : Time (s): cpu = 00:00:09 ; elapsed = 00:00:09 . Memory (MB): peak = 1684.723 ; gain = 567.988
---------------------------------------------------------------------------------
---------------------------------------------------------------------------------
Start RTL Component Statistics 
---------------------------------------------------------------------------------
Detailed RTL Component Info : 
---------------------------------------------------------------------------------
Finished RTL Component Statistics 
---------------------------------------------------------------------------------
---------------------------------------------------------------------------------
Start Part Resource Summary
---------------------------------------------------------------------------------
Part Resources:
DSPs: 220 (col length:60)
BRAMs: 280 (col length: RAMB18 60 RAMB36 30)
---------------------------------------------------------------------------------
Finished Part Resource Summary
---------------------------------------------------------------------------------
---------------------------------------------------------------------------------
Start Cross Boundary and Area Optimization
---------------------------------------------------------------------------------
WARNING: [Synth 8-7080] Parallel synthesis criteria is not met
---------------------------------------------------------------------------------
Finished Cross Boundary and Area Optimization : Time (s): cpu = 00:00:10 ; elapsed = 00:00:11 . Memory (MB): peak = 1684.723 ; gain = 567.988
---------------------------------------------------------------------------------
---------------------------------------------------------------------------------
Start Applying XDC Timing Constraints
---------------------------------------------------------------------------------
---------------------------------------------------------------------------------
Finished Applying XDC Timing Constraints : Time (s): cpu = 00:00:13 ; elapsed = 00:00:14 . Memory (MB): peak = 1684.723 ; gain = 567.988
---------------------------------------------------------------------------------
---------------------------------------------------------------------------------
Start Timing Optimization
---------------------------------------------------------------------------------
---------------------------------------------------------------------------------
Finished Timing Optimization : Time (s): cpu = 00:00:13 ; elapsed = 00:00:14 . Memory (MB): peak = 1684.723 ; gain = 567.988
---------------------------------------------------------------------------------
---------------------------------------------------------------------------------
Start Technology Mapping
---------------------------------------------------------------------------------
---------------------------------------------------------------------------------
Finished Technology Mapping : Time (s): cpu = 00:00:13 ; elapsed = 00:00:14 . Memory (MB): peak = 1684.723 ; gain = 567.988
---------------------------------------------------------------------------------
---------------------------------------------------------------------------------
Start IO Insertion
---------------------------------------------------------------------------------
---------------------------------------------------------------------------------
Start Flattening Before IO Insertion
---------------------------------------------------------------------------------
---------------------------------------------------------------------------------
Finished Flattening Before IO Insertion
---------------------------------------------------------------------------------
---------------------------------------------------------------------------------
Start Final Netlist Cleanup
---------------------------------------------------------------------------------
---------------------------------------------------------------------------------
Finished Final Netlist Cleanup
---------------------------------------------------------------------------------
---------------------------------------------------------------------------------
Finished IO Insertion : Time (s): cpu = 00:00:16 ; elapsed = 00:00:17 . Memory (MB): peak = 1684.723 ; gain = 567.988
---------------------------------------------------------------------------------
---------------------------------------------------------------------------------
Start Renaming Generated Instances
---------------------------------------------------------------------------------
---------------------------------------------------------------------------------
Finished Renaming Generated Instances : Time (s): cpu = 00:00:16 ; elapsed = 00:00:17 . Memory (MB): peak = 1684.723 ; gain = 567.988
---------------------------------------------------------------------------------
---------------------------------------------------------------------------------
Start Rebuilding User Hierarchy
---------------------------------------------------------------------------------
---------------------------------------------------------------------------------
Finished Rebuilding User Hierarchy : Time (s): cpu = 00:00:16 ; elapsed = 00:00:17 . Memory (MB): peak = 1684.723 ; gain = 567.988
---------------------------------------------------------------------------------
---------------------------------------------------------------------------------
Start Renaming Generated Ports
---------------------------------------------------------------------------------
---------------------------------------------------------------------------------
Finished Renaming Generated Ports : Time (s): cpu = 00:00:16 ; elapsed = 00:00:17 . Memory (MB): peak = 1684.723 ; gain = 567.988
---------------------------------------------------------------------------------
---------------------------------------------------------------------------------
Start Handling Custom Attributes
---------------------------------------------------------------------------------
---------------------------------------------------------------------------------
Finished Handling Custom Attributes : Time (s): cpu = 00:00:16 ; elapsed = 00:00:17 . Memory (MB): peak = 1684.723 ; gain = 567.988
---------------------------------------------------------------------------------
---------------------------------------------------------------------------------
Start Renaming Generated Nets
---------------------------------------------------------------------------------
---------------------------------------------------------------------------------
Finished Renaming Generated Nets : Time (s): cpu = 00:00:16 ; elapsed = 00:00:17 . Memory (MB): peak = 1684.723 ; gain = 567.988
---------------------------------------------------------------------------------
---------------------------------------------------------------------------------
Start Writing Synthesis Report
---------------------------------------------------------------------------------

Report BlackBoxes: 
+------+------------------------------------------------------+----------+
|      |BlackBox name                                         |Instances |
+------+------------------------------------------------------+----------+
|1     |protection_system_axi_gpio_stage1d_0_0                |         1|
|2     |protection_system_proc_sys_reset_0_0                  |         1|
|3     |protection_system_proc_sys_reset_stage2i_b2_src_0     |         1|
|4     |protection_system_processing_system7_0_0              |         1|
|5     |protection_system_protection_ip_axi_lite_0_0          |         1|
|6     |protection_system_smartconnect_0_0                    |         1|
|7     |protection_system_stage2i_b2_ready_aware_stimulus_0_0 |         1|
|8     |protection_system_system_ila_stage2b_0_0              |         1|
|9     |protection_system_system_ila_stage2i_b2_source_0_0    |         1|
+------+------------------------------------------------------+----------+

Report Cell Usage: 
+------+----------------------------------------------------+------+
|      |Cell                                                |Count |
+------+----------------------------------------------------+------+
|1     |protection_system_axi_gpio_stage1d_0                |     1|
|2     |protection_system_proc_sys_reset_0                  |     1|
|3     |protection_system_proc_sys_reset_stage2i_b2_src     |     1|
|4     |protection_system_processing_system7_0              |     1|
|5     |protection_system_protection_ip_axi_lite_0          |     1|
|6     |protection_system_smartconnect_0                    |     1|
|7     |protection_system_stage2i_b2_ready_aware_stimulus_0 |     1|
|8     |protection_system_system_ila_stage2b_0              |     1|
|9     |protection_system_system_ila_stage2i_b2_source_0    |     1|
+------+----------------------------------------------------+------+
---------------------------------------------------------------------------------
Finished Writing Synthesis Report : Time (s): cpu = 00:00:16 ; elapsed = 00:00:17 . Memory (MB): peak = 1684.723 ; gain = 567.988
---------------------------------------------------------------------------------
Synthesis finished with 0 errors, 0 critical warnings and 1 warnings.
Synthesis Optimization Runtime : Time (s): cpu = 00:00:11 ; elapsed = 00:00:15 . Memory (MB): peak = 1684.723 ; gain = 564.395
Synthesis Optimization Complete : Time (s): cpu = 00:00:16 ; elapsed = 00:00:17 . Memory (MB): peak = 1684.723 ; gain = 567.988
INFO: [Project 1-571] Translating synthesized netlist
Netlist sorting complete. Time (s): cpu = 00:00:00 ; elapsed = 00:00:00.004 . Memory (MB): peak = 1684.723 ; gain = 0.000
INFO: [Project 1-570] Preparing netlist for logic optimization
INFO: [Opt 31-138] Pushed 0 inverter(s) to 0 load pin(s).
Netlist sorting complete. Time (s): cpu = 00:00:00 ; elapsed = 00:00:00 . Memory (MB): peak = 1692.285 ; gain = 0.000
INFO: [Project 1-111] Unisim Transformation Summary:
No Unisim elements were transformed.

Synth Design complete | Checksum: 3d7faabd
INFO: [Common 17-83] Releasing license: Synthesis
42 Infos, 19 Warnings, 0 Critical Warnings and 0 Errors encountered.
synth_design completed successfully
synth_design: Time (s): cpu = 00:00:19 ; elapsed = 00:00:21 . Memory (MB): peak = 1696.266 ; gain = 1009.773
INFO: [Common 17-1381] The checkpoint '<EXTERNAL_BUILD>/w/project/s1e_e608f8c11cc8.runs/synth_1/protection_system_wrapper.dcp' has been generated.
INFO: [Vivado 12-24828] Executing command : report_utilization -file protection_system_wrapper_utilization_synth.rpt -pb protection_system_wrapper_utilization_synth.pb
INFO: [Common 17-206] Exiting Vivado at Wed Sep  9 17:12:45 2026...
[Wed Sep  9 17:12:51 2026] synth_1 finished
wait_on_runs: Time (s): cpu = 00:00:01 ; elapsed = 00:07:07 . Memory (MB): peak = 1368.340 ; gain = 0.000
[Wed Sep  9 17:12:54 2026] Launched impl_1...
Run output will be captured here: <EXTERNAL_BUILD>/w/project/s1e_e608f8c11cc8.runs/impl_1/runme.log
[Wed Sep  9 17:12:54 2026] Waiting for impl_1 to finish...


*** Running vivado
    with args -log protection_system_wrapper.vdi -applog -m64 -product Vivado -messageDb vivado.pb -mode batch -source protection_system_wrapper.tcl -notrace



****** Vivado v2024.1 (64-bit)
  **** SW Build 5076996 on Wed May 22 18:37:14 MDT 2024
  **** IP Build 5075265 on Wed May 22 21:45:21 MDT 2024
  **** SharedData Build 5076995 on Wed May 22 18:29:18 MDT 2024
  **** Start of session at: Wed Sep  9 17:13:02 2026
    ** Copyright 1986-2022 Xilinx, Inc. All Rights Reserved.
    ** Copyright 2022-2024 Advanced Micro Devices, Inc. All Rights Reserved.

source protection_system_wrapper.tcl -notrace
INFO: [IP_Flow 19-234] Refreshing IP repositories
INFO: [IP_Flow 19-1700] Loaded user IP repository '<EXTERNAL_BUILD>/w/ip_repo'.
INFO: [IP_Flow 19-2313] Loaded Vivado IP repository '<EXTERNAL_PATH>'.
Command: link_design -top protection_system_wrapper -part xc7z020clg400-1
Design is defaulting to srcset: sources_1
Design is defaulting to constrset: constrs_1
INFO: [Device 21-403] Loading part xc7z020clg400-1
INFO: [Device 21-9227] Part: xc7z020clg400-1 does not have CEAM library.
INFO: [Project 1-454] Reading design checkpoint '<EXTERNAL_BUILD>/w/project/s1e_e608f8c11cc8.gen/sources_1/bd/protection_system/ip/protection_system_axi_gpio_stage1d_0_0/protection_system_axi_gpio_stage1d_0_0.dcp' for cell 'protection_system_i/axi_gpio_stage1d_0'
INFO: [Project 1-454] Reading design checkpoint '<EXTERNAL_BUILD>/w/project/s1e_e608f8c11cc8.gen/sources_1/bd/protection_system/ip/protection_system_proc_sys_reset_0_0/protection_system_proc_sys_reset_0_0.dcp' for cell 'protection_system_i/proc_sys_reset_0'
INFO: [Project 1-454] Reading design checkpoint '<EXTERNAL_BUILD>/w/project/s1e_e608f8c11cc8.gen/sources_1/bd/protection_system/ip/protection_system_proc_sys_reset_stage2i_b2_src_0/protection_system_proc_sys_reset_stage2i_b2_src_0.dcp' for cell 'protection_system_i/proc_sys_reset_stage2i_b2_src'
INFO: [Project 1-454] Reading design checkpoint '<EXTERNAL_BUILD>/w/project/s1e_e608f8c11cc8.gen/sources_1/bd/protection_system/ip/protection_system_processing_system7_0_0/protection_system_processing_system7_0_0.dcp' for cell 'protection_system_i/processing_system7_0'
INFO: [Project 1-454] Reading design checkpoint '<EXTERNAL_BUILD>/w/project/s1e_e608f8c11cc8.gen/sources_1/bd/protection_system/ip/protection_system_protection_ip_axi_lite_0_0/protection_system_protection_ip_axi_lite_0_0.dcp' for cell 'protection_system_i/protection_ip_axi_lite_0'
INFO: [Project 1-454] Reading design checkpoint '<EXTERNAL_BUILD>/w/project/s1e_e608f8c11cc8.gen/sources_1/bd/protection_system/ip/protection_system_smartconnect_0_0/protection_system_smartconnect_0_0.dcp' for cell 'protection_system_i/smartconnect_0'
INFO: [Project 1-454] Reading design checkpoint '<EXTERNAL_BUILD>/w/project/s1e_e608f8c11cc8.gen/sources_1/bd/protection_system/ip/protection_system_stage2i_b2_ready_aware_stimulus_0_0/protection_system_stage2i_b2_ready_aware_stimulus_0_0.dcp' for cell 'protection_system_i/stage2i_b2_ready_aware_stimulus_0'
INFO: [Project 1-454] Reading design checkpoint '<EXTERNAL_BUILD>/w/project/s1e_e608f8c11cc8.gen/sources_1/bd/protection_system/ip/protection_system_system_ila_stage2b_0_0/protection_system_system_ila_stage2b_0_0.dcp' for cell 'protection_system_i/system_ila_stage2b_0'
INFO: [Project 1-454] Reading design checkpoint '<EXTERNAL_BUILD>/w/project/s1e_e608f8c11cc8.gen/sources_1/bd/protection_system/ip/protection_system_system_ila_stage2i_b2_source_0_0/protection_system_system_ila_stage2i_b2_source_0_0.dcp' for cell 'protection_system_i/system_ila_stage2i_b2_source_0'
Netlist sorting complete. Time (s): cpu = 00:00:01 ; elapsed = 00:00:00.174 . Memory (MB): peak = 1212.242 ; gain = 0.000
INFO: [Netlist 29-17] Analyzing 832 Unisim elements for replacement
INFO: [Netlist 29-28] Unisim Transformation completed in 0 CPU seconds
INFO: [Project 1-479] Netlist was created with Vivado 2024.1
INFO: [Project 1-570] Preparing netlist for logic optimization
INFO: [Chipscope 16-324] Core: protection_system_i/system_ila_stage2b_0/inst/ila_lib UUID: d7b45764-7007-5596-aecf-2f7d7b2da69e 
INFO: [Chipscope 16-324] Core: protection_system_i/system_ila_stage2i_b2_source_0/inst/ila_lib UUID: e51fae14-a994-5e78-ab86-c43c860b989b 
Parsing XDC File [<EXTERNAL_BUILD>/w/project/s1e_e608f8c11cc8.gen/sources_1/bd/protection_system/ip/protection_system_processing_system7_0_0/protection_system_processing_system7_0_0.xdc] for cell 'protection_system_i/processing_system7_0/inst'
Finished Parsing XDC File [<EXTERNAL_BUILD>/w/project/s1e_e608f8c11cc8.gen/sources_1/bd/protection_system/ip/protection_system_processing_system7_0_0/protection_system_processing_system7_0_0.xdc] for cell 'protection_system_i/processing_system7_0/inst'
Parsing XDC File [<EXTERNAL_BUILD>/w/project/s1e_e608f8c11cc8.gen/sources_1/bd/protection_system/ip/protection_system_proc_sys_reset_0_0/protection_system_proc_sys_reset_0_0_board.xdc] for cell 'protection_system_i/proc_sys_reset_0/U0'
Finished Parsing XDC File [<EXTERNAL_BUILD>/w/project/s1e_e608f8c11cc8.gen/sources_1/bd/protection_system/ip/protection_system_proc_sys_reset_0_0/protection_system_proc_sys_reset_0_0_board.xdc] for cell 'protection_system_i/proc_sys_reset_0/U0'
Parsing XDC File [<EXTERNAL_BUILD>/w/project/s1e_e608f8c11cc8.gen/sources_1/bd/protection_system/ip/protection_system_proc_sys_reset_0_0/protection_system_proc_sys_reset_0_0.xdc] for cell 'protection_system_i/proc_sys_reset_0/U0'
Finished Parsing XDC File [<EXTERNAL_BUILD>/w/project/s1e_e608f8c11cc8.gen/sources_1/bd/protection_system/ip/protection_system_proc_sys_reset_0_0/protection_system_proc_sys_reset_0_0.xdc] for cell 'protection_system_i/proc_sys_reset_0/U0'
Parsing XDC File [<EXTERNAL_BUILD>/w/project/s1e_e608f8c11cc8.gen/sources_1/bd/protection_system/ip/protection_system_smartconnect_0_0/bd_0/ip/ip_1/bd_26d4_psr_aclk_0_board.xdc] for cell 'protection_system_i/smartconnect_0/inst/clk_map/psr_aclk/U0'
Finished Parsing XDC File [<EXTERNAL_BUILD>/w/project/s1e_e608f8c11cc8.gen/sources_1/bd/protection_system/ip/protection_system_smartconnect_0_0/bd_0/ip/ip_1/bd_26d4_psr_aclk_0_board.xdc] for cell 'protection_system_i/smartconnect_0/inst/clk_map/psr_aclk/U0'
Parsing XDC File [<EXTERNAL_BUILD>/w/project/s1e_e608f8c11cc8.gen/sources_1/bd/protection_system/ip/protection_system_smartconnect_0_0/bd_0/ip/ip_1/bd_26d4_psr_aclk_0.xdc] for cell 'protection_system_i/smartconnect_0/inst/clk_map/psr_aclk/U0'
Finished Parsing XDC File [<EXTERNAL_BUILD>/w/project/s1e_e608f8c11cc8.gen/sources_1/bd/protection_system/ip/protection_system_smartconnect_0_0/bd_0/ip/ip_1/bd_26d4_psr_aclk_0.xdc] for cell 'protection_system_i/smartconnect_0/inst/clk_map/psr_aclk/U0'
Parsing XDC File [<EXTERNAL_BUILD>/w/project/s1e_e608f8c11cc8.gen/sources_1/bd/protection_system/ip/protection_system_smartconnect_0_0/bd_0/ip/ip_12/bd_26d4_arni_0_clocks.xdc] for cell 'protection_system_i/smartconnect_0/inst/switchboards/i_nodes/i_ar_node/inst'
WARNING: [Vivado_Tcl 4-921] Waiver ID 'CDC-1' -to list should not be empty. [<EXTERNAL_BUILD>/w/project/s1e_e608f8c11cc8.gen/sources_1/bd/protection_system/ip/protection_system_smartconnect_0_0/bd_0/ip/ip_12/bd_26d4_arni_0_clocks.xdc:49]
WARNING: [Vivado_Tcl 4-921] Waiver ID 'CDC-1' -to list should not be empty. [<EXTERNAL_BUILD>/w/project/s1e_e608f8c11cc8.gen/sources_1/bd/protection_system/ip/protection_system_smartconnect_0_0/bd_0/ip/ip_12/bd_26d4_arni_0_clocks.xdc:52]
WARNING: [Vivado_Tcl 4-921] Waiver ID 'CDC-1' -to list should not be empty. [<EXTERNAL_BUILD>/w/project/s1e_e608f8c11cc8.gen/sources_1/bd/protection_system/ip/protection_system_smartconnect_0_0/bd_0/ip/ip_12/bd_26d4_arni_0_clocks.xdc:55]
WARNING: [Vivado_Tcl 4-921] Waiver ID 'CDC-1' -to list should not be empty. [<EXTERNAL_BUILD>/w/project/s1e_e608f8c11cc8.gen/sources_1/bd/protection_system/ip/protection_system_smartconnect_0_0/bd_0/ip/ip_12/bd_26d4_arni_0_clocks.xdc:59]
WARNING: [Vivado_Tcl 4-921] Waiver ID 'CDC-1' -to list should not be empty. [<EXTERNAL_BUILD>/w/project/s1e_e608f8c11cc8.gen/sources_1/bd/protection_system/ip/protection_system_smartconnect_0_0/bd_0/ip/ip_12/bd_26d4_arni_0_clocks.xdc:66]
WARNING: [Vivado_Tcl 4-921] Waiver ID 'CDC-1' -to list should not be empty. [<EXTERNAL_BUILD>/w/project/s1e_e608f8c11cc8.gen/sources_1/bd/protection_system/ip/protection_system_smartconnect_0_0/bd_0/ip/ip_12/bd_26d4_arni_0_clocks.xdc:70]
WARNING: [Vivado_Tcl 4-921] Waiver ID 'CDC-1' -to list should not be empty. [<EXTERNAL_BUILD>/w/project/s1e_e608f8c11cc8.gen/sources_1/bd/protection_system/ip/protection_system_smartconnect_0_0/bd_0/ip/ip_12/bd_26d4_arni_0_clocks.xdc:82]
WARNING: [Vivado_Tcl 4-921] Waiver ID 'CDC-4' -to list should not be empty. [<EXTERNAL_BUILD>/w/project/s1e_e608f8c11cc8.gen/sources_1/bd/protection_system/ip/protection_system_smartconnect_0_0/bd_0/ip/ip_12/bd_26d4_arni_0_clocks.xdc:85]
WARNING: [Vivado_Tcl 4-921] Waiver ID 'CDC-4' -to list should not be empty. [<EXTERNAL_BUILD>/w/project/s1e_e608f8c11cc8.gen/sources_1/bd/protection_system/ip/protection_system_smartconnect_0_0/bd_0/ip/ip_12/bd_26d4_arni_0_clocks.xdc:88]
WARNING: [Vivado_Tcl 4-921] Waiver ID 'CDC-2' -to list should not be empty. [<EXTERNAL_BUILD>/w/project/s1e_e608f8c11cc8.gen/sources_1/bd/protection_system/ip/protection_system_smartconnect_0_0/bd_0/ip/ip_12/bd_26d4_arni_0_clocks.xdc:91]
WARNING: [Vivado_Tcl 4-921] Waiver ID 'CDC-2' -to list should not be empty. [<EXTERNAL_BUILD>/w/project/s1e_e608f8c11cc8.gen/sources_1/bd/protection_system/ip/protection_system_smartconnect_0_0/bd_0/ip/ip_12/bd_26d4_arni_0_clocks.xdc:94]
WARNING: [Vivado_Tcl 4-921] Waiver ID 'CDC-2' -to list should not be empty. [<EXTERNAL_BUILD>/w/project/s1e_e608f8c11cc8.gen/sources_1/bd/protection_system/ip/protection_system_smartconnect_0_0/bd_0/ip/ip_12/bd_26d4_arni_0_clocks.xdc:97]
WARNING: [Vivado_Tcl 4-921] Waiver ID 'CDC-2' -to list should not be empty. [<EXTERNAL_BUILD>/w/project/s1e_e608f8c11cc8.gen/sources_1/bd/protection_system/ip/protection_system_smartconnect_0_0/bd_0/ip/ip_12/bd_26d4_arni_0_clocks.xdc:100]
WARNING: [Vivado_Tcl 4-921] Waiver ID 'CDC-1' -to list should not be empty. [<EXTERNAL_BUILD>/w/project/s1e_e608f8c11cc8.gen/sources_1/bd/protection_system/ip/protection_system_smartconnect_0_0/bd_0/ip/ip_12/bd_26d4_arni_0_clocks.xdc:104]
WARNING: [Vivado_Tcl 4-921] Waiver ID 'CDC-10' -to list should not be empty. [<EXTERNAL_BUILD>/w/project/s1e_e608f8c11cc8.gen/sources_1/bd/protection_system/ip/protection_system_smartconnect_0_0/bd_0/ip/ip_12/bd_26d4_arni_0_clocks.xdc:107]
WARNING: [Vivado_Tcl 4-921] Waiver ID 'CDC-10' -to list should not be empty. [<EXTERNAL_BUILD>/w/project/s1e_e608f8c11cc8.gen/sources_1/bd/protection_system/ip/protection_system_smartconnect_0_0/bd_0/ip/ip_12/bd_26d4_arni_0_clocks.xdc:110]
WARNING: [Vivado_Tcl 4-921] Waiver ID 'CDC-1' -to list should not be empty. [<EXTERNAL_BUILD>/w/project/s1e_e608f8c11cc8.gen/sources_1/bd/protection_system/ip/protection_system_smartconnect_0_0/bd_0/ip/ip_12/bd_26d4_arni_0_clocks.xdc:113]
WARNING: [Vivado_Tcl 4-921] Waiver ID 'CDC-1' -to list should not be empty. [<EXTERNAL_BUILD>/w/project/s1e_e608f8c11cc8.gen/sources_1/bd/protection_system/ip/protection_system_smartconnect_0_0/bd_0/ip/ip_12/bd_26d4_arni_0_clocks.xdc:116]
WARNING: [Vivado_Tcl 4-921] Waiver ID 'CDC-13' -to list should not be empty. [<EXTERNAL_BUILD>/w/project/s1e_e608f8c11cc8.gen/sources_1/bd/protection_system/ip/protection_system_smartconnect_0_0/bd_0/ip/ip_12/bd_26d4_arni_0_clocks.xdc:122]
WARNING: [Vivado_Tcl 4-921] Waiver ID 'CDC-1' -to list should not be empty. [<EXTERNAL_BUILD>/w/project/s1e_e608f8c11cc8.gen/sources_1/bd/protection_system/ip/protection_system_smartconnect_0_0/bd_0/ip/ip_12/bd_26d4_arni_0_clocks.xdc:125]
WARNING: [Vivado_Tcl 4-921] Waiver ID 'CDC-1' -to list should not be empty. [<EXTERNAL_BUILD>/w/project/s1e_e608f8c11cc8.gen/sources_1/bd/protection_system/ip/protection_system_smartconnect_0_0/bd_0/ip/ip_12/bd_26d4_arni_0_clocks.xdc:128]
WARNING: [Vivado_Tcl 4-921] Waiver ID 'CDC-13' -to list should not be empty. [<EXTERNAL_BUILD>/w/project/s1e_e608f8c11cc8.gen/sources_1/bd/protection_system/ip/protection_system_smartconnect_0_0/bd_0/ip/ip_12/bd_26d4_arni_0_clocks.xdc:131]
WARNING: [Vivado_Tcl 4-921] Waiver ID 'CDC-1' -to list should not be empty. [<EXTERNAL_BUILD>/w/project/s1e_e608f8c11cc8.gen/sources_1/bd/protection_system/ip/protection_system_smartconnect_0_0/bd_0/ip/ip_12/bd_26d4_arni_0_clocks.xdc:134]
WARNING: [Vivado_Tcl 4-921] Waiver ID 'CDC-10' -to list should not be empty. [<EXTERNAL_BUILD>/w/project/s1e_e608f8c11cc8.gen/sources_1/bd/protection_system/ip/protection_system_smartconnect_0_0/bd_0/ip/ip_12/bd_26d4_arni_0_clocks.xdc:137]
WARNING: [Vivado_Tcl 4-921] Waiver ID 'CDC-1' -to list should not be empty. [<EXTERNAL_BUILD>/w/project/s1e_e608f8c11cc8.gen/sources_1/bd/protection_system/ip/protection_system_smartconnect_0_0/bd_0/ip/ip_12/bd_26d4_arni_0_clocks.xdc:140]
WARNING: [Vivado_Tcl 4-921] Waiver ID 'CDC-1' -to list should not be empty. [<EXTERNAL_BUILD>/w/project/s1e_e608f8c11cc8.gen/sources_1/bd/protection_system/ip/protection_system_smartconnect_0_0/bd_0/ip/ip_12/bd_26d4_arni_0_clocks.xdc:143]
WARNING: [Vivado_Tcl 4-921] Waiver ID 'CDC-1' -to list should not be empty. [<EXTERNAL_BUILD>/w/project/s1e_e608f8c11cc8.gen/sources_1/bd/protection_system/ip/protection_system_smartconnect_0_0/bd_0/ip/ip_12/bd_26d4_arni_0_clocks.xdc:146]
WARNING: [Vivado_Tcl 4-921] Waiver ID 'CDC-2' -to list should not be empty. [<EXTERNAL_BUILD>/w/project/s1e_e608f8c11cc8.gen/sources_1/bd/protection_system/ip/protection_system_smartconnect_0_0/bd_0/ip/ip_12/bd_26d4_arni_0_clocks.xdc:149]
WARNING: [Vivado_Tcl 4-921] Waiver ID 'CDC-1' -to list should not be empty. [<EXTERNAL_BUILD>/w/project/s1e_e608f8c11cc8.gen/sources_1/bd/protection_system/ip/protection_system_smartconnect_0_0/bd_0/ip/ip_12/bd_26d4_arni_0_clocks.xdc:152]
WARNING: [Vivado_Tcl 4-921] Waiver ID 'CDC-1' -to list should not be empty. [<EXTERNAL_BUILD>/w/project/s1e_e608f8c11cc8.gen/sources_1/bd/protection_system/ip/protection_system_smartconnect_0_0/bd_0/ip/ip_12/bd_26d4_arni_0_clocks.xdc:155]
WARNING: [Vivado_Tcl 4-921] Waiver ID 'CDC-1' -to list should not be empty. [<EXTERNAL_BUILD>/w/project/s1e_e608f8c11cc8.gen/sources_1/bd/protection_system/ip/protection_system_smartconnect_0_0/bd_0/ip/ip_12/bd_26d4_arni_0_clocks.xdc:158]
WARNING: [Vivado_Tcl 4-921] Waiver ID 'CDC-10' -to list should not be empty. [<EXTERNAL_BUILD>/w/project/s1e_e608f8c11cc8.gen/sources_1/bd/protection_system/ip/protection_system_smartconnect_0_0/bd_0/ip/ip_12/bd_26d4_arni_0_clocks.xdc:161]
WARNING: [Vivado_Tcl 4-921] Waiver ID 'CDC-4' -to list should not be empty. [<EXTERNAL_BUILD>/w/project/s1e_e608f8c11cc8.gen/sources_1/bd/protection_system/ip/protection_system_smartconnect_0_0/bd_0/ip/ip_12/bd_26d4_arni_0_clocks.xdc:164]
WARNING: [Vivado_Tcl 4-921] Waiver ID 'CDC-4' -to list should not be empty. [<EXTERNAL_BUILD>/w/project/s1e_e608f8c11cc8.gen/sources_1/bd/protection_system/ip/protection_system_smartconnect_0_0/bd_0/ip/ip_12/bd_26d4_arni_0_clocks.xdc:167]
WARNING: [Vivado_Tcl 4-921] Waiver ID 'CDC-4' -to list should not be empty. [<EXTERNAL_BUILD>/w/project/s1e_e608f8c11cc8.gen/sources_1/bd/protection_system/ip/protection_system_smartconnect_0_0/bd_0/ip/ip_12/bd_26d4_arni_0_clocks.xdc:171]
WARNING: [Vivado_Tcl 4-921] Waiver ID 'CDC-4' -to list should not be empty. [<EXTERNAL_BUILD>/w/project/s1e_e608f8c11cc8.gen/sources_1/bd/protection_system/ip/protection_system_smartconnect_0_0/bd_0/ip/ip_12/bd_26d4_arni_0_clocks.xdc:174]
WARNING: [Vivado_Tcl 4-921] Waiver ID 'CDC-1' -to list should not be empty. [<EXTERNAL_BUILD>/w/project/s1e_e608f8c11cc8.gen/sources_1/bd/protection_system/ip/protection_system_smartconnect_0_0/bd_0/ip/ip_12/bd_26d4_arni_0_clocks.xdc:178]
WARNING: [Vivado_Tcl 4-935] Waiver ID 'CDC-1' is a duplicate and will not be added again. [<EXTERNAL_BUILD>/w/project/s1e_e608f8c11cc8.gen/sources_1/bd/protection_system/ip/protection_system_smartconnect_0_0/bd_0/ip/ip_12/bd_26d4_arni_0_clocks.xdc:181]
WARNING: [Vivado_Tcl 4-921] Waiver ID 'CDC-13' -to list should not be empty. [<EXTERNAL_BUILD>/w/project/s1e_e608f8c11cc8.gen/sources_1/bd/protection_system/ip/protection_system_smartconnect_0_0/bd_0/ip/ip_12/bd_26d4_arni_0_clocks.xdc:184]
Finished Parsing XDC File [<EXTERNAL_BUILD>/w/project/s1e_e608f8c11cc8.gen/sources_1/bd/protection_system/ip/protection_system_smartconnect_0_0/bd_0/ip/ip_12/bd_26d4_arni_0_clocks.xdc] for cell 'protection_system_i/smartconnect_0/inst/switchboards/i_nodes/i_ar_node/inst'
Parsing XDC File [<EXTERNAL_BUILD>/w/project/s1e_e608f8c11cc8.gen/sources_1/bd/protection_system/ip/protection_system_smartconnect_0_0/bd_0/ip/ip_13/bd_26d4_rni_0_clocks.xdc] for cell 'protection_system_i/smartconnect_0/inst/switchboards/i_nodes/i_r_node/inst'
WARNING: [Vivado_Tcl 4-921] Waiver ID 'CDC-1' -to list should not be empty. [<EXTERNAL_BUILD>/w/project/s1e_e608f8c11cc8.gen/sources_1/bd/protection_system/ip/protection_system_smartconnect_0_0/bd_0/ip/ip_13/bd_26d4_rni_0_clocks.xdc:49]
WARNING: [Vivado_Tcl 4-921] Waiver ID 'CDC-1' -to list should not be empty. [<EXTERNAL_BUILD>/w/project/s1e_e608f8c11cc8.gen/sources_1/bd/protection_system/ip/protection_system_smartconnect_0_0/bd_0/ip/ip_13/bd_26d4_rni_0_clocks.xdc:52]
WARNING: [Vivado_Tcl 4-921] Waiver ID 'CDC-1' -to list should not be empty. [<EXTERNAL_BUILD>/w/project/s1e_e608f8c11cc8.gen/sources_1/bd/protection_system/ip/protection_system_smartconnect_0_0/bd_0/ip/ip_13/bd_26d4_rni_0_clocks.xdc:55]
WARNING: [Vivado_Tcl 4-921] Waiver ID 'CDC-1' -to list should not be empty. [<EXTERNAL_BUILD>/w/project/s1e_e608f8c11cc8.gen/sources_1/bd/protection_system/ip/protection_system_smartconnect_0_0/bd_0/ip/ip_13/bd_26d4_rni_0_clocks.xdc:59]
WARNING: [Vivado_Tcl 4-921] Waiver ID 'CDC-1' -to list should not be empty. [<EXTERNAL_BUILD>/w/project/s1e_e608f8c11cc8.gen/sources_1/bd/protection_system/ip/protection_system_smartconnect_0_0/bd_0/ip/ip_13/bd_26d4_rni_0_clocks.xdc:66]
WARNING: [Vivado_Tcl 4-921] Waiver ID 'CDC-1' -to list should not be empty. [<EXTERNAL_BUILD>/w/project/s1e_e608f8c11cc8.gen/sources_1/bd/protection_system/ip/protection_system_smartconnect_0_0/bd_0/ip/ip_13/bd_26d4_rni_0_clocks.xdc:70]
WARNING: [Vivado_Tcl 4-921] Waiver ID 'CDC-1' -to list should not be empty. [<EXTERNAL_BUILD>/w/project/s1e_e608f8c11cc8.gen/sources_1/bd/protection_system/ip/protection_system_smartconnect_0_0/bd_0/ip/ip_13/bd_26d4_rni_0_clocks.xdc:82]
WARNING: [Vivado_Tcl 4-921] Waiver ID 'CDC-4' -to list should not be empty. [<EXTERNAL_BUILD>/w/project/s1e_e608f8c11cc8.gen/sources_1/bd/protection_system/ip/protection_system_smartconnect_0_0/bd_0/ip/ip_13/bd_26d4_rni_0_clocks.xdc:85]
WARNING: [Vivado_Tcl 4-921] Waiver ID 'CDC-4' -to list should not be empty. [<EXTERNAL_BUILD>/w/project/s1e_e608f8c11cc8.gen/sources_1/bd/protection_system/ip/protection_system_smartconnect_0_0/bd_0/ip/ip_13/bd_26d4_rni_0_clocks.xdc:88]
WARNING: [Vivado_Tcl 4-921] Waiver ID 'CDC-2' -to list should not be empty. [<EXTERNAL_BUILD>/w/project/s1e_e608f8c11cc8.gen/sources_1/bd/protection_system/ip/protection_system_smartconnect_0_0/bd_0/ip/ip_13/bd_26d4_rni_0_clocks.xdc:91]
WARNING: [Vivado_Tcl 4-921] Waiver ID 'CDC-2' -to list should not be empty. [<EXTERNAL_BUILD>/w/project/s1e_e608f8c11cc8.gen/sources_1/bd/protection_system/ip/protection_system_smartconnect_0_0/bd_0/ip/ip_13/bd_26d4_rni_0_clocks.xdc:94]
WARNING: [Vivado_Tcl 4-921] Waiver ID 'CDC-2' -to list should not be empty. [<EXTERNAL_BUILD>/w/project/s1e_e608f8c11cc8.gen/sources_1/bd/protection_system/ip/protection_system_smartconnect_0_0/bd_0/ip/ip_13/bd_26d4_rni_0_clocks.xdc:97]
WARNING: [Vivado_Tcl 4-921] Waiver ID 'CDC-2' -to list should not be empty. [<EXTERNAL_BUILD>/w/project/s1e_e608f8c11cc8.gen/sources_1/bd/protection_system/ip/protection_system_smartconnect_0_0/bd_0/ip/ip_13/bd_26d4_rni_0_clocks.xdc:100]
WARNING: [Vivado_Tcl 4-921] Waiver ID 'CDC-1' -to list should not be empty. [<EXTERNAL_BUILD>/w/project/s1e_e608f8c11cc8.gen/sources_1/bd/protection_system/ip/protection_system_smartconnect_0_0/bd_0/ip/ip_13/bd_26d4_rni_0_clocks.xdc:104]
WARNING: [Vivado_Tcl 4-921] Waiver ID 'CDC-10' -to list should not be empty. [<EXTERNAL_BUILD>/w/project/s1e_e608f8c11cc8.gen/sources_1/bd/protection_system/ip/protection_system_smartconnect_0_0/bd_0/ip/ip_13/bd_26d4_rni_0_clocks.xdc:107]
WARNING: [Vivado_Tcl 4-921] Waiver ID 'CDC-10' -to list should not be empty. [<EXTERNAL_BUILD>/w/project/s1e_e608f8c11cc8.gen/sources_1/bd/protection_system/ip/protection_system_smartconnect_0_0/bd_0/ip/ip_13/bd_26d4_rni_0_clocks.xdc:110]
WARNING: [Vivado_Tcl 4-921] Waiver ID 'CDC-1' -to list should not be empty. [<EXTERNAL_BUILD>/w/project/s1e_e608f8c11cc8.gen/sources_1/bd/protection_system/ip/protection_system_smartconnect_0_0/bd_0/ip/ip_13/bd_26d4_rni_0_clocks.xdc:113]
WARNING: [Vivado_Tcl 4-921] Waiver ID 'CDC-1' -to list should not be empty. [<EXTERNAL_BUILD>/w/project/s1e_e608f8c11cc8.gen/sources_1/bd/protection_system/ip/protection_system_smartconnect_0_0/bd_0/ip/ip_13/bd_26d4_rni_0_clocks.xdc:116]
WARNING: [Vivado_Tcl 4-921] Waiver ID 'CDC-13' -to list should not be empty. [<EXTERNAL_BUILD>/w/project/s1e_e608f8c11cc8.gen/sources_1/bd/protection_system/ip/protection_system_smartconnect_0_0/bd_0/ip/ip_13/bd_26d4_rni_0_clocks.xdc:122]
WARNING: [Vivado_Tcl 4-921] Waiver ID 'CDC-1' -to list should not be empty. [<EXTERNAL_BUILD>/w/project/s1e_e608f8c11cc8.gen/sources_1/bd/protection_system/ip/protection_system_smartconnect_0_0/bd_0/ip/ip_13/bd_26d4_rni_0_clocks.xdc:125]
WARNING: [Vivado_Tcl 4-921] Waiver ID 'CDC-1' -to list should not be empty. [<EXTERNAL_BUILD>/w/project/s1e_e608f8c11cc8.gen/sources_1/bd/protection_system/ip/protection_system_smartconnect_0_0/bd_0/ip/ip_13/bd_26d4_rni_0_clocks.xdc:128]
WARNING: [Vivado_Tcl 4-921] Waiver ID 'CDC-13' -to list should not be empty. [<EXTERNAL_BUILD>/w/project/s1e_e608f8c11cc8.gen/sources_1/bd/protection_system/ip/protection_system_smartconnect_0_0/bd_0/ip/ip_13/bd_26d4_rni_0_clocks.xdc:131]
WARNING: [Vivado_Tcl 4-921] Waiver ID 'CDC-1' -to list should not be empty. [<EXTERNAL_BUILD>/w/project/s1e_e608f8c11cc8.gen/sources_1/bd/protection_system/ip/protection_system_smartconnect_0_0/bd_0/ip/ip_13/bd_26d4_rni_0_clocks.xdc:134]
WARNING: [Vivado_Tcl 4-921] Waiver ID 'CDC-10' -to list should not be empty. [<EXTERNAL_BUILD>/w/project/s1e_e608f8c11cc8.gen/sources_1/bd/protection_system/ip/protection_system_smartconnect_0_0/bd_0/ip/ip_13/bd_26d4_rni_0_clocks.xdc:137]
WARNING: [Vivado_Tcl 4-921] Waiver ID 'CDC-1' -to list should not be empty. [<EXTERNAL_BUILD>/w/project/s1e_e608f8c11cc8.gen/sources_1/bd/protection_system/ip/protection_system_smartconnect_0_0/bd_0/ip/ip_13/bd_26d4_rni_0_clocks.xdc:140]
WARNING: [Vivado_Tcl 4-921] Waiver ID 'CDC-1' -to list should not be empty. [<EXTERNAL_BUILD>/w/project/s1e_e608f8c11cc8.gen/sources_1/bd/protection_system/ip/protection_system_smartconnect_0_0/bd_0/ip/ip_13/bd_26d4_rni_0_clocks.xdc:143]
WARNING: [Vivado_Tcl 4-921] Waiver ID 'CDC-1' -to list should not be empty. [<EXTERNAL_BUILD>/w/project/s1e_e608f8c11cc8.gen/sources_1/bd/protection_system/ip/protection_system_smartconnect_0_0/bd_0/ip/ip_13/bd_26d4_rni_0_clocks.xdc:146]
WARNING: [Vivado_Tcl 4-921] Waiver ID 'CDC-2' -to list should not be empty. [<EXTERNAL_BUILD>/w/project/s1e_e608f8c11cc8.gen/sources_1/bd/protection_system/ip/protection_system_smartconnect_0_0/bd_0/ip/ip_13/bd_26d4_rni_0_clocks.xdc:149]
WARNING: [Vivado_Tcl 4-921] Waiver ID 'CDC-1' -to list should not be empty. [<EXTERNAL_BUILD>/w/project/s1e_e608f8c11cc8.gen/sources_1/bd/protection_system/ip/protection_system_smartconnect_0_0/bd_0/ip/ip_13/bd_26d4_rni_0_clocks.xdc:152]
WARNING: [Vivado_Tcl 4-921] Waiver ID 'CDC-1' -to list should not be empty. [<EXTERNAL_BUILD>/w/project/s1e_e608f8c11cc8.gen/sources_1/bd/protection_system/ip/protection_system_smartconnect_0_0/bd_0/ip/ip_13/bd_26d4_rni_0_clocks.xdc:155]
WARNING: [Vivado_Tcl 4-921] Waiver ID 'CDC-1' -to list should not be empty. [<EXTERNAL_BUILD>/w/project/s1e_e608f8c11cc8.gen/sources_1/bd/protection_system/ip/protection_system_smartconnect_0_0/bd_0/ip/ip_13/bd_26d4_rni_0_clocks.xdc:158]
WARNING: [Vivado_Tcl 4-921] Waiver ID 'CDC-10' -to list should not be empty. [<EXTERNAL_BUILD>/w/project/s1e_e608f8c11cc8.gen/sources_1/bd/protection_system/ip/protection_system_smartconnect_0_0/bd_0/ip/ip_13/bd_26d4_rni_0_clocks.xdc:161]
WARNING: [Vivado_Tcl 4-921] Waiver ID 'CDC-4' -to list should not be empty. [<EXTERNAL_BUILD>/w/project/s1e_e608f8c11cc8.gen/sources_1/bd/protection_system/ip/protection_system_smartconnect_0_0/bd_0/ip/ip_13/bd_26d4_rni_0_clocks.xdc:164]
WARNING: [Vivado_Tcl 4-921] Waiver ID 'CDC-4' -to list should not be empty. [<EXTERNAL_BUILD>/w/project/s1e_e608f8c11cc8.gen/sources_1/bd/protection_system/ip/protection_system_smartconnect_0_0/bd_0/ip/ip_13/bd_26d4_rni_0_clocks.xdc:167]
WARNING: [Vivado_Tcl 4-921] Waiver ID 'CDC-4' -to list should not be empty. [<EXTERNAL_BUILD>/w/project/s1e_e608f8c11cc8.gen/sources_1/bd/protection_system/ip/protection_system_smartconnect_0_0/bd_0/ip/ip_13/bd_26d4_rni_0_clocks.xdc:171]
WARNING: [Vivado_Tcl 4-921] Waiver ID 'CDC-4' -to list should not be empty. [<EXTERNAL_BUILD>/w/project/s1e_e608f8c11cc8.gen/sources_1/bd/protection_system/ip/protection_system_smartconnect_0_0/bd_0/ip/ip_13/bd_26d4_rni_0_clocks.xdc:174]
WARNING: [Vivado_Tcl 4-921] Waiver ID 'CDC-1' -to list should not be empty. [<EXTERNAL_BUILD>/w/project/s1e_e608f8c11cc8.gen/sources_1/bd/protection_system/ip/protection_system_smartconnect_0_0/bd_0/ip/ip_13/bd_26d4_rni_0_clocks.xdc:178]
WARNING: [Vivado_Tcl 4-935] Waiver ID 'CDC-1' is a duplicate and will not be added again. [<EXTERNAL_BUILD>/w/project/s1e_e608f8c11cc8.gen/sources_1/bd/protection_system/ip/protection_system_smartconnect_0_0/bd_0/ip/ip_13/bd_26d4_rni_0_clocks.xdc:181]
WARNING: [Vivado_Tcl 4-921] Waiver ID 'CDC-13' -to list should not be empty. [<EXTERNAL_BUILD>/w/project/s1e_e608f8c11cc8.gen/sources_1/bd/protection_system/ip/protection_system_smartconnect_0_0/bd_0/ip/ip_13/bd_26d4_rni_0_clocks.xdc:184]
Finished Parsing XDC File [<EXTERNAL_BUILD>/w/project/s1e_e608f8c11cc8.gen/sources_1/bd/protection_system/ip/protection_system_smartconnect_0_0/bd_0/ip/ip_13/bd_26d4_rni_0_clocks.xdc] for cell 'protection_system_i/smartconnect_0/inst/switchboards/i_nodes/i_r_node/inst'
Parsing XDC File [<EXTERNAL_BUILD>/w/project/s1e_e608f8c11cc8.gen/sources_1/bd/protection_system/ip/protection_system_smartconnect_0_0/bd_0/ip/ip_14/bd_26d4_awni_0_clocks.xdc] for cell 'protection_system_i/smartconnect_0/inst/switchboards/i_nodes/i_aw_node/inst'
WARNING: [Vivado_Tcl 4-921] Waiver ID 'CDC-1' -to list should not be empty. [<EXTERNAL_BUILD>/w/project/s1e_e608f8c11cc8.gen/sources_1/bd/protection_system/ip/protection_system_smartconnect_0_0/bd_0/ip/ip_14/bd_26d4_awni_0_clocks.xdc:49]
WARNING: [Vivado_Tcl 4-921] Waiver ID 'CDC-1' -to list should not be empty. [<EXTERNAL_BUILD>/w/project/s1e_e608f8c11cc8.gen/sources_1/bd/protection_system/ip/protection_system_smartconnect_0_0/bd_0/ip/ip_14/bd_26d4_awni_0_clocks.xdc:52]
WARNING: [Vivado_Tcl 4-921] Waiver ID 'CDC-1' -to list should not be empty. [<EXTERNAL_BUILD>/w/project/s1e_e608f8c11cc8.gen/sources_1/bd/protection_system/ip/protection_system_smartconnect_0_0/bd_0/ip/ip_14/bd_26d4_awni_0_clocks.xdc:55]
WARNING: [Vivado_Tcl 4-921] Waiver ID 'CDC-1' -to list should not be empty. [<EXTERNAL_BUILD>/w/project/s1e_e608f8c11cc8.gen/sources_1/bd/protection_system/ip/protection_system_smartconnect_0_0/bd_0/ip/ip_14/bd_26d4_awni_0_clocks.xdc:59]
WARNING: [Vivado_Tcl 4-921] Waiver ID 'CDC-1' -to list should not be empty. [<EXTERNAL_BUILD>/w/project/s1e_e608f8c11cc8.gen/sources_1/bd/protection_system/ip/protection_system_smartconnect_0_0/bd_0/ip/ip_14/bd_26d4_awni_0_clocks.xdc:66]
WARNING: [Vivado_Tcl 4-921] Waiver ID 'CDC-1' -to list should not be empty. [<EXTERNAL_BUILD>/w/project/s1e_e608f8c11cc8.gen/sources_1/bd/protection_system/ip/protection_system_smartconnect_0_0/bd_0/ip/ip_14/bd_26d4_awni_0_clocks.xdc:70]
WARNING: [Vivado_Tcl 4-921] Waiver ID 'CDC-1' -to list should not be empty. [<EXTERNAL_BUILD>/w/project/s1e_e608f8c11cc8.gen/sources_1/bd/protection_system/ip/protection_system_smartconnect_0_0/bd_0/ip/ip_14/bd_26d4_awni_0_clocks.xdc:82]
WARNING: [Vivado_Tcl 4-921] Waiver ID 'CDC-4' -to list should not be empty. [<EXTERNAL_BUILD>/w/project/s1e_e608f8c11cc8.gen/sources_1/bd/protection_system/ip/protection_system_smartconnect_0_0/bd_0/ip/ip_14/bd_26d4_awni_0_clocks.xdc:85]
WARNING: [Vivado_Tcl 4-921] Waiver ID 'CDC-4' -to list should not be empty. [<EXTERNAL_BUILD>/w/project/s1e_e608f8c11cc8.gen/sources_1/bd/protection_system/ip/protection_system_smartconnect_0_0/bd_0/ip/ip_14/bd_26d4_awni_0_clocks.xdc:88]
WARNING: [Vivado_Tcl 4-921] Waiver ID 'CDC-2' -to list should not be empty. [<EXTERNAL_BUILD>/w/project/s1e_e608f8c11cc8.gen/sources_1/bd/protection_system/ip/protection_system_smartconnect_0_0/bd_0/ip/ip_14/bd_26d4_awni_0_clocks.xdc:91]
WARNING: [Vivado_Tcl 4-921] Waiver ID 'CDC-2' -to list should not be empty. [<EXTERNAL_BUILD>/w/project/s1e_e608f8c11cc8.gen/sources_1/bd/protection_system/ip/protection_system_smartconnect_0_0/bd_0/ip/ip_14/bd_26d4_awni_0_clocks.xdc:94]
WARNING: [Vivado_Tcl 4-921] Waiver ID 'CDC-2' -to list should not be empty. [<EXTERNAL_BUILD>/w/project/s1e_e608f8c11cc8.gen/sources_1/bd/protection_system/ip/protection_system_smartconnect_0_0/bd_0/ip/ip_14/bd_26d4_awni_0_clocks.xdc:97]
WARNING: [Vivado_Tcl 4-921] Waiver ID 'CDC-2' -to list should not be empty. [<EXTERNAL_BUILD>/w/project/s1e_e608f8c11cc8.gen/sources_1/bd/protection_system/ip/protection_system_smartconnect_0_0/bd_0/ip/ip_14/bd_26d4_awni_0_clocks.xdc:100]
WARNING: [Vivado_Tcl 4-921] Waiver ID 'CDC-1' -to list should not be empty. [<EXTERNAL_BUILD>/w/project/s1e_e608f8c11cc8.gen/sources_1/bd/protection_system/ip/protection_system_smartconnect_0_0/bd_0/ip/ip_14/bd_26d4_awni_0_clocks.xdc:104]
WARNING: [Vivado_Tcl 4-921] Waiver ID 'CDC-10' -to list should not be empty. [<EXTERNAL_BUILD>/w/project/s1e_e608f8c11cc8.gen/sources_1/bd/protection_system/ip/protection_system_smartconnect_0_0/bd_0/ip/ip_14/bd_26d4_awni_0_clocks.xdc:107]
WARNING: [Vivado_Tcl 4-921] Waiver ID 'CDC-10' -to list should not be empty. [<EXTERNAL_BUILD>/w/project/s1e_e608f8c11cc8.gen/sources_1/bd/protection_system/ip/protection_system_smartconnect_0_0/bd_0/ip/ip_14/bd_26d4_awni_0_clocks.xdc:110]
WARNING: [Vivado_Tcl 4-921] Waiver ID 'CDC-1' -to list should not be empty. [<EXTERNAL_BUILD>/w/project/s1e_e608f8c11cc8.gen/sources_1/bd/protection_system/ip/protection_system_smartconnect_0_0/bd_0/ip/ip_14/bd_26d4_awni_0_clocks.xdc:113]
INFO: [Common 17-14] Message 'Vivado 12-180' appears 100 times and further instances of the messages will be disabled. Use the Tcl command set_msg_config to change the current settings. [<EXTERNAL_BUILD>/w/project/s1e_e608f8c11cc8.gen/sources_1/bd/protection_system/ip/protection_system_smartconnect_0_0/bd_0/ip/ip_14/bd_26d4_awni_0_clocks.xdc:116]
WARNING: [Vivado_Tcl 4-921] Waiver ID 'CDC-1' -to list should not be empty. [<EXTERNAL_BUILD>/w/project/s1e_e608f8c11cc8.gen/sources_1/bd/protection_system/ip/protection_system_smartconnect_0_0/bd_0/ip/ip_14/bd_26d4_awni_0_clocks.xdc:116]
WARNING: [Vivado_Tcl 4-921] Waiver ID 'CDC-13' -to list should not be empty. [<EXTERNAL_BUILD>/w/project/s1e_e608f8c11cc8.gen/sources_1/bd/protection_system/ip/protection_system_smartconnect_0_0/bd_0/ip/ip_14/bd_26d4_awni_0_clocks.xdc:122]
WARNING: [Vivado_Tcl 4-921] Waiver ID 'CDC-1' -to list should not be empty. [<EXTERNAL_BUILD>/w/project/s1e_e608f8c11cc8.gen/sources_1/bd/protection_system/ip/protection_system_smartconnect_0_0/bd_0/ip/ip_14/bd_26d4_awni_0_clocks.xdc:125]
WARNING: [Vivado_Tcl 4-921] Waiver ID 'CDC-1' -to list should not be empty. [<EXTERNAL_BUILD>/w/project/s1e_e608f8c11cc8.gen/sources_1/bd/protection_system/ip/protection_system_smartconnect_0_0/bd_0/ip/ip_14/bd_26d4_awni_0_clocks.xdc:128]
WARNING: [Vivado_Tcl 4-921] Waiver ID 'CDC-13' -to list should not be empty. [<EXTERNAL_BUILD>/w/project/s1e_e608f8c11cc8.gen/sources_1/bd/protection_system/ip/protection_system_smartconnect_0_0/bd_0/ip/ip_14/bd_26d4_awni_0_clocks.xdc:131]
WARNING: [Vivado_Tcl 4-921] Waiver ID 'CDC-1' -to list should not be empty. [<EXTERNAL_BUILD>/w/project/s1e_e608f8c11cc8.gen/sources_1/bd/protection_system/ip/protection_system_smartconnect_0_0/bd_0/ip/ip_14/bd_26d4_awni_0_clocks.xdc:134]
WARNING: [Vivado_Tcl 4-921] Waiver ID 'CDC-10' -to list should not be empty. [<EXTERNAL_BUILD>/w/project/s1e_e608f8c11cc8.gen/sources_1/bd/protection_system/ip/protection_system_smartconnect_0_0/bd_0/ip/ip_14/bd_26d4_awni_0_clocks.xdc:137]
INFO: [Common 17-14] Message 'Vivado_Tcl 4-921' appears 100 times and further instances of the messages will be disabled. Use the Tcl command set_msg_config to change the current settings. [<EXTERNAL_BUILD>/w/project/s1e_e608f8c11cc8.gen/sources_1/bd/protection_system/ip/protection_system_smartconnect_0_0/bd_0/ip/ip_14/bd_26d4_awni_0_clocks.xdc:137]
WARNING: [Vivado_Tcl 4-935] Waiver ID 'CDC-1' is a duplicate and will not be added again. [<EXTERNAL_BUILD>/w/project/s1e_e608f8c11cc8.gen/sources_1/bd/protection_system/ip/protection_system_smartconnect_0_0/bd_0/ip/ip_14/bd_26d4_awni_0_clocks.xdc:181]
Finished Parsing XDC File [<EXTERNAL_BUILD>/w/project/s1e_e608f8c11cc8.gen/sources_1/bd/protection_system/ip/protection_system_smartconnect_0_0/bd_0/ip/ip_14/bd_26d4_awni_0_clocks.xdc] for cell 'protection_system_i/smartconnect_0/inst/switchboards/i_nodes/i_aw_node/inst'
Parsing XDC File [<EXTERNAL_BUILD>/w/project/s1e_e608f8c11cc8.gen/sources_1/bd/protection_system/ip/protection_system_smartconnect_0_0/bd_0/ip/ip_15/bd_26d4_wni_0_clocks.xdc] for cell 'protection_system_i/smartconnect_0/inst/switchboards/i_nodes/i_w_node/inst'
WARNING: [Vivado_Tcl 4-935] Waiver ID 'CDC-1' is a duplicate and will not be added again. [<EXTERNAL_BUILD>/w/project/s1e_e608f8c11cc8.gen/sources_1/bd/protection_system/ip/protection_system_smartconnect_0_0/bd_0/ip/ip_15/bd_26d4_wni_0_clocks.xdc:181]
Finished Parsing XDC File [<EXTERNAL_BUILD>/w/project/s1e_e608f8c11cc8.gen/sources_1/bd/protection_system/ip/protection_system_smartconnect_0_0/bd_0/ip/ip_15/bd_26d4_wni_0_clocks.xdc] for cell 'protection_system_i/smartconnect_0/inst/switchboards/i_nodes/i_w_node/inst'
Parsing XDC File [<EXTERNAL_BUILD>/w/project/s1e_e608f8c11cc8.gen/sources_1/bd/protection_system/ip/protection_system_smartconnect_0_0/bd_0/ip/ip_16/bd_26d4_bni_0_clocks.xdc] for cell 'protection_system_i/smartconnect_0/inst/switchboards/i_nodes/i_b_node/inst'
WARNING: [Vivado_Tcl 4-935] Waiver ID 'CDC-1' is a duplicate and will not be added again. [<EXTERNAL_BUILD>/w/project/s1e_e608f8c11cc8.gen/sources_1/bd/protection_system/ip/protection_system_smartconnect_0_0/bd_0/ip/ip_16/bd_26d4_bni_0_clocks.xdc:181]
Finished Parsing XDC File [<EXTERNAL_BUILD>/w/project/s1e_e608f8c11cc8.gen/sources_1/bd/protection_system/ip/protection_system_smartconnect_0_0/bd_0/ip/ip_16/bd_26d4_bni_0_clocks.xdc] for cell 'protection_system_i/smartconnect_0/inst/switchboards/i_nodes/i_b_node/inst'
Parsing XDC File [<EXTERNAL_BUILD>/w/project/s1e_e608f8c11cc8.gen/sources_1/bd/protection_system/ip/protection_system_smartconnect_0_0/bd_0/ip/ip_21/bd_26d4_sarn_0_clocks.xdc] for cell 'protection_system_i/smartconnect_0/inst/s00_nodes/s00_ar_node/inst'
Finished Parsing XDC File [<EXTERNAL_BUILD>/w/project/s1e_e608f8c11cc8.gen/sources_1/bd/protection_system/ip/protection_system_smartconnect_0_0/bd_0/ip/ip_21/bd_26d4_sarn_0_clocks.xdc] for cell 'protection_system_i/smartconnect_0/inst/s00_nodes/s00_ar_node/inst'
Parsing XDC File [<EXTERNAL_BUILD>/w/project/s1e_e608f8c11cc8.gen/sources_1/bd/protection_system/ip/protection_system_smartconnect_0_0/bd_0/ip/ip_22/bd_26d4_srn_0_clocks.xdc] for cell 'protection_system_i/smartconnect_0/inst/s00_nodes/s00_r_node/inst'
Finished Parsing XDC File [<EXTERNAL_BUILD>/w/project/s1e_e608f8c11cc8.gen/sources_1/bd/protection_system/ip/protection_system_smartconnect_0_0/bd_0/ip/ip_22/bd_26d4_srn_0_clocks.xdc] for cell 'protection_system_i/smartconnect_0/inst/s00_nodes/s00_r_node/inst'
Parsing XDC File [<EXTERNAL_BUILD>/w/project/s1e_e608f8c11cc8.gen/sources_1/bd/protection_system/ip/protection_system_smartconnect_0_0/bd_0/ip/ip_23/bd_26d4_sawn_0_clocks.xdc] for cell 'protection_system_i/smartconnect_0/inst/s00_nodes/s00_aw_node/inst'
Finished Parsing XDC File [<EXTERNAL_BUILD>/w/project/s1e_e608f8c11cc8.gen/sources_1/bd/protection_system/ip/protection_system_smartconnect_0_0/bd_0/ip/ip_23/bd_26d4_sawn_0_clocks.xdc] for cell 'protection_system_i/smartconnect_0/inst/s00_nodes/s00_aw_node/inst'
Parsing XDC File [<EXTERNAL_BUILD>/w/project/s1e_e608f8c11cc8.gen/sources_1/bd/protection_system/ip/protection_system_smartconnect_0_0/bd_0/ip/ip_24/bd_26d4_swn_0_clocks.xdc] for cell 'protection_system_i/smartconnect_0/inst/s00_nodes/s00_w_node/inst'
Finished Parsing XDC File [<EXTERNAL_BUILD>/w/project/s1e_e608f8c11cc8.gen/sources_1/bd/protection_system/ip/protection_system_smartconnect_0_0/bd_0/ip/ip_24/bd_26d4_swn_0_clocks.xdc] for cell 'protection_system_i/smartconnect_0/inst/s00_nodes/s00_w_node/inst'
Parsing XDC File [<EXTERNAL_BUILD>/w/project/s1e_e608f8c11cc8.gen/sources_1/bd/protection_system/ip/protection_system_smartconnect_0_0/bd_0/ip/ip_25/bd_26d4_sbn_0_clocks.xdc] for cell 'protection_system_i/smartconnect_0/inst/s00_nodes/s00_b_node/inst'
Finished Parsing XDC File [<EXTERNAL_BUILD>/w/project/s1e_e608f8c11cc8.gen/sources_1/bd/protection_system/ip/protection_system_smartconnect_0_0/bd_0/ip/ip_25/bd_26d4_sbn_0_clocks.xdc] for cell 'protection_system_i/smartconnect_0/inst/s00_nodes/s00_b_node/inst'
Parsing XDC File [<EXTERNAL_BUILD>/w/project/s1e_e608f8c11cc8.gen/sources_1/bd/protection_system/ip/protection_system_smartconnect_0_0/bd_0/ip/ip_27/bd_26d4_m00arn_0_clocks.xdc] for cell 'protection_system_i/smartconnect_0/inst/m00_nodes/m00_ar_node/inst'
Finished Parsing XDC File [<EXTERNAL_BUILD>/w/project/s1e_e608f8c11cc8.gen/sources_1/bd/protection_system/ip/protection_system_smartconnect_0_0/bd_0/ip/ip_27/bd_26d4_m00arn_0_clocks.xdc] for cell 'protection_system_i/smartconnect_0/inst/m00_nodes/m00_ar_node/inst'
Parsing XDC File [<EXTERNAL_BUILD>/w/project/s1e_e608f8c11cc8.gen/sources_1/bd/protection_system/ip/protection_system_smartconnect_0_0/bd_0/ip/ip_28/bd_26d4_m00rn_0_clocks.xdc] for cell 'protection_system_i/smartconnect_0/inst/m00_nodes/m00_r_node/inst'
Finished Parsing XDC File [<EXTERNAL_BUILD>/w/project/s1e_e608f8c11cc8.gen/sources_1/bd/protection_system/ip/protection_system_smartconnect_0_0/bd_0/ip/ip_28/bd_26d4_m00rn_0_clocks.xdc] for cell 'protection_system_i/smartconnect_0/inst/m00_nodes/m00_r_node/inst'
Parsing XDC File [<EXTERNAL_BUILD>/w/project/s1e_e608f8c11cc8.gen/sources_1/bd/protection_system/ip/protection_system_smartconnect_0_0/bd_0/ip/ip_29/bd_26d4_m00awn_0_clocks.xdc] for cell 'protection_system_i/smartconnect_0/inst/m00_nodes/m00_aw_node/inst'
Finished Parsing XDC File [<EXTERNAL_BUILD>/w/project/s1e_e608f8c11cc8.gen/sources_1/bd/protection_system/ip/protection_system_smartconnect_0_0/bd_0/ip/ip_29/bd_26d4_m00awn_0_clocks.xdc] for cell 'protection_system_i/smartconnect_0/inst/m00_nodes/m00_aw_node/inst'
Parsing XDC File [<EXTERNAL_BUILD>/w/project/s1e_e608f8c11cc8.gen/sources_1/bd/protection_system/ip/protection_system_smartconnect_0_0/bd_0/ip/ip_30/bd_26d4_m00wn_0_clocks.xdc] for cell 'protection_system_i/smartconnect_0/inst/m00_nodes/m00_w_node/inst'
Finished Parsing XDC File [<EXTERNAL_BUILD>/w/project/s1e_e608f8c11cc8.gen/sources_1/bd/protection_system/ip/protection_system_smartconnect_0_0/bd_0/ip/ip_30/bd_26d4_m00wn_0_clocks.xdc] for cell 'protection_system_i/smartconnect_0/inst/m00_nodes/m00_w_node/inst'
Parsing XDC File [<EXTERNAL_BUILD>/w/project/s1e_e608f8c11cc8.gen/sources_1/bd/protection_system/ip/protection_system_smartconnect_0_0/bd_0/ip/ip_31/bd_26d4_m00bn_0_clocks.xdc] for cell 'protection_system_i/smartconnect_0/inst/m00_nodes/m00_b_node/inst'
Finished Parsing XDC File [<EXTERNAL_BUILD>/w/project/s1e_e608f8c11cc8.gen/sources_1/bd/protection_system/ip/protection_system_smartconnect_0_0/bd_0/ip/ip_31/bd_26d4_m00bn_0_clocks.xdc] for cell 'protection_system_i/smartconnect_0/inst/m00_nodes/m00_b_node/inst'
Parsing XDC File [<EXTERNAL_BUILD>/w/project/s1e_e608f8c11cc8.gen/sources_1/bd/protection_system/ip/protection_system_smartconnect_0_0/bd_0/ip/ip_34/bd_26d4_m01arn_0_clocks.xdc] for cell 'protection_system_i/smartconnect_0/inst/m01_nodes/m01_ar_node/inst'
Finished Parsing XDC File [<EXTERNAL_BUILD>/w/project/s1e_e608f8c11cc8.gen/sources_1/bd/protection_system/ip/protection_system_smartconnect_0_0/bd_0/ip/ip_34/bd_26d4_m01arn_0_clocks.xdc] for cell 'protection_system_i/smartconnect_0/inst/m01_nodes/m01_ar_node/inst'
Parsing XDC File [<EXTERNAL_BUILD>/w/project/s1e_e608f8c11cc8.gen/sources_1/bd/protection_system/ip/protection_system_smartconnect_0_0/bd_0/ip/ip_35/bd_26d4_m01rn_0_clocks.xdc] for cell 'protection_system_i/smartconnect_0/inst/m01_nodes/m01_r_node/inst'
Finished Parsing XDC File [<EXTERNAL_BUILD>/w/project/s1e_e608f8c11cc8.gen/sources_1/bd/protection_system/ip/protection_system_smartconnect_0_0/bd_0/ip/ip_35/bd_26d4_m01rn_0_clocks.xdc] for cell 'protection_system_i/smartconnect_0/inst/m01_nodes/m01_r_node/inst'
Parsing XDC File [<EXTERNAL_BUILD>/w/project/s1e_e608f8c11cc8.gen/sources_1/bd/protection_system/ip/protection_system_smartconnect_0_0/bd_0/ip/ip_36/bd_26d4_m01awn_0_clocks.xdc] for cell 'protection_system_i/smartconnect_0/inst/m01_nodes/m01_aw_node/inst'
Finished Parsing XDC File [<EXTERNAL_BUILD>/w/project/s1e_e608f8c11cc8.gen/sources_1/bd/protection_system/ip/protection_system_smartconnect_0_0/bd_0/ip/ip_36/bd_26d4_m01awn_0_clocks.xdc] for cell 'protection_system_i/smartconnect_0/inst/m01_nodes/m01_aw_node/inst'
Parsing XDC File [<EXTERNAL_BUILD>/w/project/s1e_e608f8c11cc8.gen/sources_1/bd/protection_system/ip/protection_system_smartconnect_0_0/bd_0/ip/ip_37/bd_26d4_m01wn_0_clocks.xdc] for cell 'protection_system_i/smartconnect_0/inst/m01_nodes/m01_w_node/inst'
Finished Parsing XDC File [<EXTERNAL_BUILD>/w/project/s1e_e608f8c11cc8.gen/sources_1/bd/protection_system/ip/protection_system_smartconnect_0_0/bd_0/ip/ip_37/bd_26d4_m01wn_0_clocks.xdc] for cell 'protection_system_i/smartconnect_0/inst/m01_nodes/m01_w_node/inst'
Parsing XDC File [<EXTERNAL_BUILD>/w/project/s1e_e608f8c11cc8.gen/sources_1/bd/protection_system/ip/protection_system_smartconnect_0_0/bd_0/ip/ip_38/bd_26d4_m01bn_0_clocks.xdc] for cell 'protection_system_i/smartconnect_0/inst/m01_nodes/m01_b_node/inst'
Finished Parsing XDC File [<EXTERNAL_BUILD>/w/project/s1e_e608f8c11cc8.gen/sources_1/bd/protection_system/ip/protection_system_smartconnect_0_0/bd_0/ip/ip_38/bd_26d4_m01bn_0_clocks.xdc] for cell 'protection_system_i/smartconnect_0/inst/m01_nodes/m01_b_node/inst'
Parsing XDC File [<EXTERNAL_BUILD>/w/project/s1e_e608f8c11cc8.gen/sources_1/bd/protection_system/ip/protection_system_smartconnect_0_0/smartconnect.xdc] for cell 'protection_system_i/smartconnect_0/inst'
WARNING: [Vivado_Tcl 4-919] Waiver ID 'CDC-1' -from list should not be empty. [<EXTERNAL_BUILD>/w/project/s1e_e608f8c11cc8.gen/sources_1/bd/protection_system/ip/protection_system_smartconnect_0_0/smartconnect.xdc:10]
Finished Parsing XDC File [<EXTERNAL_BUILD>/w/project/s1e_e608f8c11cc8.gen/sources_1/bd/protection_system/ip/protection_system_smartconnect_0_0/smartconnect.xdc] for cell 'protection_system_i/smartconnect_0/inst'
Parsing XDC File [<EXTERNAL_BUILD>/w/project/s1e_e608f8c11cc8.gen/sources_1/bd/protection_system/ip/protection_system_proc_sys_reset_stage2i_b2_src_0/protection_system_proc_sys_reset_stage2i_b2_src_0_board.xdc] for cell 'protection_system_i/proc_sys_reset_stage2i_b2_src/U0'
Finished Parsing XDC File [<EXTERNAL_BUILD>/w/project/s1e_e608f8c11cc8.gen/sources_1/bd/protection_system/ip/protection_system_proc_sys_reset_stage2i_b2_src_0/protection_system_proc_sys_reset_stage2i_b2_src_0_board.xdc] for cell 'protection_system_i/proc_sys_reset_stage2i_b2_src/U0'
Parsing XDC File [<EXTERNAL_BUILD>/w/project/s1e_e608f8c11cc8.gen/sources_1/bd/protection_system/ip/protection_system_proc_sys_reset_stage2i_b2_src_0/protection_system_proc_sys_reset_stage2i_b2_src_0.xdc] for cell 'protection_system_i/proc_sys_reset_stage2i_b2_src/U0'
Finished Parsing XDC File [<EXTERNAL_BUILD>/w/project/s1e_e608f8c11cc8.gen/sources_1/bd/protection_system/ip/protection_system_proc_sys_reset_stage2i_b2_src_0/protection_system_proc_sys_reset_stage2i_b2_src_0.xdc] for cell 'protection_system_i/proc_sys_reset_stage2i_b2_src/U0'
Parsing XDC File [<EXTERNAL_BUILD>/w/project/s1e_e608f8c11cc8.gen/sources_1/bd/protection_system/ip/protection_system_system_ila_stage2b_0_0/bd_0/ip/ip_0/ila_v6_2/constraints/ila_impl.xdc] for cell 'protection_system_i/system_ila_stage2b_0/inst/ila_lib/inst'
Finished Parsing XDC File [<EXTERNAL_BUILD>/w/project/s1e_e608f8c11cc8.gen/sources_1/bd/protection_system/ip/protection_system_system_ila_stage2b_0_0/bd_0/ip/ip_0/ila_v6_2/constraints/ila_impl.xdc] for cell 'protection_system_i/system_ila_stage2b_0/inst/ila_lib/inst'
Parsing XDC File [<EXTERNAL_BUILD>/w/project/s1e_e608f8c11cc8.gen/sources_1/bd/protection_system/ip/protection_system_system_ila_stage2b_0_0/bd_0/ip/ip_0/ila_v6_2/constraints/ila.xdc] for cell 'protection_system_i/system_ila_stage2b_0/inst/ila_lib/inst'
Finished Parsing XDC File [<EXTERNAL_BUILD>/w/project/s1e_e608f8c11cc8.gen/sources_1/bd/protection_system/ip/protection_system_system_ila_stage2b_0_0/bd_0/ip/ip_0/ila_v6_2/constraints/ila.xdc] for cell 'protection_system_i/system_ila_stage2b_0/inst/ila_lib/inst'
Parsing XDC File [<EXTERNAL_BUILD>/w/project/s1e_e608f8c11cc8.gen/sources_1/bd/protection_system/ip/protection_system_axi_gpio_stage1d_0_0/protection_system_axi_gpio_stage1d_0_0_board.xdc] for cell 'protection_system_i/axi_gpio_stage1d_0/U0'
Finished Parsing XDC File [<EXTERNAL_BUILD>/w/project/s1e_e608f8c11cc8.gen/sources_1/bd/protection_system/ip/protection_system_axi_gpio_stage1d_0_0/protection_system_axi_gpio_stage1d_0_0_board.xdc] for cell 'protection_system_i/axi_gpio_stage1d_0/U0'
Parsing XDC File [<EXTERNAL_BUILD>/w/project/s1e_e608f8c11cc8.gen/sources_1/bd/protection_system/ip/protection_system_axi_gpio_stage1d_0_0/protection_system_axi_gpio_stage1d_0_0.xdc] for cell 'protection_system_i/axi_gpio_stage1d_0/U0'
Finished Parsing XDC File [<EXTERNAL_BUILD>/w/project/s1e_e608f8c11cc8.gen/sources_1/bd/protection_system/ip/protection_system_axi_gpio_stage1d_0_0/protection_system_axi_gpio_stage1d_0_0.xdc] for cell 'protection_system_i/axi_gpio_stage1d_0/U0'
Parsing XDC File [<EXTERNAL_BUILD>/w/project/s1e_e608f8c11cc8.gen/sources_1/bd/protection_system/ip/protection_system_system_ila_stage2i_b2_source_0_0/bd_0/ip/ip_0/ila_v6_2/constraints/ila_impl.xdc] for cell 'protection_system_i/system_ila_stage2i_b2_source_0/inst/ila_lib/inst'
Finished Parsing XDC File [<EXTERNAL_BUILD>/w/project/s1e_e608f8c11cc8.gen/sources_1/bd/protection_system/ip/protection_system_system_ila_stage2i_b2_source_0_0/bd_0/ip/ip_0/ila_v6_2/constraints/ila_impl.xdc] for cell 'protection_system_i/system_ila_stage2i_b2_source_0/inst/ila_lib/inst'
Parsing XDC File [<EXTERNAL_BUILD>/w/project/s1e_e608f8c11cc8.gen/sources_1/bd/protection_system/ip/protection_system_system_ila_stage2i_b2_source_0_0/bd_0/ip/ip_0/ila_v6_2/constraints/ila.xdc] for cell 'protection_system_i/system_ila_stage2i_b2_source_0/inst/ila_lib/inst'
Finished Parsing XDC File [<EXTERNAL_BUILD>/w/project/s1e_e608f8c11cc8.gen/sources_1/bd/protection_system/ip/protection_system_system_ila_stage2i_b2_source_0_0/bd_0/ip/ip_0/ila_v6_2/constraints/ila.xdc] for cell 'protection_system_i/system_ila_stage2i_b2_source_0/inst/ila_lib/inst'
Parsing XDC File [<EXTERNAL_BUILD>/w/project/s1e_e608f8c11cc8.gen/sources_1/bd/protection_system/ip/protection_system_protection_ip_axi_lite_0_0/src/stage2d_async_adc_atomic_cdc.xdc] for cell 'protection_system_i/protection_ip_axi_lite_0/inst'
Finished Parsing XDC File [<EXTERNAL_BUILD>/w/project/s1e_e608f8c11cc8.gen/sources_1/bd/protection_system/ip/protection_system_protection_ip_axi_lite_0_0/src/stage2d_async_adc_atomic_cdc.xdc] for cell 'protection_system_i/protection_ip_axi_lite_0/inst'
Parsing XDC File [<EXTERNAL_BUILD>/w/project/s1e_e608f8c11cc8.gen/sources_1/bd/protection_system/ip/protection_system_protection_ip_axi_lite_0_0/src/stage2e_transaction_observability_cdc.xdc] for cell 'protection_system_i/protection_ip_axi_lite_0/inst'
Finished Parsing XDC File [<EXTERNAL_BUILD>/w/project/s1e_e608f8c11cc8.gen/sources_1/bd/protection_system/ip/protection_system_protection_ip_axi_lite_0_0/src/stage2e_transaction_observability_cdc.xdc] for cell 'protection_system_i/protection_ip_axi_lite_0/inst'
Parsing XDC File [<EXTERNAL_SOURCE>/fpga/vivado/constraints/stage2i_b2_ready_aware_stimulus_cdc.xdc]
Finished Parsing XDC File [<EXTERNAL_SOURCE>/fpga/vivado/constraints/stage2i_b2_ready_aware_stimulus_cdc.xdc]
INFO: [Project 1-1714] 45 XPM XDC files have been applied to the design.
INFO: [Opt 31-138] Pushed 0 inverter(s) to 0 load pin(s).
INFO: [Project 1-1687] 895 scoped IP constraints or related sub-commands were skipped due to synthesis logic optimizations usually triggered by constant connectivity or unconnected output pins. To review the skipped constraints and messages, run the command 'set_param netlist.IPMsgFiltering false' before opening the design.
Netlist sorting complete. Time (s): cpu = 00:00:00 ; elapsed = 00:00:00.004 . Memory (MB): peak = 1952.543 ; gain = 0.000
INFO: [Project 1-111] Unisim Transformation Summary:
  A total of 236 instances were transformed.
  CFGLUT5 => CFGLUT5 (SRL16E, SRLC32E): 236 instances

26 Infos, 106 Warnings, 0 Critical Warnings and 0 Errors encountered.
link_design completed successfully
link_design: Time (s): cpu = 00:00:13 ; elapsed = 00:00:18 . Memory (MB): peak = 1952.543 ; gain = 1251.414
Command: opt_design
Attempting to get a license for feature 'Implementation' and/or device 'xc7z020'
INFO: [Common 17-349] Got license for feature 'Implementation' and/or device 'xc7z020'
Running DRC as a precondition to command opt_design

Starting DRC Task
INFO: [DRC 23-27] Running DRC with 2 threads
INFO: [Project 1-461] DRC finished with 0 Errors
INFO: [Project 1-462] Please refer to the DRC report (report_drc) for more information.

Time (s): cpu = 00:00:01 ; elapsed = 00:00:00.564 . Memory (MB): peak = 1952.543 ; gain = 0.000

Starting Cache Timing Information Task
INFO: [Timing 38-35] Done setting XDC timing constraints.
Ending Cache Timing Information Task | Checksum: 13fa4c471

Time (s): cpu = 00:00:01 ; elapsed = 00:00:00.383 . Memory (MB): peak = 1952.543 ; gain = 0.000

Starting Logic Optimization Task

Phase 1 Initialization

Phase 1.1 Core Generation And Design Setup

Phase 1.1.1 Generate And Synthesize Debug Cores
INFO: [Chipscope 16-329] Generating Script for core instance : dbg_hub 
INFO: [IP_Flow 19-3806] Processing IP xilinx.com:ip:xsdbm:3.0 for cell dbg_hub_CV.
Done building netlist checker database: Time (s): cpu = 00:00:00 ; elapsed = 00:00:00.005 . Memory (MB): peak = 2334.473 ; gain = 0.000
Netlist sorting complete. Time (s): cpu = 00:00:00 ; elapsed = 00:00:00.016 . Memory (MB): peak = 2334.473 ; gain = 0.000
Phase 1.1.1 Generate And Synthesize Debug Cores | Checksum: 227b0658c

Time (s): cpu = 00:00:01 ; elapsed = 00:00:59 . Memory (MB): peak = 2334.473 ; gain = 22.207
Phase 1.1 Core Generation And Design Setup | Checksum: 227b0658c

Time (s): cpu = 00:00:01 ; elapsed = 00:00:59 . Memory (MB): peak = 2334.473 ; gain = 22.207

Phase 1.2 Setup Constraints And Sort Netlist
Phase 1.2 Setup Constraints And Sort Netlist | Checksum: 227b0658c

Time (s): cpu = 00:00:01 ; elapsed = 00:00:59 . Memory (MB): peak = 2334.473 ; gain = 22.207
Phase 1 Initialization | Checksum: 227b0658c

Time (s): cpu = 00:00:01 ; elapsed = 00:00:59 . Memory (MB): peak = 2334.473 ; gain = 22.207

Phase 2 Timer Update And Timing Data Collection

Phase 2.1 Timer Update
Phase 2.1 Timer Update | Checksum: 227b0658c

Time (s): cpu = 00:00:01 ; elapsed = 00:00:59 . Memory (MB): peak = 2334.473 ; gain = 22.207

Phase 2.2 Timing Data Collection
Phase 2.2 Timing Data Collection | Checksum: 227b0658c

Time (s): cpu = 00:00:01 ; elapsed = 00:00:59 . Memory (MB): peak = 2334.473 ; gain = 22.207
Phase 2 Timer Update And Timing Data Collection | Checksum: 227b0658c

Time (s): cpu = 00:00:01 ; elapsed = 00:00:59 . Memory (MB): peak = 2334.473 ; gain = 22.207

Phase 3 Retarget
INFO: [Opt 31-1834] Total Chains To Be Transformed Were: 0 AND Number of Transformed insts Created are: 0
INFO: [Opt 31-1566] Pulled 2 inverters resulting in an inversion of 83 pins
INFO: [Opt 31-138] Pushed 7 inverter(s) to 19 load pin(s).
INFO: [Opt 31-49] Retargeted 0 cell(s).
Phase 3 Retarget | Checksum: 168561673

Time (s): cpu = 00:00:01 ; elapsed = 00:01:00 . Memory (MB): peak = 2334.473 ; gain = 22.207
Retarget | Checksum: 168561673
INFO: [Opt 31-389] Phase Retarget created 19 cells and removed 61 cells
INFO: [Opt 31-1021] In phase Retarget, 165 netlist objects are constrained preventing optimization. Please run opt_design with -debug_log to get more detail. 

Phase 4 Constant propagation
INFO: [Opt 31-138] Pushed 1 inverter(s) to 3 load pin(s).
Phase 4 Constant propagation | Checksum: 20e7adc91

Time (s): cpu = 00:00:01 ; elapsed = 00:01:00 . Memory (MB): peak = 2334.473 ; gain = 22.207
Constant propagation | Checksum: 20e7adc91
INFO: [Opt 31-389] Phase Constant propagation created 10 cells and removed 56 cells
INFO: [Opt 31-1021] In phase Constant propagation, 133 netlist objects are constrained preventing optimization. Please run opt_design with -debug_log to get more detail. 

Phase 5 Sweep
INFO: [Opt 31-120] Instance protection_system_i/protection_ip_axi_lite_0/inst/g_stage2f_normalization_supported.u_adc_sample_code_normalizer (protection_system_protection_ip_axi_lite_0_0_adc_sample_code_normalizer) has been optimized to an empty box cell during sweep but it has constraints that prevent its removal. Empty box cells do not impact the implementation flow but they have no functional relevance.
Resolution: If this is not expected, please check for DONT_TOUCH properties or timing constraint set on the empty box cell or on nets connected to the cell. If found, remove the relevant DONT_TOUCH property or timing constraint and re-run opt_design.
Phase 5 Sweep | Checksum: 17463f8b8

Time (s): cpu = 00:00:02 ; elapsed = 00:01:00 . Memory (MB): peak = 2334.473 ; gain = 22.207
Sweep | Checksum: 17463f8b8
INFO: [Opt 31-389] Phase Sweep created 0 cells and removed 246 cells
INFO: [Opt 31-1021] In phase Sweep, 1735 netlist objects are constrained preventing optimization. Please run opt_design with -debug_log to get more detail. 

Phase 6 BUFG optimization
INFO: [Opt 31-194] Inserted BUFG protection_system_i/processing_system7_0/inst/FCLK_CLK1_BUFG_inst to drive 5339 load(s) on clock net protection_system_i/processing_system7_0/inst/FCLK_CLK1_BUFG
INFO: [Opt 31-193] Inserted 1 BUFG(s) on clock nets
Phase 6 BUFG optimization | Checksum: 20615a6e5

Time (s): cpu = 00:00:02 ; elapsed = 00:01:00 . Memory (MB): peak = 2334.473 ; gain = 22.207
BUFG optimization | Checksum: 20615a6e5
INFO: [Opt 31-662] Phase BUFG optimization created 1 cells of which 1 are BUFGs and removed 0 cells.

Phase 7 Shift Register Optimization
INFO: [Opt 31-1064] SRL Remap converted 0 SRLs to 0 registers and converted 0 registers of register chains to 0 SRLs
Phase 7 Shift Register Optimization | Checksum: 20615a6e5

Time (s): cpu = 00:00:02 ; elapsed = 00:01:00 . Memory (MB): peak = 2334.473 ; gain = 22.207
Shift Register Optimization | Checksum: 20615a6e5
INFO: [Opt 31-389] Phase Shift Register Optimization created 0 cells and removed 0 cells

Phase 8 Post Processing Netlist
Phase 8 Post Processing Netlist | Checksum: 20615a6e5

Time (s): cpu = 00:00:02 ; elapsed = 00:01:00 . Memory (MB): peak = 2334.473 ; gain = 22.207
Post Processing Netlist | Checksum: 20615a6e5
INFO: [Opt 31-389] Phase Post Processing Netlist created 0 cells and removed 0 cells
INFO: [Opt 31-1021] In phase Post Processing Netlist, 156 netlist objects are constrained preventing optimization. Please run opt_design with -debug_log to get more detail. 

Phase 9 Finalization

Phase 9.1 Finalizing Design Cores and Updating Shapes
Phase 9.1 Finalizing Design Cores and Updating Shapes | Checksum: 1f7a3c767

Time (s): cpu = 00:00:02 ; elapsed = 00:01:00 . Memory (MB): peak = 2334.473 ; gain = 22.207

Phase 9.2 Verifying Netlist Connectivity

Starting Connectivity Check Task

Time (s): cpu = 00:00:00 ; elapsed = 00:00:00.019 . Memory (MB): peak = 2334.473 ; gain = 0.000
Phase 9.2 Verifying Netlist Connectivity | Checksum: 1f7a3c767

Time (s): cpu = 00:00:02 ; elapsed = 00:01:01 . Memory (MB): peak = 2334.473 ; gain = 22.207
Phase 9 Finalization | Checksum: 1f7a3c767

Time (s): cpu = 00:00:02 ; elapsed = 00:01:01 . Memory (MB): peak = 2334.473 ; gain = 22.207
Opt_design Change Summary
=========================


-------------------------------------------------------------------------------------------------------------------------
|  Phase                        |  #Cells created  |  #Cells Removed  |  #Constrained objects preventing optimizations  |
-------------------------------------------------------------------------------------------------------------------------
|  Retarget                     |              19  |              61  |                                            165  |
|  Constant propagation         |              10  |              56  |                                            133  |
|  Sweep                        |               0  |             246  |                                           1735  |
|  BUFG optimization            |               1  |               0  |                                              0  |
|  Shift Register Optimization  |               0  |               0  |                                              0  |
|  Post Processing Netlist      |               0  |               0  |                                            156  |
-------------------------------------------------------------------------------------------------------------------------


Ending Logic Optimization Task | Checksum: 1f7a3c767

Time (s): cpu = 00:00:02 ; elapsed = 00:01:01 . Memory (MB): peak = 2334.473 ; gain = 22.207

Starting Power Optimization Task
INFO: [Pwropt 34-132] Skipping clock gating for clocks with a period < 2.00 ns.
INFO: [Timing 38-35] Done setting XDC timing constraints.
INFO: [Pwropt 34-9] Applying IDT optimizations ...
INFO: [Pwropt 34-10] Applying ODC optimizations ...
Running Vector-less Activity Propagation...

Finished Running Vector-less Activity Propagation


Starting PowerOpt Patch Enables Task
INFO: [Pwropt 34-162] WRITE_MODE attribute of 16 BRAM(s) out of a total of 21 has been updated to save power. Run report_power_opt to get a complete listing of the BRAMs updated.
INFO: [Pwropt 34-201] Structural ODC has moved 0 WE to EN ports
Number of BRAM Ports augmented: 21 newly gated: 0 Total Ports: 42
Ending PowerOpt Patch Enables Task | Checksum: 1a933b351

Time (s): cpu = 00:00:00 ; elapsed = 00:00:00.091 . Memory (MB): peak = 2476.672 ; gain = 0.000
Ending Power Optimization Task | Checksum: 1a933b351

Time (s): cpu = 00:00:04 ; elapsed = 00:00:02 . Memory (MB): peak = 2476.672 ; gain = 142.199

Starting Final Cleanup Task
Ending Final Cleanup Task | Checksum: 1a933b351

Time (s): cpu = 00:00:00 ; elapsed = 00:00:00.002 . Memory (MB): peak = 2476.672 ; gain = 0.000

Starting Netlist Obfuscation Task
Netlist sorting complete. Time (s): cpu = 00:00:00 ; elapsed = 00:00:00.006 . Memory (MB): peak = 2476.672 ; gain = 0.000
Ending Netlist Obfuscation Task | Checksum: 13711e893

Time (s): cpu = 00:00:00 ; elapsed = 00:00:00.009 . Memory (MB): peak = 2476.672 ; gain = 0.000
INFO: [Common 17-83] Releasing license: Implementation
63 Infos, 106 Warnings, 0 Critical Warnings and 0 Errors encountered.
opt_design completed successfully
opt_design: Time (s): cpu = 00:00:10 ; elapsed = 00:01:06 . Memory (MB): peak = 2476.672 ; gain = 524.129
INFO: [Vivado 12-24828] Executing command : report_drc -file protection_system_wrapper_drc_opted.rpt -pb protection_system_wrapper_drc_opted.pb -rpx protection_system_wrapper_drc_opted.rpx
Command: report_drc -file protection_system_wrapper_drc_opted.rpt -pb protection_system_wrapper_drc_opted.pb -rpx protection_system_wrapper_drc_opted.rpx
INFO: [IP_Flow 19-1839] IP Catalog is up to date.
INFO: [DRC 23-27] Running DRC with 2 threads
INFO: [Vivado_Tcl 2-168] The results of DRC are in file <EXTERNAL_BUILD>/w/project/s1e_e608f8c11cc8.runs/impl_1/protection_system_wrapper_drc_opted.rpt.
report_drc completed successfully
INFO: [Timing 38-35] Done setting XDC timing constraints.
INFO: [Timing 38-480] Writing timing data to binary archive.
Wrote PlaceDB: Time (s): cpu = 00:00:00 ; elapsed = 00:00:00.011 . Memory (MB): peak = 2476.672 ; gain = 0.000
Wrote PulsedLatchDB: Time (s): cpu = 00:00:00 ; elapsed = 00:00:00 . Memory (MB): peak = 2476.672 ; gain = 0.000
Writing XDEF routing.
Write ShapeDB Complete: Time (s): cpu = 00:00:00 ; elapsed = 00:00:00.022 . Memory (MB): peak = 2476.672 ; gain = 0.000
Writing XDEF routing logical nets.
Writing XDEF routing special nets.
Wrote RouteStorage: Time (s): cpu = 00:00:00 ; elapsed = 00:00:00.055 . Memory (MB): peak = 2476.672 ; gain = 0.000
Wrote Netlist Cache: Time (s): cpu = 00:00:00 ; elapsed = 00:00:00 . Memory (MB): peak = 2476.672 ; gain = 0.000
Wrote Device Cache: Time (s): cpu = 00:00:00 ; elapsed = 00:00:00.011 . Memory (MB): peak = 2476.672 ; gain = 0.000
Write Physdb Complete: Time (s): cpu = 00:00:00 ; elapsed = 00:00:00.084 . Memory (MB): peak = 2476.672 ; gain = 0.000
INFO: [Common 17-1381] The checkpoint '<EXTERNAL_BUILD>/w/project/s1e_e608f8c11cc8.runs/impl_1/protection_system_wrapper_opt.dcp' has been generated.
INFO: [Common 17-206] Exiting Vivado at Wed Sep  9 17:14:39 2026...
[Wed Sep  9 17:14:45 2026] impl_1 finished
wait_on_runs: Time (s): cpu = 00:00:00 ; elapsed = 00:01:50 . Memory (MB): peak = 1368.340 ; gain = 0.000
[Wed Sep  9 17:14:45 2026] Launched impl_1...
Run output will be captured here: <EXTERNAL_BUILD>/w/project/s1e_e608f8c11cc8.runs/impl_1/runme.log
[Wed Sep  9 17:14:45 2026] Waiting for impl_1 to finish...


*** Running vivado
    with args -log protection_system_wrapper.vdi -applog -m64 -product Vivado -messageDb vivado.pb -mode batch -source protection_system_wrapper.tcl -notrace



****** Vivado v2024.1 (64-bit)
  **** SW Build 5076996 on Wed May 22 18:37:14 MDT 2024
  **** IP Build 5075265 on Wed May 22 21:45:21 MDT 2024
  **** SharedData Build 5076995 on Wed May 22 18:29:18 MDT 2024
  **** Start of session at: Wed Sep  9 17:13:02 2026
    ** Copyright 1986-2022 Xilinx, Inc. All Rights Reserved.
    ** Copyright 2022-2024 Advanced Micro Devices, Inc. All Rights Reserved.

source protection_system_wrapper.tcl -notrace
INFO: [IP_Flow 19-234] Refreshing IP repositories
INFO: [IP_Flow 19-1700] Loaded user IP repository '<EXTERNAL_BUILD>/w/ip_repo'.
INFO: [IP_Flow 19-2313] Loaded Vivado IP repository '<EXTERNAL_PATH>'.
Command: link_design -top protection_system_wrapper -part xc7z020clg400-1
Design is defaulting to srcset: sources_1
Design is defaulting to constrset: constrs_1
INFO: [Device 21-403] Loading part xc7z020clg400-1
INFO: [Device 21-9227] Part: xc7z020clg400-1 does not have CEAM library.
INFO: [Project 1-454] Reading design checkpoint '<EXTERNAL_BUILD>/w/project/s1e_e608f8c11cc8.gen/sources_1/bd/protection_system/ip/protection_system_axi_gpio_stage1d_0_0/protection_system_axi_gpio_stage1d_0_0.dcp' for cell 'protection_system_i/axi_gpio_stage1d_0'
INFO: [Project 1-454] Reading design checkpoint '<EXTERNAL_BUILD>/w/project/s1e_e608f8c11cc8.gen/sources_1/bd/protection_system/ip/protection_system_proc_sys_reset_0_0/protection_system_proc_sys_reset_0_0.dcp' for cell 'protection_system_i/proc_sys_reset_0'
INFO: [Project 1-454] Reading design checkpoint '<EXTERNAL_BUILD>/w/project/s1e_e608f8c11cc8.gen/sources_1/bd/protection_system/ip/protection_system_proc_sys_reset_stage2i_b2_src_0/protection_system_proc_sys_reset_stage2i_b2_src_0.dcp' for cell 'protection_system_i/proc_sys_reset_stage2i_b2_src'
INFO: [Project 1-454] Reading design checkpoint '<EXTERNAL_BUILD>/w/project/s1e_e608f8c11cc8.gen/sources_1/bd/protection_system/ip/protection_system_processing_system7_0_0/protection_system_processing_system7_0_0.dcp' for cell 'protection_system_i/processing_system7_0'
INFO: [Project 1-454] Reading design checkpoint '<EXTERNAL_BUILD>/w/project/s1e_e608f8c11cc8.gen/sources_1/bd/protection_system/ip/protection_system_protection_ip_axi_lite_0_0/protection_system_protection_ip_axi_lite_0_0.dcp' for cell 'protection_system_i/protection_ip_axi_lite_0'
INFO: [Project 1-454] Reading design checkpoint '<EXTERNAL_BUILD>/w/project/s1e_e608f8c11cc8.gen/sources_1/bd/protection_system/ip/protection_system_smartconnect_0_0/protection_system_smartconnect_0_0.dcp' for cell 'protection_system_i/smartconnect_0'
INFO: [Project 1-454] Reading design checkpoint '<EXTERNAL_BUILD>/w/project/s1e_e608f8c11cc8.gen/sources_1/bd/protection_system/ip/protection_system_stage2i_b2_ready_aware_stimulus_0_0/protection_system_stage2i_b2_ready_aware_stimulus_0_0.dcp' for cell 'protection_system_i/stage2i_b2_ready_aware_stimulus_0'
INFO: [Project 1-454] Reading design checkpoint '<EXTERNAL_BUILD>/w/project/s1e_e608f8c11cc8.gen/sources_1/bd/protection_system/ip/protection_system_system_ila_stage2b_0_0/protection_system_system_ila_stage2b_0_0.dcp' for cell 'protection_system_i/system_ila_stage2b_0'
INFO: [Project 1-454] Reading design checkpoint '<EXTERNAL_BUILD>/w/project/s1e_e608f8c11cc8.gen/sources_1/bd/protection_system/ip/protection_system_system_ila_stage2i_b2_source_0_0/protection_system_system_ila_stage2i_b2_source_0_0.dcp' for cell 'protection_system_i/system_ila_stage2i_b2_source_0'
Netlist sorting complete. Time (s): cpu = 00:00:01 ; elapsed = 00:00:00.174 . Memory (MB): peak = 1212.242 ; gain = 0.000
INFO: [Netlist 29-17] Analyzing 832 Unisim elements for replacement
INFO: [Netlist 29-28] Unisim Transformation completed in 0 CPU seconds
INFO: [Project 1-479] Netlist was created with Vivado 2024.1
INFO: [Project 1-570] Preparing netlist for logic optimization
INFO: [Chipscope 16-324] Core: protection_system_i/system_ila_stage2b_0/inst/ila_lib UUID: d7b45764-7007-5596-aecf-2f7d7b2da69e 
INFO: [Chipscope 16-324] Core: protection_system_i/system_ila_stage2i_b2_source_0/inst/ila_lib UUID: e51fae14-a994-5e78-ab86-c43c860b989b 
Parsing XDC File [<EXTERNAL_BUILD>/w/project/s1e_e608f8c11cc8.gen/sources_1/bd/protection_system/ip/protection_system_processing_system7_0_0/protection_system_processing_system7_0_0.xdc] for cell 'protection_system_i/processing_system7_0/inst'
Finished Parsing XDC File [<EXTERNAL_BUILD>/w/project/s1e_e608f8c11cc8.gen/sources_1/bd/protection_system/ip/protection_system_processing_system7_0_0/protection_system_processing_system7_0_0.xdc] for cell 'protection_system_i/processing_system7_0/inst'
Parsing XDC File [<EXTERNAL_BUILD>/w/project/s1e_e608f8c11cc8.gen/sources_1/bd/protection_system/ip/protection_system_proc_sys_reset_0_0/protection_system_proc_sys_reset_0_0_board.xdc] for cell 'protection_system_i/proc_sys_reset_0/U0'
Finished Parsing XDC File [<EXTERNAL_BUILD>/w/project/s1e_e608f8c11cc8.gen/sources_1/bd/protection_system/ip/protection_system_proc_sys_reset_0_0/protection_system_proc_sys_reset_0_0_board.xdc] for cell 'protection_system_i/proc_sys_reset_0/U0'
Parsing XDC File [<EXTERNAL_BUILD>/w/project/s1e_e608f8c11cc8.gen/sources_1/bd/protection_system/ip/protection_system_proc_sys_reset_0_0/protection_system_proc_sys_reset_0_0.xdc] for cell 'protection_system_i/proc_sys_reset_0/U0'
Finished Parsing XDC File [<EXTERNAL_BUILD>/w/project/s1e_e608f8c11cc8.gen/sources_1/bd/protection_system/ip/protection_system_proc_sys_reset_0_0/protection_system_proc_sys_reset_0_0.xdc] for cell 'protection_system_i/proc_sys_reset_0/U0'
Parsing XDC File [<EXTERNAL_BUILD>/w/project/s1e_e608f8c11cc8.gen/sources_1/bd/protection_system/ip/protection_system_smartconnect_0_0/bd_0/ip/ip_1/bd_26d4_psr_aclk_0_board.xdc] for cell 'protection_system_i/smartconnect_0/inst/clk_map/psr_aclk/U0'
Finished Parsing XDC File [<EXTERNAL_BUILD>/w/project/s1e_e608f8c11cc8.gen/sources_1/bd/protection_system/ip/protection_system_smartconnect_0_0/bd_0/ip/ip_1/bd_26d4_psr_aclk_0_board.xdc] for cell 'protection_system_i/smartconnect_0/inst/clk_map/psr_aclk/U0'
Parsing XDC File [<EXTERNAL_BUILD>/w/project/s1e_e608f8c11cc8.gen/sources_1/bd/protection_system/ip/protection_system_smartconnect_0_0/bd_0/ip/ip_1/bd_26d4_psr_aclk_0.xdc] for cell 'protection_system_i/smartconnect_0/inst/clk_map/psr_aclk/U0'
Finished Parsing XDC File [<EXTERNAL_BUILD>/w/project/s1e_e608f8c11cc8.gen/sources_1/bd/protection_system/ip/protection_system_smartconnect_0_0/bd_0/ip/ip_1/bd_26d4_psr_aclk_0.xdc] for cell 'protection_system_i/smartconnect_0/inst/clk_map/psr_aclk/U0'
Parsing XDC File [<EXTERNAL_BUILD>/w/project/s1e_e608f8c11cc8.gen/sources_1/bd/protection_system/ip/protection_system_smartconnect_0_0/bd_0/ip/ip_12/bd_26d4_arni_0_clocks.xdc] for cell 'protection_system_i/smartconnect_0/inst/switchboards/i_nodes/i_ar_node/inst'
WARNING: [Vivado_Tcl 4-921] Waiver ID 'CDC-1' -to list should not be empty. [<EXTERNAL_BUILD>/w/project/s1e_e608f8c11cc8.gen/sources_1/bd/protection_system/ip/protection_system_smartconnect_0_0/bd_0/ip/ip_12/bd_26d4_arni_0_clocks.xdc:49]
WARNING: [Vivado_Tcl 4-921] Waiver ID 'CDC-1' -to list should not be empty. [<EXTERNAL_BUILD>/w/project/s1e_e608f8c11cc8.gen/sources_1/bd/protection_system/ip/protection_system_smartconnect_0_0/bd_0/ip/ip_12/bd_26d4_arni_0_clocks.xdc:52]
WARNING: [Vivado_Tcl 4-921] Waiver ID 'CDC-1' -to list should not be empty. [<EXTERNAL_BUILD>/w/project/s1e_e608f8c11cc8.gen/sources_1/bd/protection_system/ip/protection_system_smartconnect_0_0/bd_0/ip/ip_12/bd_26d4_arni_0_clocks.xdc:55]
WARNING: [Vivado_Tcl 4-921] Waiver ID 'CDC-1' -to list should not be empty. [<EXTERNAL_BUILD>/w/project/s1e_e608f8c11cc8.gen/sources_1/bd/protection_system/ip/protection_system_smartconnect_0_0/bd_0/ip/ip_12/bd_26d4_arni_0_clocks.xdc:59]
WARNING: [Vivado_Tcl 4-921] Waiver ID 'CDC-1' -to list should not be empty. [<EXTERNAL_BUILD>/w/project/s1e_e608f8c11cc8.gen/sources_1/bd/protection_system/ip/protection_system_smartconnect_0_0/bd_0/ip/ip_12/bd_26d4_arni_0_clocks.xdc:66]
WARNING: [Vivado_Tcl 4-921] Waiver ID 'CDC-1' -to list should not be empty. [<EXTERNAL_BUILD>/w/project/s1e_e608f8c11cc8.gen/sources_1/bd/protection_system/ip/protection_system_smartconnect_0_0/bd_0/ip/ip_12/bd_26d4_arni_0_clocks.xdc:70]
WARNING: [Vivado_Tcl 4-921] Waiver ID 'CDC-1' -to list should not be empty. [<EXTERNAL_BUILD>/w/project/s1e_e608f8c11cc8.gen/sources_1/bd/protection_system/ip/protection_system_smartconnect_0_0/bd_0/ip/ip_12/bd_26d4_arni_0_clocks.xdc:82]
WARNING: [Vivado_Tcl 4-921] Waiver ID 'CDC-4' -to list should not be empty. [<EXTERNAL_BUILD>/w/project/s1e_e608f8c11cc8.gen/sources_1/bd/protection_system/ip/protection_system_smartconnect_0_0/bd_0/ip/ip_12/bd_26d4_arni_0_clocks.xdc:85]
WARNING: [Vivado_Tcl 4-921] Waiver ID 'CDC-4' -to list should not be empty. [<EXTERNAL_BUILD>/w/project/s1e_e608f8c11cc8.gen/sources_1/bd/protection_system/ip/protection_system_smartconnect_0_0/bd_0/ip/ip_12/bd_26d4_arni_0_clocks.xdc:88]
WARNING: [Vivado_Tcl 4-921] Waiver ID 'CDC-2' -to list should not be empty. [<EXTERNAL_BUILD>/w/project/s1e_e608f8c11cc8.gen/sources_1/bd/protection_system/ip/protection_system_smartconnect_0_0/bd_0/ip/ip_12/bd_26d4_arni_0_clocks.xdc:91]
WARNING: [Vivado_Tcl 4-921] Waiver ID 'CDC-2' -to list should not be empty. [<EXTERNAL_BUILD>/w/project/s1e_e608f8c11cc8.gen/sources_1/bd/protection_system/ip/protection_system_smartconnect_0_0/bd_0/ip/ip_12/bd_26d4_arni_0_clocks.xdc:94]
WARNING: [Vivado_Tcl 4-921] Waiver ID 'CDC-2' -to list should not be empty. [<EXTERNAL_BUILD>/w/project/s1e_e608f8c11cc8.gen/sources_1/bd/protection_system/ip/protection_system_smartconnect_0_0/bd_0/ip/ip_12/bd_26d4_arni_0_clocks.xdc:97]
WARNING: [Vivado_Tcl 4-921] Waiver ID 'CDC-2' -to list should not be empty. [<EXTERNAL_BUILD>/w/project/s1e_e608f8c11cc8.gen/sources_1/bd/protection_system/ip/protection_system_smartconnect_0_0/bd_0/ip/ip_12/bd_26d4_arni_0_clocks.xdc:100]
WARNING: [Vivado_Tcl 4-921] Waiver ID 'CDC-1' -to list should not be empty. [<EXTERNAL_BUILD>/w/project/s1e_e608f8c11cc8.gen/sources_1/bd/protection_system/ip/protection_system_smartconnect_0_0/bd_0/ip/ip_12/bd_26d4_arni_0_clocks.xdc:104]
WARNING: [Vivado_Tcl 4-921] Waiver ID 'CDC-10' -to list should not be empty. [<EXTERNAL_BUILD>/w/project/s1e_e608f8c11cc8.gen/sources_1/bd/protection_system/ip/protection_system_smartconnect_0_0/bd_0/ip/ip_12/bd_26d4_arni_0_clocks.xdc:107]
WARNING: [Vivado_Tcl 4-921] Waiver ID 'CDC-10' -to list should not be empty. [<EXTERNAL_BUILD>/w/project/s1e_e608f8c11cc8.gen/sources_1/bd/protection_system/ip/protection_system_smartconnect_0_0/bd_0/ip/ip_12/bd_26d4_arni_0_clocks.xdc:110]
WARNING: [Vivado_Tcl 4-921] Waiver ID 'CDC-1' -to list should not be empty. [<EXTERNAL_BUILD>/w/project/s1e_e608f8c11cc8.gen/sources_1/bd/protection_system/ip/protection_system_smartconnect_0_0/bd_0/ip/ip_12/bd_26d4_arni_0_clocks.xdc:113]
WARNING: [Vivado_Tcl 4-921] Waiver ID 'CDC-1' -to list should not be empty. [<EXTERNAL_BUILD>/w/project/s1e_e608f8c11cc8.gen/sources_1/bd/protection_system/ip/protection_system_smartconnect_0_0/bd_0/ip/ip_12/bd_26d4_arni_0_clocks.xdc:116]
WARNING: [Vivado_Tcl 4-921] Waiver ID 'CDC-13' -to list should not be empty. [<EXTERNAL_BUILD>/w/project/s1e_e608f8c11cc8.gen/sources_1/bd/protection_system/ip/protection_system_smartconnect_0_0/bd_0/ip/ip_12/bd_26d4_arni_0_clocks.xdc:122]
WARNING: [Vivado_Tcl 4-921] Waiver ID 'CDC-1' -to list should not be empty. [<EXTERNAL_BUILD>/w/project/s1e_e608f8c11cc8.gen/sources_1/bd/protection_system/ip/protection_system_smartconnect_0_0/bd_0/ip/ip_12/bd_26d4_arni_0_clocks.xdc:125]
WARNING: [Vivado_Tcl 4-921] Waiver ID 'CDC-1' -to list should not be empty. [<EXTERNAL_BUILD>/w/project/s1e_e608f8c11cc8.gen/sources_1/bd/protection_system/ip/protection_system_smartconnect_0_0/bd_0/ip/ip_12/bd_26d4_arni_0_clocks.xdc:128]
WARNING: [Vivado_Tcl 4-921] Waiver ID 'CDC-13' -to list should not be empty. [<EXTERNAL_BUILD>/w/project/s1e_e608f8c11cc8.gen/sources_1/bd/protection_system/ip/protection_system_smartconnect_0_0/bd_0/ip/ip_12/bd_26d4_arni_0_clocks.xdc:131]
WARNING: [Vivado_Tcl 4-921] Waiver ID 'CDC-1' -to list should not be empty. [<EXTERNAL_BUILD>/w/project/s1e_e608f8c11cc8.gen/sources_1/bd/protection_system/ip/protection_system_smartconnect_0_0/bd_0/ip/ip_12/bd_26d4_arni_0_clocks.xdc:134]
WARNING: [Vivado_Tcl 4-921] Waiver ID 'CDC-10' -to list should not be empty. [<EXTERNAL_BUILD>/w/project/s1e_e608f8c11cc8.gen/sources_1/bd/protection_system/ip/protection_system_smartconnect_0_0/bd_0/ip/ip_12/bd_26d4_arni_0_clocks.xdc:137]
WARNING: [Vivado_Tcl 4-921] Waiver ID 'CDC-1' -to list should not be empty. [<EXTERNAL_BUILD>/w/project/s1e_e608f8c11cc8.gen/sources_1/bd/protection_system/ip/protection_system_smartconnect_0_0/bd_0/ip/ip_12/bd_26d4_arni_0_clocks.xdc:140]
WARNING: [Vivado_Tcl 4-921] Waiver ID 'CDC-1' -to list should not be empty. [<EXTERNAL_BUILD>/w/project/s1e_e608f8c11cc8.gen/sources_1/bd/protection_system/ip/protection_system_smartconnect_0_0/bd_0/ip/ip_12/bd_26d4_arni_0_clocks.xdc:143]
WARNING: [Vivado_Tcl 4-921] Waiver ID 'CDC-1' -to list should not be empty. [<EXTERNAL_BUILD>/w/project/s1e_e608f8c11cc8.gen/sources_1/bd/protection_system/ip/protection_system_smartconnect_0_0/bd_0/ip/ip_12/bd_26d4_arni_0_clocks.xdc:146]
WARNING: [Vivado_Tcl 4-921] Waiver ID 'CDC-2' -to list should not be empty. [<EXTERNAL_BUILD>/w/project/s1e_e608f8c11cc8.gen/sources_1/bd/protection_system/ip/protection_system_smartconnect_0_0/bd_0/ip/ip_12/bd_26d4_arni_0_clocks.xdc:149]
WARNING: [Vivado_Tcl 4-921] Waiver ID 'CDC-1' -to list should not be empty. [<EXTERNAL_BUILD>/w/project/s1e_e608f8c11cc8.gen/sources_1/bd/protection_system/ip/protection_system_smartconnect_0_0/bd_0/ip/ip_12/bd_26d4_arni_0_clocks.xdc:152]
WARNING: [Vivado_Tcl 4-921] Waiver ID 'CDC-1' -to list should not be empty. [<EXTERNAL_BUILD>/w/project/s1e_e608f8c11cc8.gen/sources_1/bd/protection_system/ip/protection_system_smartconnect_0_0/bd_0/ip/ip_12/bd_26d4_arni_0_clocks.xdc:155]
WARNING: [Vivado_Tcl 4-921] Waiver ID 'CDC-1' -to list should not be empty. [<EXTERNAL_BUILD>/w/project/s1e_e608f8c11cc8.gen/sources_1/bd/protection_system/ip/protection_system_smartconnect_0_0/bd_0/ip/ip_12/bd_26d4_arni_0_clocks.xdc:158]
WARNING: [Vivado_Tcl 4-921] Waiver ID 'CDC-10' -to list should not be empty. [<EXTERNAL_BUILD>/w/project/s1e_e608f8c11cc8.gen/sources_1/bd/protection_system/ip/protection_system_smartconnect_0_0/bd_0/ip/ip_12/bd_26d4_arni_0_clocks.xdc:161]
WARNING: [Vivado_Tcl 4-921] Waiver ID 'CDC-4' -to list should not be empty. [<EXTERNAL_BUILD>/w/project/s1e_e608f8c11cc8.gen/sources_1/bd/protection_system/ip/protection_system_smartconnect_0_0/bd_0/ip/ip_12/bd_26d4_arni_0_clocks.xdc:164]
WARNING: [Vivado_Tcl 4-921] Waiver ID 'CDC-4' -to list should not be empty. [<EXTERNAL_BUILD>/w/project/s1e_e608f8c11cc8.gen/sources_1/bd/protection_system/ip/protection_system_smartconnect_0_0/bd_0/ip/ip_12/bd_26d4_arni_0_clocks.xdc:167]
WARNING: [Vivado_Tcl 4-921] Waiver ID 'CDC-4' -to list should not be empty. [<EXTERNAL_BUILD>/w/project/s1e_e608f8c11cc8.gen/sources_1/bd/protection_system/ip/protection_system_smartconnect_0_0/bd_0/ip/ip_12/bd_26d4_arni_0_clocks.xdc:171]
WARNING: [Vivado_Tcl 4-921] Waiver ID 'CDC-4' -to list should not be empty. [<EXTERNAL_BUILD>/w/project/s1e_e608f8c11cc8.gen/sources_1/bd/protection_system/ip/protection_system_smartconnect_0_0/bd_0/ip/ip_12/bd_26d4_arni_0_clocks.xdc:174]
WARNING: [Vivado_Tcl 4-921] Waiver ID 'CDC-1' -to list should not be empty. [<EXTERNAL_BUILD>/w/project/s1e_e608f8c11cc8.gen/sources_1/bd/protection_system/ip/protection_system_smartconnect_0_0/bd_0/ip/ip_12/bd_26d4_arni_0_clocks.xdc:178]
WARNING: [Vivado_Tcl 4-935] Waiver ID 'CDC-1' is a duplicate and will not be added again. [<EXTERNAL_BUILD>/w/project/s1e_e608f8c11cc8.gen/sources_1/bd/protection_system/ip/protection_system_smartconnect_0_0/bd_0/ip/ip_12/bd_26d4_arni_0_clocks.xdc:181]
WARNING: [Vivado_Tcl 4-921] Waiver ID 'CDC-13' -to list should not be empty. [<EXTERNAL_BUILD>/w/project/s1e_e608f8c11cc8.gen/sources_1/bd/protection_system/ip/protection_system_smartconnect_0_0/bd_0/ip/ip_12/bd_26d4_arni_0_clocks.xdc:184]
Finished Parsing XDC File [<EXTERNAL_BUILD>/w/project/s1e_e608f8c11cc8.gen/sources_1/bd/protection_system/ip/protection_system_smartconnect_0_0/bd_0/ip/ip_12/bd_26d4_arni_0_clocks.xdc] for cell 'protection_system_i/smartconnect_0/inst/switchboards/i_nodes/i_ar_node/inst'
Parsing XDC File [<EXTERNAL_BUILD>/w/project/s1e_e608f8c11cc8.gen/sources_1/bd/protection_system/ip/protection_system_smartconnect_0_0/bd_0/ip/ip_13/bd_26d4_rni_0_clocks.xdc] for cell 'protection_system_i/smartconnect_0/inst/switchboards/i_nodes/i_r_node/inst'
WARNING: [Vivado_Tcl 4-921] Waiver ID 'CDC-1' -to list should not be empty. [<EXTERNAL_BUILD>/w/project/s1e_e608f8c11cc8.gen/sources_1/bd/protection_system/ip/protection_system_smartconnect_0_0/bd_0/ip/ip_13/bd_26d4_rni_0_clocks.xdc:49]
WARNING: [Vivado_Tcl 4-921] Waiver ID 'CDC-1' -to list should not be empty. [<EXTERNAL_BUILD>/w/project/s1e_e608f8c11cc8.gen/sources_1/bd/protection_system/ip/protection_system_smartconnect_0_0/bd_0/ip/ip_13/bd_26d4_rni_0_clocks.xdc:52]
WARNING: [Vivado_Tcl 4-921] Waiver ID 'CDC-1' -to list should not be empty. [<EXTERNAL_BUILD>/w/project/s1e_e608f8c11cc8.gen/sources_1/bd/protection_system/ip/protection_system_smartconnect_0_0/bd_0/ip/ip_13/bd_26d4_rni_0_clocks.xdc:55]
WARNING: [Vivado_Tcl 4-921] Waiver ID 'CDC-1' -to list should not be empty. [<EXTERNAL_BUILD>/w/project/s1e_e608f8c11cc8.gen/sources_1/bd/protection_system/ip/protection_system_smartconnect_0_0/bd_0/ip/ip_13/bd_26d4_rni_0_clocks.xdc:59]
WARNING: [Vivado_Tcl 4-921] Waiver ID 'CDC-1' -to list should not be empty. [<EXTERNAL_BUILD>/w/project/s1e_e608f8c11cc8.gen/sources_1/bd/protection_system/ip/protection_system_smartconnect_0_0/bd_0/ip/ip_13/bd_26d4_rni_0_clocks.xdc:66]
WARNING: [Vivado_Tcl 4-921] Waiver ID 'CDC-1' -to list should not be empty. [<EXTERNAL_BUILD>/w/project/s1e_e608f8c11cc8.gen/sources_1/bd/protection_system/ip/protection_system_smartconnect_0_0/bd_0/ip/ip_13/bd_26d4_rni_0_clocks.xdc:70]
WARNING: [Vivado_Tcl 4-921] Waiver ID 'CDC-1' -to list should not be empty. [<EXTERNAL_BUILD>/w/project/s1e_e608f8c11cc8.gen/sources_1/bd/protection_system/ip/protection_system_smartconnect_0_0/bd_0/ip/ip_13/bd_26d4_rni_0_clocks.xdc:82]
WARNING: [Vivado_Tcl 4-921] Waiver ID 'CDC-4' -to list should not be empty. [<EXTERNAL_BUILD>/w/project/s1e_e608f8c11cc8.gen/sources_1/bd/protection_system/ip/protection_system_smartconnect_0_0/bd_0/ip/ip_13/bd_26d4_rni_0_clocks.xdc:85]
WARNING: [Vivado_Tcl 4-921] Waiver ID 'CDC-4' -to list should not be empty. [<EXTERNAL_BUILD>/w/project/s1e_e608f8c11cc8.gen/sources_1/bd/protection_system/ip/protection_system_smartconnect_0_0/bd_0/ip/ip_13/bd_26d4_rni_0_clocks.xdc:88]
WARNING: [Vivado_Tcl 4-921] Waiver ID 'CDC-2' -to list should not be empty. [<EXTERNAL_BUILD>/w/project/s1e_e608f8c11cc8.gen/sources_1/bd/protection_system/ip/protection_system_smartconnect_0_0/bd_0/ip/ip_13/bd_26d4_rni_0_clocks.xdc:91]
WARNING: [Vivado_Tcl 4-921] Waiver ID 'CDC-2' -to list should not be empty. [<EXTERNAL_BUILD>/w/project/s1e_e608f8c11cc8.gen/sources_1/bd/protection_system/ip/protection_system_smartconnect_0_0/bd_0/ip/ip_13/bd_26d4_rni_0_clocks.xdc:94]
WARNING: [Vivado_Tcl 4-921] Waiver ID 'CDC-2' -to list should not be empty. [<EXTERNAL_BUILD>/w/project/s1e_e608f8c11cc8.gen/sources_1/bd/protection_system/ip/protection_system_smartconnect_0_0/bd_0/ip/ip_13/bd_26d4_rni_0_clocks.xdc:97]
WARNING: [Vivado_Tcl 4-921] Waiver ID 'CDC-2' -to list should not be empty. [<EXTERNAL_BUILD>/w/project/s1e_e608f8c11cc8.gen/sources_1/bd/protection_system/ip/protection_system_smartconnect_0_0/bd_0/ip/ip_13/bd_26d4_rni_0_clocks.xdc:100]
WARNING: [Vivado_Tcl 4-921] Waiver ID 'CDC-1' -to list should not be empty. [<EXTERNAL_BUILD>/w/project/s1e_e608f8c11cc8.gen/sources_1/bd/protection_system/ip/protection_system_smartconnect_0_0/bd_0/ip/ip_13/bd_26d4_rni_0_clocks.xdc:104]
WARNING: [Vivado_Tcl 4-921] Waiver ID 'CDC-10' -to list should not be empty. [<EXTERNAL_BUILD>/w/project/s1e_e608f8c11cc8.gen/sources_1/bd/protection_system/ip/protection_system_smartconnect_0_0/bd_0/ip/ip_13/bd_26d4_rni_0_clocks.xdc:107]
WARNING: [Vivado_Tcl 4-921] Waiver ID 'CDC-10' -to list should not be empty. [<EXTERNAL_BUILD>/w/project/s1e_e608f8c11cc8.gen/sources_1/bd/protection_system/ip/protection_system_smartconnect_0_0/bd_0/ip/ip_13/bd_26d4_rni_0_clocks.xdc:110]
WARNING: [Vivado_Tcl 4-921] Waiver ID 'CDC-1' -to list should not be empty. [<EXTERNAL_BUILD>/w/project/s1e_e608f8c11cc8.gen/sources_1/bd/protection_system/ip/protection_system_smartconnect_0_0/bd_0/ip/ip_13/bd_26d4_rni_0_clocks.xdc:113]
WARNING: [Vivado_Tcl 4-921] Waiver ID 'CDC-1' -to list should not be empty. [<EXTERNAL_BUILD>/w/project/s1e_e608f8c11cc8.gen/sources_1/bd/protection_system/ip/protection_system_smartconnect_0_0/bd_0/ip/ip_13/bd_26d4_rni_0_clocks.xdc:116]
WARNING: [Vivado_Tcl 4-921] Waiver ID 'CDC-13' -to list should not be empty. [<EXTERNAL_BUILD>/w/project/s1e_e608f8c11cc8.gen/sources_1/bd/protection_system/ip/protection_system_smartconnect_0_0/bd_0/ip/ip_13/bd_26d4_rni_0_clocks.xdc:122]
WARNING: [Vivado_Tcl 4-921] Waiver ID 'CDC-1' -to list should not be empty. [<EXTERNAL_BUILD>/w/project/s1e_e608f8c11cc8.gen/sources_1/bd/protection_system/ip/protection_system_smartconnect_0_0/bd_0/ip/ip_13/bd_26d4_rni_0_clocks.xdc:125]
WARNING: [Vivado_Tcl 4-921] Waiver ID 'CDC-1' -to list should not be empty. [<EXTERNAL_BUILD>/w/project/s1e_e608f8c11cc8.gen/sources_1/bd/protection_system/ip/protection_system_smartconnect_0_0/bd_0/ip/ip_13/bd_26d4_rni_0_clocks.xdc:128]
WARNING: [Vivado_Tcl 4-921] Waiver ID 'CDC-13' -to list should not be empty. [<EXTERNAL_BUILD>/w/project/s1e_e608f8c11cc8.gen/sources_1/bd/protection_system/ip/protection_system_smartconnect_0_0/bd_0/ip/ip_13/bd_26d4_rni_0_clocks.xdc:131]
WARNING: [Vivado_Tcl 4-921] Waiver ID 'CDC-1' -to list should not be empty. [<EXTERNAL_BUILD>/w/project/s1e_e608f8c11cc8.gen/sources_1/bd/protection_system/ip/protection_system_smartconnect_0_0/bd_0/ip/ip_13/bd_26d4_rni_0_clocks.xdc:134]
WARNING: [Vivado_Tcl 4-921] Waiver ID 'CDC-10' -to list should not be empty. [<EXTERNAL_BUILD>/w/project/s1e_e608f8c11cc8.gen/sources_1/bd/protection_system/ip/protection_system_smartconnect_0_0/bd_0/ip/ip_13/bd_26d4_rni_0_clocks.xdc:137]
WARNING: [Vivado_Tcl 4-921] Waiver ID 'CDC-1' -to list should not be empty. [<EXTERNAL_BUILD>/w/project/s1e_e608f8c11cc8.gen/sources_1/bd/protection_system/ip/protection_system_smartconnect_0_0/bd_0/ip/ip_13/bd_26d4_rni_0_clocks.xdc:140]
WARNING: [Vivado_Tcl 4-921] Waiver ID 'CDC-1' -to list should not be empty. [<EXTERNAL_BUILD>/w/project/s1e_e608f8c11cc8.gen/sources_1/bd/protection_system/ip/protection_system_smartconnect_0_0/bd_0/ip/ip_13/bd_26d4_rni_0_clocks.xdc:143]
WARNING: [Vivado_Tcl 4-921] Waiver ID 'CDC-1' -to list should not be empty. [<EXTERNAL_BUILD>/w/project/s1e_e608f8c11cc8.gen/sources_1/bd/protection_system/ip/protection_system_smartconnect_0_0/bd_0/ip/ip_13/bd_26d4_rni_0_clocks.xdc:146]
WARNING: [Vivado_Tcl 4-921] Waiver ID 'CDC-2' -to list should not be empty. [<EXTERNAL_BUILD>/w/project/s1e_e608f8c11cc8.gen/sources_1/bd/protection_system/ip/protection_system_smartconnect_0_0/bd_0/ip/ip_13/bd_26d4_rni_0_clocks.xdc:149]
WARNING: [Vivado_Tcl 4-921] Waiver ID 'CDC-1' -to list should not be empty. [<EXTERNAL_BUILD>/w/project/s1e_e608f8c11cc8.gen/sources_1/bd/protection_system/ip/protection_system_smartconnect_0_0/bd_0/ip/ip_13/bd_26d4_rni_0_clocks.xdc:152]
WARNING: [Vivado_Tcl 4-921] Waiver ID 'CDC-1' -to list should not be empty. [<EXTERNAL_BUILD>/w/project/s1e_e608f8c11cc8.gen/sources_1/bd/protection_system/ip/protection_system_smartconnect_0_0/bd_0/ip/ip_13/bd_26d4_rni_0_clocks.xdc:155]
WARNING: [Vivado_Tcl 4-921] Waiver ID 'CDC-1' -to list should not be empty. [<EXTERNAL_BUILD>/w/project/s1e_e608f8c11cc8.gen/sources_1/bd/protection_system/ip/protection_system_smartconnect_0_0/bd_0/ip/ip_13/bd_26d4_rni_0_clocks.xdc:158]
WARNING: [Vivado_Tcl 4-921] Waiver ID 'CDC-10' -to list should not be empty. [<EXTERNAL_BUILD>/w/project/s1e_e608f8c11cc8.gen/sources_1/bd/protection_system/ip/protection_system_smartconnect_0_0/bd_0/ip/ip_13/bd_26d4_rni_0_clocks.xdc:161]
WARNING: [Vivado_Tcl 4-921] Waiver ID 'CDC-4' -to list should not be empty. [<EXTERNAL_BUILD>/w/project/s1e_e608f8c11cc8.gen/sources_1/bd/protection_system/ip/protection_system_smartconnect_0_0/bd_0/ip/ip_13/bd_26d4_rni_0_clocks.xdc:164]
WARNING: [Vivado_Tcl 4-921] Waiver ID 'CDC-4' -to list should not be empty. [<EXTERNAL_BUILD>/w/project/s1e_e608f8c11cc8.gen/sources_1/bd/protection_system/ip/protection_system_smartconnect_0_0/bd_0/ip/ip_13/bd_26d4_rni_0_clocks.xdc:167]
WARNING: [Vivado_Tcl 4-921] Waiver ID 'CDC-4' -to list should not be empty. [<EXTERNAL_BUILD>/w/project/s1e_e608f8c11cc8.gen/sources_1/bd/protection_system/ip/protection_system_smartconnect_0_0/bd_0/ip/ip_13/bd_26d4_rni_0_clocks.xdc:171]
WARNING: [Vivado_Tcl 4-921] Waiver ID 'CDC-4' -to list should not be empty. [<EXTERNAL_BUILD>/w/project/s1e_e608f8c11cc8.gen/sources_1/bd/protection_system/ip/protection_system_smartconnect_0_0/bd_0/ip/ip_13/bd_26d4_rni_0_clocks.xdc:174]
WARNING: [Vivado_Tcl 4-921] Waiver ID 'CDC-1' -to list should not be empty. [<EXTERNAL_BUILD>/w/project/s1e_e608f8c11cc8.gen/sources_1/bd/protection_system/ip/protection_system_smartconnect_0_0/bd_0/ip/ip_13/bd_26d4_rni_0_clocks.xdc:178]
WARNING: [Vivado_Tcl 4-935] Waiver ID 'CDC-1' is a duplicate and will not be added again. [<EXTERNAL_BUILD>/w/project/s1e_e608f8c11cc8.gen/sources_1/bd/protection_system/ip/protection_system_smartconnect_0_0/bd_0/ip/ip_13/bd_26d4_rni_0_clocks.xdc:181]
WARNING: [Vivado_Tcl 4-921] Waiver ID 'CDC-13' -to list should not be empty. [<EXTERNAL_BUILD>/w/project/s1e_e608f8c11cc8.gen/sources_1/bd/protection_system/ip/protection_system_smartconnect_0_0/bd_0/ip/ip_13/bd_26d4_rni_0_clocks.xdc:184]
Finished Parsing XDC File [<EXTERNAL_BUILD>/w/project/s1e_e608f8c11cc8.gen/sources_1/bd/protection_system/ip/protection_system_smartconnect_0_0/bd_0/ip/ip_13/bd_26d4_rni_0_clocks.xdc] for cell 'protection_system_i/smartconnect_0/inst/switchboards/i_nodes/i_r_node/inst'
Parsing XDC File [<EXTERNAL_BUILD>/w/project/s1e_e608f8c11cc8.gen/sources_1/bd/protection_system/ip/protection_system_smartconnect_0_0/bd_0/ip/ip_14/bd_26d4_awni_0_clocks.xdc] for cell 'protection_system_i/smartconnect_0/inst/switchboards/i_nodes/i_aw_node/inst'
WARNING: [Vivado_Tcl 4-921] Waiver ID 'CDC-1' -to list should not be empty. [<EXTERNAL_BUILD>/w/project/s1e_e608f8c11cc8.gen/sources_1/bd/protection_system/ip/protection_system_smartconnect_0_0/bd_0/ip/ip_14/bd_26d4_awni_0_clocks.xdc:49]
WARNING: [Vivado_Tcl 4-921] Waiver ID 'CDC-1' -to list should not be empty. [<EXTERNAL_BUILD>/w/project/s1e_e608f8c11cc8.gen/sources_1/bd/protection_system/ip/protection_system_smartconnect_0_0/bd_0/ip/ip_14/bd_26d4_awni_0_clocks.xdc:52]
WARNING: [Vivado_Tcl 4-921] Waiver ID 'CDC-1' -to list should not be empty. [<EXTERNAL_BUILD>/w/project/s1e_e608f8c11cc8.gen/sources_1/bd/protection_system/ip/protection_system_smartconnect_0_0/bd_0/ip/ip_14/bd_26d4_awni_0_clocks.xdc:55]
WARNING: [Vivado_Tcl 4-921] Waiver ID 'CDC-1' -to list should not be empty. [<EXTERNAL_BUILD>/w/project/s1e_e608f8c11cc8.gen/sources_1/bd/protection_system/ip/protection_system_smartconnect_0_0/bd_0/ip/ip_14/bd_26d4_awni_0_clocks.xdc:59]
WARNING: [Vivado_Tcl 4-921] Waiver ID 'CDC-1' -to list should not be empty. [<EXTERNAL_BUILD>/w/project/s1e_e608f8c11cc8.gen/sources_1/bd/protection_system/ip/protection_system_smartconnect_0_0/bd_0/ip/ip_14/bd_26d4_awni_0_clocks.xdc:66]
WARNING: [Vivado_Tcl 4-921] Waiver ID 'CDC-1' -to list should not be empty. [<EXTERNAL_BUILD>/w/project/s1e_e608f8c11cc8.gen/sources_1/bd/protection_system/ip/protection_system_smartconnect_0_0/bd_0/ip/ip_14/bd_26d4_awni_0_clocks.xdc:70]
WARNING: [Vivado_Tcl 4-921] Waiver ID 'CDC-1' -to list should not be empty. [<EXTERNAL_BUILD>/w/project/s1e_e608f8c11cc8.gen/sources_1/bd/protection_system/ip/protection_system_smartconnect_0_0/bd_0/ip/ip_14/bd_26d4_awni_0_clocks.xdc:82]
WARNING: [Vivado_Tcl 4-921] Waiver ID 'CDC-4' -to list should not be empty. [<EXTERNAL_BUILD>/w/project/s1e_e608f8c11cc8.gen/sources_1/bd/protection_system/ip/protection_system_smartconnect_0_0/bd_0/ip/ip_14/bd_26d4_awni_0_clocks.xdc:85]
WARNING: [Vivado_Tcl 4-921] Waiver ID 'CDC-4' -to list should not be empty. [<EXTERNAL_BUILD>/w/project/s1e_e608f8c11cc8.gen/sources_1/bd/protection_system/ip/protection_system_smartconnect_0_0/bd_0/ip/ip_14/bd_26d4_awni_0_clocks.xdc:88]
WARNING: [Vivado_Tcl 4-921] Waiver ID 'CDC-2' -to list should not be empty. [<EXTERNAL_BUILD>/w/project/s1e_e608f8c11cc8.gen/sources_1/bd/protection_system/ip/protection_system_smartconnect_0_0/bd_0/ip/ip_14/bd_26d4_awni_0_clocks.xdc:91]
WARNING: [Vivado_Tcl 4-921] Waiver ID 'CDC-2' -to list should not be empty. [<EXTERNAL_BUILD>/w/project/s1e_e608f8c11cc8.gen/sources_1/bd/protection_system/ip/protection_system_smartconnect_0_0/bd_0/ip/ip_14/bd_26d4_awni_0_clocks.xdc:94]
WARNING: [Vivado_Tcl 4-921] Waiver ID 'CDC-2' -to list should not be empty. [<EXTERNAL_BUILD>/w/project/s1e_e608f8c11cc8.gen/sources_1/bd/protection_system/ip/protection_system_smartconnect_0_0/bd_0/ip/ip_14/bd_26d4_awni_0_clocks.xdc:97]
WARNING: [Vivado_Tcl 4-921] Waiver ID 'CDC-2' -to list should not be empty. [<EXTERNAL_BUILD>/w/project/s1e_e608f8c11cc8.gen/sources_1/bd/protection_system/ip/protection_system_smartconnect_0_0/bd_0/ip/ip_14/bd_26d4_awni_0_clocks.xdc:100]
WARNING: [Vivado_Tcl 4-921] Waiver ID 'CDC-1' -to list should not be empty. [<EXTERNAL_BUILD>/w/project/s1e_e608f8c11cc8.gen/sources_1/bd/protection_system/ip/protection_system_smartconnect_0_0/bd_0/ip/ip_14/bd_26d4_awni_0_clocks.xdc:104]
WARNING: [Vivado_Tcl 4-921] Waiver ID 'CDC-10' -to list should not be empty. [<EXTERNAL_BUILD>/w/project/s1e_e608f8c11cc8.gen/sources_1/bd/protection_system/ip/protection_system_smartconnect_0_0/bd_0/ip/ip_14/bd_26d4_awni_0_clocks.xdc:107]
WARNING: [Vivado_Tcl 4-921] Waiver ID 'CDC-10' -to list should not be empty. [<EXTERNAL_BUILD>/w/project/s1e_e608f8c11cc8.gen/sources_1/bd/protection_system/ip/protection_system_smartconnect_0_0/bd_0/ip/ip_14/bd_26d4_awni_0_clocks.xdc:110]
WARNING: [Vivado_Tcl 4-921] Waiver ID 'CDC-1' -to list should not be empty. [<EXTERNAL_BUILD>/w/project/s1e_e608f8c11cc8.gen/sources_1/bd/protection_system/ip/protection_system_smartconnect_0_0/bd_0/ip/ip_14/bd_26d4_awni_0_clocks.xdc:113]
INFO: [Common 17-14] Message 'Vivado 12-180' appears 100 times and further instances of the messages will be disabled. Use the Tcl command set_msg_config to change the current settings. [<EXTERNAL_BUILD>/w/project/s1e_e608f8c11cc8.gen/sources_1/bd/protection_system/ip/protection_system_smartconnect_0_0/bd_0/ip/ip_14/bd_26d4_awni_0_clocks.xdc:116]
WARNING: [Vivado_Tcl 4-921] Waiver ID 'CDC-1' -to list should not be empty. [<EXTERNAL_BUILD>/w/project/s1e_e608f8c11cc8.gen/sources_1/bd/protection_system/ip/protection_system_smartconnect_0_0/bd_0/ip/ip_14/bd_26d4_awni_0_clocks.xdc:116]
WARNING: [Vivado_Tcl 4-921] Waiver ID 'CDC-13' -to list should not be empty. [<EXTERNAL_BUILD>/w/project/s1e_e608f8c11cc8.gen/sources_1/bd/protection_system/ip/protection_system_smartconnect_0_0/bd_0/ip/ip_14/bd_26d4_awni_0_clocks.xdc:122]
WARNING: [Vivado_Tcl 4-921] Waiver ID 'CDC-1' -to list should not be empty. [<EXTERNAL_BUILD>/w/project/s1e_e608f8c11cc8.gen/sources_1/bd/protection_system/ip/protection_system_smartconnect_0_0/bd_0/ip/ip_14/bd_26d4_awni_0_clocks.xdc:125]
WARNING: [Vivado_Tcl 4-921] Waiver ID 'CDC-1' -to list should not be empty. [<EXTERNAL_BUILD>/w/project/s1e_e608f8c11cc8.gen/sources_1/bd/protection_system/ip/protection_system_smartconnect_0_0/bd_0/ip/ip_14/bd_26d4_awni_0_clocks.xdc:128]
WARNING: [Vivado_Tcl 4-921] Waiver ID 'CDC-13' -to list should not be empty. [<EXTERNAL_BUILD>/w/project/s1e_e608f8c11cc8.gen/sources_1/bd/protection_system/ip/protection_system_smartconnect_0_0/bd_0/ip/ip_14/bd_26d4_awni_0_clocks.xdc:131]
WARNING: [Vivado_Tcl 4-921] Waiver ID 'CDC-1' -to list should not be empty. [<EXTERNAL_BUILD>/w/project/s1e_e608f8c11cc8.gen/sources_1/bd/protection_system/ip/protection_system_smartconnect_0_0/bd_0/ip/ip_14/bd_26d4_awni_0_clocks.xdc:134]
WARNING: [Vivado_Tcl 4-921] Waiver ID 'CDC-10' -to list should not be empty. [<EXTERNAL_BUILD>/w/project/s1e_e608f8c11cc8.gen/sources_1/bd/protection_system/ip/protection_system_smartconnect_0_0/bd_0/ip/ip_14/bd_26d4_awni_0_clocks.xdc:137]
INFO: [Common 17-14] Message 'Vivado_Tcl 4-921' appears 100 times and further instances of the messages will be disabled. Use the Tcl command set_msg_config to change the current settings. [<EXTERNAL_BUILD>/w/project/s1e_e608f8c11cc8.gen/sources_1/bd/protection_system/ip/protection_system_smartconnect_0_0/bd_0/ip/ip_14/bd_26d4_awni_0_clocks.xdc:137]
WARNING: [Vivado_Tcl 4-935] Waiver ID 'CDC-1' is a duplicate and will not be added again. [<EXTERNAL_BUILD>/w/project/s1e_e608f8c11cc8.gen/sources_1/bd/protection_system/ip/protection_system_smartconnect_0_0/bd_0/ip/ip_14/bd_26d4_awni_0_clocks.xdc:181]
Finished Parsing XDC File [<EXTERNAL_BUILD>/w/project/s1e_e608f8c11cc8.gen/sources_1/bd/protection_system/ip/protection_system_smartconnect_0_0/bd_0/ip/ip_14/bd_26d4_awni_0_clocks.xdc] for cell 'protection_system_i/smartconnect_0/inst/switchboards/i_nodes/i_aw_node/inst'
Parsing XDC File [<EXTERNAL_BUILD>/w/project/s1e_e608f8c11cc8.gen/sources_1/bd/protection_system/ip/protection_system_smartconnect_0_0/bd_0/ip/ip_15/bd_26d4_wni_0_clocks.xdc] for cell 'protection_system_i/smartconnect_0/inst/switchboards/i_nodes/i_w_node/inst'
WARNING: [Vivado_Tcl 4-935] Waiver ID 'CDC-1' is a duplicate and will not be added again. [<EXTERNAL_BUILD>/w/project/s1e_e608f8c11cc8.gen/sources_1/bd/protection_system/ip/protection_system_smartconnect_0_0/bd_0/ip/ip_15/bd_26d4_wni_0_clocks.xdc:181]
Finished Parsing XDC File [<EXTERNAL_BUILD>/w/project/s1e_e608f8c11cc8.gen/sources_1/bd/protection_system/ip/protection_system_smartconnect_0_0/bd_0/ip/ip_15/bd_26d4_wni_0_clocks.xdc] for cell 'protection_system_i/smartconnect_0/inst/switchboards/i_nodes/i_w_node/inst'
Parsing XDC File [<EXTERNAL_BUILD>/w/project/s1e_e608f8c11cc8.gen/sources_1/bd/protection_system/ip/protection_system_smartconnect_0_0/bd_0/ip/ip_16/bd_26d4_bni_0_clocks.xdc] for cell 'protection_system_i/smartconnect_0/inst/switchboards/i_nodes/i_b_node/inst'
WARNING: [Vivado_Tcl 4-935] Waiver ID 'CDC-1' is a duplicate and will not be added again. [<EXTERNAL_BUILD>/w/project/s1e_e608f8c11cc8.gen/sources_1/bd/protection_system/ip/protection_system_smartconnect_0_0/bd_0/ip/ip_16/bd_26d4_bni_0_clocks.xdc:181]
Finished Parsing XDC File [<EXTERNAL_BUILD>/w/project/s1e_e608f8c11cc8.gen/sources_1/bd/protection_system/ip/protection_system_smartconnect_0_0/bd_0/ip/ip_16/bd_26d4_bni_0_clocks.xdc] for cell 'protection_system_i/smartconnect_0/inst/switchboards/i_nodes/i_b_node/inst'
Parsing XDC File [<EXTERNAL_BUILD>/w/project/s1e_e608f8c11cc8.gen/sources_1/bd/protection_system/ip/protection_system_smartconnect_0_0/bd_0/ip/ip_21/bd_26d4_sarn_0_clocks.xdc] for cell 'protection_system_i/smartconnect_0/inst/s00_nodes/s00_ar_node/inst'
Finished Parsing XDC File [<EXTERNAL_BUILD>/w/project/s1e_e608f8c11cc8.gen/sources_1/bd/protection_system/ip/protection_system_smartconnect_0_0/bd_0/ip/ip_21/bd_26d4_sarn_0_clocks.xdc] for cell 'protection_system_i/smartconnect_0/inst/s00_nodes/s00_ar_node/inst'
Parsing XDC File [<EXTERNAL_BUILD>/w/project/s1e_e608f8c11cc8.gen/sources_1/bd/protection_system/ip/protection_system_smartconnect_0_0/bd_0/ip/ip_22/bd_26d4_srn_0_clocks.xdc] for cell 'protection_system_i/smartconnect_0/inst/s00_nodes/s00_r_node/inst'
Finished Parsing XDC File [<EXTERNAL_BUILD>/w/project/s1e_e608f8c11cc8.gen/sources_1/bd/protection_system/ip/protection_system_smartconnect_0_0/bd_0/ip/ip_22/bd_26d4_srn_0_clocks.xdc] for cell 'protection_system_i/smartconnect_0/inst/s00_nodes/s00_r_node/inst'
Parsing XDC File [<EXTERNAL_BUILD>/w/project/s1e_e608f8c11cc8.gen/sources_1/bd/protection_system/ip/protection_system_smartconnect_0_0/bd_0/ip/ip_23/bd_26d4_sawn_0_clocks.xdc] for cell 'protection_system_i/smartconnect_0/inst/s00_nodes/s00_aw_node/inst'
Finished Parsing XDC File [<EXTERNAL_BUILD>/w/project/s1e_e608f8c11cc8.gen/sources_1/bd/protection_system/ip/protection_system_smartconnect_0_0/bd_0/ip/ip_23/bd_26d4_sawn_0_clocks.xdc] for cell 'protection_system_i/smartconnect_0/inst/s00_nodes/s00_aw_node/inst'
Parsing XDC File [<EXTERNAL_BUILD>/w/project/s1e_e608f8c11cc8.gen/sources_1/bd/protection_system/ip/protection_system_smartconnect_0_0/bd_0/ip/ip_24/bd_26d4_swn_0_clocks.xdc] for cell 'protection_system_i/smartconnect_0/inst/s00_nodes/s00_w_node/inst'
Finished Parsing XDC File [<EXTERNAL_BUILD>/w/project/s1e_e608f8c11cc8.gen/sources_1/bd/protection_system/ip/protection_system_smartconnect_0_0/bd_0/ip/ip_24/bd_26d4_swn_0_clocks.xdc] for cell 'protection_system_i/smartconnect_0/inst/s00_nodes/s00_w_node/inst'
Parsing XDC File [<EXTERNAL_BUILD>/w/project/s1e_e608f8c11cc8.gen/sources_1/bd/protection_system/ip/protection_system_smartconnect_0_0/bd_0/ip/ip_25/bd_26d4_sbn_0_clocks.xdc] for cell 'protection_system_i/smartconnect_0/inst/s00_nodes/s00_b_node/inst'
Finished Parsing XDC File [<EXTERNAL_BUILD>/w/project/s1e_e608f8c11cc8.gen/sources_1/bd/protection_system/ip/protection_system_smartconnect_0_0/bd_0/ip/ip_25/bd_26d4_sbn_0_clocks.xdc] for cell 'protection_system_i/smartconnect_0/inst/s00_nodes/s00_b_node/inst'
Parsing XDC File [<EXTERNAL_BUILD>/w/project/s1e_e608f8c11cc8.gen/sources_1/bd/protection_system/ip/protection_system_smartconnect_0_0/bd_0/ip/ip_27/bd_26d4_m00arn_0_clocks.xdc] for cell 'protection_system_i/smartconnect_0/inst/m00_nodes/m00_ar_node/inst'
Finished Parsing XDC File [<EXTERNAL_BUILD>/w/project/s1e_e608f8c11cc8.gen/sources_1/bd/protection_system/ip/protection_system_smartconnect_0_0/bd_0/ip/ip_27/bd_26d4_m00arn_0_clocks.xdc] for cell 'protection_system_i/smartconnect_0/inst/m00_nodes/m00_ar_node/inst'
Parsing XDC File [<EXTERNAL_BUILD>/w/project/s1e_e608f8c11cc8.gen/sources_1/bd/protection_system/ip/protection_system_smartconnect_0_0/bd_0/ip/ip_28/bd_26d4_m00rn_0_clocks.xdc] for cell 'protection_system_i/smartconnect_0/inst/m00_nodes/m00_r_node/inst'
Finished Parsing XDC File [<EXTERNAL_BUILD>/w/project/s1e_e608f8c11cc8.gen/sources_1/bd/protection_system/ip/protection_system_smartconnect_0_0/bd_0/ip/ip_28/bd_26d4_m00rn_0_clocks.xdc] for cell 'protection_system_i/smartconnect_0/inst/m00_nodes/m00_r_node/inst'
Parsing XDC File [<EXTERNAL_BUILD>/w/project/s1e_e608f8c11cc8.gen/sources_1/bd/protection_system/ip/protection_system_smartconnect_0_0/bd_0/ip/ip_29/bd_26d4_m00awn_0_clocks.xdc] for cell 'protection_system_i/smartconnect_0/inst/m00_nodes/m00_aw_node/inst'
Finished Parsing XDC File [<EXTERNAL_BUILD>/w/project/s1e_e608f8c11cc8.gen/sources_1/bd/protection_system/ip/protection_system_smartconnect_0_0/bd_0/ip/ip_29/bd_26d4_m00awn_0_clocks.xdc] for cell 'protection_system_i/smartconnect_0/inst/m00_nodes/m00_aw_node/inst'
Parsing XDC File [<EXTERNAL_BUILD>/w/project/s1e_e608f8c11cc8.gen/sources_1/bd/protection_system/ip/protection_system_smartconnect_0_0/bd_0/ip/ip_30/bd_26d4_m00wn_0_clocks.xdc] for cell 'protection_system_i/smartconnect_0/inst/m00_nodes/m00_w_node/inst'
Finished Parsing XDC File [<EXTERNAL_BUILD>/w/project/s1e_e608f8c11cc8.gen/sources_1/bd/protection_system/ip/protection_system_smartconnect_0_0/bd_0/ip/ip_30/bd_26d4_m00wn_0_clocks.xdc] for cell 'protection_system_i/smartconnect_0/inst/m00_nodes/m00_w_node/inst'
Parsing XDC File [<EXTERNAL_BUILD>/w/project/s1e_e608f8c11cc8.gen/sources_1/bd/protection_system/ip/protection_system_smartconnect_0_0/bd_0/ip/ip_31/bd_26d4_m00bn_0_clocks.xdc] for cell 'protection_system_i/smartconnect_0/inst/m00_nodes/m00_b_node/inst'
Finished Parsing XDC File [<EXTERNAL_BUILD>/w/project/s1e_e608f8c11cc8.gen/sources_1/bd/protection_system/ip/protection_system_smartconnect_0_0/bd_0/ip/ip_31/bd_26d4_m00bn_0_clocks.xdc] for cell 'protection_system_i/smartconnect_0/inst/m00_nodes/m00_b_node/inst'
Parsing XDC File [<EXTERNAL_BUILD>/w/project/s1e_e608f8c11cc8.gen/sources_1/bd/protection_system/ip/protection_system_smartconnect_0_0/bd_0/ip/ip_34/bd_26d4_m01arn_0_clocks.xdc] for cell 'protection_system_i/smartconnect_0/inst/m01_nodes/m01_ar_node/inst'
Finished Parsing XDC File [<EXTERNAL_BUILD>/w/project/s1e_e608f8c11cc8.gen/sources_1/bd/protection_system/ip/protection_system_smartconnect_0_0/bd_0/ip/ip_34/bd_26d4_m01arn_0_clocks.xdc] for cell 'protection_system_i/smartconnect_0/inst/m01_nodes/m01_ar_node/inst'
Parsing XDC File [<EXTERNAL_BUILD>/w/project/s1e_e608f8c11cc8.gen/sources_1/bd/protection_system/ip/protection_system_smartconnect_0_0/bd_0/ip/ip_35/bd_26d4_m01rn_0_clocks.xdc] for cell 'protection_system_i/smartconnect_0/inst/m01_nodes/m01_r_node/inst'
Finished Parsing XDC File [<EXTERNAL_BUILD>/w/project/s1e_e608f8c11cc8.gen/sources_1/bd/protection_system/ip/protection_system_smartconnect_0_0/bd_0/ip/ip_35/bd_26d4_m01rn_0_clocks.xdc] for cell 'protection_system_i/smartconnect_0/inst/m01_nodes/m01_r_node/inst'
Parsing XDC File [<EXTERNAL_BUILD>/w/project/s1e_e608f8c11cc8.gen/sources_1/bd/protection_system/ip/protection_system_smartconnect_0_0/bd_0/ip/ip_36/bd_26d4_m01awn_0_clocks.xdc] for cell 'protection_system_i/smartconnect_0/inst/m01_nodes/m01_aw_node/inst'
Finished Parsing XDC File [<EXTERNAL_BUILD>/w/project/s1e_e608f8c11cc8.gen/sources_1/bd/protection_system/ip/protection_system_smartconnect_0_0/bd_0/ip/ip_36/bd_26d4_m01awn_0_clocks.xdc] for cell 'protection_system_i/smartconnect_0/inst/m01_nodes/m01_aw_node/inst'
Parsing XDC File [<EXTERNAL_BUILD>/w/project/s1e_e608f8c11cc8.gen/sources_1/bd/protection_system/ip/protection_system_smartconnect_0_0/bd_0/ip/ip_37/bd_26d4_m01wn_0_clocks.xdc] for cell 'protection_system_i/smartconnect_0/inst/m01_nodes/m01_w_node/inst'
Finished Parsing XDC File [<EXTERNAL_BUILD>/w/project/s1e_e608f8c11cc8.gen/sources_1/bd/protection_system/ip/protection_system_smartconnect_0_0/bd_0/ip/ip_37/bd_26d4_m01wn_0_clocks.xdc] for cell 'protection_system_i/smartconnect_0/inst/m01_nodes/m01_w_node/inst'
Parsing XDC File [<EXTERNAL_BUILD>/w/project/s1e_e608f8c11cc8.gen/sources_1/bd/protection_system/ip/protection_system_smartconnect_0_0/bd_0/ip/ip_38/bd_26d4_m01bn_0_clocks.xdc] for cell 'protection_system_i/smartconnect_0/inst/m01_nodes/m01_b_node/inst'
Finished Parsing XDC File [<EXTERNAL_BUILD>/w/project/s1e_e608f8c11cc8.gen/sources_1/bd/protection_system/ip/protection_system_smartconnect_0_0/bd_0/ip/ip_38/bd_26d4_m01bn_0_clocks.xdc] for cell 'protection_system_i/smartconnect_0/inst/m01_nodes/m01_b_node/inst'
Parsing XDC File [<EXTERNAL_BUILD>/w/project/s1e_e608f8c11cc8.gen/sources_1/bd/protection_system/ip/protection_system_smartconnect_0_0/smartconnect.xdc] for cell 'protection_system_i/smartconnect_0/inst'
WARNING: [Vivado_Tcl 4-919] Waiver ID 'CDC-1' -from list should not be empty. [<EXTERNAL_BUILD>/w/project/s1e_e608f8c11cc8.gen/sources_1/bd/protection_system/ip/protection_system_smartconnect_0_0/smartconnect.xdc:10]
Finished Parsing XDC File [<EXTERNAL_BUILD>/w/project/s1e_e608f8c11cc8.gen/sources_1/bd/protection_system/ip/protection_system_smartconnect_0_0/smartconnect.xdc] for cell 'protection_system_i/smartconnect_0/inst'
Parsing XDC File [<EXTERNAL_BUILD>/w/project/s1e_e608f8c11cc8.gen/sources_1/bd/protection_system/ip/protection_system_proc_sys_reset_stage2i_b2_src_0/protection_system_proc_sys_reset_stage2i_b2_src_0_board.xdc] for cell 'protection_system_i/proc_sys_reset_stage2i_b2_src/U0'
Finished Parsing XDC File [<EXTERNAL_BUILD>/w/project/s1e_e608f8c11cc8.gen/sources_1/bd/protection_system/ip/protection_system_proc_sys_reset_stage2i_b2_src_0/protection_system_proc_sys_reset_stage2i_b2_src_0_board.xdc] for cell 'protection_system_i/proc_sys_reset_stage2i_b2_src/U0'
Parsing XDC File [<EXTERNAL_BUILD>/w/project/s1e_e608f8c11cc8.gen/sources_1/bd/protection_system/ip/protection_system_proc_sys_reset_stage2i_b2_src_0/protection_system_proc_sys_reset_stage2i_b2_src_0.xdc] for cell 'protection_system_i/proc_sys_reset_stage2i_b2_src/U0'
Finished Parsing XDC File [<EXTERNAL_BUILD>/w/project/s1e_e608f8c11cc8.gen/sources_1/bd/protection_system/ip/protection_system_proc_sys_reset_stage2i_b2_src_0/protection_system_proc_sys_reset_stage2i_b2_src_0.xdc] for cell 'protection_system_i/proc_sys_reset_stage2i_b2_src/U0'
Parsing XDC File [<EXTERNAL_BUILD>/w/project/s1e_e608f8c11cc8.gen/sources_1/bd/protection_system/ip/protection_system_system_ila_stage2b_0_0/bd_0/ip/ip_0/ila_v6_2/constraints/ila_impl.xdc] for cell 'protection_system_i/system_ila_stage2b_0/inst/ila_lib/inst'
Finished Parsing XDC File [<EXTERNAL_BUILD>/w/project/s1e_e608f8c11cc8.gen/sources_1/bd/protection_system/ip/protection_system_system_ila_stage2b_0_0/bd_0/ip/ip_0/ila_v6_2/constraints/ila_impl.xdc] for cell 'protection_system_i/system_ila_stage2b_0/inst/ila_lib/inst'
Parsing XDC File [<EXTERNAL_BUILD>/w/project/s1e_e608f8c11cc8.gen/sources_1/bd/protection_system/ip/protection_system_system_ila_stage2b_0_0/bd_0/ip/ip_0/ila_v6_2/constraints/ila.xdc] for cell 'protection_system_i/system_ila_stage2b_0/inst/ila_lib/inst'
Finished Parsing XDC File [<EXTERNAL_BUILD>/w/project/s1e_e608f8c11cc8.gen/sources_1/bd/protection_system/ip/protection_system_system_ila_stage2b_0_0/bd_0/ip/ip_0/ila_v6_2/constraints/ila.xdc] for cell 'protection_system_i/system_ila_stage2b_0/inst/ila_lib/inst'
Parsing XDC File [<EXTERNAL_BUILD>/w/project/s1e_e608f8c11cc8.gen/sources_1/bd/protection_system/ip/protection_system_axi_gpio_stage1d_0_0/protection_system_axi_gpio_stage1d_0_0_board.xdc] for cell 'protection_system_i/axi_gpio_stage1d_0/U0'
Finished Parsing XDC File [<EXTERNAL_BUILD>/w/project/s1e_e608f8c11cc8.gen/sources_1/bd/protection_system/ip/protection_system_axi_gpio_stage1d_0_0/protection_system_axi_gpio_stage1d_0_0_board.xdc] for cell 'protection_system_i/axi_gpio_stage1d_0/U0'
Parsing XDC File [<EXTERNAL_BUILD>/w/project/s1e_e608f8c11cc8.gen/sources_1/bd/protection_system/ip/protection_system_axi_gpio_stage1d_0_0/protection_system_axi_gpio_stage1d_0_0.xdc] for cell 'protection_system_i/axi_gpio_stage1d_0/U0'
Finished Parsing XDC File [<EXTERNAL_BUILD>/w/project/s1e_e608f8c11cc8.gen/sources_1/bd/protection_system/ip/protection_system_axi_gpio_stage1d_0_0/protection_system_axi_gpio_stage1d_0_0.xdc] for cell 'protection_system_i/axi_gpio_stage1d_0/U0'
Parsing XDC File [<EXTERNAL_BUILD>/w/project/s1e_e608f8c11cc8.gen/sources_1/bd/protection_system/ip/protection_system_system_ila_stage2i_b2_source_0_0/bd_0/ip/ip_0/ila_v6_2/constraints/ila_impl.xdc] for cell 'protection_system_i/system_ila_stage2i_b2_source_0/inst/ila_lib/inst'
Finished Parsing XDC File [<EXTERNAL_BUILD>/w/project/s1e_e608f8c11cc8.gen/sources_1/bd/protection_system/ip/protection_system_system_ila_stage2i_b2_source_0_0/bd_0/ip/ip_0/ila_v6_2/constraints/ila_impl.xdc] for cell 'protection_system_i/system_ila_stage2i_b2_source_0/inst/ila_lib/inst'
Parsing XDC File [<EXTERNAL_BUILD>/w/project/s1e_e608f8c11cc8.gen/sources_1/bd/protection_system/ip/protection_system_system_ila_stage2i_b2_source_0_0/bd_0/ip/ip_0/ila_v6_2/constraints/ila.xdc] for cell 'protection_system_i/system_ila_stage2i_b2_source_0/inst/ila_lib/inst'
Finished Parsing XDC File [<EXTERNAL_BUILD>/w/project/s1e_e608f8c11cc8.gen/sources_1/bd/protection_system/ip/protection_system_system_ila_stage2i_b2_source_0_0/bd_0/ip/ip_0/ila_v6_2/constraints/ila.xdc] for cell 'protection_system_i/system_ila_stage2i_b2_source_0/inst/ila_lib/inst'
Parsing XDC File [<EXTERNAL_BUILD>/w/project/s1e_e608f8c11cc8.gen/sources_1/bd/protection_system/ip/protection_system_protection_ip_axi_lite_0_0/src/stage2d_async_adc_atomic_cdc.xdc] for cell 'protection_system_i/protection_ip_axi_lite_0/inst'
Finished Parsing XDC File [<EXTERNAL_BUILD>/w/project/s1e_e608f8c11cc8.gen/sources_1/bd/protection_system/ip/protection_system_protection_ip_axi_lite_0_0/src/stage2d_async_adc_atomic_cdc.xdc] for cell 'protection_system_i/protection_ip_axi_lite_0/inst'
Parsing XDC File [<EXTERNAL_BUILD>/w/project/s1e_e608f8c11cc8.gen/sources_1/bd/protection_system/ip/protection_system_protection_ip_axi_lite_0_0/src/stage2e_transaction_observability_cdc.xdc] for cell 'protection_system_i/protection_ip_axi_lite_0/inst'
Finished Parsing XDC File [<EXTERNAL_BUILD>/w/project/s1e_e608f8c11cc8.gen/sources_1/bd/protection_system/ip/protection_system_protection_ip_axi_lite_0_0/src/stage2e_transaction_observability_cdc.xdc] for cell 'protection_system_i/protection_ip_axi_lite_0/inst'
Parsing XDC File [<EXTERNAL_SOURCE>/fpga/vivado/constraints/stage2i_b2_ready_aware_stimulus_cdc.xdc]
Finished Parsing XDC File [<EXTERNAL_SOURCE>/fpga/vivado/constraints/stage2i_b2_ready_aware_stimulus_cdc.xdc]
INFO: [Project 1-1714] 45 XPM XDC files have been applied to the design.
INFO: [Opt 31-138] Pushed 0 inverter(s) to 0 load pin(s).
INFO: [Project 1-1687] 895 scoped IP constraints or related sub-commands were skipped due to synthesis logic optimizations usually triggered by constant connectivity or unconnected output pins. To review the skipped constraints and messages, run the command 'set_param netlist.IPMsgFiltering false' before opening the design.
Netlist sorting complete. Time (s): cpu = 00:00:00 ; elapsed = 00:00:00.004 . Memory (MB): peak = 1952.543 ; gain = 0.000
INFO: [Project 1-111] Unisim Transformation Summary:
  A total of 236 instances were transformed.
  CFGLUT5 => CFGLUT5 (SRL16E, SRLC32E): 236 instances

26 Infos, 106 Warnings, 0 Critical Warnings and 0 Errors encountered.
link_design completed successfully
link_design: Time (s): cpu = 00:00:13 ; elapsed = 00:00:18 . Memory (MB): peak = 1952.543 ; gain = 1251.414
Command: opt_design
Attempting to get a license for feature 'Implementation' and/or device 'xc7z020'
INFO: [Common 17-349] Got license for feature 'Implementation' and/or device 'xc7z020'
Running DRC as a precondition to command opt_design

Starting DRC Task
INFO: [DRC 23-27] Running DRC with 2 threads
INFO: [Project 1-461] DRC finished with 0 Errors
INFO: [Project 1-462] Please refer to the DRC report (report_drc) for more information.

Time (s): cpu = 00:00:01 ; elapsed = 00:00:00.564 . Memory (MB): peak = 1952.543 ; gain = 0.000

Starting Cache Timing Information Task
INFO: [Timing 38-35] Done setting XDC timing constraints.
Ending Cache Timing Information Task | Checksum: 13fa4c471

Time (s): cpu = 00:00:01 ; elapsed = 00:00:00.383 . Memory (MB): peak = 1952.543 ; gain = 0.000

Starting Logic Optimization Task

Phase 1 Initialization

Phase 1.1 Core Generation And Design Setup

Phase 1.1.1 Generate And Synthesize Debug Cores
INFO: [Chipscope 16-329] Generating Script for core instance : dbg_hub 
INFO: [IP_Flow 19-3806] Processing IP xilinx.com:ip:xsdbm:3.0 for cell dbg_hub_CV.
Done building netlist checker database: Time (s): cpu = 00:00:00 ; elapsed = 00:00:00.005 . Memory (MB): peak = 2334.473 ; gain = 0.000
Netlist sorting complete. Time (s): cpu = 00:00:00 ; elapsed = 00:00:00.016 . Memory (MB): peak = 2334.473 ; gain = 0.000
Phase 1.1.1 Generate And Synthesize Debug Cores | Checksum: 227b0658c

Time (s): cpu = 00:00:01 ; elapsed = 00:00:59 . Memory (MB): peak = 2334.473 ; gain = 22.207
Phase 1.1 Core Generation And Design Setup | Checksum: 227b0658c

Time (s): cpu = 00:00:01 ; elapsed = 00:00:59 . Memory (MB): peak = 2334.473 ; gain = 22.207

Phase 1.2 Setup Constraints And Sort Netlist
Phase 1.2 Setup Constraints And Sort Netlist | Checksum: 227b0658c

Time (s): cpu = 00:00:01 ; elapsed = 00:00:59 . Memory (MB): peak = 2334.473 ; gain = 22.207
Phase 1 Initialization | Checksum: 227b0658c

Time (s): cpu = 00:00:01 ; elapsed = 00:00:59 . Memory (MB): peak = 2334.473 ; gain = 22.207

Phase 2 Timer Update And Timing Data Collection

Phase 2.1 Timer Update
Phase 2.1 Timer Update | Checksum: 227b0658c

Time (s): cpu = 00:00:01 ; elapsed = 00:00:59 . Memory (MB): peak = 2334.473 ; gain = 22.207

Phase 2.2 Timing Data Collection
Phase 2.2 Timing Data Collection | Checksum: 227b0658c

Time (s): cpu = 00:00:01 ; elapsed = 00:00:59 . Memory (MB): peak = 2334.473 ; gain = 22.207
Phase 2 Timer Update And Timing Data Collection | Checksum: 227b0658c

Time (s): cpu = 00:00:01 ; elapsed = 00:00:59 . Memory (MB): peak = 2334.473 ; gain = 22.207

Phase 3 Retarget
INFO: [Opt 31-1834] Total Chains To Be Transformed Were: 0 AND Number of Transformed insts Created are: 0
INFO: [Opt 31-1566] Pulled 2 inverters resulting in an inversion of 83 pins
INFO: [Opt 31-138] Pushed 7 inverter(s) to 19 load pin(s).
INFO: [Opt 31-49] Retargeted 0 cell(s).
Phase 3 Retarget | Checksum: 168561673

Time (s): cpu = 00:00:01 ; elapsed = 00:01:00 . Memory (MB): peak = 2334.473 ; gain = 22.207
Retarget | Checksum: 168561673
INFO: [Opt 31-389] Phase Retarget created 19 cells and removed 61 cells
INFO: [Opt 31-1021] In phase Retarget, 165 netlist objects are constrained preventing optimization. Please run opt_design with -debug_log to get more detail. 

Phase 4 Constant propagation
INFO: [Opt 31-138] Pushed 1 inverter(s) to 3 load pin(s).
Phase 4 Constant propagation | Checksum: 20e7adc91

Time (s): cpu = 00:00:01 ; elapsed = 00:01:00 . Memory (MB): peak = 2334.473 ; gain = 22.207
Constant propagation | Checksum: 20e7adc91
INFO: [Opt 31-389] Phase Constant propagation created 10 cells and removed 56 cells
INFO: [Opt 31-1021] In phase Constant propagation, 133 netlist objects are constrained preventing optimization. Please run opt_design with -debug_log to get more detail. 

Phase 5 Sweep
INFO: [Opt 31-120] Instance protection_system_i/protection_ip_axi_lite_0/inst/g_stage2f_normalization_supported.u_adc_sample_code_normalizer (protection_system_protection_ip_axi_lite_0_0_adc_sample_code_normalizer) has been optimized to an empty box cell during sweep but it has constraints that prevent its removal. Empty box cells do not impact the implementation flow but they have no functional relevance.
Resolution: If this is not expected, please check for DONT_TOUCH properties or timing constraint set on the empty box cell or on nets connected to the cell. If found, remove the relevant DONT_TOUCH property or timing constraint and re-run opt_design.
Phase 5 Sweep | Checksum: 17463f8b8

Time (s): cpu = 00:00:02 ; elapsed = 00:01:00 . Memory (MB): peak = 2334.473 ; gain = 22.207
Sweep | Checksum: 17463f8b8
INFO: [Opt 31-389] Phase Sweep created 0 cells and removed 246 cells
INFO: [Opt 31-1021] In phase Sweep, 1735 netlist objects are constrained preventing optimization. Please run opt_design with -debug_log to get more detail. 

Phase 6 BUFG optimization
INFO: [Opt 31-194] Inserted BUFG protection_system_i/processing_system7_0/inst/FCLK_CLK1_BUFG_inst to drive 5339 load(s) on clock net protection_system_i/processing_system7_0/inst/FCLK_CLK1_BUFG
INFO: [Opt 31-193] Inserted 1 BUFG(s) on clock nets
Phase 6 BUFG optimization | Checksum: 20615a6e5

Time (s): cpu = 00:00:02 ; elapsed = 00:01:00 . Memory (MB): peak = 2334.473 ; gain = 22.207
BUFG optimization | Checksum: 20615a6e5
INFO: [Opt 31-662] Phase BUFG optimization created 1 cells of which 1 are BUFGs and removed 0 cells.

Phase 7 Shift Register Optimization
INFO: [Opt 31-1064] SRL Remap converted 0 SRLs to 0 registers and converted 0 registers of register chains to 0 SRLs
Phase 7 Shift Register Optimization | Checksum: 20615a6e5

Time (s): cpu = 00:00:02 ; elapsed = 00:01:00 . Memory (MB): peak = 2334.473 ; gain = 22.207
Shift Register Optimization | Checksum: 20615a6e5
INFO: [Opt 31-389] Phase Shift Register Optimization created 0 cells and removed 0 cells

Phase 8 Post Processing Netlist
Phase 8 Post Processing Netlist | Checksum: 20615a6e5

Time (s): cpu = 00:00:02 ; elapsed = 00:01:00 . Memory (MB): peak = 2334.473 ; gain = 22.207
Post Processing Netlist | Checksum: 20615a6e5
INFO: [Opt 31-389] Phase Post Processing Netlist created 0 cells and removed 0 cells
INFO: [Opt 31-1021] In phase Post Processing Netlist, 156 netlist objects are constrained preventing optimization. Please run opt_design with -debug_log to get more detail. 

Phase 9 Finalization

Phase 9.1 Finalizing Design Cores and Updating Shapes
Phase 9.1 Finalizing Design Cores and Updating Shapes | Checksum: 1f7a3c767

Time (s): cpu = 00:00:02 ; elapsed = 00:01:00 . Memory (MB): peak = 2334.473 ; gain = 22.207

Phase 9.2 Verifying Netlist Connectivity

Starting Connectivity Check Task

Time (s): cpu = 00:00:00 ; elapsed = 00:00:00.019 . Memory (MB): peak = 2334.473 ; gain = 0.000
Phase 9.2 Verifying Netlist Connectivity | Checksum: 1f7a3c767

Time (s): cpu = 00:00:02 ; elapsed = 00:01:01 . Memory (MB): peak = 2334.473 ; gain = 22.207
Phase 9 Finalization | Checksum: 1f7a3c767

Time (s): cpu = 00:00:02 ; elapsed = 00:01:01 . Memory (MB): peak = 2334.473 ; gain = 22.207
Opt_design Change Summary
=========================


-------------------------------------------------------------------------------------------------------------------------
|  Phase                        |  #Cells created  |  #Cells Removed  |  #Constrained objects preventing optimizations  |
-------------------------------------------------------------------------------------------------------------------------
|  Retarget                     |              19  |              61  |                                            165  |
|  Constant propagation         |              10  |              56  |                                            133  |
|  Sweep                        |               0  |             246  |                                           1735  |
|  BUFG optimization            |               1  |               0  |                                              0  |
|  Shift Register Optimization  |               0  |               0  |                                              0  |
|  Post Processing Netlist      |               0  |               0  |                                            156  |
-------------------------------------------------------------------------------------------------------------------------


Ending Logic Optimization Task | Checksum: 1f7a3c767

Time (s): cpu = 00:00:02 ; elapsed = 00:01:01 . Memory (MB): peak = 2334.473 ; gain = 22.207

Starting Power Optimization Task
INFO: [Pwropt 34-132] Skipping clock gating for clocks with a period < 2.00 ns.
INFO: [Timing 38-35] Done setting XDC timing constraints.
INFO: [Pwropt 34-9] Applying IDT optimizations ...
INFO: [Pwropt 34-10] Applying ODC optimizations ...
Running Vector-less Activity Propagation...

Finished Running Vector-less Activity Propagation


Starting PowerOpt Patch Enables Task
INFO: [Pwropt 34-162] WRITE_MODE attribute of 16 BRAM(s) out of a total of 21 has been updated to save power. Run report_power_opt to get a complete listing of the BRAMs updated.
INFO: [Pwropt 34-201] Structural ODC has moved 0 WE to EN ports
Number of BRAM Ports augmented: 21 newly gated: 0 Total Ports: 42
Ending PowerOpt Patch Enables Task | Checksum: 1a933b351

Time (s): cpu = 00:00:00 ; elapsed = 00:00:00.091 . Memory (MB): peak = 2476.672 ; gain = 0.000
Ending Power Optimization Task | Checksum: 1a933b351

Time (s): cpu = 00:00:04 ; elapsed = 00:00:02 . Memory (MB): peak = 2476.672 ; gain = 142.199

Starting Final Cleanup Task
Ending Final Cleanup Task | Checksum: 1a933b351

Time (s): cpu = 00:00:00 ; elapsed = 00:00:00.002 . Memory (MB): peak = 2476.672 ; gain = 0.000

Starting Netlist Obfuscation Task
Netlist sorting complete. Time (s): cpu = 00:00:00 ; elapsed = 00:00:00.006 . Memory (MB): peak = 2476.672 ; gain = 0.000
Ending Netlist Obfuscation Task | Checksum: 13711e893

Time (s): cpu = 00:00:00 ; elapsed = 00:00:00.009 . Memory (MB): peak = 2476.672 ; gain = 0.000
INFO: [Common 17-83] Releasing license: Implementation
63 Infos, 106 Warnings, 0 Critical Warnings and 0 Errors encountered.
opt_design completed successfully
opt_design: Time (s): cpu = 00:00:10 ; elapsed = 00:01:06 . Memory (MB): peak = 2476.672 ; gain = 524.129
INFO: [Vivado 12-24828] Executing command : report_drc -file protection_system_wrapper_drc_opted.rpt -pb protection_system_wrapper_drc_opted.pb -rpx protection_system_wrapper_drc_opted.rpx
Command: report_drc -file protection_system_wrapper_drc_opted.rpt -pb protection_system_wrapper_drc_opted.pb -rpx protection_system_wrapper_drc_opted.rpx
INFO: [IP_Flow 19-1839] IP Catalog is up to date.
INFO: [DRC 23-27] Running DRC with 2 threads
INFO: [Vivado_Tcl 2-168] The results of DRC are in file <EXTERNAL_BUILD>/w/project/s1e_e608f8c11cc8.runs/impl_1/protection_system_wrapper_drc_opted.rpt.
report_drc completed successfully
INFO: [Timing 38-35] Done setting XDC timing constraints.
INFO: [Timing 38-480] Writing timing data to binary archive.
Wrote PlaceDB: Time (s): cpu = 00:00:00 ; elapsed = 00:00:00.011 . Memory (MB): peak = 2476.672 ; gain = 0.000
Wrote PulsedLatchDB: Time (s): cpu = 00:00:00 ; elapsed = 00:00:00 . Memory (MB): peak = 2476.672 ; gain = 0.000
Writing XDEF routing.
Write ShapeDB Complete: Time (s): cpu = 00:00:00 ; elapsed = 00:00:00.022 . Memory (MB): peak = 2476.672 ; gain = 0.000
Writing XDEF routing logical nets.
Writing XDEF routing special nets.
Wrote RouteStorage: Time (s): cpu = 00:00:00 ; elapsed = 00:00:00.055 . Memory (MB): peak = 2476.672 ; gain = 0.000
Wrote Netlist Cache: Time (s): cpu = 00:00:00 ; elapsed = 00:00:00 . Memory (MB): peak = 2476.672 ; gain = 0.000
Wrote Device Cache: Time (s): cpu = 00:00:00 ; elapsed = 00:00:00.011 . Memory (MB): peak = 2476.672 ; gain = 0.000
Write Physdb Complete: Time (s): cpu = 00:00:00 ; elapsed = 00:00:00.084 . Memory (MB): peak = 2476.672 ; gain = 0.000
INFO: [Common 17-1381] The checkpoint '<EXTERNAL_BUILD>/w/project/s1e_e608f8c11cc8.runs/impl_1/protection_system_wrapper_opt.dcp' has been generated.
INFO: [Common 17-206] Exiting Vivado at Wed Sep  9 17:14:39 2026...

*** Running vivado
    with args -log protection_system_wrapper.vdi -applog -m64 -product Vivado -messageDb vivado.pb -mode batch -source protection_system_wrapper.tcl -notrace



****** Vivado v2024.1 (64-bit)
  **** SW Build 5076996 on Wed May 22 18:37:14 MDT 2024
  **** IP Build 5075265 on Wed May 22 21:45:21 MDT 2024
  **** SharedData Build 5076995 on Wed May 22 18:29:18 MDT 2024
  **** Start of session at: Wed Sep  9 17:14:58 2026
    ** Copyright 1986-2022 Xilinx, Inc. All Rights Reserved.
    ** Copyright 2022-2024 Advanced Micro Devices, Inc. All Rights Reserved.

source protection_system_wrapper.tcl -notrace
Command: open_checkpoint protection_system_wrapper_opt.dcp
INFO: [Device 21-403] Loading part xc7z020clg400-1
INFO: [Device 21-9227] Part: xc7z020clg400-1 does not have CEAM library.
Netlist sorting complete. Time (s): cpu = 00:00:01 ; elapsed = 00:00:00.173 . Memory (MB): peak = 1073.113 ; gain = 0.000
INFO: [Netlist 29-17] Analyzing 850 Unisim elements for replacement
INFO: [Netlist 29-28] Unisim Transformation completed in 0 CPU seconds
INFO: [Project 1-479] Netlist was created with Vivado 2024.1
INFO: [Project 1-570] Preparing netlist for logic optimization
Read ShapeDB Complete: Time (s): cpu = 00:00:00 ; elapsed = 00:00:00.021 . Memory (MB): peak = 1208.586 ; gain = 0.520
INFO: [Timing 38-478] Restoring timing data from binary archive.
INFO: [Timing 38-479] Binary timing data restore complete.
INFO: [Project 1-856] Restoring constraints from binary archive.
INFO: [Project 1-853] Binary constraint restore complete.
INFO: [Designutils 20-5722] Start Reading Physical Databases.
Reading placement.
Read Netlist Cache: Time (s): cpu = 00:00:00 ; elapsed = 00:00:00 . Memory (MB): peak = 1831.922 ; gain = 0.000
Reading placer database...
Read Device Cache: Time (s): cpu = 00:00:00 ; elapsed = 00:00:00.010 . Memory (MB): peak = 1831.922 ; gain = 0.000
Read PlaceDB: Time (s): cpu = 00:00:00 ; elapsed = 00:00:00.053 . Memory (MB): peak = 1831.922 ; gain = 0.000
Read PulsedLatchDB: Time (s): cpu = 00:00:00 ; elapsed = 00:00:00 . Memory (MB): peak = 1831.922 ; gain = 0.000
Reading routing.
Read RouteStorage: Time (s): cpu = 00:00:00 ; elapsed = 00:00:00.027 . Memory (MB): peak = 1831.922 ; gain = 0.000
Read Physdb Files: Time (s): cpu = 00:00:00 ; elapsed = 00:00:00.100 . Memory (MB): peak = 1831.922 ; gain = 0.000
Restored from archive | CPU: 0.000000 secs | Memory: 0.000000 MB |
Finished XDEF File Restore: Time (s): cpu = 00:00:00 ; elapsed = 00:00:00.132 . Memory (MB): peak = 1831.922 ; gain = 0.000
Netlist sorting complete. Time (s): cpu = 00:00:00 ; elapsed = 00:00:00.004 . Memory (MB): peak = 1831.922 ; gain = 0.000
INFO: [Project 1-111] Unisim Transformation Summary:
  A total of 242 instances were transformed.
  CFGLUT5 => CFGLUT5 (SRL16E, SRLC32E): 236 instances
  RAM32M => RAM32M (RAMD32(x6), RAMS32(x2)): 6 instances

INFO: [Project 1-604] Checkpoint was created with Vivado v2024.1 (64-bit) build 5076996
open_checkpoint: Time (s): cpu = 00:00:12 ; elapsed = 00:00:14 . Memory (MB): peak = 1831.922 ; gain = 1456.180
INFO: [Chipscope 16-240] Debug cores have already been implemented
Command: place_design
Attempting to get a license for feature 'Implementation' and/or device 'xc7z020'
INFO: [Common 17-349] Got license for feature 'Implementation' and/or device 'xc7z020'
INFO: [Common 17-83] Releasing license: Implementation
INFO: [DRC 23-27] Running DRC with 2 threads
INFO: [Vivado_Tcl 4-198] DRC finished with 0 Errors
INFO: [Vivado_Tcl 4-199] Please refer to the DRC report (report_drc) for more information.
Running DRC as a precondition to command place_design
INFO: [DRC 23-27] Running DRC with 2 threads
INFO: [Vivado_Tcl 4-198] DRC finished with 0 Errors
INFO: [Vivado_Tcl 4-199] Please refer to the DRC report (report_drc) for more information.
INFO: [Place 30-611] Multithreading enabled for place_design using a maximum of 2 CPUs

Starting Placer Task

Phase 1 Placer Initialization

Phase 1.1 Placer Initialization Netlist Sorting
Netlist sorting complete. Time (s): cpu = 00:00:00 ; elapsed = 00:00:00.005 . Memory (MB): peak = 1869.805 ; gain = 0.000
Phase 1.1 Placer Initialization Netlist Sorting | Checksum: 121931f12

Time (s): cpu = 00:00:00 ; elapsed = 00:00:00.033 . Memory (MB): peak = 1869.805 ; gain = 0.000
Netlist sorting complete. Time (s): cpu = 00:00:00 ; elapsed = 00:00:00.004 . Memory (MB): peak = 1869.805 ; gain = 0.000

Phase 1.2 IO Placement/ Clock Placement/ Build Placer Device
Phase 1.2 IO Placement/ Clock Placement/ Build Placer Device | Checksum: 86ec49ac

Time (s): cpu = 00:00:01 ; elapsed = 00:00:00.563 . Memory (MB): peak = 1869.805 ; gain = 0.000

Phase 1.3 Build Placer Netlist Model
Phase 1.3 Build Placer Netlist Model | Checksum: 1a8e01b74

Time (s): cpu = 00:00:03 ; elapsed = 00:00:02 . Memory (MB): peak = 1888.688 ; gain = 18.883

Phase 1.4 Constrain Clocks/Macros
Phase 1.4 Constrain Clocks/Macros | Checksum: 1a8e01b74

Time (s): cpu = 00:00:03 ; elapsed = 00:00:02 . Memory (MB): peak = 1888.688 ; gain = 18.883
Phase 1 Placer Initialization | Checksum: 1a8e01b74

Time (s): cpu = 00:00:03 ; elapsed = 00:00:02 . Memory (MB): peak = 1888.688 ; gain = 18.883

Phase 2 Global Placement

Phase 2.1 Floorplanning
Phase 2.1 Floorplanning | Checksum: 17fbd8893

Time (s): cpu = 00:00:03 ; elapsed = 00:00:03 . Memory (MB): peak = 1888.688 ; gain = 18.883

Phase 2.2 Update Timing before SLR Path Opt
Phase 2.2 Update Timing before SLR Path Opt | Checksum: 13420c9a6

Time (s): cpu = 00:00:04 ; elapsed = 00:00:03 . Memory (MB): peak = 1888.688 ; gain = 18.883

Phase 2.3 Post-Processing in Floorplanning
Phase 2.3 Post-Processing in Floorplanning | Checksum: 13420c9a6

Time (s): cpu = 00:00:04 ; elapsed = 00:00:03 . Memory (MB): peak = 1888.688 ; gain = 18.883

Phase 2.4 Global Placement Core

Phase 2.4.1 UpdateTiming Before Physical Synthesis
Phase 2.4.1 UpdateTiming Before Physical Synthesis | Checksum: 218925d5d

Time (s): cpu = 00:00:09 ; elapsed = 00:00:07 . Memory (MB): peak = 1888.688 ; gain = 18.883

Phase 2.4.2 Physical Synthesis In Placer
INFO: [Physopt 32-1035] Found 0 LUTNM shape to break, 519 LUT instances to create LUTNM shape
INFO: [Physopt 32-1044] Break lutnm for timing: one critical 0, two critical 0, total 0, new lutff created 0
INFO: [Physopt 32-1138] End 1 Pass. Optimized 232 nets or LUTs. Breaked 0 LUT, combined 232 existing LUTs and moved 0 existing LUT
INFO: [Physopt 32-65] No nets found for high-fanout optimization.
INFO: [Physopt 32-232] Optimized 0 net. Created 0 new instance.
INFO: [Physopt 32-775] End 1 Pass. Optimized 0 net or cell. Created 0 new cell, deleted 0 existing cell and moved 0 existing cell
INFO: [Physopt 32-670] No setup violation found.  DSP Register Optimization was not performed.
INFO: [Physopt 32-670] No setup violation found.  Shift Register to Pipeline Optimization was not performed.
INFO: [Physopt 32-670] No setup violation found.  Shift Register Optimization was not performed.
INFO: [Physopt 32-670] No setup violation found.  BRAM Register Optimization was not performed.
INFO: [Physopt 32-670] No setup violation found.  URAM Register Optimization was not performed.
INFO: [Physopt 32-949] No candidate nets found for dynamic/static region interface net replication
INFO: [Physopt 32-775] End 1 Pass. Optimized 0 net or cell. Created 0 new cell, deleted 0 existing cell and moved 0 existing cell
Netlist sorting complete. Time (s): cpu = 00:00:00 ; elapsed = 00:00:00.005 . Memory (MB): peak = 1888.688 ; gain = 0.000

Summary of Physical Synthesis Optimizations
============================================


-----------------------------------------------------------------------------------------------------------------------------------------------------------
|  Optimization                                     |  Added Cells  |  Removed Cells  |  Optimized Cells/Nets  |  Dont Touch  |  Iterations  |  Elapsed   |
-----------------------------------------------------------------------------------------------------------------------------------------------------------
|  LUT Combining                                    |            0  |            232  |                   232  |           0  |           1  |  00:00:00  |
|  Retime                                           |            0  |              0  |                     0  |           0  |           1  |  00:00:00  |
|  Very High Fanout                                 |            0  |              0  |                     0  |           0  |           1  |  00:00:00  |
|  DSP Register                                     |            0  |              0  |                     0  |           0  |           0  |  00:00:00  |
|  Shift Register to Pipeline                       |            0  |              0  |                     0  |           0  |           0  |  00:00:00  |
|  Shift Register                                   |            0  |              0  |                     0  |           0  |           0  |  00:00:00  |
|  BRAM Register                                    |            0  |              0  |                     0  |           0  |           0  |  00:00:00  |
|  URAM Register                                    |            0  |              0  |                     0  |           0  |           0  |  00:00:00  |
|  Dynamic/Static Region Interface Net Replication  |            0  |              0  |                     0  |           0  |           1  |  00:00:00  |
|  Total                                            |            0  |            232  |                   232  |           0  |           4  |  00:00:00  |
-----------------------------------------------------------------------------------------------------------------------------------------------------------


Phase 2.4.2 Physical Synthesis In Placer | Checksum: 1e7323e3c

Time (s): cpu = 00:00:10 ; elapsed = 00:00:07 . Memory (MB): peak = 1888.688 ; gain = 18.883
Phase 2.4 Global Placement Core | Checksum: 1c269dcac

Time (s): cpu = 00:00:11 ; elapsed = 00:00:08 . Memory (MB): peak = 1888.688 ; gain = 18.883
Phase 2 Global Placement | Checksum: 1c269dcac

Time (s): cpu = 00:00:11 ; elapsed = 00:00:08 . Memory (MB): peak = 1888.688 ; gain = 18.883

Phase 3 Detail Placement

Phase 3.1 Commit Multi Column Macros
Phase 3.1 Commit Multi Column Macros | Checksum: 1f96b64a5

Time (s): cpu = 00:00:12 ; elapsed = 00:00:08 . Memory (MB): peak = 1888.688 ; gain = 18.883

Phase 3.2 Commit Most Macros & LUTRAMs
Phase 3.2 Commit Most Macros & LUTRAMs | Checksum: 288bc159d

Time (s): cpu = 00:00:13 ; elapsed = 00:00:09 . Memory (MB): peak = 1888.688 ; gain = 18.883

Phase 3.3 Area Swap Optimization
Phase 3.3 Area Swap Optimization | Checksum: 1c3425ed4

Time (s): cpu = 00:00:13 ; elapsed = 00:00:09 . Memory (MB): peak = 1888.688 ; gain = 18.883

Phase 3.4 Pipeline Register Optimization
Phase 3.4 Pipeline Register Optimization | Checksum: 21242e3dd

Time (s): cpu = 00:00:13 ; elapsed = 00:00:09 . Memory (MB): peak = 1888.688 ; gain = 18.883

Phase 3.5 Small Shape Detail Placement
Phase 3.5 Small Shape Detail Placement | Checksum: 1725d3799

Time (s): cpu = 00:00:15 ; elapsed = 00:00:12 . Memory (MB): peak = 1888.688 ; gain = 18.883

Phase 3.6 Re-assign LUT pins
Phase 3.6 Re-assign LUT pins | Checksum: 1eb14bf29

Time (s): cpu = 00:00:15 ; elapsed = 00:00:12 . Memory (MB): peak = 1888.688 ; gain = 18.883

Phase 3.7 Pipeline Register Optimization
Phase 3.7 Pipeline Register Optimization | Checksum: 1470a405e

Time (s): cpu = 00:00:15 ; elapsed = 00:00:12 . Memory (MB): peak = 1888.688 ; gain = 18.883
Phase 3 Detail Placement | Checksum: 1470a405e

Time (s): cpu = 00:00:16 ; elapsed = 00:00:12 . Memory (MB): peak = 1888.688 ; gain = 18.883

Phase 4 Post Placement Optimization and Clean-Up

Phase 4.1 Post Commit Optimization
INFO: [Timing 38-35] Done setting XDC timing constraints.

Phase 4.1.1 Post Placement Optimization
Post Placement Optimization Initialization | Checksum: 16a7eb1ca

Phase 4.1.1.1 BUFG Insertion

Starting Physical Synthesis Task

Phase 1 Physical Synthesis Initialization
INFO: [Physopt 32-721] Multithreading enabled for phys_opt_design using a maximum of 2 CPUs
INFO: [Physopt 32-619] Estimated Timing Summary | WNS=-0.150 | TNS=-2.719 |
Phase 1 Physical Synthesis Initialization | Checksum: de41969c

Time (s): cpu = 00:00:01 ; elapsed = 00:00:00.365 . Memory (MB): peak = 1916.793 ; gain = 0.000
INFO: [Place 46-56] BUFG insertion identified 0 candidate nets. Inserted BUFG: 0, Replicated BUFG Driver: 0, Skipped due to Placement/Routing Conflicts: 0, Skipped due to Timing Degradation: 0, Skipped due to netlist editing failed: 0.
Ending Physical Synthesis Task | Checksum: 10db766ba

Time (s): cpu = 00:00:01 ; elapsed = 00:00:00.428 . Memory (MB): peak = 1916.793 ; gain = 0.000
Phase 4.1.1.1 BUFG Insertion | Checksum: 16a7eb1ca

Time (s): cpu = 00:00:19 ; elapsed = 00:00:14 . Memory (MB): peak = 1916.793 ; gain = 46.988

Phase 4.1.1.2 Post Placement Timing Optimization
INFO: [Place 30-746] Post Placement Timing Summary WNS=1.113. For the most accurate timing information please run report_timing.
Phase 4.1.1.2 Post Placement Timing Optimization | Checksum: 11be02ac5

Time (s): cpu = 00:00:19 ; elapsed = 00:00:14 . Memory (MB): peak = 1916.793 ; gain = 46.988

Time (s): cpu = 00:00:19 ; elapsed = 00:00:14 . Memory (MB): peak = 1916.793 ; gain = 46.988
Phase 4.1 Post Commit Optimization | Checksum: 11be02ac5

Time (s): cpu = 00:00:19 ; elapsed = 00:00:14 . Memory (MB): peak = 1916.793 ; gain = 46.988

Phase 4.2 Post Placement Cleanup
Phase 4.2 Post Placement Cleanup | Checksum: 11be02ac5

Time (s): cpu = 00:00:19 ; elapsed = 00:00:14 . Memory (MB): peak = 1916.793 ; gain = 46.988

Phase 4.3 Placer Reporting

Phase 4.3.1 Print Estimated Congestion
INFO: [Place 30-612] Post-Placement Estimated Congestion 
 ____________________________________________________
|           | Global Congestion | Short Congestion  |
| Direction | Region Size       | Region Size       |
|___________|___________________|___________________|
|      North|                1x1|                1x1|
|___________|___________________|___________________|
|      South|                1x1|                1x1|
|___________|___________________|___________________|
|       East|                1x1|                1x1|
|___________|___________________|___________________|
|       West|                1x1|                1x1|
|___________|___________________|___________________|

Phase 4.3.1 Print Estimated Congestion | Checksum: 11be02ac5

Time (s): cpu = 00:00:19 ; elapsed = 00:00:15 . Memory (MB): peak = 1916.793 ; gain = 46.988
Phase 4.3 Placer Reporting | Checksum: 11be02ac5

Time (s): cpu = 00:00:19 ; elapsed = 00:00:15 . Memory (MB): peak = 1916.793 ; gain = 46.988

Phase 4.4 Final Placement Cleanup
Netlist sorting complete. Time (s): cpu = 00:00:00 ; elapsed = 00:00:00.005 . Memory (MB): peak = 1916.793 ; gain = 0.000

Time (s): cpu = 00:00:19 ; elapsed = 00:00:15 . Memory (MB): peak = 1916.793 ; gain = 46.988
Phase 4 Post Placement Optimization and Clean-Up | Checksum: 164e698d6

Time (s): cpu = 00:00:19 ; elapsed = 00:00:15 . Memory (MB): peak = 1916.793 ; gain = 46.988
Ending Placer Task | Checksum: fba28187

Time (s): cpu = 00:00:19 ; elapsed = 00:00:15 . Memory (MB): peak = 1916.793 ; gain = 46.988
42 Infos, 0 Warnings, 0 Critical Warnings and 0 Errors encountered.
place_design completed successfully
place_design: Time (s): cpu = 00:00:21 ; elapsed = 00:00:16 . Memory (MB): peak = 1916.793 ; gain = 83.578
INFO: [Vivado 12-24838] Running report commands "report_control_sets, report_io, report_utilization" in parallel.
Running report generation with 2 threads.
INFO: [Vivado 12-24828] Executing command : report_io -file protection_system_wrapper_io_placed.rpt
report_io: Time (s): cpu = 00:00:00 ; elapsed = 00:00:00.033 . Memory (MB): peak = 1916.793 ; gain = 0.000
INFO: [Vivado 12-24828] Executing command : report_control_sets -verbose -file protection_system_wrapper_control_sets_placed.rpt
report_control_sets: Time (s): cpu = 00:00:00 ; elapsed = 00:00:00.026 . Memory (MB): peak = 1916.793 ; gain = 0.000
INFO: [Vivado 12-24828] Executing command : report_utilization -file protection_system_wrapper_utilization_placed.rpt -pb protection_system_wrapper_utilization_placed.pb
INFO: [Timing 38-480] Writing timing data to binary archive.
Write ShapeDB Complete: Time (s): cpu = 00:00:00 ; elapsed = 00:00:00.034 . Memory (MB): peak = 1940.859 ; gain = 10.129
Wrote PlaceDB: Time (s): cpu = 00:00:01 ; elapsed = 00:00:00.668 . Memory (MB): peak = 1947.312 ; gain = 16.473
Wrote PulsedLatchDB: Time (s): cpu = 00:00:00 ; elapsed = 00:00:00 . Memory (MB): peak = 1947.312 ; gain = 0.000
Writing XDEF routing.
Writing XDEF routing logical nets.
Writing XDEF routing special nets.
Wrote RouteStorage: Time (s): cpu = 00:00:00 ; elapsed = 00:00:00.018 . Memory (MB): peak = 1947.312 ; gain = 0.000
Wrote Netlist Cache: Time (s): cpu = 00:00:01 ; elapsed = 00:00:00.015 . Memory (MB): peak = 1947.312 ; gain = 0.000
Wrote Device Cache: Time (s): cpu = 00:00:00 ; elapsed = 00:00:00.008 . Memory (MB): peak = 1947.312 ; gain = 0.000
Write Physdb Complete: Time (s): cpu = 00:00:02 ; elapsed = 00:00:00.718 . Memory (MB): peak = 1947.312 ; gain = 16.473
INFO: [Common 17-1381] The checkpoint '<EXTERNAL_BUILD>/w/project/s1e_e608f8c11cc8.runs/impl_1/protection_system_wrapper_placed.dcp' has been generated.
INFO: [Common 17-206] Exiting Vivado at Wed Sep  9 17:15:32 2026...
[Wed Sep  9 17:15:35 2026] impl_1 finished
wait_on_runs: Time (s): cpu = 00:00:00 ; elapsed = 00:00:50 . Memory (MB): peak = 1368.340 ; gain = 0.000
[Wed Sep  9 17:15:35 2026] Launched impl_1...
Run output will be captured here: <EXTERNAL_BUILD>/w/project/s1e_e608f8c11cc8.runs/impl_1/runme.log
[Wed Sep  9 17:15:35 2026] Waiting for impl_1 to finish...


*** Running vivado
    with args -log protection_system_wrapper.vdi -applog -m64 -product Vivado -messageDb vivado.pb -mode batch -source protection_system_wrapper.tcl -notrace



****** Vivado v2024.1 (64-bit)
  **** SW Build 5076996 on Wed May 22 18:37:14 MDT 2024
  **** IP Build 5075265 on Wed May 22 21:45:21 MDT 2024
  **** SharedData Build 5076995 on Wed May 22 18:29:18 MDT 2024
  **** Start of session at: Wed Sep  9 17:13:02 2026
    ** Copyright 1986-2022 Xilinx, Inc. All Rights Reserved.
    ** Copyright 2022-2024 Advanced Micro Devices, Inc. All Rights Reserved.

source protection_system_wrapper.tcl -notrace
INFO: [IP_Flow 19-234] Refreshing IP repositories
INFO: [IP_Flow 19-1700] Loaded user IP repository '<EXTERNAL_BUILD>/w/ip_repo'.
INFO: [IP_Flow 19-2313] Loaded Vivado IP repository '<EXTERNAL_PATH>'.
Command: link_design -top protection_system_wrapper -part xc7z020clg400-1
Design is defaulting to srcset: sources_1
Design is defaulting to constrset: constrs_1
INFO: [Device 21-403] Loading part xc7z020clg400-1
INFO: [Device 21-9227] Part: xc7z020clg400-1 does not have CEAM library.
INFO: [Project 1-454] Reading design checkpoint '<EXTERNAL_BUILD>/w/project/s1e_e608f8c11cc8.gen/sources_1/bd/protection_system/ip/protection_system_axi_gpio_stage1d_0_0/protection_system_axi_gpio_stage1d_0_0.dcp' for cell 'protection_system_i/axi_gpio_stage1d_0'
INFO: [Project 1-454] Reading design checkpoint '<EXTERNAL_BUILD>/w/project/s1e_e608f8c11cc8.gen/sources_1/bd/protection_system/ip/protection_system_proc_sys_reset_0_0/protection_system_proc_sys_reset_0_0.dcp' for cell 'protection_system_i/proc_sys_reset_0'
INFO: [Project 1-454] Reading design checkpoint '<EXTERNAL_BUILD>/w/project/s1e_e608f8c11cc8.gen/sources_1/bd/protection_system/ip/protection_system_proc_sys_reset_stage2i_b2_src_0/protection_system_proc_sys_reset_stage2i_b2_src_0.dcp' for cell 'protection_system_i/proc_sys_reset_stage2i_b2_src'
INFO: [Project 1-454] Reading design checkpoint '<EXTERNAL_BUILD>/w/project/s1e_e608f8c11cc8.gen/sources_1/bd/protection_system/ip/protection_system_processing_system7_0_0/protection_system_processing_system7_0_0.dcp' for cell 'protection_system_i/processing_system7_0'
INFO: [Project 1-454] Reading design checkpoint '<EXTERNAL_BUILD>/w/project/s1e_e608f8c11cc8.gen/sources_1/bd/protection_system/ip/protection_system_protection_ip_axi_lite_0_0/protection_system_protection_ip_axi_lite_0_0.dcp' for cell 'protection_system_i/protection_ip_axi_lite_0'
INFO: [Project 1-454] Reading design checkpoint '<EXTERNAL_BUILD>/w/project/s1e_e608f8c11cc8.gen/sources_1/bd/protection_system/ip/protection_system_smartconnect_0_0/protection_system_smartconnect_0_0.dcp' for cell 'protection_system_i/smartconnect_0'
INFO: [Project 1-454] Reading design checkpoint '<EXTERNAL_BUILD>/w/project/s1e_e608f8c11cc8.gen/sources_1/bd/protection_system/ip/protection_system_stage2i_b2_ready_aware_stimulus_0_0/protection_system_stage2i_b2_ready_aware_stimulus_0_0.dcp' for cell 'protection_system_i/stage2i_b2_ready_aware_stimulus_0'
INFO: [Project 1-454] Reading design checkpoint '<EXTERNAL_BUILD>/w/project/s1e_e608f8c11cc8.gen/sources_1/bd/protection_system/ip/protection_system_system_ila_stage2b_0_0/protection_system_system_ila_stage2b_0_0.dcp' for cell 'protection_system_i/system_ila_stage2b_0'
INFO: [Project 1-454] Reading design checkpoint '<EXTERNAL_BUILD>/w/project/s1e_e608f8c11cc8.gen/sources_1/bd/protection_system/ip/protection_system_system_ila_stage2i_b2_source_0_0/protection_system_system_ila_stage2i_b2_source_0_0.dcp' for cell 'protection_system_i/system_ila_stage2i_b2_source_0'
Netlist sorting complete. Time (s): cpu = 00:00:01 ; elapsed = 00:00:00.174 . Memory (MB): peak = 1212.242 ; gain = 0.000
INFO: [Netlist 29-17] Analyzing 832 Unisim elements for replacement
INFO: [Netlist 29-28] Unisim Transformation completed in 0 CPU seconds
INFO: [Project 1-479] Netlist was created with Vivado 2024.1
INFO: [Project 1-570] Preparing netlist for logic optimization
INFO: [Chipscope 16-324] Core: protection_system_i/system_ila_stage2b_0/inst/ila_lib UUID: d7b45764-7007-5596-aecf-2f7d7b2da69e 
INFO: [Chipscope 16-324] Core: protection_system_i/system_ila_stage2i_b2_source_0/inst/ila_lib UUID: e51fae14-a994-5e78-ab86-c43c860b989b 
Parsing XDC File [<EXTERNAL_BUILD>/w/project/s1e_e608f8c11cc8.gen/sources_1/bd/protection_system/ip/protection_system_processing_system7_0_0/protection_system_processing_system7_0_0.xdc] for cell 'protection_system_i/processing_system7_0/inst'
Finished Parsing XDC File [<EXTERNAL_BUILD>/w/project/s1e_e608f8c11cc8.gen/sources_1/bd/protection_system/ip/protection_system_processing_system7_0_0/protection_system_processing_system7_0_0.xdc] for cell 'protection_system_i/processing_system7_0/inst'
Parsing XDC File [<EXTERNAL_BUILD>/w/project/s1e_e608f8c11cc8.gen/sources_1/bd/protection_system/ip/protection_system_proc_sys_reset_0_0/protection_system_proc_sys_reset_0_0_board.xdc] for cell 'protection_system_i/proc_sys_reset_0/U0'
Finished Parsing XDC File [<EXTERNAL_BUILD>/w/project/s1e_e608f8c11cc8.gen/sources_1/bd/protection_system/ip/protection_system_proc_sys_reset_0_0/protection_system_proc_sys_reset_0_0_board.xdc] for cell 'protection_system_i/proc_sys_reset_0/U0'
Parsing XDC File [<EXTERNAL_BUILD>/w/project/s1e_e608f8c11cc8.gen/sources_1/bd/protection_system/ip/protection_system_proc_sys_reset_0_0/protection_system_proc_sys_reset_0_0.xdc] for cell 'protection_system_i/proc_sys_reset_0/U0'
Finished Parsing XDC File [<EXTERNAL_BUILD>/w/project/s1e_e608f8c11cc8.gen/sources_1/bd/protection_system/ip/protection_system_proc_sys_reset_0_0/protection_system_proc_sys_reset_0_0.xdc] for cell 'protection_system_i/proc_sys_reset_0/U0'
Parsing XDC File [<EXTERNAL_BUILD>/w/project/s1e_e608f8c11cc8.gen/sources_1/bd/protection_system/ip/protection_system_smartconnect_0_0/bd_0/ip/ip_1/bd_26d4_psr_aclk_0_board.xdc] for cell 'protection_system_i/smartconnect_0/inst/clk_map/psr_aclk/U0'
Finished Parsing XDC File [<EXTERNAL_BUILD>/w/project/s1e_e608f8c11cc8.gen/sources_1/bd/protection_system/ip/protection_system_smartconnect_0_0/bd_0/ip/ip_1/bd_26d4_psr_aclk_0_board.xdc] for cell 'protection_system_i/smartconnect_0/inst/clk_map/psr_aclk/U0'
Parsing XDC File [<EXTERNAL_BUILD>/w/project/s1e_e608f8c11cc8.gen/sources_1/bd/protection_system/ip/protection_system_smartconnect_0_0/bd_0/ip/ip_1/bd_26d4_psr_aclk_0.xdc] for cell 'protection_system_i/smartconnect_0/inst/clk_map/psr_aclk/U0'
Finished Parsing XDC File [<EXTERNAL_BUILD>/w/project/s1e_e608f8c11cc8.gen/sources_1/bd/protection_system/ip/protection_system_smartconnect_0_0/bd_0/ip/ip_1/bd_26d4_psr_aclk_0.xdc] for cell 'protection_system_i/smartconnect_0/inst/clk_map/psr_aclk/U0'
Parsing XDC File [<EXTERNAL_BUILD>/w/project/s1e_e608f8c11cc8.gen/sources_1/bd/protection_system/ip/protection_system_smartconnect_0_0/bd_0/ip/ip_12/bd_26d4_arni_0_clocks.xdc] for cell 'protection_system_i/smartconnect_0/inst/switchboards/i_nodes/i_ar_node/inst'
WARNING: [Vivado_Tcl 4-921] Waiver ID 'CDC-1' -to list should not be empty. [<EXTERNAL_BUILD>/w/project/s1e_e608f8c11cc8.gen/sources_1/bd/protection_system/ip/protection_system_smartconnect_0_0/bd_0/ip/ip_12/bd_26d4_arni_0_clocks.xdc:49]
WARNING: [Vivado_Tcl 4-921] Waiver ID 'CDC-1' -to list should not be empty. [<EXTERNAL_BUILD>/w/project/s1e_e608f8c11cc8.gen/sources_1/bd/protection_system/ip/protection_system_smartconnect_0_0/bd_0/ip/ip_12/bd_26d4_arni_0_clocks.xdc:52]
WARNING: [Vivado_Tcl 4-921] Waiver ID 'CDC-1' -to list should not be empty. [<EXTERNAL_BUILD>/w/project/s1e_e608f8c11cc8.gen/sources_1/bd/protection_system/ip/protection_system_smartconnect_0_0/bd_0/ip/ip_12/bd_26d4_arni_0_clocks.xdc:55]
WARNING: [Vivado_Tcl 4-921] Waiver ID 'CDC-1' -to list should not be empty. [<EXTERNAL_BUILD>/w/project/s1e_e608f8c11cc8.gen/sources_1/bd/protection_system/ip/protection_system_smartconnect_0_0/bd_0/ip/ip_12/bd_26d4_arni_0_clocks.xdc:59]
WARNING: [Vivado_Tcl 4-921] Waiver ID 'CDC-1' -to list should not be empty. [<EXTERNAL_BUILD>/w/project/s1e_e608f8c11cc8.gen/sources_1/bd/protection_system/ip/protection_system_smartconnect_0_0/bd_0/ip/ip_12/bd_26d4_arni_0_clocks.xdc:66]
WARNING: [Vivado_Tcl 4-921] Waiver ID 'CDC-1' -to list should not be empty. [<EXTERNAL_BUILD>/w/project/s1e_e608f8c11cc8.gen/sources_1/bd/protection_system/ip/protection_system_smartconnect_0_0/bd_0/ip/ip_12/bd_26d4_arni_0_clocks.xdc:70]
WARNING: [Vivado_Tcl 4-921] Waiver ID 'CDC-1' -to list should not be empty. [<EXTERNAL_BUILD>/w/project/s1e_e608f8c11cc8.gen/sources_1/bd/protection_system/ip/protection_system_smartconnect_0_0/bd_0/ip/ip_12/bd_26d4_arni_0_clocks.xdc:82]
WARNING: [Vivado_Tcl 4-921] Waiver ID 'CDC-4' -to list should not be empty. [<EXTERNAL_BUILD>/w/project/s1e_e608f8c11cc8.gen/sources_1/bd/protection_system/ip/protection_system_smartconnect_0_0/bd_0/ip/ip_12/bd_26d4_arni_0_clocks.xdc:85]
WARNING: [Vivado_Tcl 4-921] Waiver ID 'CDC-4' -to list should not be empty. [<EXTERNAL_BUILD>/w/project/s1e_e608f8c11cc8.gen/sources_1/bd/protection_system/ip/protection_system_smartconnect_0_0/bd_0/ip/ip_12/bd_26d4_arni_0_clocks.xdc:88]
WARNING: [Vivado_Tcl 4-921] Waiver ID 'CDC-2' -to list should not be empty. [<EXTERNAL_BUILD>/w/project/s1e_e608f8c11cc8.gen/sources_1/bd/protection_system/ip/protection_system_smartconnect_0_0/bd_0/ip/ip_12/bd_26d4_arni_0_clocks.xdc:91]
WARNING: [Vivado_Tcl 4-921] Waiver ID 'CDC-2' -to list should not be empty. [<EXTERNAL_BUILD>/w/project/s1e_e608f8c11cc8.gen/sources_1/bd/protection_system/ip/protection_system_smartconnect_0_0/bd_0/ip/ip_12/bd_26d4_arni_0_clocks.xdc:94]
WARNING: [Vivado_Tcl 4-921] Waiver ID 'CDC-2' -to list should not be empty. [<EXTERNAL_BUILD>/w/project/s1e_e608f8c11cc8.gen/sources_1/bd/protection_system/ip/protection_system_smartconnect_0_0/bd_0/ip/ip_12/bd_26d4_arni_0_clocks.xdc:97]
WARNING: [Vivado_Tcl 4-921] Waiver ID 'CDC-2' -to list should not be empty. [<EXTERNAL_BUILD>/w/project/s1e_e608f8c11cc8.gen/sources_1/bd/protection_system/ip/protection_system_smartconnect_0_0/bd_0/ip/ip_12/bd_26d4_arni_0_clocks.xdc:100]
WARNING: [Vivado_Tcl 4-921] Waiver ID 'CDC-1' -to list should not be empty. [<EXTERNAL_BUILD>/w/project/s1e_e608f8c11cc8.gen/sources_1/bd/protection_system/ip/protection_system_smartconnect_0_0/bd_0/ip/ip_12/bd_26d4_arni_0_clocks.xdc:104]
WARNING: [Vivado_Tcl 4-921] Waiver ID 'CDC-10' -to list should not be empty. [<EXTERNAL_BUILD>/w/project/s1e_e608f8c11cc8.gen/sources_1/bd/protection_system/ip/protection_system_smartconnect_0_0/bd_0/ip/ip_12/bd_26d4_arni_0_clocks.xdc:107]
WARNING: [Vivado_Tcl 4-921] Waiver ID 'CDC-10' -to list should not be empty. [<EXTERNAL_BUILD>/w/project/s1e_e608f8c11cc8.gen/sources_1/bd/protection_system/ip/protection_system_smartconnect_0_0/bd_0/ip/ip_12/bd_26d4_arni_0_clocks.xdc:110]
WARNING: [Vivado_Tcl 4-921] Waiver ID 'CDC-1' -to list should not be empty. [<EXTERNAL_BUILD>/w/project/s1e_e608f8c11cc8.gen/sources_1/bd/protection_system/ip/protection_system_smartconnect_0_0/bd_0/ip/ip_12/bd_26d4_arni_0_clocks.xdc:113]
WARNING: [Vivado_Tcl 4-921] Waiver ID 'CDC-1' -to list should not be empty. [<EXTERNAL_BUILD>/w/project/s1e_e608f8c11cc8.gen/sources_1/bd/protection_system/ip/protection_system_smartconnect_0_0/bd_0/ip/ip_12/bd_26d4_arni_0_clocks.xdc:116]
WARNING: [Vivado_Tcl 4-921] Waiver ID 'CDC-13' -to list should not be empty. [<EXTERNAL_BUILD>/w/project/s1e_e608f8c11cc8.gen/sources_1/bd/protection_system/ip/protection_system_smartconnect_0_0/bd_0/ip/ip_12/bd_26d4_arni_0_clocks.xdc:122]
WARNING: [Vivado_Tcl 4-921] Waiver ID 'CDC-1' -to list should not be empty. [<EXTERNAL_BUILD>/w/project/s1e_e608f8c11cc8.gen/sources_1/bd/protection_system/ip/protection_system_smartconnect_0_0/bd_0/ip/ip_12/bd_26d4_arni_0_clocks.xdc:125]
WARNING: [Vivado_Tcl 4-921] Waiver ID 'CDC-1' -to list should not be empty. [<EXTERNAL_BUILD>/w/project/s1e_e608f8c11cc8.gen/sources_1/bd/protection_system/ip/protection_system_smartconnect_0_0/bd_0/ip/ip_12/bd_26d4_arni_0_clocks.xdc:128]
WARNING: [Vivado_Tcl 4-921] Waiver ID 'CDC-13' -to list should not be empty. [<EXTERNAL_BUILD>/w/project/s1e_e608f8c11cc8.gen/sources_1/bd/protection_system/ip/protection_system_smartconnect_0_0/bd_0/ip/ip_12/bd_26d4_arni_0_clocks.xdc:131]
WARNING: [Vivado_Tcl 4-921] Waiver ID 'CDC-1' -to list should not be empty. [<EXTERNAL_BUILD>/w/project/s1e_e608f8c11cc8.gen/sources_1/bd/protection_system/ip/protection_system_smartconnect_0_0/bd_0/ip/ip_12/bd_26d4_arni_0_clocks.xdc:134]
WARNING: [Vivado_Tcl 4-921] Waiver ID 'CDC-10' -to list should not be empty. [<EXTERNAL_BUILD>/w/project/s1e_e608f8c11cc8.gen/sources_1/bd/protection_system/ip/protection_system_smartconnect_0_0/bd_0/ip/ip_12/bd_26d4_arni_0_clocks.xdc:137]
WARNING: [Vivado_Tcl 4-921] Waiver ID 'CDC-1' -to list should not be empty. [<EXTERNAL_BUILD>/w/project/s1e_e608f8c11cc8.gen/sources_1/bd/protection_system/ip/protection_system_smartconnect_0_0/bd_0/ip/ip_12/bd_26d4_arni_0_clocks.xdc:140]
WARNING: [Vivado_Tcl 4-921] Waiver ID 'CDC-1' -to list should not be empty. [<EXTERNAL_BUILD>/w/project/s1e_e608f8c11cc8.gen/sources_1/bd/protection_system/ip/protection_system_smartconnect_0_0/bd_0/ip/ip_12/bd_26d4_arni_0_clocks.xdc:143]
WARNING: [Vivado_Tcl 4-921] Waiver ID 'CDC-1' -to list should not be empty. [<EXTERNAL_BUILD>/w/project/s1e_e608f8c11cc8.gen/sources_1/bd/protection_system/ip/protection_system_smartconnect_0_0/bd_0/ip/ip_12/bd_26d4_arni_0_clocks.xdc:146]
WARNING: [Vivado_Tcl 4-921] Waiver ID 'CDC-2' -to list should not be empty. [<EXTERNAL_BUILD>/w/project/s1e_e608f8c11cc8.gen/sources_1/bd/protection_system/ip/protection_system_smartconnect_0_0/bd_0/ip/ip_12/bd_26d4_arni_0_clocks.xdc:149]
WARNING: [Vivado_Tcl 4-921] Waiver ID 'CDC-1' -to list should not be empty. [<EXTERNAL_BUILD>/w/project/s1e_e608f8c11cc8.gen/sources_1/bd/protection_system/ip/protection_system_smartconnect_0_0/bd_0/ip/ip_12/bd_26d4_arni_0_clocks.xdc:152]
WARNING: [Vivado_Tcl 4-921] Waiver ID 'CDC-1' -to list should not be empty. [<EXTERNAL_BUILD>/w/project/s1e_e608f8c11cc8.gen/sources_1/bd/protection_system/ip/protection_system_smartconnect_0_0/bd_0/ip/ip_12/bd_26d4_arni_0_clocks.xdc:155]
WARNING: [Vivado_Tcl 4-921] Waiver ID 'CDC-1' -to list should not be empty. [<EXTERNAL_BUILD>/w/project/s1e_e608f8c11cc8.gen/sources_1/bd/protection_system/ip/protection_system_smartconnect_0_0/bd_0/ip/ip_12/bd_26d4_arni_0_clocks.xdc:158]
WARNING: [Vivado_Tcl 4-921] Waiver ID 'CDC-10' -to list should not be empty. [<EXTERNAL_BUILD>/w/project/s1e_e608f8c11cc8.gen/sources_1/bd/protection_system/ip/protection_system_smartconnect_0_0/bd_0/ip/ip_12/bd_26d4_arni_0_clocks.xdc:161]
WARNING: [Vivado_Tcl 4-921] Waiver ID 'CDC-4' -to list should not be empty. [<EXTERNAL_BUILD>/w/project/s1e_e608f8c11cc8.gen/sources_1/bd/protection_system/ip/protection_system_smartconnect_0_0/bd_0/ip/ip_12/bd_26d4_arni_0_clocks.xdc:164]
WARNING: [Vivado_Tcl 4-921] Waiver ID 'CDC-4' -to list should not be empty. [<EXTERNAL_BUILD>/w/project/s1e_e608f8c11cc8.gen/sources_1/bd/protection_system/ip/protection_system_smartconnect_0_0/bd_0/ip/ip_12/bd_26d4_arni_0_clocks.xdc:167]
WARNING: [Vivado_Tcl 4-921] Waiver ID 'CDC-4' -to list should not be empty. [<EXTERNAL_BUILD>/w/project/s1e_e608f8c11cc8.gen/sources_1/bd/protection_system/ip/protection_system_smartconnect_0_0/bd_0/ip/ip_12/bd_26d4_arni_0_clocks.xdc:171]
WARNING: [Vivado_Tcl 4-921] Waiver ID 'CDC-4' -to list should not be empty. [<EXTERNAL_BUILD>/w/project/s1e_e608f8c11cc8.gen/sources_1/bd/protection_system/ip/protection_system_smartconnect_0_0/bd_0/ip/ip_12/bd_26d4_arni_0_clocks.xdc:174]
WARNING: [Vivado_Tcl 4-921] Waiver ID 'CDC-1' -to list should not be empty. [<EXTERNAL_BUILD>/w/project/s1e_e608f8c11cc8.gen/sources_1/bd/protection_system/ip/protection_system_smartconnect_0_0/bd_0/ip/ip_12/bd_26d4_arni_0_clocks.xdc:178]
WARNING: [Vivado_Tcl 4-935] Waiver ID 'CDC-1' is a duplicate and will not be added again. [<EXTERNAL_BUILD>/w/project/s1e_e608f8c11cc8.gen/sources_1/bd/protection_system/ip/protection_system_smartconnect_0_0/bd_0/ip/ip_12/bd_26d4_arni_0_clocks.xdc:181]
WARNING: [Vivado_Tcl 4-921] Waiver ID 'CDC-13' -to list should not be empty. [<EXTERNAL_BUILD>/w/project/s1e_e608f8c11cc8.gen/sources_1/bd/protection_system/ip/protection_system_smartconnect_0_0/bd_0/ip/ip_12/bd_26d4_arni_0_clocks.xdc:184]
Finished Parsing XDC File [<EXTERNAL_BUILD>/w/project/s1e_e608f8c11cc8.gen/sources_1/bd/protection_system/ip/protection_system_smartconnect_0_0/bd_0/ip/ip_12/bd_26d4_arni_0_clocks.xdc] for cell 'protection_system_i/smartconnect_0/inst/switchboards/i_nodes/i_ar_node/inst'
Parsing XDC File [<EXTERNAL_BUILD>/w/project/s1e_e608f8c11cc8.gen/sources_1/bd/protection_system/ip/protection_system_smartconnect_0_0/bd_0/ip/ip_13/bd_26d4_rni_0_clocks.xdc] for cell 'protection_system_i/smartconnect_0/inst/switchboards/i_nodes/i_r_node/inst'
WARNING: [Vivado_Tcl 4-921] Waiver ID 'CDC-1' -to list should not be empty. [<EXTERNAL_BUILD>/w/project/s1e_e608f8c11cc8.gen/sources_1/bd/protection_system/ip/protection_system_smartconnect_0_0/bd_0/ip/ip_13/bd_26d4_rni_0_clocks.xdc:49]
WARNING: [Vivado_Tcl 4-921] Waiver ID 'CDC-1' -to list should not be empty. [<EXTERNAL_BUILD>/w/project/s1e_e608f8c11cc8.gen/sources_1/bd/protection_system/ip/protection_system_smartconnect_0_0/bd_0/ip/ip_13/bd_26d4_rni_0_clocks.xdc:52]
WARNING: [Vivado_Tcl 4-921] Waiver ID 'CDC-1' -to list should not be empty. [<EXTERNAL_BUILD>/w/project/s1e_e608f8c11cc8.gen/sources_1/bd/protection_system/ip/protection_system_smartconnect_0_0/bd_0/ip/ip_13/bd_26d4_rni_0_clocks.xdc:55]
WARNING: [Vivado_Tcl 4-921] Waiver ID 'CDC-1' -to list should not be empty. [<EXTERNAL_BUILD>/w/project/s1e_e608f8c11cc8.gen/sources_1/bd/protection_system/ip/protection_system_smartconnect_0_0/bd_0/ip/ip_13/bd_26d4_rni_0_clocks.xdc:59]
WARNING: [Vivado_Tcl 4-921] Waiver ID 'CDC-1' -to list should not be empty. [<EXTERNAL_BUILD>/w/project/s1e_e608f8c11cc8.gen/sources_1/bd/protection_system/ip/protection_system_smartconnect_0_0/bd_0/ip/ip_13/bd_26d4_rni_0_clocks.xdc:66]
WARNING: [Vivado_Tcl 4-921] Waiver ID 'CDC-1' -to list should not be empty. [<EXTERNAL_BUILD>/w/project/s1e_e608f8c11cc8.gen/sources_1/bd/protection_system/ip/protection_system_smartconnect_0_0/bd_0/ip/ip_13/bd_26d4_rni_0_clocks.xdc:70]
WARNING: [Vivado_Tcl 4-921] Waiver ID 'CDC-1' -to list should not be empty. [<EXTERNAL_BUILD>/w/project/s1e_e608f8c11cc8.gen/sources_1/bd/protection_system/ip/protection_system_smartconnect_0_0/bd_0/ip/ip_13/bd_26d4_rni_0_clocks.xdc:82]
WARNING: [Vivado_Tcl 4-921] Waiver ID 'CDC-4' -to list should not be empty. [<EXTERNAL_BUILD>/w/project/s1e_e608f8c11cc8.gen/sources_1/bd/protection_system/ip/protection_system_smartconnect_0_0/bd_0/ip/ip_13/bd_26d4_rni_0_clocks.xdc:85]
WARNING: [Vivado_Tcl 4-921] Waiver ID 'CDC-4' -to list should not be empty. [<EXTERNAL_BUILD>/w/project/s1e_e608f8c11cc8.gen/sources_1/bd/protection_system/ip/protection_system_smartconnect_0_0/bd_0/ip/ip_13/bd_26d4_rni_0_clocks.xdc:88]
WARNING: [Vivado_Tcl 4-921] Waiver ID 'CDC-2' -to list should not be empty. [<EXTERNAL_BUILD>/w/project/s1e_e608f8c11cc8.gen/sources_1/bd/protection_system/ip/protection_system_smartconnect_0_0/bd_0/ip/ip_13/bd_26d4_rni_0_clocks.xdc:91]
WARNING: [Vivado_Tcl 4-921] Waiver ID 'CDC-2' -to list should not be empty. [<EXTERNAL_BUILD>/w/project/s1e_e608f8c11cc8.gen/sources_1/bd/protection_system/ip/protection_system_smartconnect_0_0/bd_0/ip/ip_13/bd_26d4_rni_0_clocks.xdc:94]
WARNING: [Vivado_Tcl 4-921] Waiver ID 'CDC-2' -to list should not be empty. [<EXTERNAL_BUILD>/w/project/s1e_e608f8c11cc8.gen/sources_1/bd/protection_system/ip/protection_system_smartconnect_0_0/bd_0/ip/ip_13/bd_26d4_rni_0_clocks.xdc:97]
WARNING: [Vivado_Tcl 4-921] Waiver ID 'CDC-2' -to list should not be empty. [<EXTERNAL_BUILD>/w/project/s1e_e608f8c11cc8.gen/sources_1/bd/protection_system/ip/protection_system_smartconnect_0_0/bd_0/ip/ip_13/bd_26d4_rni_0_clocks.xdc:100]
WARNING: [Vivado_Tcl 4-921] Waiver ID 'CDC-1' -to list should not be empty. [<EXTERNAL_BUILD>/w/project/s1e_e608f8c11cc8.gen/sources_1/bd/protection_system/ip/protection_system_smartconnect_0_0/bd_0/ip/ip_13/bd_26d4_rni_0_clocks.xdc:104]
WARNING: [Vivado_Tcl 4-921] Waiver ID 'CDC-10' -to list should not be empty. [<EXTERNAL_BUILD>/w/project/s1e_e608f8c11cc8.gen/sources_1/bd/protection_system/ip/protection_system_smartconnect_0_0/bd_0/ip/ip_13/bd_26d4_rni_0_clocks.xdc:107]
WARNING: [Vivado_Tcl 4-921] Waiver ID 'CDC-10' -to list should not be empty. [<EXTERNAL_BUILD>/w/project/s1e_e608f8c11cc8.gen/sources_1/bd/protection_system/ip/protection_system_smartconnect_0_0/bd_0/ip/ip_13/bd_26d4_rni_0_clocks.xdc:110]
WARNING: [Vivado_Tcl 4-921] Waiver ID 'CDC-1' -to list should not be empty. [<EXTERNAL_BUILD>/w/project/s1e_e608f8c11cc8.gen/sources_1/bd/protection_system/ip/protection_system_smartconnect_0_0/bd_0/ip/ip_13/bd_26d4_rni_0_clocks.xdc:113]
WARNING: [Vivado_Tcl 4-921] Waiver ID 'CDC-1' -to list should not be empty. [<EXTERNAL_BUILD>/w/project/s1e_e608f8c11cc8.gen/sources_1/bd/protection_system/ip/protection_system_smartconnect_0_0/bd_0/ip/ip_13/bd_26d4_rni_0_clocks.xdc:116]
WARNING: [Vivado_Tcl 4-921] Waiver ID 'CDC-13' -to list should not be empty. [<EXTERNAL_BUILD>/w/project/s1e_e608f8c11cc8.gen/sources_1/bd/protection_system/ip/protection_system_smartconnect_0_0/bd_0/ip/ip_13/bd_26d4_rni_0_clocks.xdc:122]
WARNING: [Vivado_Tcl 4-921] Waiver ID 'CDC-1' -to list should not be empty. [<EXTERNAL_BUILD>/w/project/s1e_e608f8c11cc8.gen/sources_1/bd/protection_system/ip/protection_system_smartconnect_0_0/bd_0/ip/ip_13/bd_26d4_rni_0_clocks.xdc:125]
WARNING: [Vivado_Tcl 4-921] Waiver ID 'CDC-1' -to list should not be empty. [<EXTERNAL_BUILD>/w/project/s1e_e608f8c11cc8.gen/sources_1/bd/protection_system/ip/protection_system_smartconnect_0_0/bd_0/ip/ip_13/bd_26d4_rni_0_clocks.xdc:128]
WARNING: [Vivado_Tcl 4-921] Waiver ID 'CDC-13' -to list should not be empty. [<EXTERNAL_BUILD>/w/project/s1e_e608f8c11cc8.gen/sources_1/bd/protection_system/ip/protection_system_smartconnect_0_0/bd_0/ip/ip_13/bd_26d4_rni_0_clocks.xdc:131]
WARNING: [Vivado_Tcl 4-921] Waiver ID 'CDC-1' -to list should not be empty. [<EXTERNAL_BUILD>/w/project/s1e_e608f8c11cc8.gen/sources_1/bd/protection_system/ip/protection_system_smartconnect_0_0/bd_0/ip/ip_13/bd_26d4_rni_0_clocks.xdc:134]
WARNING: [Vivado_Tcl 4-921] Waiver ID 'CDC-10' -to list should not be empty. [<EXTERNAL_BUILD>/w/project/s1e_e608f8c11cc8.gen/sources_1/bd/protection_system/ip/protection_system_smartconnect_0_0/bd_0/ip/ip_13/bd_26d4_rni_0_clocks.xdc:137]
WARNING: [Vivado_Tcl 4-921] Waiver ID 'CDC-1' -to list should not be empty. [<EXTERNAL_BUILD>/w/project/s1e_e608f8c11cc8.gen/sources_1/bd/protection_system/ip/protection_system_smartconnect_0_0/bd_0/ip/ip_13/bd_26d4_rni_0_clocks.xdc:140]
WARNING: [Vivado_Tcl 4-921] Waiver ID 'CDC-1' -to list should not be empty. [<EXTERNAL_BUILD>/w/project/s1e_e608f8c11cc8.gen/sources_1/bd/protection_system/ip/protection_system_smartconnect_0_0/bd_0/ip/ip_13/bd_26d4_rni_0_clocks.xdc:143]
WARNING: [Vivado_Tcl 4-921] Waiver ID 'CDC-1' -to list should not be empty. [<EXTERNAL_BUILD>/w/project/s1e_e608f8c11cc8.gen/sources_1/bd/protection_system/ip/protection_system_smartconnect_0_0/bd_0/ip/ip_13/bd_26d4_rni_0_clocks.xdc:146]
WARNING: [Vivado_Tcl 4-921] Waiver ID 'CDC-2' -to list should not be empty. [<EXTERNAL_BUILD>/w/project/s1e_e608f8c11cc8.gen/sources_1/bd/protection_system/ip/protection_system_smartconnect_0_0/bd_0/ip/ip_13/bd_26d4_rni_0_clocks.xdc:149]
WARNING: [Vivado_Tcl 4-921] Waiver ID 'CDC-1' -to list should not be empty. [<EXTERNAL_BUILD>/w/project/s1e_e608f8c11cc8.gen/sources_1/bd/protection_system/ip/protection_system_smartconnect_0_0/bd_0/ip/ip_13/bd_26d4_rni_0_clocks.xdc:152]
WARNING: [Vivado_Tcl 4-921] Waiver ID 'CDC-1' -to list should not be empty. [<EXTERNAL_BUILD>/w/project/s1e_e608f8c11cc8.gen/sources_1/bd/protection_system/ip/protection_system_smartconnect_0_0/bd_0/ip/ip_13/bd_26d4_rni_0_clocks.xdc:155]
WARNING: [Vivado_Tcl 4-921] Waiver ID 'CDC-1' -to list should not be empty. [<EXTERNAL_BUILD>/w/project/s1e_e608f8c11cc8.gen/sources_1/bd/protection_system/ip/protection_system_smartconnect_0_0/bd_0/ip/ip_13/bd_26d4_rni_0_clocks.xdc:158]
WARNING: [Vivado_Tcl 4-921] Waiver ID 'CDC-10' -to list should not be empty. [<EXTERNAL_BUILD>/w/project/s1e_e608f8c11cc8.gen/sources_1/bd/protection_system/ip/protection_system_smartconnect_0_0/bd_0/ip/ip_13/bd_26d4_rni_0_clocks.xdc:161]
WARNING: [Vivado_Tcl 4-921] Waiver ID 'CDC-4' -to list should not be empty. [<EXTERNAL_BUILD>/w/project/s1e_e608f8c11cc8.gen/sources_1/bd/protection_system/ip/protection_system_smartconnect_0_0/bd_0/ip/ip_13/bd_26d4_rni_0_clocks.xdc:164]
WARNING: [Vivado_Tcl 4-921] Waiver ID 'CDC-4' -to list should not be empty. [<EXTERNAL_BUILD>/w/project/s1e_e608f8c11cc8.gen/sources_1/bd/protection_system/ip/protection_system_smartconnect_0_0/bd_0/ip/ip_13/bd_26d4_rni_0_clocks.xdc:167]
WARNING: [Vivado_Tcl 4-921] Waiver ID 'CDC-4' -to list should not be empty. [<EXTERNAL_BUILD>/w/project/s1e_e608f8c11cc8.gen/sources_1/bd/protection_system/ip/protection_system_smartconnect_0_0/bd_0/ip/ip_13/bd_26d4_rni_0_clocks.xdc:171]
WARNING: [Vivado_Tcl 4-921] Waiver ID 'CDC-4' -to list should not be empty. [<EXTERNAL_BUILD>/w/project/s1e_e608f8c11cc8.gen/sources_1/bd/protection_system/ip/protection_system_smartconnect_0_0/bd_0/ip/ip_13/bd_26d4_rni_0_clocks.xdc:174]
WARNING: [Vivado_Tcl 4-921] Waiver ID 'CDC-1' -to list should not be empty. [<EXTERNAL_BUILD>/w/project/s1e_e608f8c11cc8.gen/sources_1/bd/protection_system/ip/protection_system_smartconnect_0_0/bd_0/ip/ip_13/bd_26d4_rni_0_clocks.xdc:178]
WARNING: [Vivado_Tcl 4-935] Waiver ID 'CDC-1' is a duplicate and will not be added again. [<EXTERNAL_BUILD>/w/project/s1e_e608f8c11cc8.gen/sources_1/bd/protection_system/ip/protection_system_smartconnect_0_0/bd_0/ip/ip_13/bd_26d4_rni_0_clocks.xdc:181]
WARNING: [Vivado_Tcl 4-921] Waiver ID 'CDC-13' -to list should not be empty. [<EXTERNAL_BUILD>/w/project/s1e_e608f8c11cc8.gen/sources_1/bd/protection_system/ip/protection_system_smartconnect_0_0/bd_0/ip/ip_13/bd_26d4_rni_0_clocks.xdc:184]
Finished Parsing XDC File [<EXTERNAL_BUILD>/w/project/s1e_e608f8c11cc8.gen/sources_1/bd/protection_system/ip/protection_system_smartconnect_0_0/bd_0/ip/ip_13/bd_26d4_rni_0_clocks.xdc] for cell 'protection_system_i/smartconnect_0/inst/switchboards/i_nodes/i_r_node/inst'
Parsing XDC File [<EXTERNAL_BUILD>/w/project/s1e_e608f8c11cc8.gen/sources_1/bd/protection_system/ip/protection_system_smartconnect_0_0/bd_0/ip/ip_14/bd_26d4_awni_0_clocks.xdc] for cell 'protection_system_i/smartconnect_0/inst/switchboards/i_nodes/i_aw_node/inst'
WARNING: [Vivado_Tcl 4-921] Waiver ID 'CDC-1' -to list should not be empty. [<EXTERNAL_BUILD>/w/project/s1e_e608f8c11cc8.gen/sources_1/bd/protection_system/ip/protection_system_smartconnect_0_0/bd_0/ip/ip_14/bd_26d4_awni_0_clocks.xdc:49]
WARNING: [Vivado_Tcl 4-921] Waiver ID 'CDC-1' -to list should not be empty. [<EXTERNAL_BUILD>/w/project/s1e_e608f8c11cc8.gen/sources_1/bd/protection_system/ip/protection_system_smartconnect_0_0/bd_0/ip/ip_14/bd_26d4_awni_0_clocks.xdc:52]
WARNING: [Vivado_Tcl 4-921] Waiver ID 'CDC-1' -to list should not be empty. [<EXTERNAL_BUILD>/w/project/s1e_e608f8c11cc8.gen/sources_1/bd/protection_system/ip/protection_system_smartconnect_0_0/bd_0/ip/ip_14/bd_26d4_awni_0_clocks.xdc:55]
WARNING: [Vivado_Tcl 4-921] Waiver ID 'CDC-1' -to list should not be empty. [<EXTERNAL_BUILD>/w/project/s1e_e608f8c11cc8.gen/sources_1/bd/protection_system/ip/protection_system_smartconnect_0_0/bd_0/ip/ip_14/bd_26d4_awni_0_clocks.xdc:59]
WARNING: [Vivado_Tcl 4-921] Waiver ID 'CDC-1' -to list should not be empty. [<EXTERNAL_BUILD>/w/project/s1e_e608f8c11cc8.gen/sources_1/bd/protection_system/ip/protection_system_smartconnect_0_0/bd_0/ip/ip_14/bd_26d4_awni_0_clocks.xdc:66]
WARNING: [Vivado_Tcl 4-921] Waiver ID 'CDC-1' -to list should not be empty. [<EXTERNAL_BUILD>/w/project/s1e_e608f8c11cc8.gen/sources_1/bd/protection_system/ip/protection_system_smartconnect_0_0/bd_0/ip/ip_14/bd_26d4_awni_0_clocks.xdc:70]
WARNING: [Vivado_Tcl 4-921] Waiver ID 'CDC-1' -to list should not be empty. [<EXTERNAL_BUILD>/w/project/s1e_e608f8c11cc8.gen/sources_1/bd/protection_system/ip/protection_system_smartconnect_0_0/bd_0/ip/ip_14/bd_26d4_awni_0_clocks.xdc:82]
WARNING: [Vivado_Tcl 4-921] Waiver ID 'CDC-4' -to list should not be empty. [<EXTERNAL_BUILD>/w/project/s1e_e608f8c11cc8.gen/sources_1/bd/protection_system/ip/protection_system_smartconnect_0_0/bd_0/ip/ip_14/bd_26d4_awni_0_clocks.xdc:85]
WARNING: [Vivado_Tcl 4-921] Waiver ID 'CDC-4' -to list should not be empty. [<EXTERNAL_BUILD>/w/project/s1e_e608f8c11cc8.gen/sources_1/bd/protection_system/ip/protection_system_smartconnect_0_0/bd_0/ip/ip_14/bd_26d4_awni_0_clocks.xdc:88]
WARNING: [Vivado_Tcl 4-921] Waiver ID 'CDC-2' -to list should not be empty. [<EXTERNAL_BUILD>/w/project/s1e_e608f8c11cc8.gen/sources_1/bd/protection_system/ip/protection_system_smartconnect_0_0/bd_0/ip/ip_14/bd_26d4_awni_0_clocks.xdc:91]
WARNING: [Vivado_Tcl 4-921] Waiver ID 'CDC-2' -to list should not be empty. [<EXTERNAL_BUILD>/w/project/s1e_e608f8c11cc8.gen/sources_1/bd/protection_system/ip/protection_system_smartconnect_0_0/bd_0/ip/ip_14/bd_26d4_awni_0_clocks.xdc:94]
WARNING: [Vivado_Tcl 4-921] Waiver ID 'CDC-2' -to list should not be empty. [<EXTERNAL_BUILD>/w/project/s1e_e608f8c11cc8.gen/sources_1/bd/protection_system/ip/protection_system_smartconnect_0_0/bd_0/ip/ip_14/bd_26d4_awni_0_clocks.xdc:97]
WARNING: [Vivado_Tcl 4-921] Waiver ID 'CDC-2' -to list should not be empty. [<EXTERNAL_BUILD>/w/project/s1e_e608f8c11cc8.gen/sources_1/bd/protection_system/ip/protection_system_smartconnect_0_0/bd_0/ip/ip_14/bd_26d4_awni_0_clocks.xdc:100]
WARNING: [Vivado_Tcl 4-921] Waiver ID 'CDC-1' -to list should not be empty. [<EXTERNAL_BUILD>/w/project/s1e_e608f8c11cc8.gen/sources_1/bd/protection_system/ip/protection_system_smartconnect_0_0/bd_0/ip/ip_14/bd_26d4_awni_0_clocks.xdc:104]
WARNING: [Vivado_Tcl 4-921] Waiver ID 'CDC-10' -to list should not be empty. [<EXTERNAL_BUILD>/w/project/s1e_e608f8c11cc8.gen/sources_1/bd/protection_system/ip/protection_system_smartconnect_0_0/bd_0/ip/ip_14/bd_26d4_awni_0_clocks.xdc:107]
WARNING: [Vivado_Tcl 4-921] Waiver ID 'CDC-10' -to list should not be empty. [<EXTERNAL_BUILD>/w/project/s1e_e608f8c11cc8.gen/sources_1/bd/protection_system/ip/protection_system_smartconnect_0_0/bd_0/ip/ip_14/bd_26d4_awni_0_clocks.xdc:110]
WARNING: [Vivado_Tcl 4-921] Waiver ID 'CDC-1' -to list should not be empty. [<EXTERNAL_BUILD>/w/project/s1e_e608f8c11cc8.gen/sources_1/bd/protection_system/ip/protection_system_smartconnect_0_0/bd_0/ip/ip_14/bd_26d4_awni_0_clocks.xdc:113]
INFO: [Common 17-14] Message 'Vivado 12-180' appears 100 times and further instances of the messages will be disabled. Use the Tcl command set_msg_config to change the current settings. [<EXTERNAL_BUILD>/w/project/s1e_e608f8c11cc8.gen/sources_1/bd/protection_system/ip/protection_system_smartconnect_0_0/bd_0/ip/ip_14/bd_26d4_awni_0_clocks.xdc:116]
WARNING: [Vivado_Tcl 4-921] Waiver ID 'CDC-1' -to list should not be empty. [<EXTERNAL_BUILD>/w/project/s1e_e608f8c11cc8.gen/sources_1/bd/protection_system/ip/protection_system_smartconnect_0_0/bd_0/ip/ip_14/bd_26d4_awni_0_clocks.xdc:116]
WARNING: [Vivado_Tcl 4-921] Waiver ID 'CDC-13' -to list should not be empty. [<EXTERNAL_BUILD>/w/project/s1e_e608f8c11cc8.gen/sources_1/bd/protection_system/ip/protection_system_smartconnect_0_0/bd_0/ip/ip_14/bd_26d4_awni_0_clocks.xdc:122]
WARNING: [Vivado_Tcl 4-921] Waiver ID 'CDC-1' -to list should not be empty. [<EXTERNAL_BUILD>/w/project/s1e_e608f8c11cc8.gen/sources_1/bd/protection_system/ip/protection_system_smartconnect_0_0/bd_0/ip/ip_14/bd_26d4_awni_0_clocks.xdc:125]
WARNING: [Vivado_Tcl 4-921] Waiver ID 'CDC-1' -to list should not be empty. [<EXTERNAL_BUILD>/w/project/s1e_e608f8c11cc8.gen/sources_1/bd/protection_system/ip/protection_system_smartconnect_0_0/bd_0/ip/ip_14/bd_26d4_awni_0_clocks.xdc:128]
WARNING: [Vivado_Tcl 4-921] Waiver ID 'CDC-13' -to list should not be empty. [<EXTERNAL_BUILD>/w/project/s1e_e608f8c11cc8.gen/sources_1/bd/protection_system/ip/protection_system_smartconnect_0_0/bd_0/ip/ip_14/bd_26d4_awni_0_clocks.xdc:131]
WARNING: [Vivado_Tcl 4-921] Waiver ID 'CDC-1' -to list should not be empty. [<EXTERNAL_BUILD>/w/project/s1e_e608f8c11cc8.gen/sources_1/bd/protection_system/ip/protection_system_smartconnect_0_0/bd_0/ip/ip_14/bd_26d4_awni_0_clocks.xdc:134]
WARNING: [Vivado_Tcl 4-921] Waiver ID 'CDC-10' -to list should not be empty. [<EXTERNAL_BUILD>/w/project/s1e_e608f8c11cc8.gen/sources_1/bd/protection_system/ip/protection_system_smartconnect_0_0/bd_0/ip/ip_14/bd_26d4_awni_0_clocks.xdc:137]
INFO: [Common 17-14] Message 'Vivado_Tcl 4-921' appears 100 times and further instances of the messages will be disabled. Use the Tcl command set_msg_config to change the current settings. [<EXTERNAL_BUILD>/w/project/s1e_e608f8c11cc8.gen/sources_1/bd/protection_system/ip/protection_system_smartconnect_0_0/bd_0/ip/ip_14/bd_26d4_awni_0_clocks.xdc:137]
WARNING: [Vivado_Tcl 4-935] Waiver ID 'CDC-1' is a duplicate and will not be added again. [<EXTERNAL_BUILD>/w/project/s1e_e608f8c11cc8.gen/sources_1/bd/protection_system/ip/protection_system_smartconnect_0_0/bd_0/ip/ip_14/bd_26d4_awni_0_clocks.xdc:181]
Finished Parsing XDC File [<EXTERNAL_BUILD>/w/project/s1e_e608f8c11cc8.gen/sources_1/bd/protection_system/ip/protection_system_smartconnect_0_0/bd_0/ip/ip_14/bd_26d4_awni_0_clocks.xdc] for cell 'protection_system_i/smartconnect_0/inst/switchboards/i_nodes/i_aw_node/inst'
Parsing XDC File [<EXTERNAL_BUILD>/w/project/s1e_e608f8c11cc8.gen/sources_1/bd/protection_system/ip/protection_system_smartconnect_0_0/bd_0/ip/ip_15/bd_26d4_wni_0_clocks.xdc] for cell 'protection_system_i/smartconnect_0/inst/switchboards/i_nodes/i_w_node/inst'
WARNING: [Vivado_Tcl 4-935] Waiver ID 'CDC-1' is a duplicate and will not be added again. [<EXTERNAL_BUILD>/w/project/s1e_e608f8c11cc8.gen/sources_1/bd/protection_system/ip/protection_system_smartconnect_0_0/bd_0/ip/ip_15/bd_26d4_wni_0_clocks.xdc:181]
Finished Parsing XDC File [<EXTERNAL_BUILD>/w/project/s1e_e608f8c11cc8.gen/sources_1/bd/protection_system/ip/protection_system_smartconnect_0_0/bd_0/ip/ip_15/bd_26d4_wni_0_clocks.xdc] for cell 'protection_system_i/smartconnect_0/inst/switchboards/i_nodes/i_w_node/inst'
Parsing XDC File [<EXTERNAL_BUILD>/w/project/s1e_e608f8c11cc8.gen/sources_1/bd/protection_system/ip/protection_system_smartconnect_0_0/bd_0/ip/ip_16/bd_26d4_bni_0_clocks.xdc] for cell 'protection_system_i/smartconnect_0/inst/switchboards/i_nodes/i_b_node/inst'
WARNING: [Vivado_Tcl 4-935] Waiver ID 'CDC-1' is a duplicate and will not be added again. [<EXTERNAL_BUILD>/w/project/s1e_e608f8c11cc8.gen/sources_1/bd/protection_system/ip/protection_system_smartconnect_0_0/bd_0/ip/ip_16/bd_26d4_bni_0_clocks.xdc:181]
Finished Parsing XDC File [<EXTERNAL_BUILD>/w/project/s1e_e608f8c11cc8.gen/sources_1/bd/protection_system/ip/protection_system_smartconnect_0_0/bd_0/ip/ip_16/bd_26d4_bni_0_clocks.xdc] for cell 'protection_system_i/smartconnect_0/inst/switchboards/i_nodes/i_b_node/inst'
Parsing XDC File [<EXTERNAL_BUILD>/w/project/s1e_e608f8c11cc8.gen/sources_1/bd/protection_system/ip/protection_system_smartconnect_0_0/bd_0/ip/ip_21/bd_26d4_sarn_0_clocks.xdc] for cell 'protection_system_i/smartconnect_0/inst/s00_nodes/s00_ar_node/inst'
Finished Parsing XDC File [<EXTERNAL_BUILD>/w/project/s1e_e608f8c11cc8.gen/sources_1/bd/protection_system/ip/protection_system_smartconnect_0_0/bd_0/ip/ip_21/bd_26d4_sarn_0_clocks.xdc] for cell 'protection_system_i/smartconnect_0/inst/s00_nodes/s00_ar_node/inst'
Parsing XDC File [<EXTERNAL_BUILD>/w/project/s1e_e608f8c11cc8.gen/sources_1/bd/protection_system/ip/protection_system_smartconnect_0_0/bd_0/ip/ip_22/bd_26d4_srn_0_clocks.xdc] for cell 'protection_system_i/smartconnect_0/inst/s00_nodes/s00_r_node/inst'
Finished Parsing XDC File [<EXTERNAL_BUILD>/w/project/s1e_e608f8c11cc8.gen/sources_1/bd/protection_system/ip/protection_system_smartconnect_0_0/bd_0/ip/ip_22/bd_26d4_srn_0_clocks.xdc] for cell 'protection_system_i/smartconnect_0/inst/s00_nodes/s00_r_node/inst'
Parsing XDC File [<EXTERNAL_BUILD>/w/project/s1e_e608f8c11cc8.gen/sources_1/bd/protection_system/ip/protection_system_smartconnect_0_0/bd_0/ip/ip_23/bd_26d4_sawn_0_clocks.xdc] for cell 'protection_system_i/smartconnect_0/inst/s00_nodes/s00_aw_node/inst'
Finished Parsing XDC File [<EXTERNAL_BUILD>/w/project/s1e_e608f8c11cc8.gen/sources_1/bd/protection_system/ip/protection_system_smartconnect_0_0/bd_0/ip/ip_23/bd_26d4_sawn_0_clocks.xdc] for cell 'protection_system_i/smartconnect_0/inst/s00_nodes/s00_aw_node/inst'
Parsing XDC File [<EXTERNAL_BUILD>/w/project/s1e_e608f8c11cc8.gen/sources_1/bd/protection_system/ip/protection_system_smartconnect_0_0/bd_0/ip/ip_24/bd_26d4_swn_0_clocks.xdc] for cell 'protection_system_i/smartconnect_0/inst/s00_nodes/s00_w_node/inst'
Finished Parsing XDC File [<EXTERNAL_BUILD>/w/project/s1e_e608f8c11cc8.gen/sources_1/bd/protection_system/ip/protection_system_smartconnect_0_0/bd_0/ip/ip_24/bd_26d4_swn_0_clocks.xdc] for cell 'protection_system_i/smartconnect_0/inst/s00_nodes/s00_w_node/inst'
Parsing XDC File [<EXTERNAL_BUILD>/w/project/s1e_e608f8c11cc8.gen/sources_1/bd/protection_system/ip/protection_system_smartconnect_0_0/bd_0/ip/ip_25/bd_26d4_sbn_0_clocks.xdc] for cell 'protection_system_i/smartconnect_0/inst/s00_nodes/s00_b_node/inst'
Finished Parsing XDC File [<EXTERNAL_BUILD>/w/project/s1e_e608f8c11cc8.gen/sources_1/bd/protection_system/ip/protection_system_smartconnect_0_0/bd_0/ip/ip_25/bd_26d4_sbn_0_clocks.xdc] for cell 'protection_system_i/smartconnect_0/inst/s00_nodes/s00_b_node/inst'
Parsing XDC File [<EXTERNAL_BUILD>/w/project/s1e_e608f8c11cc8.gen/sources_1/bd/protection_system/ip/protection_system_smartconnect_0_0/bd_0/ip/ip_27/bd_26d4_m00arn_0_clocks.xdc] for cell 'protection_system_i/smartconnect_0/inst/m00_nodes/m00_ar_node/inst'
Finished Parsing XDC File [<EXTERNAL_BUILD>/w/project/s1e_e608f8c11cc8.gen/sources_1/bd/protection_system/ip/protection_system_smartconnect_0_0/bd_0/ip/ip_27/bd_26d4_m00arn_0_clocks.xdc] for cell 'protection_system_i/smartconnect_0/inst/m00_nodes/m00_ar_node/inst'
Parsing XDC File [<EXTERNAL_BUILD>/w/project/s1e_e608f8c11cc8.gen/sources_1/bd/protection_system/ip/protection_system_smartconnect_0_0/bd_0/ip/ip_28/bd_26d4_m00rn_0_clocks.xdc] for cell 'protection_system_i/smartconnect_0/inst/m00_nodes/m00_r_node/inst'
Finished Parsing XDC File [<EXTERNAL_BUILD>/w/project/s1e_e608f8c11cc8.gen/sources_1/bd/protection_system/ip/protection_system_smartconnect_0_0/bd_0/ip/ip_28/bd_26d4_m00rn_0_clocks.xdc] for cell 'protection_system_i/smartconnect_0/inst/m00_nodes/m00_r_node/inst'
Parsing XDC File [<EXTERNAL_BUILD>/w/project/s1e_e608f8c11cc8.gen/sources_1/bd/protection_system/ip/protection_system_smartconnect_0_0/bd_0/ip/ip_29/bd_26d4_m00awn_0_clocks.xdc] for cell 'protection_system_i/smartconnect_0/inst/m00_nodes/m00_aw_node/inst'
Finished Parsing XDC File [<EXTERNAL_BUILD>/w/project/s1e_e608f8c11cc8.gen/sources_1/bd/protection_system/ip/protection_system_smartconnect_0_0/bd_0/ip/ip_29/bd_26d4_m00awn_0_clocks.xdc] for cell 'protection_system_i/smartconnect_0/inst/m00_nodes/m00_aw_node/inst'
Parsing XDC File [<EXTERNAL_BUILD>/w/project/s1e_e608f8c11cc8.gen/sources_1/bd/protection_system/ip/protection_system_smartconnect_0_0/bd_0/ip/ip_30/bd_26d4_m00wn_0_clocks.xdc] for cell 'protection_system_i/smartconnect_0/inst/m00_nodes/m00_w_node/inst'
Finished Parsing XDC File [<EXTERNAL_BUILD>/w/project/s1e_e608f8c11cc8.gen/sources_1/bd/protection_system/ip/protection_system_smartconnect_0_0/bd_0/ip/ip_30/bd_26d4_m00wn_0_clocks.xdc] for cell 'protection_system_i/smartconnect_0/inst/m00_nodes/m00_w_node/inst'
Parsing XDC File [<EXTERNAL_BUILD>/w/project/s1e_e608f8c11cc8.gen/sources_1/bd/protection_system/ip/protection_system_smartconnect_0_0/bd_0/ip/ip_31/bd_26d4_m00bn_0_clocks.xdc] for cell 'protection_system_i/smartconnect_0/inst/m00_nodes/m00_b_node/inst'
Finished Parsing XDC File [<EXTERNAL_BUILD>/w/project/s1e_e608f8c11cc8.gen/sources_1/bd/protection_system/ip/protection_system_smartconnect_0_0/bd_0/ip/ip_31/bd_26d4_m00bn_0_clocks.xdc] for cell 'protection_system_i/smartconnect_0/inst/m00_nodes/m00_b_node/inst'
Parsing XDC File [<EXTERNAL_BUILD>/w/project/s1e_e608f8c11cc8.gen/sources_1/bd/protection_system/ip/protection_system_smartconnect_0_0/bd_0/ip/ip_34/bd_26d4_m01arn_0_clocks.xdc] for cell 'protection_system_i/smartconnect_0/inst/m01_nodes/m01_ar_node/inst'
Finished Parsing XDC File [<EXTERNAL_BUILD>/w/project/s1e_e608f8c11cc8.gen/sources_1/bd/protection_system/ip/protection_system_smartconnect_0_0/bd_0/ip/ip_34/bd_26d4_m01arn_0_clocks.xdc] for cell 'protection_system_i/smartconnect_0/inst/m01_nodes/m01_ar_node/inst'
Parsing XDC File [<EXTERNAL_BUILD>/w/project/s1e_e608f8c11cc8.gen/sources_1/bd/protection_system/ip/protection_system_smartconnect_0_0/bd_0/ip/ip_35/bd_26d4_m01rn_0_clocks.xdc] for cell 'protection_system_i/smartconnect_0/inst/m01_nodes/m01_r_node/inst'
Finished Parsing XDC File [<EXTERNAL_BUILD>/w/project/s1e_e608f8c11cc8.gen/sources_1/bd/protection_system/ip/protection_system_smartconnect_0_0/bd_0/ip/ip_35/bd_26d4_m01rn_0_clocks.xdc] for cell 'protection_system_i/smartconnect_0/inst/m01_nodes/m01_r_node/inst'
Parsing XDC File [<EXTERNAL_BUILD>/w/project/s1e_e608f8c11cc8.gen/sources_1/bd/protection_system/ip/protection_system_smartconnect_0_0/bd_0/ip/ip_36/bd_26d4_m01awn_0_clocks.xdc] for cell 'protection_system_i/smartconnect_0/inst/m01_nodes/m01_aw_node/inst'
Finished Parsing XDC File [<EXTERNAL_BUILD>/w/project/s1e_e608f8c11cc8.gen/sources_1/bd/protection_system/ip/protection_system_smartconnect_0_0/bd_0/ip/ip_36/bd_26d4_m01awn_0_clocks.xdc] for cell 'protection_system_i/smartconnect_0/inst/m01_nodes/m01_aw_node/inst'
Parsing XDC File [<EXTERNAL_BUILD>/w/project/s1e_e608f8c11cc8.gen/sources_1/bd/protection_system/ip/protection_system_smartconnect_0_0/bd_0/ip/ip_37/bd_26d4_m01wn_0_clocks.xdc] for cell 'protection_system_i/smartconnect_0/inst/m01_nodes/m01_w_node/inst'
Finished Parsing XDC File [<EXTERNAL_BUILD>/w/project/s1e_e608f8c11cc8.gen/sources_1/bd/protection_system/ip/protection_system_smartconnect_0_0/bd_0/ip/ip_37/bd_26d4_m01wn_0_clocks.xdc] for cell 'protection_system_i/smartconnect_0/inst/m01_nodes/m01_w_node/inst'
Parsing XDC File [<EXTERNAL_BUILD>/w/project/s1e_e608f8c11cc8.gen/sources_1/bd/protection_system/ip/protection_system_smartconnect_0_0/bd_0/ip/ip_38/bd_26d4_m01bn_0_clocks.xdc] for cell 'protection_system_i/smartconnect_0/inst/m01_nodes/m01_b_node/inst'
Finished Parsing XDC File [<EXTERNAL_BUILD>/w/project/s1e_e608f8c11cc8.gen/sources_1/bd/protection_system/ip/protection_system_smartconnect_0_0/bd_0/ip/ip_38/bd_26d4_m01bn_0_clocks.xdc] for cell 'protection_system_i/smartconnect_0/inst/m01_nodes/m01_b_node/inst'
Parsing XDC File [<EXTERNAL_BUILD>/w/project/s1e_e608f8c11cc8.gen/sources_1/bd/protection_system/ip/protection_system_smartconnect_0_0/smartconnect.xdc] for cell 'protection_system_i/smartconnect_0/inst'
WARNING: [Vivado_Tcl 4-919] Waiver ID 'CDC-1' -from list should not be empty. [<EXTERNAL_BUILD>/w/project/s1e_e608f8c11cc8.gen/sources_1/bd/protection_system/ip/protection_system_smartconnect_0_0/smartconnect.xdc:10]
Finished Parsing XDC File [<EXTERNAL_BUILD>/w/project/s1e_e608f8c11cc8.gen/sources_1/bd/protection_system/ip/protection_system_smartconnect_0_0/smartconnect.xdc] for cell 'protection_system_i/smartconnect_0/inst'
Parsing XDC File [<EXTERNAL_BUILD>/w/project/s1e_e608f8c11cc8.gen/sources_1/bd/protection_system/ip/protection_system_proc_sys_reset_stage2i_b2_src_0/protection_system_proc_sys_reset_stage2i_b2_src_0_board.xdc] for cell 'protection_system_i/proc_sys_reset_stage2i_b2_src/U0'
Finished Parsing XDC File [<EXTERNAL_BUILD>/w/project/s1e_e608f8c11cc8.gen/sources_1/bd/protection_system/ip/protection_system_proc_sys_reset_stage2i_b2_src_0/protection_system_proc_sys_reset_stage2i_b2_src_0_board.xdc] for cell 'protection_system_i/proc_sys_reset_stage2i_b2_src/U0'
Parsing XDC File [<EXTERNAL_BUILD>/w/project/s1e_e608f8c11cc8.gen/sources_1/bd/protection_system/ip/protection_system_proc_sys_reset_stage2i_b2_src_0/protection_system_proc_sys_reset_stage2i_b2_src_0.xdc] for cell 'protection_system_i/proc_sys_reset_stage2i_b2_src/U0'
Finished Parsing XDC File [<EXTERNAL_BUILD>/w/project/s1e_e608f8c11cc8.gen/sources_1/bd/protection_system/ip/protection_system_proc_sys_reset_stage2i_b2_src_0/protection_system_proc_sys_reset_stage2i_b2_src_0.xdc] for cell 'protection_system_i/proc_sys_reset_stage2i_b2_src/U0'
Parsing XDC File [<EXTERNAL_BUILD>/w/project/s1e_e608f8c11cc8.gen/sources_1/bd/protection_system/ip/protection_system_system_ila_stage2b_0_0/bd_0/ip/ip_0/ila_v6_2/constraints/ila_impl.xdc] for cell 'protection_system_i/system_ila_stage2b_0/inst/ila_lib/inst'
Finished Parsing XDC File [<EXTERNAL_BUILD>/w/project/s1e_e608f8c11cc8.gen/sources_1/bd/protection_system/ip/protection_system_system_ila_stage2b_0_0/bd_0/ip/ip_0/ila_v6_2/constraints/ila_impl.xdc] for cell 'protection_system_i/system_ila_stage2b_0/inst/ila_lib/inst'
Parsing XDC File [<EXTERNAL_BUILD>/w/project/s1e_e608f8c11cc8.gen/sources_1/bd/protection_system/ip/protection_system_system_ila_stage2b_0_0/bd_0/ip/ip_0/ila_v6_2/constraints/ila.xdc] for cell 'protection_system_i/system_ila_stage2b_0/inst/ila_lib/inst'
Finished Parsing XDC File [<EXTERNAL_BUILD>/w/project/s1e_e608f8c11cc8.gen/sources_1/bd/protection_system/ip/protection_system_system_ila_stage2b_0_0/bd_0/ip/ip_0/ila_v6_2/constraints/ila.xdc] for cell 'protection_system_i/system_ila_stage2b_0/inst/ila_lib/inst'
Parsing XDC File [<EXTERNAL_BUILD>/w/project/s1e_e608f8c11cc8.gen/sources_1/bd/protection_system/ip/protection_system_axi_gpio_stage1d_0_0/protection_system_axi_gpio_stage1d_0_0_board.xdc] for cell 'protection_system_i/axi_gpio_stage1d_0/U0'
Finished Parsing XDC File [<EXTERNAL_BUILD>/w/project/s1e_e608f8c11cc8.gen/sources_1/bd/protection_system/ip/protection_system_axi_gpio_stage1d_0_0/protection_system_axi_gpio_stage1d_0_0_board.xdc] for cell 'protection_system_i/axi_gpio_stage1d_0/U0'
Parsing XDC File [<EXTERNAL_BUILD>/w/project/s1e_e608f8c11cc8.gen/sources_1/bd/protection_system/ip/protection_system_axi_gpio_stage1d_0_0/protection_system_axi_gpio_stage1d_0_0.xdc] for cell 'protection_system_i/axi_gpio_stage1d_0/U0'
Finished Parsing XDC File [<EXTERNAL_BUILD>/w/project/s1e_e608f8c11cc8.gen/sources_1/bd/protection_system/ip/protection_system_axi_gpio_stage1d_0_0/protection_system_axi_gpio_stage1d_0_0.xdc] for cell 'protection_system_i/axi_gpio_stage1d_0/U0'
Parsing XDC File [<EXTERNAL_BUILD>/w/project/s1e_e608f8c11cc8.gen/sources_1/bd/protection_system/ip/protection_system_system_ila_stage2i_b2_source_0_0/bd_0/ip/ip_0/ila_v6_2/constraints/ila_impl.xdc] for cell 'protection_system_i/system_ila_stage2i_b2_source_0/inst/ila_lib/inst'
Finished Parsing XDC File [<EXTERNAL_BUILD>/w/project/s1e_e608f8c11cc8.gen/sources_1/bd/protection_system/ip/protection_system_system_ila_stage2i_b2_source_0_0/bd_0/ip/ip_0/ila_v6_2/constraints/ila_impl.xdc] for cell 'protection_system_i/system_ila_stage2i_b2_source_0/inst/ila_lib/inst'
Parsing XDC File [<EXTERNAL_BUILD>/w/project/s1e_e608f8c11cc8.gen/sources_1/bd/protection_system/ip/protection_system_system_ila_stage2i_b2_source_0_0/bd_0/ip/ip_0/ila_v6_2/constraints/ila.xdc] for cell 'protection_system_i/system_ila_stage2i_b2_source_0/inst/ila_lib/inst'
Finished Parsing XDC File [<EXTERNAL_BUILD>/w/project/s1e_e608f8c11cc8.gen/sources_1/bd/protection_system/ip/protection_system_system_ila_stage2i_b2_source_0_0/bd_0/ip/ip_0/ila_v6_2/constraints/ila.xdc] for cell 'protection_system_i/system_ila_stage2i_b2_source_0/inst/ila_lib/inst'
Parsing XDC File [<EXTERNAL_BUILD>/w/project/s1e_e608f8c11cc8.gen/sources_1/bd/protection_system/ip/protection_system_protection_ip_axi_lite_0_0/src/stage2d_async_adc_atomic_cdc.xdc] for cell 'protection_system_i/protection_ip_axi_lite_0/inst'
Finished Parsing XDC File [<EXTERNAL_BUILD>/w/project/s1e_e608f8c11cc8.gen/sources_1/bd/protection_system/ip/protection_system_protection_ip_axi_lite_0_0/src/stage2d_async_adc_atomic_cdc.xdc] for cell 'protection_system_i/protection_ip_axi_lite_0/inst'
Parsing XDC File [<EXTERNAL_BUILD>/w/project/s1e_e608f8c11cc8.gen/sources_1/bd/protection_system/ip/protection_system_protection_ip_axi_lite_0_0/src/stage2e_transaction_observability_cdc.xdc] for cell 'protection_system_i/protection_ip_axi_lite_0/inst'
Finished Parsing XDC File [<EXTERNAL_BUILD>/w/project/s1e_e608f8c11cc8.gen/sources_1/bd/protection_system/ip/protection_system_protection_ip_axi_lite_0_0/src/stage2e_transaction_observability_cdc.xdc] for cell 'protection_system_i/protection_ip_axi_lite_0/inst'
Parsing XDC File [<EXTERNAL_SOURCE>/fpga/vivado/constraints/stage2i_b2_ready_aware_stimulus_cdc.xdc]
Finished Parsing XDC File [<EXTERNAL_SOURCE>/fpga/vivado/constraints/stage2i_b2_ready_aware_stimulus_cdc.xdc]
INFO: [Project 1-1714] 45 XPM XDC files have been applied to the design.
INFO: [Opt 31-138] Pushed 0 inverter(s) to 0 load pin(s).
INFO: [Project 1-1687] 895 scoped IP constraints or related sub-commands were skipped due to synthesis logic optimizations usually triggered by constant connectivity or unconnected output pins. To review the skipped constraints and messages, run the command 'set_param netlist.IPMsgFiltering false' before opening the design.
Netlist sorting complete. Time (s): cpu = 00:00:00 ; elapsed = 00:00:00.004 . Memory (MB): peak = 1952.543 ; gain = 0.000
INFO: [Project 1-111] Unisim Transformation Summary:
  A total of 236 instances were transformed.
  CFGLUT5 => CFGLUT5 (SRL16E, SRLC32E): 236 instances

26 Infos, 106 Warnings, 0 Critical Warnings and 0 Errors encountered.
link_design completed successfully
link_design: Time (s): cpu = 00:00:13 ; elapsed = 00:00:18 . Memory (MB): peak = 1952.543 ; gain = 1251.414
Command: opt_design
Attempting to get a license for feature 'Implementation' and/or device 'xc7z020'
INFO: [Common 17-349] Got license for feature 'Implementation' and/or device 'xc7z020'
Running DRC as a precondition to command opt_design

Starting DRC Task
INFO: [DRC 23-27] Running DRC with 2 threads
INFO: [Project 1-461] DRC finished with 0 Errors
INFO: [Project 1-462] Please refer to the DRC report (report_drc) for more information.

Time (s): cpu = 00:00:01 ; elapsed = 00:00:00.564 . Memory (MB): peak = 1952.543 ; gain = 0.000

Starting Cache Timing Information Task
INFO: [Timing 38-35] Done setting XDC timing constraints.
Ending Cache Timing Information Task | Checksum: 13fa4c471

Time (s): cpu = 00:00:01 ; elapsed = 00:00:00.383 . Memory (MB): peak = 1952.543 ; gain = 0.000

Starting Logic Optimization Task

Phase 1 Initialization

Phase 1.1 Core Generation And Design Setup

Phase 1.1.1 Generate And Synthesize Debug Cores
INFO: [Chipscope 16-329] Generating Script for core instance : dbg_hub 
INFO: [IP_Flow 19-3806] Processing IP xilinx.com:ip:xsdbm:3.0 for cell dbg_hub_CV.
Done building netlist checker database: Time (s): cpu = 00:00:00 ; elapsed = 00:00:00.005 . Memory (MB): peak = 2334.473 ; gain = 0.000
Netlist sorting complete. Time (s): cpu = 00:00:00 ; elapsed = 00:00:00.016 . Memory (MB): peak = 2334.473 ; gain = 0.000
Phase 1.1.1 Generate And Synthesize Debug Cores | Checksum: 227b0658c

Time (s): cpu = 00:00:01 ; elapsed = 00:00:59 . Memory (MB): peak = 2334.473 ; gain = 22.207
Phase 1.1 Core Generation And Design Setup | Checksum: 227b0658c

Time (s): cpu = 00:00:01 ; elapsed = 00:00:59 . Memory (MB): peak = 2334.473 ; gain = 22.207

Phase 1.2 Setup Constraints And Sort Netlist
Phase 1.2 Setup Constraints And Sort Netlist | Checksum: 227b0658c

Time (s): cpu = 00:00:01 ; elapsed = 00:00:59 . Memory (MB): peak = 2334.473 ; gain = 22.207
Phase 1 Initialization | Checksum: 227b0658c

Time (s): cpu = 00:00:01 ; elapsed = 00:00:59 . Memory (MB): peak = 2334.473 ; gain = 22.207

Phase 2 Timer Update And Timing Data Collection

Phase 2.1 Timer Update
Phase 2.1 Timer Update | Checksum: 227b0658c

Time (s): cpu = 00:00:01 ; elapsed = 00:00:59 . Memory (MB): peak = 2334.473 ; gain = 22.207

Phase 2.2 Timing Data Collection
Phase 2.2 Timing Data Collection | Checksum: 227b0658c

Time (s): cpu = 00:00:01 ; elapsed = 00:00:59 . Memory (MB): peak = 2334.473 ; gain = 22.207
Phase 2 Timer Update And Timing Data Collection | Checksum: 227b0658c

Time (s): cpu = 00:00:01 ; elapsed = 00:00:59 . Memory (MB): peak = 2334.473 ; gain = 22.207

Phase 3 Retarget
INFO: [Opt 31-1834] Total Chains To Be Transformed Were: 0 AND Number of Transformed insts Created are: 0
INFO: [Opt 31-1566] Pulled 2 inverters resulting in an inversion of 83 pins
INFO: [Opt 31-138] Pushed 7 inverter(s) to 19 load pin(s).
INFO: [Opt 31-49] Retargeted 0 cell(s).
Phase 3 Retarget | Checksum: 168561673

Time (s): cpu = 00:00:01 ; elapsed = 00:01:00 . Memory (MB): peak = 2334.473 ; gain = 22.207
Retarget | Checksum: 168561673
INFO: [Opt 31-389] Phase Retarget created 19 cells and removed 61 cells
INFO: [Opt 31-1021] In phase Retarget, 165 netlist objects are constrained preventing optimization. Please run opt_design with -debug_log to get more detail. 

Phase 4 Constant propagation
INFO: [Opt 31-138] Pushed 1 inverter(s) to 3 load pin(s).
Phase 4 Constant propagation | Checksum: 20e7adc91

Time (s): cpu = 00:00:01 ; elapsed = 00:01:00 . Memory (MB): peak = 2334.473 ; gain = 22.207
Constant propagation | Checksum: 20e7adc91
INFO: [Opt 31-389] Phase Constant propagation created 10 cells and removed 56 cells
INFO: [Opt 31-1021] In phase Constant propagation, 133 netlist objects are constrained preventing optimization. Please run opt_design with -debug_log to get more detail. 

Phase 5 Sweep
INFO: [Opt 31-120] Instance protection_system_i/protection_ip_axi_lite_0/inst/g_stage2f_normalization_supported.u_adc_sample_code_normalizer (protection_system_protection_ip_axi_lite_0_0_adc_sample_code_normalizer) has been optimized to an empty box cell during sweep but it has constraints that prevent its removal. Empty box cells do not impact the implementation flow but they have no functional relevance.
Resolution: If this is not expected, please check for DONT_TOUCH properties or timing constraint set on the empty box cell or on nets connected to the cell. If found, remove the relevant DONT_TOUCH property or timing constraint and re-run opt_design.
Phase 5 Sweep | Checksum: 17463f8b8

Time (s): cpu = 00:00:02 ; elapsed = 00:01:00 . Memory (MB): peak = 2334.473 ; gain = 22.207
Sweep | Checksum: 17463f8b8
INFO: [Opt 31-389] Phase Sweep created 0 cells and removed 246 cells
INFO: [Opt 31-1021] In phase Sweep, 1735 netlist objects are constrained preventing optimization. Please run opt_design with -debug_log to get more detail. 

Phase 6 BUFG optimization
INFO: [Opt 31-194] Inserted BUFG protection_system_i/processing_system7_0/inst/FCLK_CLK1_BUFG_inst to drive 5339 load(s) on clock net protection_system_i/processing_system7_0/inst/FCLK_CLK1_BUFG
INFO: [Opt 31-193] Inserted 1 BUFG(s) on clock nets
Phase 6 BUFG optimization | Checksum: 20615a6e5

Time (s): cpu = 00:00:02 ; elapsed = 00:01:00 . Memory (MB): peak = 2334.473 ; gain = 22.207
BUFG optimization | Checksum: 20615a6e5
INFO: [Opt 31-662] Phase BUFG optimization created 1 cells of which 1 are BUFGs and removed 0 cells.

Phase 7 Shift Register Optimization
INFO: [Opt 31-1064] SRL Remap converted 0 SRLs to 0 registers and converted 0 registers of register chains to 0 SRLs
Phase 7 Shift Register Optimization | Checksum: 20615a6e5

Time (s): cpu = 00:00:02 ; elapsed = 00:01:00 . Memory (MB): peak = 2334.473 ; gain = 22.207
Shift Register Optimization | Checksum: 20615a6e5
INFO: [Opt 31-389] Phase Shift Register Optimization created 0 cells and removed 0 cells

Phase 8 Post Processing Netlist
Phase 8 Post Processing Netlist | Checksum: 20615a6e5

Time (s): cpu = 00:00:02 ; elapsed = 00:01:00 . Memory (MB): peak = 2334.473 ; gain = 22.207
Post Processing Netlist | Checksum: 20615a6e5
INFO: [Opt 31-389] Phase Post Processing Netlist created 0 cells and removed 0 cells
INFO: [Opt 31-1021] In phase Post Processing Netlist, 156 netlist objects are constrained preventing optimization. Please run opt_design with -debug_log to get more detail. 

Phase 9 Finalization

Phase 9.1 Finalizing Design Cores and Updating Shapes
Phase 9.1 Finalizing Design Cores and Updating Shapes | Checksum: 1f7a3c767

Time (s): cpu = 00:00:02 ; elapsed = 00:01:00 . Memory (MB): peak = 2334.473 ; gain = 22.207

Phase 9.2 Verifying Netlist Connectivity

Starting Connectivity Check Task

Time (s): cpu = 00:00:00 ; elapsed = 00:00:00.019 . Memory (MB): peak = 2334.473 ; gain = 0.000
Phase 9.2 Verifying Netlist Connectivity | Checksum: 1f7a3c767

Time (s): cpu = 00:00:02 ; elapsed = 00:01:01 . Memory (MB): peak = 2334.473 ; gain = 22.207
Phase 9 Finalization | Checksum: 1f7a3c767

Time (s): cpu = 00:00:02 ; elapsed = 00:01:01 . Memory (MB): peak = 2334.473 ; gain = 22.207
Opt_design Change Summary
=========================


-------------------------------------------------------------------------------------------------------------------------
|  Phase                        |  #Cells created  |  #Cells Removed  |  #Constrained objects preventing optimizations  |
-------------------------------------------------------------------------------------------------------------------------
|  Retarget                     |              19  |              61  |                                            165  |
|  Constant propagation         |              10  |              56  |                                            133  |
|  Sweep                        |               0  |             246  |                                           1735  |
|  BUFG optimization            |               1  |               0  |                                              0  |
|  Shift Register Optimization  |               0  |               0  |                                              0  |
|  Post Processing Netlist      |               0  |               0  |                                            156  |
-------------------------------------------------------------------------------------------------------------------------


Ending Logic Optimization Task | Checksum: 1f7a3c767

Time (s): cpu = 00:00:02 ; elapsed = 00:01:01 . Memory (MB): peak = 2334.473 ; gain = 22.207

Starting Power Optimization Task
INFO: [Pwropt 34-132] Skipping clock gating for clocks with a period < 2.00 ns.
INFO: [Timing 38-35] Done setting XDC timing constraints.
INFO: [Pwropt 34-9] Applying IDT optimizations ...
INFO: [Pwropt 34-10] Applying ODC optimizations ...
Running Vector-less Activity Propagation...

Finished Running Vector-less Activity Propagation


Starting PowerOpt Patch Enables Task
INFO: [Pwropt 34-162] WRITE_MODE attribute of 16 BRAM(s) out of a total of 21 has been updated to save power. Run report_power_opt to get a complete listing of the BRAMs updated.
INFO: [Pwropt 34-201] Structural ODC has moved 0 WE to EN ports
Number of BRAM Ports augmented: 21 newly gated: 0 Total Ports: 42
Ending PowerOpt Patch Enables Task | Checksum: 1a933b351

Time (s): cpu = 00:00:00 ; elapsed = 00:00:00.091 . Memory (MB): peak = 2476.672 ; gain = 0.000
Ending Power Optimization Task | Checksum: 1a933b351

Time (s): cpu = 00:00:04 ; elapsed = 00:00:02 . Memory (MB): peak = 2476.672 ; gain = 142.199

Starting Final Cleanup Task
Ending Final Cleanup Task | Checksum: 1a933b351

Time (s): cpu = 00:00:00 ; elapsed = 00:00:00.002 . Memory (MB): peak = 2476.672 ; gain = 0.000

Starting Netlist Obfuscation Task
Netlist sorting complete. Time (s): cpu = 00:00:00 ; elapsed = 00:00:00.006 . Memory (MB): peak = 2476.672 ; gain = 0.000
Ending Netlist Obfuscation Task | Checksum: 13711e893

Time (s): cpu = 00:00:00 ; elapsed = 00:00:00.009 . Memory (MB): peak = 2476.672 ; gain = 0.000
INFO: [Common 17-83] Releasing license: Implementation
63 Infos, 106 Warnings, 0 Critical Warnings and 0 Errors encountered.
opt_design completed successfully
opt_design: Time (s): cpu = 00:00:10 ; elapsed = 00:01:06 . Memory (MB): peak = 2476.672 ; gain = 524.129
INFO: [Vivado 12-24828] Executing command : report_drc -file protection_system_wrapper_drc_opted.rpt -pb protection_system_wrapper_drc_opted.pb -rpx protection_system_wrapper_drc_opted.rpx
Command: report_drc -file protection_system_wrapper_drc_opted.rpt -pb protection_system_wrapper_drc_opted.pb -rpx protection_system_wrapper_drc_opted.rpx
INFO: [IP_Flow 19-1839] IP Catalog is up to date.
INFO: [DRC 23-27] Running DRC with 2 threads
INFO: [Vivado_Tcl 2-168] The results of DRC are in file <EXTERNAL_BUILD>/w/project/s1e_e608f8c11cc8.runs/impl_1/protection_system_wrapper_drc_opted.rpt.
report_drc completed successfully
INFO: [Timing 38-35] Done setting XDC timing constraints.
INFO: [Timing 38-480] Writing timing data to binary archive.
Wrote PlaceDB: Time (s): cpu = 00:00:00 ; elapsed = 00:00:00.011 . Memory (MB): peak = 2476.672 ; gain = 0.000
Wrote PulsedLatchDB: Time (s): cpu = 00:00:00 ; elapsed = 00:00:00 . Memory (MB): peak = 2476.672 ; gain = 0.000
Writing XDEF routing.
Write ShapeDB Complete: Time (s): cpu = 00:00:00 ; elapsed = 00:00:00.022 . Memory (MB): peak = 2476.672 ; gain = 0.000
Writing XDEF routing logical nets.
Writing XDEF routing special nets.
Wrote RouteStorage: Time (s): cpu = 00:00:00 ; elapsed = 00:00:00.055 . Memory (MB): peak = 2476.672 ; gain = 0.000
Wrote Netlist Cache: Time (s): cpu = 00:00:00 ; elapsed = 00:00:00 . Memory (MB): peak = 2476.672 ; gain = 0.000
Wrote Device Cache: Time (s): cpu = 00:00:00 ; elapsed = 00:00:00.011 . Memory (MB): peak = 2476.672 ; gain = 0.000
Write Physdb Complete: Time (s): cpu = 00:00:00 ; elapsed = 00:00:00.084 . Memory (MB): peak = 2476.672 ; gain = 0.000
INFO: [Common 17-1381] The checkpoint '<EXTERNAL_BUILD>/w/project/s1e_e608f8c11cc8.runs/impl_1/protection_system_wrapper_opt.dcp' has been generated.
INFO: [Common 17-206] Exiting Vivado at Wed Sep  9 17:14:39 2026...

*** Running vivado
    with args -log protection_system_wrapper.vdi -applog -m64 -product Vivado -messageDb vivado.pb -mode batch -source protection_system_wrapper.tcl -notrace



****** Vivado v2024.1 (64-bit)
  **** SW Build 5076996 on Wed May 22 18:37:14 MDT 2024
  **** IP Build 5075265 on Wed May 22 21:45:21 MDT 2024
  **** SharedData Build 5076995 on Wed May 22 18:29:18 MDT 2024
  **** Start of session at: Wed Sep  9 17:14:58 2026
    ** Copyright 1986-2022 Xilinx, Inc. All Rights Reserved.
    ** Copyright 2022-2024 Advanced Micro Devices, Inc. All Rights Reserved.

source protection_system_wrapper.tcl -notrace
Command: open_checkpoint protection_system_wrapper_opt.dcp
INFO: [Device 21-403] Loading part xc7z020clg400-1
INFO: [Device 21-9227] Part: xc7z020clg400-1 does not have CEAM library.
Netlist sorting complete. Time (s): cpu = 00:00:01 ; elapsed = 00:00:00.173 . Memory (MB): peak = 1073.113 ; gain = 0.000
INFO: [Netlist 29-17] Analyzing 850 Unisim elements for replacement
INFO: [Netlist 29-28] Unisim Transformation completed in 0 CPU seconds
INFO: [Project 1-479] Netlist was created with Vivado 2024.1
INFO: [Project 1-570] Preparing netlist for logic optimization
Read ShapeDB Complete: Time (s): cpu = 00:00:00 ; elapsed = 00:00:00.021 . Memory (MB): peak = 1208.586 ; gain = 0.520
INFO: [Timing 38-478] Restoring timing data from binary archive.
INFO: [Timing 38-479] Binary timing data restore complete.
INFO: [Project 1-856] Restoring constraints from binary archive.
INFO: [Project 1-853] Binary constraint restore complete.
INFO: [Designutils 20-5722] Start Reading Physical Databases.
Reading placement.
Read Netlist Cache: Time (s): cpu = 00:00:00 ; elapsed = 00:00:00 . Memory (MB): peak = 1831.922 ; gain = 0.000
Reading placer database...
Read Device Cache: Time (s): cpu = 00:00:00 ; elapsed = 00:00:00.010 . Memory (MB): peak = 1831.922 ; gain = 0.000
Read PlaceDB: Time (s): cpu = 00:00:00 ; elapsed = 00:00:00.053 . Memory (MB): peak = 1831.922 ; gain = 0.000
Read PulsedLatchDB: Time (s): cpu = 00:00:00 ; elapsed = 00:00:00 . Memory (MB): peak = 1831.922 ; gain = 0.000
Reading routing.
Read RouteStorage: Time (s): cpu = 00:00:00 ; elapsed = 00:00:00.027 . Memory (MB): peak = 1831.922 ; gain = 0.000
Read Physdb Files: Time (s): cpu = 00:00:00 ; elapsed = 00:00:00.100 . Memory (MB): peak = 1831.922 ; gain = 0.000
Restored from archive | CPU: 0.000000 secs | Memory: 0.000000 MB |
Finished XDEF File Restore: Time (s): cpu = 00:00:00 ; elapsed = 00:00:00.132 . Memory (MB): peak = 1831.922 ; gain = 0.000
Netlist sorting complete. Time (s): cpu = 00:00:00 ; elapsed = 00:00:00.004 . Memory (MB): peak = 1831.922 ; gain = 0.000
INFO: [Project 1-111] Unisim Transformation Summary:
  A total of 242 instances were transformed.
  CFGLUT5 => CFGLUT5 (SRL16E, SRLC32E): 236 instances
  RAM32M => RAM32M (RAMD32(x6), RAMS32(x2)): 6 instances

INFO: [Project 1-604] Checkpoint was created with Vivado v2024.1 (64-bit) build 5076996
open_checkpoint: Time (s): cpu = 00:00:12 ; elapsed = 00:00:14 . Memory (MB): peak = 1831.922 ; gain = 1456.180
INFO: [Chipscope 16-240] Debug cores have already been implemented
Command: place_design
Attempting to get a license for feature 'Implementation' and/or device 'xc7z020'
INFO: [Common 17-349] Got license for feature 'Implementation' and/or device 'xc7z020'
INFO: [Common 17-83] Releasing license: Implementation
INFO: [DRC 23-27] Running DRC with 2 threads
INFO: [Vivado_Tcl 4-198] DRC finished with 0 Errors
INFO: [Vivado_Tcl 4-199] Please refer to the DRC report (report_drc) for more information.
Running DRC as a precondition to command place_design
INFO: [DRC 23-27] Running DRC with 2 threads
INFO: [Vivado_Tcl 4-198] DRC finished with 0 Errors
INFO: [Vivado_Tcl 4-199] Please refer to the DRC report (report_drc) for more information.
INFO: [Place 30-611] Multithreading enabled for place_design using a maximum of 2 CPUs

Starting Placer Task

Phase 1 Placer Initialization

Phase 1.1 Placer Initialization Netlist Sorting
Netlist sorting complete. Time (s): cpu = 00:00:00 ; elapsed = 00:00:00.005 . Memory (MB): peak = 1869.805 ; gain = 0.000
Phase 1.1 Placer Initialization Netlist Sorting | Checksum: 121931f12

Time (s): cpu = 00:00:00 ; elapsed = 00:00:00.033 . Memory (MB): peak = 1869.805 ; gain = 0.000
Netlist sorting complete. Time (s): cpu = 00:00:00 ; elapsed = 00:00:00.004 . Memory (MB): peak = 1869.805 ; gain = 0.000

Phase 1.2 IO Placement/ Clock Placement/ Build Placer Device
Phase 1.2 IO Placement/ Clock Placement/ Build Placer Device | Checksum: 86ec49ac

Time (s): cpu = 00:00:01 ; elapsed = 00:00:00.563 . Memory (MB): peak = 1869.805 ; gain = 0.000

Phase 1.3 Build Placer Netlist Model
Phase 1.3 Build Placer Netlist Model | Checksum: 1a8e01b74

Time (s): cpu = 00:00:03 ; elapsed = 00:00:02 . Memory (MB): peak = 1888.688 ; gain = 18.883

Phase 1.4 Constrain Clocks/Macros
Phase 1.4 Constrain Clocks/Macros | Checksum: 1a8e01b74

Time (s): cpu = 00:00:03 ; elapsed = 00:00:02 . Memory (MB): peak = 1888.688 ; gain = 18.883
Phase 1 Placer Initialization | Checksum: 1a8e01b74

Time (s): cpu = 00:00:03 ; elapsed = 00:00:02 . Memory (MB): peak = 1888.688 ; gain = 18.883

Phase 2 Global Placement

Phase 2.1 Floorplanning
Phase 2.1 Floorplanning | Checksum: 17fbd8893

Time (s): cpu = 00:00:03 ; elapsed = 00:00:03 . Memory (MB): peak = 1888.688 ; gain = 18.883

Phase 2.2 Update Timing before SLR Path Opt
Phase 2.2 Update Timing before SLR Path Opt | Checksum: 13420c9a6

Time (s): cpu = 00:00:04 ; elapsed = 00:00:03 . Memory (MB): peak = 1888.688 ; gain = 18.883

Phase 2.3 Post-Processing in Floorplanning
Phase 2.3 Post-Processing in Floorplanning | Checksum: 13420c9a6

Time (s): cpu = 00:00:04 ; elapsed = 00:00:03 . Memory (MB): peak = 1888.688 ; gain = 18.883

Phase 2.4 Global Placement Core

Phase 2.4.1 UpdateTiming Before Physical Synthesis
Phase 2.4.1 UpdateTiming Before Physical Synthesis | Checksum: 218925d5d

Time (s): cpu = 00:00:09 ; elapsed = 00:00:07 . Memory (MB): peak = 1888.688 ; gain = 18.883

Phase 2.4.2 Physical Synthesis In Placer
INFO: [Physopt 32-1035] Found 0 LUTNM shape to break, 519 LUT instances to create LUTNM shape
INFO: [Physopt 32-1044] Break lutnm for timing: one critical 0, two critical 0, total 0, new lutff created 0
INFO: [Physopt 32-1138] End 1 Pass. Optimized 232 nets or LUTs. Breaked 0 LUT, combined 232 existing LUTs and moved 0 existing LUT
INFO: [Physopt 32-65] No nets found for high-fanout optimization.
INFO: [Physopt 32-232] Optimized 0 net. Created 0 new instance.
INFO: [Physopt 32-775] End 1 Pass. Optimized 0 net or cell. Created 0 new cell, deleted 0 existing cell and moved 0 existing cell
INFO: [Physopt 32-670] No setup violation found.  DSP Register Optimization was not performed.
INFO: [Physopt 32-670] No setup violation found.  Shift Register to Pipeline Optimization was not performed.
INFO: [Physopt 32-670] No setup violation found.  Shift Register Optimization was not performed.
INFO: [Physopt 32-670] No setup violation found.  BRAM Register Optimization was not performed.
INFO: [Physopt 32-670] No setup violation found.  URAM Register Optimization was not performed.
INFO: [Physopt 32-949] No candidate nets found for dynamic/static region interface net replication
INFO: [Physopt 32-775] End 1 Pass. Optimized 0 net or cell. Created 0 new cell, deleted 0 existing cell and moved 0 existing cell
Netlist sorting complete. Time (s): cpu = 00:00:00 ; elapsed = 00:00:00.005 . Memory (MB): peak = 1888.688 ; gain = 0.000

Summary of Physical Synthesis Optimizations
============================================


-----------------------------------------------------------------------------------------------------------------------------------------------------------
|  Optimization                                     |  Added Cells  |  Removed Cells  |  Optimized Cells/Nets  |  Dont Touch  |  Iterations  |  Elapsed   |
-----------------------------------------------------------------------------------------------------------------------------------------------------------
|  LUT Combining                                    |            0  |            232  |                   232  |           0  |           1  |  00:00:00  |
|  Retime                                           |            0  |              0  |                     0  |           0  |           1  |  00:00:00  |
|  Very High Fanout                                 |            0  |              0  |                     0  |           0  |           1  |  00:00:00  |
|  DSP Register                                     |            0  |              0  |                     0  |           0  |           0  |  00:00:00  |
|  Shift Register to Pipeline                       |            0  |              0  |                     0  |           0  |           0  |  00:00:00  |
|  Shift Register                                   |            0  |              0  |                     0  |           0  |           0  |  00:00:00  |
|  BRAM Register                                    |            0  |              0  |                     0  |           0  |           0  |  00:00:00  |
|  URAM Register                                    |            0  |              0  |                     0  |           0  |           0  |  00:00:00  |
|  Dynamic/Static Region Interface Net Replication  |            0  |              0  |                     0  |           0  |           1  |  00:00:00  |
|  Total                                            |            0  |            232  |                   232  |           0  |           4  |  00:00:00  |
-----------------------------------------------------------------------------------------------------------------------------------------------------------


Phase 2.4.2 Physical Synthesis In Placer | Checksum: 1e7323e3c

Time (s): cpu = 00:00:10 ; elapsed = 00:00:07 . Memory (MB): peak = 1888.688 ; gain = 18.883
Phase 2.4 Global Placement Core | Checksum: 1c269dcac

Time (s): cpu = 00:00:11 ; elapsed = 00:00:08 . Memory (MB): peak = 1888.688 ; gain = 18.883
Phase 2 Global Placement | Checksum: 1c269dcac

Time (s): cpu = 00:00:11 ; elapsed = 00:00:08 . Memory (MB): peak = 1888.688 ; gain = 18.883

Phase 3 Detail Placement

Phase 3.1 Commit Multi Column Macros
Phase 3.1 Commit Multi Column Macros | Checksum: 1f96b64a5

Time (s): cpu = 00:00:12 ; elapsed = 00:00:08 . Memory (MB): peak = 1888.688 ; gain = 18.883

Phase 3.2 Commit Most Macros & LUTRAMs
Phase 3.2 Commit Most Macros & LUTRAMs | Checksum: 288bc159d

Time (s): cpu = 00:00:13 ; elapsed = 00:00:09 . Memory (MB): peak = 1888.688 ; gain = 18.883

Phase 3.3 Area Swap Optimization
Phase 3.3 Area Swap Optimization | Checksum: 1c3425ed4

Time (s): cpu = 00:00:13 ; elapsed = 00:00:09 . Memory (MB): peak = 1888.688 ; gain = 18.883

Phase 3.4 Pipeline Register Optimization
Phase 3.4 Pipeline Register Optimization | Checksum: 21242e3dd

Time (s): cpu = 00:00:13 ; elapsed = 00:00:09 . Memory (MB): peak = 1888.688 ; gain = 18.883

Phase 3.5 Small Shape Detail Placement
Phase 3.5 Small Shape Detail Placement | Checksum: 1725d3799

Time (s): cpu = 00:00:15 ; elapsed = 00:00:12 . Memory (MB): peak = 1888.688 ; gain = 18.883

Phase 3.6 Re-assign LUT pins
Phase 3.6 Re-assign LUT pins | Checksum: 1eb14bf29

Time (s): cpu = 00:00:15 ; elapsed = 00:00:12 . Memory (MB): peak = 1888.688 ; gain = 18.883

Phase 3.7 Pipeline Register Optimization
Phase 3.7 Pipeline Register Optimization | Checksum: 1470a405e

Time (s): cpu = 00:00:15 ; elapsed = 00:00:12 . Memory (MB): peak = 1888.688 ; gain = 18.883
Phase 3 Detail Placement | Checksum: 1470a405e

Time (s): cpu = 00:00:16 ; elapsed = 00:00:12 . Memory (MB): peak = 1888.688 ; gain = 18.883

Phase 4 Post Placement Optimization and Clean-Up

Phase 4.1 Post Commit Optimization
INFO: [Timing 38-35] Done setting XDC timing constraints.

Phase 4.1.1 Post Placement Optimization
Post Placement Optimization Initialization | Checksum: 16a7eb1ca

Phase 4.1.1.1 BUFG Insertion

Starting Physical Synthesis Task

Phase 1 Physical Synthesis Initialization
INFO: [Physopt 32-721] Multithreading enabled for phys_opt_design using a maximum of 2 CPUs
INFO: [Physopt 32-619] Estimated Timing Summary | WNS=-0.150 | TNS=-2.719 |
Phase 1 Physical Synthesis Initialization | Checksum: de41969c

Time (s): cpu = 00:00:01 ; elapsed = 00:00:00.365 . Memory (MB): peak = 1916.793 ; gain = 0.000
INFO: [Place 46-56] BUFG insertion identified 0 candidate nets. Inserted BUFG: 0, Replicated BUFG Driver: 0, Skipped due to Placement/Routing Conflicts: 0, Skipped due to Timing Degradation: 0, Skipped due to netlist editing failed: 0.
Ending Physical Synthesis Task | Checksum: 10db766ba

Time (s): cpu = 00:00:01 ; elapsed = 00:00:00.428 . Memory (MB): peak = 1916.793 ; gain = 0.000
Phase 4.1.1.1 BUFG Insertion | Checksum: 16a7eb1ca

Time (s): cpu = 00:00:19 ; elapsed = 00:00:14 . Memory (MB): peak = 1916.793 ; gain = 46.988

Phase 4.1.1.2 Post Placement Timing Optimization
INFO: [Place 30-746] Post Placement Timing Summary WNS=1.113. For the most accurate timing information please run report_timing.
Phase 4.1.1.2 Post Placement Timing Optimization | Checksum: 11be02ac5

Time (s): cpu = 00:00:19 ; elapsed = 00:00:14 . Memory (MB): peak = 1916.793 ; gain = 46.988

Time (s): cpu = 00:00:19 ; elapsed = 00:00:14 . Memory (MB): peak = 1916.793 ; gain = 46.988
Phase 4.1 Post Commit Optimization | Checksum: 11be02ac5

Time (s): cpu = 00:00:19 ; elapsed = 00:00:14 . Memory (MB): peak = 1916.793 ; gain = 46.988

Phase 4.2 Post Placement Cleanup
Phase 4.2 Post Placement Cleanup | Checksum: 11be02ac5

Time (s): cpu = 00:00:19 ; elapsed = 00:00:14 . Memory (MB): peak = 1916.793 ; gain = 46.988

Phase 4.3 Placer Reporting

Phase 4.3.1 Print Estimated Congestion
INFO: [Place 30-612] Post-Placement Estimated Congestion 
 ____________________________________________________
|           | Global Congestion | Short Congestion  |
| Direction | Region Size       | Region Size       |
|___________|___________________|___________________|
|      North|                1x1|                1x1|
|___________|___________________|___________________|
|      South|                1x1|                1x1|
|___________|___________________|___________________|
|       East|                1x1|                1x1|
|___________|___________________|___________________|
|       West|                1x1|                1x1|
|___________|___________________|___________________|

Phase 4.3.1 Print Estimated Congestion | Checksum: 11be02ac5

Time (s): cpu = 00:00:19 ; elapsed = 00:00:15 . Memory (MB): peak = 1916.793 ; gain = 46.988
Phase 4.3 Placer Reporting | Checksum: 11be02ac5

Time (s): cpu = 00:00:19 ; elapsed = 00:00:15 . Memory (MB): peak = 1916.793 ; gain = 46.988

Phase 4.4 Final Placement Cleanup
Netlist sorting complete. Time (s): cpu = 00:00:00 ; elapsed = 00:00:00.005 . Memory (MB): peak = 1916.793 ; gain = 0.000

Time (s): cpu = 00:00:19 ; elapsed = 00:00:15 . Memory (MB): peak = 1916.793 ; gain = 46.988
Phase 4 Post Placement Optimization and Clean-Up | Checksum: 164e698d6

Time (s): cpu = 00:00:19 ; elapsed = 00:00:15 . Memory (MB): peak = 1916.793 ; gain = 46.988
Ending Placer Task | Checksum: fba28187

Time (s): cpu = 00:00:19 ; elapsed = 00:00:15 . Memory (MB): peak = 1916.793 ; gain = 46.988
42 Infos, 0 Warnings, 0 Critical Warnings and 0 Errors encountered.
place_design completed successfully
place_design: Time (s): cpu = 00:00:21 ; elapsed = 00:00:16 . Memory (MB): peak = 1916.793 ; gain = 83.578
INFO: [Vivado 12-24838] Running report commands "report_control_sets, report_io, report_utilization" in parallel.
Running report generation with 2 threads.
INFO: [Vivado 12-24828] Executing command : report_io -file protection_system_wrapper_io_placed.rpt
report_io: Time (s): cpu = 00:00:00 ; elapsed = 00:00:00.033 . Memory (MB): peak = 1916.793 ; gain = 0.000
INFO: [Vivado 12-24828] Executing command : report_control_sets -verbose -file protection_system_wrapper_control_sets_placed.rpt
report_control_sets: Time (s): cpu = 00:00:00 ; elapsed = 00:00:00.026 . Memory (MB): peak = 1916.793 ; gain = 0.000
INFO: [Vivado 12-24828] Executing command : report_utilization -file protection_system_wrapper_utilization_placed.rpt -pb protection_system_wrapper_utilization_placed.pb
INFO: [Timing 38-480] Writing timing data to binary archive.
Write ShapeDB Complete: Time (s): cpu = 00:00:00 ; elapsed = 00:00:00.034 . Memory (MB): peak = 1940.859 ; gain = 10.129
Wrote PlaceDB: Time (s): cpu = 00:00:01 ; elapsed = 00:00:00.668 . Memory (MB): peak = 1947.312 ; gain = 16.473
Wrote PulsedLatchDB: Time (s): cpu = 00:00:00 ; elapsed = 00:00:00 . Memory (MB): peak = 1947.312 ; gain = 0.000
Writing XDEF routing.
Writing XDEF routing logical nets.
Writing XDEF routing special nets.
Wrote RouteStorage: Time (s): cpu = 00:00:00 ; elapsed = 00:00:00.018 . Memory (MB): peak = 1947.312 ; gain = 0.000
Wrote Netlist Cache: Time (s): cpu = 00:00:01 ; elapsed = 00:00:00.015 . Memory (MB): peak = 1947.312 ; gain = 0.000
Wrote Device Cache: Time (s): cpu = 00:00:00 ; elapsed = 00:00:00.008 . Memory (MB): peak = 1947.312 ; gain = 0.000
Write Physdb Complete: Time (s): cpu = 00:00:02 ; elapsed = 00:00:00.718 . Memory (MB): peak = 1947.312 ; gain = 16.473
INFO: [Common 17-1381] The checkpoint '<EXTERNAL_BUILD>/w/project/s1e_e608f8c11cc8.runs/impl_1/protection_system_wrapper_placed.dcp' has been generated.
INFO: [Common 17-206] Exiting Vivado at Wed Sep  9 17:15:32 2026...

*** Running vivado
    with args -log protection_system_wrapper.vdi -applog -m64 -product Vivado -messageDb vivado.pb -mode batch -source protection_system_wrapper.tcl -notrace



****** Vivado v2024.1 (64-bit)
  **** SW Build 5076996 on Wed May 22 18:37:14 MDT 2024
  **** IP Build 5075265 on Wed May 22 21:45:21 MDT 2024
  **** SharedData Build 5076995 on Wed May 22 18:29:18 MDT 2024
  **** Start of session at: Wed Sep  9 17:15:48 2026
    ** Copyright 1986-2022 Xilinx, Inc. All Rights Reserved.
    ** Copyright 2022-2024 Advanced Micro Devices, Inc. All Rights Reserved.

source protection_system_wrapper.tcl -notrace
Command: open_checkpoint protection_system_wrapper_placed.dcp
INFO: [Device 21-403] Loading part xc7z020clg400-1
INFO: [Device 21-9227] Part: xc7z020clg400-1 does not have CEAM library.
Netlist sorting complete. Time (s): cpu = 00:00:00 ; elapsed = 00:00:00.176 . Memory (MB): peak = 1073.586 ; gain = 0.000
INFO: [Netlist 29-17] Analyzing 850 Unisim elements for replacement
INFO: [Netlist 29-28] Unisim Transformation completed in 0 CPU seconds
INFO: [Project 1-479] Netlist was created with Vivado 2024.1
INFO: [Project 1-570] Preparing netlist for logic optimization
Read ShapeDB Complete: Time (s): cpu = 00:00:00 ; elapsed = 00:00:00.033 . Memory (MB): peak = 1210.793 ; gain = 1.762
INFO: [Timing 38-478] Restoring timing data from binary archive.
INFO: [Timing 38-479] Binary timing data restore complete.
INFO: [Project 1-856] Restoring constraints from binary archive.
INFO: [Project 1-853] Binary constraint restore complete.
INFO: [Designutils 20-5722] Start Reading Physical Databases.
Reading placement.
Read Netlist Cache: Time (s): cpu = 00:00:00 ; elapsed = 00:00:00.010 . Memory (MB): peak = 1831.445 ; gain = 0.000
Reading placer database...
Read Device Cache: Time (s): cpu = 00:00:00 ; elapsed = 00:00:00.010 . Memory (MB): peak = 1831.445 ; gain = 0.000
Read PlaceDB: Time (s): cpu = 00:00:01 ; elapsed = 00:00:00.394 . Memory (MB): peak = 1833.844 ; gain = 2.398
Read PulsedLatchDB: Time (s): cpu = 00:00:00 ; elapsed = 00:00:00 . Memory (MB): peak = 1833.844 ; gain = 0.000
Reading routing.
Read RouteStorage: Time (s): cpu = 00:00:00 ; elapsed = 00:00:00.027 . Memory (MB): peak = 1833.844 ; gain = 0.000
Read Physdb Files: Time (s): cpu = 00:00:01 ; elapsed = 00:00:00.454 . Memory (MB): peak = 1833.844 ; gain = 2.398
Restored from archive | CPU: 1.000000 secs | Memory: 0.000000 MB |
Finished XDEF File Restore: Time (s): cpu = 00:00:01 ; elapsed = 00:00:00.486 . Memory (MB): peak = 1833.844 ; gain = 2.406
Netlist sorting complete. Time (s): cpu = 00:00:00 ; elapsed = 00:00:00.004 . Memory (MB): peak = 1833.844 ; gain = 0.000
INFO: [Project 1-111] Unisim Transformation Summary:
  A total of 242 instances were transformed.
  CFGLUT5 => CFGLUT5 (SRL16E, SRLC32E): 236 instances
  RAM32M => RAM32M (RAMD32(x6), RAMS32(x2)): 6 instances

INFO: [Project 1-604] Checkpoint was created with Vivado v2024.1 (64-bit) build 5076996
open_checkpoint: Time (s): cpu = 00:00:14 ; elapsed = 00:00:15 . Memory (MB): peak = 1840.152 ; gain = 1463.570
Command: route_design
Attempting to get a license for feature 'Implementation' and/or device 'xc7z020'
INFO: [Common 17-349] Got license for feature 'Implementation' and/or device 'xc7z020'
Running DRC as a precondition to command route_design
INFO: [DRC 23-27] Running DRC with 2 threads
INFO: [Vivado_Tcl 4-198] DRC finished with 0 Errors
INFO: [Vivado_Tcl 4-199] Please refer to the DRC report (report_drc) for more information.


Starting Routing Task
INFO: [Route 35-254] Multithreading enabled for route_design using a maximum of 8 CPUs

Phase 1 Build RT Design
Checksum: PlaceDB: 4625e7fc ConstDB: 0 ShapeSum: 9f83269b RouteDB: 15f972f0
Post Restoration Checksum: NetGraph: cdfb3966 | NumContArr: 700b7822 | Constraints: c2a8fa9d | Timing: c2a8fa9d
Phase 1 Build RT Design | Checksum: 2c358a6c2

Time (s): cpu = 00:00:17 ; elapsed = 00:00:14 . Memory (MB): peak = 2051.340 ; gain = 147.637

Phase 2 Router Initialization

Phase 2.1 Fix Topology Constraints
Phase 2.1 Fix Topology Constraints | Checksum: 2c358a6c2

Time (s): cpu = 00:00:18 ; elapsed = 00:00:14 . Memory (MB): peak = 2052.074 ; gain = 148.371

Phase 2.2 Pre Route Cleanup
Phase 2.2 Pre Route Cleanup | Checksum: 2c358a6c2

Time (s): cpu = 00:00:18 ; elapsed = 00:00:14 . Memory (MB): peak = 2052.078 ; gain = 148.375
 Number of Nodes with overlaps = 0

Phase 2.3 Update Timing
Phase 2.3 Update Timing | Checksum: 2c43b243a

Time (s): cpu = 00:00:21 ; elapsed = 00:00:16 . Memory (MB): peak = 2152.422 ; gain = 248.719
INFO: [Route 35-416] Intermediate Timing Summary | WNS=1.277  | TNS=0.000  | WHS=-0.332 | THS=-260.451|


Phase 2.4 Update Timing for Bus Skew

Phase 2.4.1 Update Timing
Phase 2.4.1 Update Timing | Checksum: 21dfb69a8

Time (s): cpu = 00:00:23 ; elapsed = 00:00:17 . Memory (MB): peak = 2152.422 ; gain = 248.719
INFO: [Route 35-416] Intermediate Timing Summary | WNS=1.277  | TNS=0.000  | WHS=-0.250 | THS=-10.478|

Phase 2.4 Update Timing for Bus Skew | Checksum: 2e8f71689

Time (s): cpu = 00:00:24 ; elapsed = 00:00:17 . Memory (MB): peak = 2155.562 ; gain = 251.859

Router Utilization Summary
  Global Vertical Routing Utilization    = 0 %
  Global Horizontal Routing Utilization  = 0 %
  Routable Net Status*
  *Does not include unroutable nets such as driverless and loadless.
  Run report_route_status for detailed report.
  Number of Failed Nets               = 13399
    (Failed Nets is the sum of unrouted and partially routed nets)
  Number of Unrouted Nets             = 13399
  Number of Partially Routed Nets     = 0
  Number of Node Overlaps             = 0

Phase 2 Router Initialization | Checksum: 2353cc155

Time (s): cpu = 00:00:24 ; elapsed = 00:00:17 . Memory (MB): peak = 2207.996 ; gain = 304.293

Phase 3 Global Routing
Phase 3 Global Routing | Checksum: 2353cc155

Time (s): cpu = 00:00:24 ; elapsed = 00:00:17 . Memory (MB): peak = 2207.996 ; gain = 304.293

Phase 4 Initial Routing

Phase 4.1 Initial Net Routing Pass
Phase 4.1 Initial Net Routing Pass | Checksum: 1ae9023f5

Time (s): cpu = 00:00:26 ; elapsed = 00:00:18 . Memory (MB): peak = 2207.996 ; gain = 304.293
Phase 4 Initial Routing | Checksum: 1ae9023f5

Time (s): cpu = 00:00:26 ; elapsed = 00:00:18 . Memory (MB): peak = 2207.996 ; gain = 304.293

Phase 5 Rip-up And Reroute

Phase 5.1 Global Iteration 0
 Number of Nodes with overlaps = 1306
 Number of Nodes with overlaps = 213
 Number of Nodes with overlaps = 74
 Number of Nodes with overlaps = 27
 Number of Nodes with overlaps = 10
 Number of Nodes with overlaps = 8
 Number of Nodes with overlaps = 2
 Number of Nodes with overlaps = 3
 Number of Nodes with overlaps = 0
INFO: [Route 35-416] Intermediate Timing Summary | WNS=0.886  | TNS=0.000  | WHS=N/A    | THS=N/A    |

Phase 5.1 Global Iteration 0 | Checksum: 1f8cff226

Time (s): cpu = 00:00:34 ; elapsed = 00:00:23 . Memory (MB): peak = 2207.996 ; gain = 304.293

Phase 5.2 Global Iteration 1
 Number of Nodes with overlaps = 1
 Number of Nodes with overlaps = 0
INFO: [Route 35-416] Intermediate Timing Summary | WNS=0.886  | TNS=0.000  | WHS=N/A    | THS=N/A    |

Phase 5.2 Global Iteration 1 | Checksum: 23632a96a

Time (s): cpu = 00:00:34 ; elapsed = 00:00:23 . Memory (MB): peak = 2207.996 ; gain = 304.293

Phase 5.3 Global Iteration 2
 Number of Nodes with overlaps = 0
INFO: [Route 35-416] Intermediate Timing Summary | WNS=0.886  | TNS=0.000  | WHS=N/A    | THS=N/A    |

Phase 5.3 Global Iteration 2 | Checksum: 2e68599ad

Time (s): cpu = 00:00:34 ; elapsed = 00:00:23 . Memory (MB): peak = 2207.996 ; gain = 304.293
Phase 5 Rip-up And Reroute | Checksum: 2e68599ad

Time (s): cpu = 00:00:34 ; elapsed = 00:00:23 . Memory (MB): peak = 2207.996 ; gain = 304.293

Phase 6 Delay and Skew Optimization

Phase 6.1 Delay CleanUp
Phase 6.1 Delay CleanUp | Checksum: 2e68599ad

Time (s): cpu = 00:00:34 ; elapsed = 00:00:23 . Memory (MB): peak = 2207.996 ; gain = 304.293

Phase 6.2 Clock Skew Optimization
Phase 6.2 Clock Skew Optimization | Checksum: 2e68599ad

Time (s): cpu = 00:00:34 ; elapsed = 00:00:23 . Memory (MB): peak = 2207.996 ; gain = 304.293
Phase 6 Delay and Skew Optimization | Checksum: 2e68599ad

Time (s): cpu = 00:00:34 ; elapsed = 00:00:23 . Memory (MB): peak = 2207.996 ; gain = 304.293

Phase 7 Post Hold Fix

Phase 7.1 Hold Fix Iter
INFO: [Route 35-416] Intermediate Timing Summary | WNS=0.900  | TNS=0.000  | WHS=0.019  | THS=0.000  |

Phase 7.1 Hold Fix Iter | Checksum: 34b2d5064

Time (s): cpu = 00:00:35 ; elapsed = 00:00:24 . Memory (MB): peak = 2207.996 ; gain = 304.293
Phase 7 Post Hold Fix | Checksum: 34b2d5064

Time (s): cpu = 00:00:35 ; elapsed = 00:00:24 . Memory (MB): peak = 2207.996 ; gain = 304.293

Phase 8 Route finalize

Router Utilization Summary
  Global Vertical Routing Utilization    = 2.31899 %
  Global Horizontal Routing Utilization  = 2.79513 %
  Routable Net Status*
  *Does not include unroutable nets such as driverless and loadless.
  Run report_route_status for detailed report.
  Number of Failed Nets               = 0
    (Failed Nets is the sum of unrouted and partially routed nets)
  Number of Unrouted Nets             = 0
  Number of Partially Routed Nets     = 0
  Number of Node Overlaps             = 0

Phase 8 Route finalize | Checksum: 34b2d5064

Time (s): cpu = 00:00:35 ; elapsed = 00:00:24 . Memory (MB): peak = 2207.996 ; gain = 304.293

Phase 9 Verifying routed nets

 Verification completed successfully
Phase 9 Verifying routed nets | Checksum: 34b2d5064

Time (s): cpu = 00:00:35 ; elapsed = 00:00:24 . Memory (MB): peak = 2207.996 ; gain = 304.293

Phase 10 Depositing Routes
Phase 10 Depositing Routes | Checksum: 2d2ff95f3

Time (s): cpu = 00:00:36 ; elapsed = 00:00:24 . Memory (MB): peak = 2207.996 ; gain = 304.293

Phase 11 Post Process Routing
Phase 11 Post Process Routing | Checksum: 2d2ff95f3

Time (s): cpu = 00:00:36 ; elapsed = 00:00:24 . Memory (MB): peak = 2207.996 ; gain = 304.293

Phase 12 Post Router Timing
INFO: [Route 35-57] Estimated Timing Summary | WNS=0.900  | TNS=0.000  | WHS=0.019  | THS=0.000  |

INFO: [Route 35-327] The final timing numbers are based on the router estimated timing analysis. For a complete and accurate timing signoff, please run report_timing_summary.
Phase 12 Post Router Timing | Checksum: 2d2ff95f3

Time (s): cpu = 00:00:36 ; elapsed = 00:00:24 . Memory (MB): peak = 2207.996 ; gain = 304.293
Total Elapsed time in route_design: 24.326 secs

Phase 13 Post-Route Event Processing
Phase 13 Post-Route Event Processing | Checksum: 109fe88e9

Time (s): cpu = 00:00:36 ; elapsed = 00:00:24 . Memory (MB): peak = 2207.996 ; gain = 304.293
INFO: [Route 35-16] Router Completed Successfully
Ending Routing Task | Checksum: 109fe88e9

Time (s): cpu = 00:00:36 ; elapsed = 00:00:25 . Memory (MB): peak = 2207.996 ; gain = 304.293

Routing Is Done.
INFO: [Common 17-83] Releasing license: Implementation
28 Infos, 0 Warnings, 0 Critical Warnings and 0 Errors encountered.
route_design completed successfully
route_design: Time (s): cpu = 00:00:37 ; elapsed = 00:00:26 . Memory (MB): peak = 2207.996 ; gain = 367.844
INFO: [Vivado 12-24828] Executing command : report_drc -file protection_system_wrapper_drc_routed.rpt -pb protection_system_wrapper_drc_routed.pb -rpx protection_system_wrapper_drc_routed.rpx
Command: report_drc -file protection_system_wrapper_drc_routed.rpt -pb protection_system_wrapper_drc_routed.pb -rpx protection_system_wrapper_drc_routed.rpx
INFO: [IP_Flow 19-234] Refreshing IP repositories
INFO: [IP_Flow 19-1704] No user IP repositories specified
INFO: [IP_Flow 19-2313] Loaded Vivado IP repository '<EXTERNAL_PATH>'.
INFO: [DRC 23-27] Running DRC with 2 threads
INFO: [Vivado_Tcl 2-168] The results of DRC are in file <EXTERNAL_BUILD>/w/project/s1e_e608f8c11cc8.runs/impl_1/protection_system_wrapper_drc_routed.rpt.
report_drc completed successfully
INFO: [Vivado 12-24828] Executing command : report_methodology -file protection_system_wrapper_methodology_drc_routed.rpt -pb protection_system_wrapper_methodology_drc_routed.pb -rpx protection_system_wrapper_methodology_drc_routed.rpx
Command: report_methodology -file protection_system_wrapper_methodology_drc_routed.rpt -pb protection_system_wrapper_methodology_drc_routed.pb -rpx protection_system_wrapper_methodology_drc_routed.rpx
INFO: [Timing 38-35] Done setting XDC timing constraints.
INFO: [DRC 23-133] Running Methodology with 2 threads
INFO: [Vivado_Tcl 2-1520] The results of Report Methodology are in file <EXTERNAL_BUILD>/w/project/s1e_e608f8c11cc8.runs/impl_1/protection_system_wrapper_methodology_drc_routed.rpt.
report_methodology completed successfully
INFO: [Vivado 12-24828] Executing command : report_timing_summary -max_paths 10 -report_unconstrained -file protection_system_wrapper_timing_summary_routed.rpt -pb protection_system_wrapper_timing_summary_routed.pb -rpx protection_system_wrapper_timing_summary_routed.rpx -warn_on_violation 
INFO: [Timing 38-35] Done setting XDC timing constraints.
INFO: [Timing 38-91] UpdateTimingParams: Speed grade: -1, Delay Type: min_max.
INFO: [Timing 38-191] Multithreading enabled for timing update using a maximum of 2 CPUs
WARNING: [Timing 38-436] There are set_bus_skew constraint(s) in this design. Please run report_bus_skew to ensure that bus skew requirements are met.
INFO: [Vivado 12-24838] Running report commands "report_incremental_reuse, report_route_status" in parallel.
Running report generation with 2 threads.
INFO: [Vivado 12-24828] Executing command : report_incremental_reuse -file protection_system_wrapper_incremental_reuse_routed.rpt
INFO: [Vivado_Tcl 4-1062] Incremental flow is disabled. No incremental reuse Info to report.
INFO: [Vivado 12-24828] Executing command : report_route_status -file protection_system_wrapper_route_status.rpt -pb protection_system_wrapper_route_status.pb
INFO: [Vivado 12-24828] Executing command : report_power -file protection_system_wrapper_power_routed.rpt -pb protection_system_wrapper_power_summary_routed.pb -rpx protection_system_wrapper_power_routed.rpx
Command: report_power -file protection_system_wrapper_power_routed.rpt -pb protection_system_wrapper_power_summary_routed.pb -rpx protection_system_wrapper_power_routed.rpx
Running Vector-less Activity Propagation...

Finished Running Vector-less Activity Propagation
47 Infos, 1 Warnings, 0 Critical Warnings and 0 Errors encountered.
report_power completed successfully
INFO: [Vivado 12-24828] Executing command : report_clock_utilization -file protection_system_wrapper_clock_utilization_routed.rpt
WARNING: [Device 21-9320] Failed to find the Oracle tile group with name 'HSR_BOUNDARY_TOP'. This is required for Clock regions and Virtual grid.
WARNING: [Device 21-2174] Failed to initialize Virtual grid.
INFO: [Vivado 12-24828] Executing command : report_bus_skew -warn_on_violation -file protection_system_wrapper_bus_skew_routed.rpt -pb protection_system_wrapper_bus_skew_routed.pb -rpx protection_system_wrapper_bus_skew_routed.rpx
INFO: [Timing 38-91] UpdateTimingParams: Speed grade: -1, Delay Type: min_max.
INFO: [Timing 38-191] Multithreading enabled for timing update using a maximum of 2 CPUs
generate_parallel_reports: Time (s): cpu = 00:00:12 ; elapsed = 00:00:08 . Memory (MB): peak = 2275.723 ; gain = 67.727
INFO: [Timing 38-480] Writing timing data to binary archive.
Write ShapeDB Complete: Time (s): cpu = 00:00:00 ; elapsed = 00:00:00.035 . Memory (MB): peak = 2303.738 ; gain = 10.102
Wrote PlaceDB: Time (s): cpu = 00:00:02 ; elapsed = 00:00:00.680 . Memory (MB): peak = 2312.504 ; gain = 18.773
Wrote PulsedLatchDB: Time (s): cpu = 00:00:00 ; elapsed = 00:00:00 . Memory (MB): peak = 2312.504 ; gain = 0.000
Writing XDEF routing.
Writing XDEF routing logical nets.
Writing XDEF routing special nets.
Wrote RouteStorage: Time (s): cpu = 00:00:00 ; elapsed = 00:00:00.118 . Memory (MB): peak = 2312.504 ; gain = 0.000
Wrote Netlist Cache: Time (s): cpu = 00:00:00 ; elapsed = 00:00:00.015 . Memory (MB): peak = 2312.504 ; gain = 0.000
Wrote Device Cache: Time (s): cpu = 00:00:00 ; elapsed = 00:00:00.009 . Memory (MB): peak = 2312.504 ; gain = 0.000
Write Physdb Complete: Time (s): cpu = 00:00:02 ; elapsed = 00:00:00.830 . Memory (MB): peak = 2312.504 ; gain = 18.773
INFO: [Common 17-1381] The checkpoint '<EXTERNAL_BUILD>/w/project/s1e_e608f8c11cc8.runs/impl_1/protection_system_wrapper_routed.dcp' has been generated.
INFO: [Common 17-206] Exiting Vivado at Wed Sep  9 17:16:41 2026...
[Wed Sep  9 17:16:41 2026] impl_1 finished
wait_on_runs: Time (s): cpu = 00:00:00 ; elapsed = 00:01:05 . Memory (MB): peak = 1368.340 ; gain = 0.000
[Wed Sep  9 17:16:41 2026] Launched impl_1...
Run output will be captured here: <EXTERNAL_BUILD>/w/project/s1e_e608f8c11cc8.runs/impl_1/runme.log
[Wed Sep  9 17:16:41 2026] Waiting for impl_1 to finish...


*** Running vivado
    with args -log protection_system_wrapper.vdi -applog -m64 -product Vivado -messageDb vivado.pb -mode batch -source protection_system_wrapper.tcl -notrace



****** Vivado v2024.1 (64-bit)
  **** SW Build 5076996 on Wed May 22 18:37:14 MDT 2024
  **** IP Build 5075265 on Wed May 22 21:45:21 MDT 2024
  **** SharedData Build 5076995 on Wed May 22 18:29:18 MDT 2024
  **** Start of session at: Wed Sep  9 17:13:02 2026
    ** Copyright 1986-2022 Xilinx, Inc. All Rights Reserved.
    ** Copyright 2022-2024 Advanced Micro Devices, Inc. All Rights Reserved.

source protection_system_wrapper.tcl -notrace
INFO: [IP_Flow 19-234] Refreshing IP repositories
INFO: [IP_Flow 19-1700] Loaded user IP repository '<EXTERNAL_BUILD>/w/ip_repo'.
INFO: [IP_Flow 19-2313] Loaded Vivado IP repository '<EXTERNAL_PATH>'.
Command: link_design -top protection_system_wrapper -part xc7z020clg400-1
Design is defaulting to srcset: sources_1
Design is defaulting to constrset: constrs_1
INFO: [Device 21-403] Loading part xc7z020clg400-1
INFO: [Device 21-9227] Part: xc7z020clg400-1 does not have CEAM library.
INFO: [Project 1-454] Reading design checkpoint '<EXTERNAL_BUILD>/w/project/s1e_e608f8c11cc8.gen/sources_1/bd/protection_system/ip/protection_system_axi_gpio_stage1d_0_0/protection_system_axi_gpio_stage1d_0_0.dcp' for cell 'protection_system_i/axi_gpio_stage1d_0'
INFO: [Project 1-454] Reading design checkpoint '<EXTERNAL_BUILD>/w/project/s1e_e608f8c11cc8.gen/sources_1/bd/protection_system/ip/protection_system_proc_sys_reset_0_0/protection_system_proc_sys_reset_0_0.dcp' for cell 'protection_system_i/proc_sys_reset_0'
INFO: [Project 1-454] Reading design checkpoint '<EXTERNAL_BUILD>/w/project/s1e_e608f8c11cc8.gen/sources_1/bd/protection_system/ip/protection_system_proc_sys_reset_stage2i_b2_src_0/protection_system_proc_sys_reset_stage2i_b2_src_0.dcp' for cell 'protection_system_i/proc_sys_reset_stage2i_b2_src'
INFO: [Project 1-454] Reading design checkpoint '<EXTERNAL_BUILD>/w/project/s1e_e608f8c11cc8.gen/sources_1/bd/protection_system/ip/protection_system_processing_system7_0_0/protection_system_processing_system7_0_0.dcp' for cell 'protection_system_i/processing_system7_0'
INFO: [Project 1-454] Reading design checkpoint '<EXTERNAL_BUILD>/w/project/s1e_e608f8c11cc8.gen/sources_1/bd/protection_system/ip/protection_system_protection_ip_axi_lite_0_0/protection_system_protection_ip_axi_lite_0_0.dcp' for cell 'protection_system_i/protection_ip_axi_lite_0'
INFO: [Project 1-454] Reading design checkpoint '<EXTERNAL_BUILD>/w/project/s1e_e608f8c11cc8.gen/sources_1/bd/protection_system/ip/protection_system_smartconnect_0_0/protection_system_smartconnect_0_0.dcp' for cell 'protection_system_i/smartconnect_0'
INFO: [Project 1-454] Reading design checkpoint '<EXTERNAL_BUILD>/w/project/s1e_e608f8c11cc8.gen/sources_1/bd/protection_system/ip/protection_system_stage2i_b2_ready_aware_stimulus_0_0/protection_system_stage2i_b2_ready_aware_stimulus_0_0.dcp' for cell 'protection_system_i/stage2i_b2_ready_aware_stimulus_0'
INFO: [Project 1-454] Reading design checkpoint '<EXTERNAL_BUILD>/w/project/s1e_e608f8c11cc8.gen/sources_1/bd/protection_system/ip/protection_system_system_ila_stage2b_0_0/protection_system_system_ila_stage2b_0_0.dcp' for cell 'protection_system_i/system_ila_stage2b_0'
INFO: [Project 1-454] Reading design checkpoint '<EXTERNAL_BUILD>/w/project/s1e_e608f8c11cc8.gen/sources_1/bd/protection_system/ip/protection_system_system_ila_stage2i_b2_source_0_0/protection_system_system_ila_stage2i_b2_source_0_0.dcp' for cell 'protection_system_i/system_ila_stage2i_b2_source_0'
Netlist sorting complete. Time (s): cpu = 00:00:01 ; elapsed = 00:00:00.174 . Memory (MB): peak = 1212.242 ; gain = 0.000
INFO: [Netlist 29-17] Analyzing 832 Unisim elements for replacement
INFO: [Netlist 29-28] Unisim Transformation completed in 0 CPU seconds
INFO: [Project 1-479] Netlist was created with Vivado 2024.1
INFO: [Project 1-570] Preparing netlist for logic optimization
INFO: [Chipscope 16-324] Core: protection_system_i/system_ila_stage2b_0/inst/ila_lib UUID: d7b45764-7007-5596-aecf-2f7d7b2da69e 
INFO: [Chipscope 16-324] Core: protection_system_i/system_ila_stage2i_b2_source_0/inst/ila_lib UUID: e51fae14-a994-5e78-ab86-c43c860b989b 
Parsing XDC File [<EXTERNAL_BUILD>/w/project/s1e_e608f8c11cc8.gen/sources_1/bd/protection_system/ip/protection_system_processing_system7_0_0/protection_system_processing_system7_0_0.xdc] for cell 'protection_system_i/processing_system7_0/inst'
Finished Parsing XDC File [<EXTERNAL_BUILD>/w/project/s1e_e608f8c11cc8.gen/sources_1/bd/protection_system/ip/protection_system_processing_system7_0_0/protection_system_processing_system7_0_0.xdc] for cell 'protection_system_i/processing_system7_0/inst'
Parsing XDC File [<EXTERNAL_BUILD>/w/project/s1e_e608f8c11cc8.gen/sources_1/bd/protection_system/ip/protection_system_proc_sys_reset_0_0/protection_system_proc_sys_reset_0_0_board.xdc] for cell 'protection_system_i/proc_sys_reset_0/U0'
Finished Parsing XDC File [<EXTERNAL_BUILD>/w/project/s1e_e608f8c11cc8.gen/sources_1/bd/protection_system/ip/protection_system_proc_sys_reset_0_0/protection_system_proc_sys_reset_0_0_board.xdc] for cell 'protection_system_i/proc_sys_reset_0/U0'
Parsing XDC File [<EXTERNAL_BUILD>/w/project/s1e_e608f8c11cc8.gen/sources_1/bd/protection_system/ip/protection_system_proc_sys_reset_0_0/protection_system_proc_sys_reset_0_0.xdc] for cell 'protection_system_i/proc_sys_reset_0/U0'
Finished Parsing XDC File [<EXTERNAL_BUILD>/w/project/s1e_e608f8c11cc8.gen/sources_1/bd/protection_system/ip/protection_system_proc_sys_reset_0_0/protection_system_proc_sys_reset_0_0.xdc] for cell 'protection_system_i/proc_sys_reset_0/U0'
Parsing XDC File [<EXTERNAL_BUILD>/w/project/s1e_e608f8c11cc8.gen/sources_1/bd/protection_system/ip/protection_system_smartconnect_0_0/bd_0/ip/ip_1/bd_26d4_psr_aclk_0_board.xdc] for cell 'protection_system_i/smartconnect_0/inst/clk_map/psr_aclk/U0'
Finished Parsing XDC File [<EXTERNAL_BUILD>/w/project/s1e_e608f8c11cc8.gen/sources_1/bd/protection_system/ip/protection_system_smartconnect_0_0/bd_0/ip/ip_1/bd_26d4_psr_aclk_0_board.xdc] for cell 'protection_system_i/smartconnect_0/inst/clk_map/psr_aclk/U0'
Parsing XDC File [<EXTERNAL_BUILD>/w/project/s1e_e608f8c11cc8.gen/sources_1/bd/protection_system/ip/protection_system_smartconnect_0_0/bd_0/ip/ip_1/bd_26d4_psr_aclk_0.xdc] for cell 'protection_system_i/smartconnect_0/inst/clk_map/psr_aclk/U0'
Finished Parsing XDC File [<EXTERNAL_BUILD>/w/project/s1e_e608f8c11cc8.gen/sources_1/bd/protection_system/ip/protection_system_smartconnect_0_0/bd_0/ip/ip_1/bd_26d4_psr_aclk_0.xdc] for cell 'protection_system_i/smartconnect_0/inst/clk_map/psr_aclk/U0'
Parsing XDC File [<EXTERNAL_BUILD>/w/project/s1e_e608f8c11cc8.gen/sources_1/bd/protection_system/ip/protection_system_smartconnect_0_0/bd_0/ip/ip_12/bd_26d4_arni_0_clocks.xdc] for cell 'protection_system_i/smartconnect_0/inst/switchboards/i_nodes/i_ar_node/inst'
WARNING: [Vivado_Tcl 4-921] Waiver ID 'CDC-1' -to list should not be empty. [<EXTERNAL_BUILD>/w/project/s1e_e608f8c11cc8.gen/sources_1/bd/protection_system/ip/protection_system_smartconnect_0_0/bd_0/ip/ip_12/bd_26d4_arni_0_clocks.xdc:49]
WARNING: [Vivado_Tcl 4-921] Waiver ID 'CDC-1' -to list should not be empty. [<EXTERNAL_BUILD>/w/project/s1e_e608f8c11cc8.gen/sources_1/bd/protection_system/ip/protection_system_smartconnect_0_0/bd_0/ip/ip_12/bd_26d4_arni_0_clocks.xdc:52]
WARNING: [Vivado_Tcl 4-921] Waiver ID 'CDC-1' -to list should not be empty. [<EXTERNAL_BUILD>/w/project/s1e_e608f8c11cc8.gen/sources_1/bd/protection_system/ip/protection_system_smartconnect_0_0/bd_0/ip/ip_12/bd_26d4_arni_0_clocks.xdc:55]
WARNING: [Vivado_Tcl 4-921] Waiver ID 'CDC-1' -to list should not be empty. [<EXTERNAL_BUILD>/w/project/s1e_e608f8c11cc8.gen/sources_1/bd/protection_system/ip/protection_system_smartconnect_0_0/bd_0/ip/ip_12/bd_26d4_arni_0_clocks.xdc:59]
WARNING: [Vivado_Tcl 4-921] Waiver ID 'CDC-1' -to list should not be empty. [<EXTERNAL_BUILD>/w/project/s1e_e608f8c11cc8.gen/sources_1/bd/protection_system/ip/protection_system_smartconnect_0_0/bd_0/ip/ip_12/bd_26d4_arni_0_clocks.xdc:66]
WARNING: [Vivado_Tcl 4-921] Waiver ID 'CDC-1' -to list should not be empty. [<EXTERNAL_BUILD>/w/project/s1e_e608f8c11cc8.gen/sources_1/bd/protection_system/ip/protection_system_smartconnect_0_0/bd_0/ip/ip_12/bd_26d4_arni_0_clocks.xdc:70]
WARNING: [Vivado_Tcl 4-921] Waiver ID 'CDC-1' -to list should not be empty. [<EXTERNAL_BUILD>/w/project/s1e_e608f8c11cc8.gen/sources_1/bd/protection_system/ip/protection_system_smartconnect_0_0/bd_0/ip/ip_12/bd_26d4_arni_0_clocks.xdc:82]
WARNING: [Vivado_Tcl 4-921] Waiver ID 'CDC-4' -to list should not be empty. [<EXTERNAL_BUILD>/w/project/s1e_e608f8c11cc8.gen/sources_1/bd/protection_system/ip/protection_system_smartconnect_0_0/bd_0/ip/ip_12/bd_26d4_arni_0_clocks.xdc:85]
WARNING: [Vivado_Tcl 4-921] Waiver ID 'CDC-4' -to list should not be empty. [<EXTERNAL_BUILD>/w/project/s1e_e608f8c11cc8.gen/sources_1/bd/protection_system/ip/protection_system_smartconnect_0_0/bd_0/ip/ip_12/bd_26d4_arni_0_clocks.xdc:88]
WARNING: [Vivado_Tcl 4-921] Waiver ID 'CDC-2' -to list should not be empty. [<EXTERNAL_BUILD>/w/project/s1e_e608f8c11cc8.gen/sources_1/bd/protection_system/ip/protection_system_smartconnect_0_0/bd_0/ip/ip_12/bd_26d4_arni_0_clocks.xdc:91]
WARNING: [Vivado_Tcl 4-921] Waiver ID 'CDC-2' -to list should not be empty. [<EXTERNAL_BUILD>/w/project/s1e_e608f8c11cc8.gen/sources_1/bd/protection_system/ip/protection_system_smartconnect_0_0/bd_0/ip/ip_12/bd_26d4_arni_0_clocks.xdc:94]
WARNING: [Vivado_Tcl 4-921] Waiver ID 'CDC-2' -to list should not be empty. [<EXTERNAL_BUILD>/w/project/s1e_e608f8c11cc8.gen/sources_1/bd/protection_system/ip/protection_system_smartconnect_0_0/bd_0/ip/ip_12/bd_26d4_arni_0_clocks.xdc:97]
WARNING: [Vivado_Tcl 4-921] Waiver ID 'CDC-2' -to list should not be empty. [<EXTERNAL_BUILD>/w/project/s1e_e608f8c11cc8.gen/sources_1/bd/protection_system/ip/protection_system_smartconnect_0_0/bd_0/ip/ip_12/bd_26d4_arni_0_clocks.xdc:100]
WARNING: [Vivado_Tcl 4-921] Waiver ID 'CDC-1' -to list should not be empty. [<EXTERNAL_BUILD>/w/project/s1e_e608f8c11cc8.gen/sources_1/bd/protection_system/ip/protection_system_smartconnect_0_0/bd_0/ip/ip_12/bd_26d4_arni_0_clocks.xdc:104]
WARNING: [Vivado_Tcl 4-921] Waiver ID 'CDC-10' -to list should not be empty. [<EXTERNAL_BUILD>/w/project/s1e_e608f8c11cc8.gen/sources_1/bd/protection_system/ip/protection_system_smartconnect_0_0/bd_0/ip/ip_12/bd_26d4_arni_0_clocks.xdc:107]
WARNING: [Vivado_Tcl 4-921] Waiver ID 'CDC-10' -to list should not be empty. [<EXTERNAL_BUILD>/w/project/s1e_e608f8c11cc8.gen/sources_1/bd/protection_system/ip/protection_system_smartconnect_0_0/bd_0/ip/ip_12/bd_26d4_arni_0_clocks.xdc:110]
WARNING: [Vivado_Tcl 4-921] Waiver ID 'CDC-1' -to list should not be empty. [<EXTERNAL_BUILD>/w/project/s1e_e608f8c11cc8.gen/sources_1/bd/protection_system/ip/protection_system_smartconnect_0_0/bd_0/ip/ip_12/bd_26d4_arni_0_clocks.xdc:113]
WARNING: [Vivado_Tcl 4-921] Waiver ID 'CDC-1' -to list should not be empty. [<EXTERNAL_BUILD>/w/project/s1e_e608f8c11cc8.gen/sources_1/bd/protection_system/ip/protection_system_smartconnect_0_0/bd_0/ip/ip_12/bd_26d4_arni_0_clocks.xdc:116]
WARNING: [Vivado_Tcl 4-921] Waiver ID 'CDC-13' -to list should not be empty. [<EXTERNAL_BUILD>/w/project/s1e_e608f8c11cc8.gen/sources_1/bd/protection_system/ip/protection_system_smartconnect_0_0/bd_0/ip/ip_12/bd_26d4_arni_0_clocks.xdc:122]
WARNING: [Vivado_Tcl 4-921] Waiver ID 'CDC-1' -to list should not be empty. [<EXTERNAL_BUILD>/w/project/s1e_e608f8c11cc8.gen/sources_1/bd/protection_system/ip/protection_system_smartconnect_0_0/bd_0/ip/ip_12/bd_26d4_arni_0_clocks.xdc:125]
WARNING: [Vivado_Tcl 4-921] Waiver ID 'CDC-1' -to list should not be empty. [<EXTERNAL_BUILD>/w/project/s1e_e608f8c11cc8.gen/sources_1/bd/protection_system/ip/protection_system_smartconnect_0_0/bd_0/ip/ip_12/bd_26d4_arni_0_clocks.xdc:128]
WARNING: [Vivado_Tcl 4-921] Waiver ID 'CDC-13' -to list should not be empty. [<EXTERNAL_BUILD>/w/project/s1e_e608f8c11cc8.gen/sources_1/bd/protection_system/ip/protection_system_smartconnect_0_0/bd_0/ip/ip_12/bd_26d4_arni_0_clocks.xdc:131]
WARNING: [Vivado_Tcl 4-921] Waiver ID 'CDC-1' -to list should not be empty. [<EXTERNAL_BUILD>/w/project/s1e_e608f8c11cc8.gen/sources_1/bd/protection_system/ip/protection_system_smartconnect_0_0/bd_0/ip/ip_12/bd_26d4_arni_0_clocks.xdc:134]
WARNING: [Vivado_Tcl 4-921] Waiver ID 'CDC-10' -to list should not be empty. [<EXTERNAL_BUILD>/w/project/s1e_e608f8c11cc8.gen/sources_1/bd/protection_system/ip/protection_system_smartconnect_0_0/bd_0/ip/ip_12/bd_26d4_arni_0_clocks.xdc:137]
WARNING: [Vivado_Tcl 4-921] Waiver ID 'CDC-1' -to list should not be empty. [<EXTERNAL_BUILD>/w/project/s1e_e608f8c11cc8.gen/sources_1/bd/protection_system/ip/protection_system_smartconnect_0_0/bd_0/ip/ip_12/bd_26d4_arni_0_clocks.xdc:140]
WARNING: [Vivado_Tcl 4-921] Waiver ID 'CDC-1' -to list should not be empty. [<EXTERNAL_BUILD>/w/project/s1e_e608f8c11cc8.gen/sources_1/bd/protection_system/ip/protection_system_smartconnect_0_0/bd_0/ip/ip_12/bd_26d4_arni_0_clocks.xdc:143]
WARNING: [Vivado_Tcl 4-921] Waiver ID 'CDC-1' -to list should not be empty. [<EXTERNAL_BUILD>/w/project/s1e_e608f8c11cc8.gen/sources_1/bd/protection_system/ip/protection_system_smartconnect_0_0/bd_0/ip/ip_12/bd_26d4_arni_0_clocks.xdc:146]
WARNING: [Vivado_Tcl 4-921] Waiver ID 'CDC-2' -to list should not be empty. [<EXTERNAL_BUILD>/w/project/s1e_e608f8c11cc8.gen/sources_1/bd/protection_system/ip/protection_system_smartconnect_0_0/bd_0/ip/ip_12/bd_26d4_arni_0_clocks.xdc:149]
WARNING: [Vivado_Tcl 4-921] Waiver ID 'CDC-1' -to list should not be empty. [<EXTERNAL_BUILD>/w/project/s1e_e608f8c11cc8.gen/sources_1/bd/protection_system/ip/protection_system_smartconnect_0_0/bd_0/ip/ip_12/bd_26d4_arni_0_clocks.xdc:152]
WARNING: [Vivado_Tcl 4-921] Waiver ID 'CDC-1' -to list should not be empty. [<EXTERNAL_BUILD>/w/project/s1e_e608f8c11cc8.gen/sources_1/bd/protection_system/ip/protection_system_smartconnect_0_0/bd_0/ip/ip_12/bd_26d4_arni_0_clocks.xdc:155]
WARNING: [Vivado_Tcl 4-921] Waiver ID 'CDC-1' -to list should not be empty. [<EXTERNAL_BUILD>/w/project/s1e_e608f8c11cc8.gen/sources_1/bd/protection_system/ip/protection_system_smartconnect_0_0/bd_0/ip/ip_12/bd_26d4_arni_0_clocks.xdc:158]
WARNING: [Vivado_Tcl 4-921] Waiver ID 'CDC-10' -to list should not be empty. [<EXTERNAL_BUILD>/w/project/s1e_e608f8c11cc8.gen/sources_1/bd/protection_system/ip/protection_system_smartconnect_0_0/bd_0/ip/ip_12/bd_26d4_arni_0_clocks.xdc:161]
WARNING: [Vivado_Tcl 4-921] Waiver ID 'CDC-4' -to list should not be empty. [<EXTERNAL_BUILD>/w/project/s1e_e608f8c11cc8.gen/sources_1/bd/protection_system/ip/protection_system_smartconnect_0_0/bd_0/ip/ip_12/bd_26d4_arni_0_clocks.xdc:164]
WARNING: [Vivado_Tcl 4-921] Waiver ID 'CDC-4' -to list should not be empty. [<EXTERNAL_BUILD>/w/project/s1e_e608f8c11cc8.gen/sources_1/bd/protection_system/ip/protection_system_smartconnect_0_0/bd_0/ip/ip_12/bd_26d4_arni_0_clocks.xdc:167]
WARNING: [Vivado_Tcl 4-921] Waiver ID 'CDC-4' -to list should not be empty. [<EXTERNAL_BUILD>/w/project/s1e_e608f8c11cc8.gen/sources_1/bd/protection_system/ip/protection_system_smartconnect_0_0/bd_0/ip/ip_12/bd_26d4_arni_0_clocks.xdc:171]
WARNING: [Vivado_Tcl 4-921] Waiver ID 'CDC-4' -to list should not be empty. [<EXTERNAL_BUILD>/w/project/s1e_e608f8c11cc8.gen/sources_1/bd/protection_system/ip/protection_system_smartconnect_0_0/bd_0/ip/ip_12/bd_26d4_arni_0_clocks.xdc:174]
WARNING: [Vivado_Tcl 4-921] Waiver ID 'CDC-1' -to list should not be empty. [<EXTERNAL_BUILD>/w/project/s1e_e608f8c11cc8.gen/sources_1/bd/protection_system/ip/protection_system_smartconnect_0_0/bd_0/ip/ip_12/bd_26d4_arni_0_clocks.xdc:178]
WARNING: [Vivado_Tcl 4-935] Waiver ID 'CDC-1' is a duplicate and will not be added again. [<EXTERNAL_BUILD>/w/project/s1e_e608f8c11cc8.gen/sources_1/bd/protection_system/ip/protection_system_smartconnect_0_0/bd_0/ip/ip_12/bd_26d4_arni_0_clocks.xdc:181]
WARNING: [Vivado_Tcl 4-921] Waiver ID 'CDC-13' -to list should not be empty. [<EXTERNAL_BUILD>/w/project/s1e_e608f8c11cc8.gen/sources_1/bd/protection_system/ip/protection_system_smartconnect_0_0/bd_0/ip/ip_12/bd_26d4_arni_0_clocks.xdc:184]
Finished Parsing XDC File [<EXTERNAL_BUILD>/w/project/s1e_e608f8c11cc8.gen/sources_1/bd/protection_system/ip/protection_system_smartconnect_0_0/bd_0/ip/ip_12/bd_26d4_arni_0_clocks.xdc] for cell 'protection_system_i/smartconnect_0/inst/switchboards/i_nodes/i_ar_node/inst'
Parsing XDC File [<EXTERNAL_BUILD>/w/project/s1e_e608f8c11cc8.gen/sources_1/bd/protection_system/ip/protection_system_smartconnect_0_0/bd_0/ip/ip_13/bd_26d4_rni_0_clocks.xdc] for cell 'protection_system_i/smartconnect_0/inst/switchboards/i_nodes/i_r_node/inst'
WARNING: [Vivado_Tcl 4-921] Waiver ID 'CDC-1' -to list should not be empty. [<EXTERNAL_BUILD>/w/project/s1e_e608f8c11cc8.gen/sources_1/bd/protection_system/ip/protection_system_smartconnect_0_0/bd_0/ip/ip_13/bd_26d4_rni_0_clocks.xdc:49]
WARNING: [Vivado_Tcl 4-921] Waiver ID 'CDC-1' -to list should not be empty. [<EXTERNAL_BUILD>/w/project/s1e_e608f8c11cc8.gen/sources_1/bd/protection_system/ip/protection_system_smartconnect_0_0/bd_0/ip/ip_13/bd_26d4_rni_0_clocks.xdc:52]
WARNING: [Vivado_Tcl 4-921] Waiver ID 'CDC-1' -to list should not be empty. [<EXTERNAL_BUILD>/w/project/s1e_e608f8c11cc8.gen/sources_1/bd/protection_system/ip/protection_system_smartconnect_0_0/bd_0/ip/ip_13/bd_26d4_rni_0_clocks.xdc:55]
WARNING: [Vivado_Tcl 4-921] Waiver ID 'CDC-1' -to list should not be empty. [<EXTERNAL_BUILD>/w/project/s1e_e608f8c11cc8.gen/sources_1/bd/protection_system/ip/protection_system_smartconnect_0_0/bd_0/ip/ip_13/bd_26d4_rni_0_clocks.xdc:59]
WARNING: [Vivado_Tcl 4-921] Waiver ID 'CDC-1' -to list should not be empty. [<EXTERNAL_BUILD>/w/project/s1e_e608f8c11cc8.gen/sources_1/bd/protection_system/ip/protection_system_smartconnect_0_0/bd_0/ip/ip_13/bd_26d4_rni_0_clocks.xdc:66]
WARNING: [Vivado_Tcl 4-921] Waiver ID 'CDC-1' -to list should not be empty. [<EXTERNAL_BUILD>/w/project/s1e_e608f8c11cc8.gen/sources_1/bd/protection_system/ip/protection_system_smartconnect_0_0/bd_0/ip/ip_13/bd_26d4_rni_0_clocks.xdc:70]
WARNING: [Vivado_Tcl 4-921] Waiver ID 'CDC-1' -to list should not be empty. [<EXTERNAL_BUILD>/w/project/s1e_e608f8c11cc8.gen/sources_1/bd/protection_system/ip/protection_system_smartconnect_0_0/bd_0/ip/ip_13/bd_26d4_rni_0_clocks.xdc:82]
WARNING: [Vivado_Tcl 4-921] Waiver ID 'CDC-4' -to list should not be empty. [<EXTERNAL_BUILD>/w/project/s1e_e608f8c11cc8.gen/sources_1/bd/protection_system/ip/protection_system_smartconnect_0_0/bd_0/ip/ip_13/bd_26d4_rni_0_clocks.xdc:85]
WARNING: [Vivado_Tcl 4-921] Waiver ID 'CDC-4' -to list should not be empty. [<EXTERNAL_BUILD>/w/project/s1e_e608f8c11cc8.gen/sources_1/bd/protection_system/ip/protection_system_smartconnect_0_0/bd_0/ip/ip_13/bd_26d4_rni_0_clocks.xdc:88]
WARNING: [Vivado_Tcl 4-921] Waiver ID 'CDC-2' -to list should not be empty. [<EXTERNAL_BUILD>/w/project/s1e_e608f8c11cc8.gen/sources_1/bd/protection_system/ip/protection_system_smartconnect_0_0/bd_0/ip/ip_13/bd_26d4_rni_0_clocks.xdc:91]
WARNING: [Vivado_Tcl 4-921] Waiver ID 'CDC-2' -to list should not be empty. [<EXTERNAL_BUILD>/w/project/s1e_e608f8c11cc8.gen/sources_1/bd/protection_system/ip/protection_system_smartconnect_0_0/bd_0/ip/ip_13/bd_26d4_rni_0_clocks.xdc:94]
WARNING: [Vivado_Tcl 4-921] Waiver ID 'CDC-2' -to list should not be empty. [<EXTERNAL_BUILD>/w/project/s1e_e608f8c11cc8.gen/sources_1/bd/protection_system/ip/protection_system_smartconnect_0_0/bd_0/ip/ip_13/bd_26d4_rni_0_clocks.xdc:97]
WARNING: [Vivado_Tcl 4-921] Waiver ID 'CDC-2' -to list should not be empty. [<EXTERNAL_BUILD>/w/project/s1e_e608f8c11cc8.gen/sources_1/bd/protection_system/ip/protection_system_smartconnect_0_0/bd_0/ip/ip_13/bd_26d4_rni_0_clocks.xdc:100]
WARNING: [Vivado_Tcl 4-921] Waiver ID 'CDC-1' -to list should not be empty. [<EXTERNAL_BUILD>/w/project/s1e_e608f8c11cc8.gen/sources_1/bd/protection_system/ip/protection_system_smartconnect_0_0/bd_0/ip/ip_13/bd_26d4_rni_0_clocks.xdc:104]
WARNING: [Vivado_Tcl 4-921] Waiver ID 'CDC-10' -to list should not be empty. [<EXTERNAL_BUILD>/w/project/s1e_e608f8c11cc8.gen/sources_1/bd/protection_system/ip/protection_system_smartconnect_0_0/bd_0/ip/ip_13/bd_26d4_rni_0_clocks.xdc:107]
WARNING: [Vivado_Tcl 4-921] Waiver ID 'CDC-10' -to list should not be empty. [<EXTERNAL_BUILD>/w/project/s1e_e608f8c11cc8.gen/sources_1/bd/protection_system/ip/protection_system_smartconnect_0_0/bd_0/ip/ip_13/bd_26d4_rni_0_clocks.xdc:110]
WARNING: [Vivado_Tcl 4-921] Waiver ID 'CDC-1' -to list should not be empty. [<EXTERNAL_BUILD>/w/project/s1e_e608f8c11cc8.gen/sources_1/bd/protection_system/ip/protection_system_smartconnect_0_0/bd_0/ip/ip_13/bd_26d4_rni_0_clocks.xdc:113]
WARNING: [Vivado_Tcl 4-921] Waiver ID 'CDC-1' -to list should not be empty. [<EXTERNAL_BUILD>/w/project/s1e_e608f8c11cc8.gen/sources_1/bd/protection_system/ip/protection_system_smartconnect_0_0/bd_0/ip/ip_13/bd_26d4_rni_0_clocks.xdc:116]
WARNING: [Vivado_Tcl 4-921] Waiver ID 'CDC-13' -to list should not be empty. [<EXTERNAL_BUILD>/w/project/s1e_e608f8c11cc8.gen/sources_1/bd/protection_system/ip/protection_system_smartconnect_0_0/bd_0/ip/ip_13/bd_26d4_rni_0_clocks.xdc:122]
WARNING: [Vivado_Tcl 4-921] Waiver ID 'CDC-1' -to list should not be empty. [<EXTERNAL_BUILD>/w/project/s1e_e608f8c11cc8.gen/sources_1/bd/protection_system/ip/protection_system_smartconnect_0_0/bd_0/ip/ip_13/bd_26d4_rni_0_clocks.xdc:125]
WARNING: [Vivado_Tcl 4-921] Waiver ID 'CDC-1' -to list should not be empty. [<EXTERNAL_BUILD>/w/project/s1e_e608f8c11cc8.gen/sources_1/bd/protection_system/ip/protection_system_smartconnect_0_0/bd_0/ip/ip_13/bd_26d4_rni_0_clocks.xdc:128]
WARNING: [Vivado_Tcl 4-921] Waiver ID 'CDC-13' -to list should not be empty. [<EXTERNAL_BUILD>/w/project/s1e_e608f8c11cc8.gen/sources_1/bd/protection_system/ip/protection_system_smartconnect_0_0/bd_0/ip/ip_13/bd_26d4_rni_0_clocks.xdc:131]
WARNING: [Vivado_Tcl 4-921] Waiver ID 'CDC-1' -to list should not be empty. [<EXTERNAL_BUILD>/w/project/s1e_e608f8c11cc8.gen/sources_1/bd/protection_system/ip/protection_system_smartconnect_0_0/bd_0/ip/ip_13/bd_26d4_rni_0_clocks.xdc:134]
WARNING: [Vivado_Tcl 4-921] Waiver ID 'CDC-10' -to list should not be empty. [<EXTERNAL_BUILD>/w/project/s1e_e608f8c11cc8.gen/sources_1/bd/protection_system/ip/protection_system_smartconnect_0_0/bd_0/ip/ip_13/bd_26d4_rni_0_clocks.xdc:137]
WARNING: [Vivado_Tcl 4-921] Waiver ID 'CDC-1' -to list should not be empty. [<EXTERNAL_BUILD>/w/project/s1e_e608f8c11cc8.gen/sources_1/bd/protection_system/ip/protection_system_smartconnect_0_0/bd_0/ip/ip_13/bd_26d4_rni_0_clocks.xdc:140]
WARNING: [Vivado_Tcl 4-921] Waiver ID 'CDC-1' -to list should not be empty. [<EXTERNAL_BUILD>/w/project/s1e_e608f8c11cc8.gen/sources_1/bd/protection_system/ip/protection_system_smartconnect_0_0/bd_0/ip/ip_13/bd_26d4_rni_0_clocks.xdc:143]
WARNING: [Vivado_Tcl 4-921] Waiver ID 'CDC-1' -to list should not be empty. [<EXTERNAL_BUILD>/w/project/s1e_e608f8c11cc8.gen/sources_1/bd/protection_system/ip/protection_system_smartconnect_0_0/bd_0/ip/ip_13/bd_26d4_rni_0_clocks.xdc:146]
WARNING: [Vivado_Tcl 4-921] Waiver ID 'CDC-2' -to list should not be empty. [<EXTERNAL_BUILD>/w/project/s1e_e608f8c11cc8.gen/sources_1/bd/protection_system/ip/protection_system_smartconnect_0_0/bd_0/ip/ip_13/bd_26d4_rni_0_clocks.xdc:149]
WARNING: [Vivado_Tcl 4-921] Waiver ID 'CDC-1' -to list should not be empty. [<EXTERNAL_BUILD>/w/project/s1e_e608f8c11cc8.gen/sources_1/bd/protection_system/ip/protection_system_smartconnect_0_0/bd_0/ip/ip_13/bd_26d4_rni_0_clocks.xdc:152]
WARNING: [Vivado_Tcl 4-921] Waiver ID 'CDC-1' -to list should not be empty. [<EXTERNAL_BUILD>/w/project/s1e_e608f8c11cc8.gen/sources_1/bd/protection_system/ip/protection_system_smartconnect_0_0/bd_0/ip/ip_13/bd_26d4_rni_0_clocks.xdc:155]
WARNING: [Vivado_Tcl 4-921] Waiver ID 'CDC-1' -to list should not be empty. [<EXTERNAL_BUILD>/w/project/s1e_e608f8c11cc8.gen/sources_1/bd/protection_system/ip/protection_system_smartconnect_0_0/bd_0/ip/ip_13/bd_26d4_rni_0_clocks.xdc:158]
WARNING: [Vivado_Tcl 4-921] Waiver ID 'CDC-10' -to list should not be empty. [<EXTERNAL_BUILD>/w/project/s1e_e608f8c11cc8.gen/sources_1/bd/protection_system/ip/protection_system_smartconnect_0_0/bd_0/ip/ip_13/bd_26d4_rni_0_clocks.xdc:161]
WARNING: [Vivado_Tcl 4-921] Waiver ID 'CDC-4' -to list should not be empty. [<EXTERNAL_BUILD>/w/project/s1e_e608f8c11cc8.gen/sources_1/bd/protection_system/ip/protection_system_smartconnect_0_0/bd_0/ip/ip_13/bd_26d4_rni_0_clocks.xdc:164]
WARNING: [Vivado_Tcl 4-921] Waiver ID 'CDC-4' -to list should not be empty. [<EXTERNAL_BUILD>/w/project/s1e_e608f8c11cc8.gen/sources_1/bd/protection_system/ip/protection_system_smartconnect_0_0/bd_0/ip/ip_13/bd_26d4_rni_0_clocks.xdc:167]
WARNING: [Vivado_Tcl 4-921] Waiver ID 'CDC-4' -to list should not be empty. [<EXTERNAL_BUILD>/w/project/s1e_e608f8c11cc8.gen/sources_1/bd/protection_system/ip/protection_system_smartconnect_0_0/bd_0/ip/ip_13/bd_26d4_rni_0_clocks.xdc:171]
WARNING: [Vivado_Tcl 4-921] Waiver ID 'CDC-4' -to list should not be empty. [<EXTERNAL_BUILD>/w/project/s1e_e608f8c11cc8.gen/sources_1/bd/protection_system/ip/protection_system_smartconnect_0_0/bd_0/ip/ip_13/bd_26d4_rni_0_clocks.xdc:174]
WARNING: [Vivado_Tcl 4-921] Waiver ID 'CDC-1' -to list should not be empty. [<EXTERNAL_BUILD>/w/project/s1e_e608f8c11cc8.gen/sources_1/bd/protection_system/ip/protection_system_smartconnect_0_0/bd_0/ip/ip_13/bd_26d4_rni_0_clocks.xdc:178]
WARNING: [Vivado_Tcl 4-935] Waiver ID 'CDC-1' is a duplicate and will not be added again. [<EXTERNAL_BUILD>/w/project/s1e_e608f8c11cc8.gen/sources_1/bd/protection_system/ip/protection_system_smartconnect_0_0/bd_0/ip/ip_13/bd_26d4_rni_0_clocks.xdc:181]
WARNING: [Vivado_Tcl 4-921] Waiver ID 'CDC-13' -to list should not be empty. [<EXTERNAL_BUILD>/w/project/s1e_e608f8c11cc8.gen/sources_1/bd/protection_system/ip/protection_system_smartconnect_0_0/bd_0/ip/ip_13/bd_26d4_rni_0_clocks.xdc:184]
Finished Parsing XDC File [<EXTERNAL_BUILD>/w/project/s1e_e608f8c11cc8.gen/sources_1/bd/protection_system/ip/protection_system_smartconnect_0_0/bd_0/ip/ip_13/bd_26d4_rni_0_clocks.xdc] for cell 'protection_system_i/smartconnect_0/inst/switchboards/i_nodes/i_r_node/inst'
Parsing XDC File [<EXTERNAL_BUILD>/w/project/s1e_e608f8c11cc8.gen/sources_1/bd/protection_system/ip/protection_system_smartconnect_0_0/bd_0/ip/ip_14/bd_26d4_awni_0_clocks.xdc] for cell 'protection_system_i/smartconnect_0/inst/switchboards/i_nodes/i_aw_node/inst'
WARNING: [Vivado_Tcl 4-921] Waiver ID 'CDC-1' -to list should not be empty. [<EXTERNAL_BUILD>/w/project/s1e_e608f8c11cc8.gen/sources_1/bd/protection_system/ip/protection_system_smartconnect_0_0/bd_0/ip/ip_14/bd_26d4_awni_0_clocks.xdc:49]
WARNING: [Vivado_Tcl 4-921] Waiver ID 'CDC-1' -to list should not be empty. [<EXTERNAL_BUILD>/w/project/s1e_e608f8c11cc8.gen/sources_1/bd/protection_system/ip/protection_system_smartconnect_0_0/bd_0/ip/ip_14/bd_26d4_awni_0_clocks.xdc:52]
WARNING: [Vivado_Tcl 4-921] Waiver ID 'CDC-1' -to list should not be empty. [<EXTERNAL_BUILD>/w/project/s1e_e608f8c11cc8.gen/sources_1/bd/protection_system/ip/protection_system_smartconnect_0_0/bd_0/ip/ip_14/bd_26d4_awni_0_clocks.xdc:55]
WARNING: [Vivado_Tcl 4-921] Waiver ID 'CDC-1' -to list should not be empty. [<EXTERNAL_BUILD>/w/project/s1e_e608f8c11cc8.gen/sources_1/bd/protection_system/ip/protection_system_smartconnect_0_0/bd_0/ip/ip_14/bd_26d4_awni_0_clocks.xdc:59]
WARNING: [Vivado_Tcl 4-921] Waiver ID 'CDC-1' -to list should not be empty. [<EXTERNAL_BUILD>/w/project/s1e_e608f8c11cc8.gen/sources_1/bd/protection_system/ip/protection_system_smartconnect_0_0/bd_0/ip/ip_14/bd_26d4_awni_0_clocks.xdc:66]
WARNING: [Vivado_Tcl 4-921] Waiver ID 'CDC-1' -to list should not be empty. [<EXTERNAL_BUILD>/w/project/s1e_e608f8c11cc8.gen/sources_1/bd/protection_system/ip/protection_system_smartconnect_0_0/bd_0/ip/ip_14/bd_26d4_awni_0_clocks.xdc:70]
WARNING: [Vivado_Tcl 4-921] Waiver ID 'CDC-1' -to list should not be empty. [<EXTERNAL_BUILD>/w/project/s1e_e608f8c11cc8.gen/sources_1/bd/protection_system/ip/protection_system_smartconnect_0_0/bd_0/ip/ip_14/bd_26d4_awni_0_clocks.xdc:82]
WARNING: [Vivado_Tcl 4-921] Waiver ID 'CDC-4' -to list should not be empty. [<EXTERNAL_BUILD>/w/project/s1e_e608f8c11cc8.gen/sources_1/bd/protection_system/ip/protection_system_smartconnect_0_0/bd_0/ip/ip_14/bd_26d4_awni_0_clocks.xdc:85]
WARNING: [Vivado_Tcl 4-921] Waiver ID 'CDC-4' -to list should not be empty. [<EXTERNAL_BUILD>/w/project/s1e_e608f8c11cc8.gen/sources_1/bd/protection_system/ip/protection_system_smartconnect_0_0/bd_0/ip/ip_14/bd_26d4_awni_0_clocks.xdc:88]
WARNING: [Vivado_Tcl 4-921] Waiver ID 'CDC-2' -to list should not be empty. [<EXTERNAL_BUILD>/w/project/s1e_e608f8c11cc8.gen/sources_1/bd/protection_system/ip/protection_system_smartconnect_0_0/bd_0/ip/ip_14/bd_26d4_awni_0_clocks.xdc:91]
WARNING: [Vivado_Tcl 4-921] Waiver ID 'CDC-2' -to list should not be empty. [<EXTERNAL_BUILD>/w/project/s1e_e608f8c11cc8.gen/sources_1/bd/protection_system/ip/protection_system_smartconnect_0_0/bd_0/ip/ip_14/bd_26d4_awni_0_clocks.xdc:94]
WARNING: [Vivado_Tcl 4-921] Waiver ID 'CDC-2' -to list should not be empty. [<EXTERNAL_BUILD>/w/project/s1e_e608f8c11cc8.gen/sources_1/bd/protection_system/ip/protection_system_smartconnect_0_0/bd_0/ip/ip_14/bd_26d4_awni_0_clocks.xdc:97]
WARNING: [Vivado_Tcl 4-921] Waiver ID 'CDC-2' -to list should not be empty. [<EXTERNAL_BUILD>/w/project/s1e_e608f8c11cc8.gen/sources_1/bd/protection_system/ip/protection_system_smartconnect_0_0/bd_0/ip/ip_14/bd_26d4_awni_0_clocks.xdc:100]
WARNING: [Vivado_Tcl 4-921] Waiver ID 'CDC-1' -to list should not be empty. [<EXTERNAL_BUILD>/w/project/s1e_e608f8c11cc8.gen/sources_1/bd/protection_system/ip/protection_system_smartconnect_0_0/bd_0/ip/ip_14/bd_26d4_awni_0_clocks.xdc:104]
WARNING: [Vivado_Tcl 4-921] Waiver ID 'CDC-10' -to list should not be empty. [<EXTERNAL_BUILD>/w/project/s1e_e608f8c11cc8.gen/sources_1/bd/protection_system/ip/protection_system_smartconnect_0_0/bd_0/ip/ip_14/bd_26d4_awni_0_clocks.xdc:107]
WARNING: [Vivado_Tcl 4-921] Waiver ID 'CDC-10' -to list should not be empty. [<EXTERNAL_BUILD>/w/project/s1e_e608f8c11cc8.gen/sources_1/bd/protection_system/ip/protection_system_smartconnect_0_0/bd_0/ip/ip_14/bd_26d4_awni_0_clocks.xdc:110]
WARNING: [Vivado_Tcl 4-921] Waiver ID 'CDC-1' -to list should not be empty. [<EXTERNAL_BUILD>/w/project/s1e_e608f8c11cc8.gen/sources_1/bd/protection_system/ip/protection_system_smartconnect_0_0/bd_0/ip/ip_14/bd_26d4_awni_0_clocks.xdc:113]
INFO: [Common 17-14] Message 'Vivado 12-180' appears 100 times and further instances of the messages will be disabled. Use the Tcl command set_msg_config to change the current settings. [<EXTERNAL_BUILD>/w/project/s1e_e608f8c11cc8.gen/sources_1/bd/protection_system/ip/protection_system_smartconnect_0_0/bd_0/ip/ip_14/bd_26d4_awni_0_clocks.xdc:116]
WARNING: [Vivado_Tcl 4-921] Waiver ID 'CDC-1' -to list should not be empty. [<EXTERNAL_BUILD>/w/project/s1e_e608f8c11cc8.gen/sources_1/bd/protection_system/ip/protection_system_smartconnect_0_0/bd_0/ip/ip_14/bd_26d4_awni_0_clocks.xdc:116]
WARNING: [Vivado_Tcl 4-921] Waiver ID 'CDC-13' -to list should not be empty. [<EXTERNAL_BUILD>/w/project/s1e_e608f8c11cc8.gen/sources_1/bd/protection_system/ip/protection_system_smartconnect_0_0/bd_0/ip/ip_14/bd_26d4_awni_0_clocks.xdc:122]
WARNING: [Vivado_Tcl 4-921] Waiver ID 'CDC-1' -to list should not be empty. [<EXTERNAL_BUILD>/w/project/s1e_e608f8c11cc8.gen/sources_1/bd/protection_system/ip/protection_system_smartconnect_0_0/bd_0/ip/ip_14/bd_26d4_awni_0_clocks.xdc:125]
WARNING: [Vivado_Tcl 4-921] Waiver ID 'CDC-1' -to list should not be empty. [<EXTERNAL_BUILD>/w/project/s1e_e608f8c11cc8.gen/sources_1/bd/protection_system/ip/protection_system_smartconnect_0_0/bd_0/ip/ip_14/bd_26d4_awni_0_clocks.xdc:128]
WARNING: [Vivado_Tcl 4-921] Waiver ID 'CDC-13' -to list should not be empty. [<EXTERNAL_BUILD>/w/project/s1e_e608f8c11cc8.gen/sources_1/bd/protection_system/ip/protection_system_smartconnect_0_0/bd_0/ip/ip_14/bd_26d4_awni_0_clocks.xdc:131]
WARNING: [Vivado_Tcl 4-921] Waiver ID 'CDC-1' -to list should not be empty. [<EXTERNAL_BUILD>/w/project/s1e_e608f8c11cc8.gen/sources_1/bd/protection_system/ip/protection_system_smartconnect_0_0/bd_0/ip/ip_14/bd_26d4_awni_0_clocks.xdc:134]
WARNING: [Vivado_Tcl 4-921] Waiver ID 'CDC-10' -to list should not be empty. [<EXTERNAL_BUILD>/w/project/s1e_e608f8c11cc8.gen/sources_1/bd/protection_system/ip/protection_system_smartconnect_0_0/bd_0/ip/ip_14/bd_26d4_awni_0_clocks.xdc:137]
INFO: [Common 17-14] Message 'Vivado_Tcl 4-921' appears 100 times and further instances of the messages will be disabled. Use the Tcl command set_msg_config to change the current settings. [<EXTERNAL_BUILD>/w/project/s1e_e608f8c11cc8.gen/sources_1/bd/protection_system/ip/protection_system_smartconnect_0_0/bd_0/ip/ip_14/bd_26d4_awni_0_clocks.xdc:137]
WARNING: [Vivado_Tcl 4-935] Waiver ID 'CDC-1' is a duplicate and will not be added again. [<EXTERNAL_BUILD>/w/project/s1e_e608f8c11cc8.gen/sources_1/bd/protection_system/ip/protection_system_smartconnect_0_0/bd_0/ip/ip_14/bd_26d4_awni_0_clocks.xdc:181]
Finished Parsing XDC File [<EXTERNAL_BUILD>/w/project/s1e_e608f8c11cc8.gen/sources_1/bd/protection_system/ip/protection_system_smartconnect_0_0/bd_0/ip/ip_14/bd_26d4_awni_0_clocks.xdc] for cell 'protection_system_i/smartconnect_0/inst/switchboards/i_nodes/i_aw_node/inst'
Parsing XDC File [<EXTERNAL_BUILD>/w/project/s1e_e608f8c11cc8.gen/sources_1/bd/protection_system/ip/protection_system_smartconnect_0_0/bd_0/ip/ip_15/bd_26d4_wni_0_clocks.xdc] for cell 'protection_system_i/smartconnect_0/inst/switchboards/i_nodes/i_w_node/inst'
WARNING: [Vivado_Tcl 4-935] Waiver ID 'CDC-1' is a duplicate and will not be added again. [<EXTERNAL_BUILD>/w/project/s1e_e608f8c11cc8.gen/sources_1/bd/protection_system/ip/protection_system_smartconnect_0_0/bd_0/ip/ip_15/bd_26d4_wni_0_clocks.xdc:181]
Finished Parsing XDC File [<EXTERNAL_BUILD>/w/project/s1e_e608f8c11cc8.gen/sources_1/bd/protection_system/ip/protection_system_smartconnect_0_0/bd_0/ip/ip_15/bd_26d4_wni_0_clocks.xdc] for cell 'protection_system_i/smartconnect_0/inst/switchboards/i_nodes/i_w_node/inst'
Parsing XDC File [<EXTERNAL_BUILD>/w/project/s1e_e608f8c11cc8.gen/sources_1/bd/protection_system/ip/protection_system_smartconnect_0_0/bd_0/ip/ip_16/bd_26d4_bni_0_clocks.xdc] for cell 'protection_system_i/smartconnect_0/inst/switchboards/i_nodes/i_b_node/inst'
WARNING: [Vivado_Tcl 4-935] Waiver ID 'CDC-1' is a duplicate and will not be added again. [<EXTERNAL_BUILD>/w/project/s1e_e608f8c11cc8.gen/sources_1/bd/protection_system/ip/protection_system_smartconnect_0_0/bd_0/ip/ip_16/bd_26d4_bni_0_clocks.xdc:181]
Finished Parsing XDC File [<EXTERNAL_BUILD>/w/project/s1e_e608f8c11cc8.gen/sources_1/bd/protection_system/ip/protection_system_smartconnect_0_0/bd_0/ip/ip_16/bd_26d4_bni_0_clocks.xdc] for cell 'protection_system_i/smartconnect_0/inst/switchboards/i_nodes/i_b_node/inst'
Parsing XDC File [<EXTERNAL_BUILD>/w/project/s1e_e608f8c11cc8.gen/sources_1/bd/protection_system/ip/protection_system_smartconnect_0_0/bd_0/ip/ip_21/bd_26d4_sarn_0_clocks.xdc] for cell 'protection_system_i/smartconnect_0/inst/s00_nodes/s00_ar_node/inst'
Finished Parsing XDC File [<EXTERNAL_BUILD>/w/project/s1e_e608f8c11cc8.gen/sources_1/bd/protection_system/ip/protection_system_smartconnect_0_0/bd_0/ip/ip_21/bd_26d4_sarn_0_clocks.xdc] for cell 'protection_system_i/smartconnect_0/inst/s00_nodes/s00_ar_node/inst'
Parsing XDC File [<EXTERNAL_BUILD>/w/project/s1e_e608f8c11cc8.gen/sources_1/bd/protection_system/ip/protection_system_smartconnect_0_0/bd_0/ip/ip_22/bd_26d4_srn_0_clocks.xdc] for cell 'protection_system_i/smartconnect_0/inst/s00_nodes/s00_r_node/inst'
Finished Parsing XDC File [<EXTERNAL_BUILD>/w/project/s1e_e608f8c11cc8.gen/sources_1/bd/protection_system/ip/protection_system_smartconnect_0_0/bd_0/ip/ip_22/bd_26d4_srn_0_clocks.xdc] for cell 'protection_system_i/smartconnect_0/inst/s00_nodes/s00_r_node/inst'
Parsing XDC File [<EXTERNAL_BUILD>/w/project/s1e_e608f8c11cc8.gen/sources_1/bd/protection_system/ip/protection_system_smartconnect_0_0/bd_0/ip/ip_23/bd_26d4_sawn_0_clocks.xdc] for cell 'protection_system_i/smartconnect_0/inst/s00_nodes/s00_aw_node/inst'
Finished Parsing XDC File [<EXTERNAL_BUILD>/w/project/s1e_e608f8c11cc8.gen/sources_1/bd/protection_system/ip/protection_system_smartconnect_0_0/bd_0/ip/ip_23/bd_26d4_sawn_0_clocks.xdc] for cell 'protection_system_i/smartconnect_0/inst/s00_nodes/s00_aw_node/inst'
Parsing XDC File [<EXTERNAL_BUILD>/w/project/s1e_e608f8c11cc8.gen/sources_1/bd/protection_system/ip/protection_system_smartconnect_0_0/bd_0/ip/ip_24/bd_26d4_swn_0_clocks.xdc] for cell 'protection_system_i/smartconnect_0/inst/s00_nodes/s00_w_node/inst'
Finished Parsing XDC File [<EXTERNAL_BUILD>/w/project/s1e_e608f8c11cc8.gen/sources_1/bd/protection_system/ip/protection_system_smartconnect_0_0/bd_0/ip/ip_24/bd_26d4_swn_0_clocks.xdc] for cell 'protection_system_i/smartconnect_0/inst/s00_nodes/s00_w_node/inst'
Parsing XDC File [<EXTERNAL_BUILD>/w/project/s1e_e608f8c11cc8.gen/sources_1/bd/protection_system/ip/protection_system_smartconnect_0_0/bd_0/ip/ip_25/bd_26d4_sbn_0_clocks.xdc] for cell 'protection_system_i/smartconnect_0/inst/s00_nodes/s00_b_node/inst'
Finished Parsing XDC File [<EXTERNAL_BUILD>/w/project/s1e_e608f8c11cc8.gen/sources_1/bd/protection_system/ip/protection_system_smartconnect_0_0/bd_0/ip/ip_25/bd_26d4_sbn_0_clocks.xdc] for cell 'protection_system_i/smartconnect_0/inst/s00_nodes/s00_b_node/inst'
Parsing XDC File [<EXTERNAL_BUILD>/w/project/s1e_e608f8c11cc8.gen/sources_1/bd/protection_system/ip/protection_system_smartconnect_0_0/bd_0/ip/ip_27/bd_26d4_m00arn_0_clocks.xdc] for cell 'protection_system_i/smartconnect_0/inst/m00_nodes/m00_ar_node/inst'
Finished Parsing XDC File [<EXTERNAL_BUILD>/w/project/s1e_e608f8c11cc8.gen/sources_1/bd/protection_system/ip/protection_system_smartconnect_0_0/bd_0/ip/ip_27/bd_26d4_m00arn_0_clocks.xdc] for cell 'protection_system_i/smartconnect_0/inst/m00_nodes/m00_ar_node/inst'
Parsing XDC File [<EXTERNAL_BUILD>/w/project/s1e_e608f8c11cc8.gen/sources_1/bd/protection_system/ip/protection_system_smartconnect_0_0/bd_0/ip/ip_28/bd_26d4_m00rn_0_clocks.xdc] for cell 'protection_system_i/smartconnect_0/inst/m00_nodes/m00_r_node/inst'
Finished Parsing XDC File [<EXTERNAL_BUILD>/w/project/s1e_e608f8c11cc8.gen/sources_1/bd/protection_system/ip/protection_system_smartconnect_0_0/bd_0/ip/ip_28/bd_26d4_m00rn_0_clocks.xdc] for cell 'protection_system_i/smartconnect_0/inst/m00_nodes/m00_r_node/inst'
Parsing XDC File [<EXTERNAL_BUILD>/w/project/s1e_e608f8c11cc8.gen/sources_1/bd/protection_system/ip/protection_system_smartconnect_0_0/bd_0/ip/ip_29/bd_26d4_m00awn_0_clocks.xdc] for cell 'protection_system_i/smartconnect_0/inst/m00_nodes/m00_aw_node/inst'
Finished Parsing XDC File [<EXTERNAL_BUILD>/w/project/s1e_e608f8c11cc8.gen/sources_1/bd/protection_system/ip/protection_system_smartconnect_0_0/bd_0/ip/ip_29/bd_26d4_m00awn_0_clocks.xdc] for cell 'protection_system_i/smartconnect_0/inst/m00_nodes/m00_aw_node/inst'
Parsing XDC File [<EXTERNAL_BUILD>/w/project/s1e_e608f8c11cc8.gen/sources_1/bd/protection_system/ip/protection_system_smartconnect_0_0/bd_0/ip/ip_30/bd_26d4_m00wn_0_clocks.xdc] for cell 'protection_system_i/smartconnect_0/inst/m00_nodes/m00_w_node/inst'
Finished Parsing XDC File [<EXTERNAL_BUILD>/w/project/s1e_e608f8c11cc8.gen/sources_1/bd/protection_system/ip/protection_system_smartconnect_0_0/bd_0/ip/ip_30/bd_26d4_m00wn_0_clocks.xdc] for cell 'protection_system_i/smartconnect_0/inst/m00_nodes/m00_w_node/inst'
Parsing XDC File [<EXTERNAL_BUILD>/w/project/s1e_e608f8c11cc8.gen/sources_1/bd/protection_system/ip/protection_system_smartconnect_0_0/bd_0/ip/ip_31/bd_26d4_m00bn_0_clocks.xdc] for cell 'protection_system_i/smartconnect_0/inst/m00_nodes/m00_b_node/inst'
Finished Parsing XDC File [<EXTERNAL_BUILD>/w/project/s1e_e608f8c11cc8.gen/sources_1/bd/protection_system/ip/protection_system_smartconnect_0_0/bd_0/ip/ip_31/bd_26d4_m00bn_0_clocks.xdc] for cell 'protection_system_i/smartconnect_0/inst/m00_nodes/m00_b_node/inst'
Parsing XDC File [<EXTERNAL_BUILD>/w/project/s1e_e608f8c11cc8.gen/sources_1/bd/protection_system/ip/protection_system_smartconnect_0_0/bd_0/ip/ip_34/bd_26d4_m01arn_0_clocks.xdc] for cell 'protection_system_i/smartconnect_0/inst/m01_nodes/m01_ar_node/inst'
Finished Parsing XDC File [<EXTERNAL_BUILD>/w/project/s1e_e608f8c11cc8.gen/sources_1/bd/protection_system/ip/protection_system_smartconnect_0_0/bd_0/ip/ip_34/bd_26d4_m01arn_0_clocks.xdc] for cell 'protection_system_i/smartconnect_0/inst/m01_nodes/m01_ar_node/inst'
Parsing XDC File [<EXTERNAL_BUILD>/w/project/s1e_e608f8c11cc8.gen/sources_1/bd/protection_system/ip/protection_system_smartconnect_0_0/bd_0/ip/ip_35/bd_26d4_m01rn_0_clocks.xdc] for cell 'protection_system_i/smartconnect_0/inst/m01_nodes/m01_r_node/inst'
Finished Parsing XDC File [<EXTERNAL_BUILD>/w/project/s1e_e608f8c11cc8.gen/sources_1/bd/protection_system/ip/protection_system_smartconnect_0_0/bd_0/ip/ip_35/bd_26d4_m01rn_0_clocks.xdc] for cell 'protection_system_i/smartconnect_0/inst/m01_nodes/m01_r_node/inst'
Parsing XDC File [<EXTERNAL_BUILD>/w/project/s1e_e608f8c11cc8.gen/sources_1/bd/protection_system/ip/protection_system_smartconnect_0_0/bd_0/ip/ip_36/bd_26d4_m01awn_0_clocks.xdc] for cell 'protection_system_i/smartconnect_0/inst/m01_nodes/m01_aw_node/inst'
Finished Parsing XDC File [<EXTERNAL_BUILD>/w/project/s1e_e608f8c11cc8.gen/sources_1/bd/protection_system/ip/protection_system_smartconnect_0_0/bd_0/ip/ip_36/bd_26d4_m01awn_0_clocks.xdc] for cell 'protection_system_i/smartconnect_0/inst/m01_nodes/m01_aw_node/inst'
Parsing XDC File [<EXTERNAL_BUILD>/w/project/s1e_e608f8c11cc8.gen/sources_1/bd/protection_system/ip/protection_system_smartconnect_0_0/bd_0/ip/ip_37/bd_26d4_m01wn_0_clocks.xdc] for cell 'protection_system_i/smartconnect_0/inst/m01_nodes/m01_w_node/inst'
Finished Parsing XDC File [<EXTERNAL_BUILD>/w/project/s1e_e608f8c11cc8.gen/sources_1/bd/protection_system/ip/protection_system_smartconnect_0_0/bd_0/ip/ip_37/bd_26d4_m01wn_0_clocks.xdc] for cell 'protection_system_i/smartconnect_0/inst/m01_nodes/m01_w_node/inst'
Parsing XDC File [<EXTERNAL_BUILD>/w/project/s1e_e608f8c11cc8.gen/sources_1/bd/protection_system/ip/protection_system_smartconnect_0_0/bd_0/ip/ip_38/bd_26d4_m01bn_0_clocks.xdc] for cell 'protection_system_i/smartconnect_0/inst/m01_nodes/m01_b_node/inst'
Finished Parsing XDC File [<EXTERNAL_BUILD>/w/project/s1e_e608f8c11cc8.gen/sources_1/bd/protection_system/ip/protection_system_smartconnect_0_0/bd_0/ip/ip_38/bd_26d4_m01bn_0_clocks.xdc] for cell 'protection_system_i/smartconnect_0/inst/m01_nodes/m01_b_node/inst'
Parsing XDC File [<EXTERNAL_BUILD>/w/project/s1e_e608f8c11cc8.gen/sources_1/bd/protection_system/ip/protection_system_smartconnect_0_0/smartconnect.xdc] for cell 'protection_system_i/smartconnect_0/inst'
WARNING: [Vivado_Tcl 4-919] Waiver ID 'CDC-1' -from list should not be empty. [<EXTERNAL_BUILD>/w/project/s1e_e608f8c11cc8.gen/sources_1/bd/protection_system/ip/protection_system_smartconnect_0_0/smartconnect.xdc:10]
Finished Parsing XDC File [<EXTERNAL_BUILD>/w/project/s1e_e608f8c11cc8.gen/sources_1/bd/protection_system/ip/protection_system_smartconnect_0_0/smartconnect.xdc] for cell 'protection_system_i/smartconnect_0/inst'
Parsing XDC File [<EXTERNAL_BUILD>/w/project/s1e_e608f8c11cc8.gen/sources_1/bd/protection_system/ip/protection_system_proc_sys_reset_stage2i_b2_src_0/protection_system_proc_sys_reset_stage2i_b2_src_0_board.xdc] for cell 'protection_system_i/proc_sys_reset_stage2i_b2_src/U0'
Finished Parsing XDC File [<EXTERNAL_BUILD>/w/project/s1e_e608f8c11cc8.gen/sources_1/bd/protection_system/ip/protection_system_proc_sys_reset_stage2i_b2_src_0/protection_system_proc_sys_reset_stage2i_b2_src_0_board.xdc] for cell 'protection_system_i/proc_sys_reset_stage2i_b2_src/U0'
Parsing XDC File [<EXTERNAL_BUILD>/w/project/s1e_e608f8c11cc8.gen/sources_1/bd/protection_system/ip/protection_system_proc_sys_reset_stage2i_b2_src_0/protection_system_proc_sys_reset_stage2i_b2_src_0.xdc] for cell 'protection_system_i/proc_sys_reset_stage2i_b2_src/U0'
Finished Parsing XDC File [<EXTERNAL_BUILD>/w/project/s1e_e608f8c11cc8.gen/sources_1/bd/protection_system/ip/protection_system_proc_sys_reset_stage2i_b2_src_0/protection_system_proc_sys_reset_stage2i_b2_src_0.xdc] for cell 'protection_system_i/proc_sys_reset_stage2i_b2_src/U0'
Parsing XDC File [<EXTERNAL_BUILD>/w/project/s1e_e608f8c11cc8.gen/sources_1/bd/protection_system/ip/protection_system_system_ila_stage2b_0_0/bd_0/ip/ip_0/ila_v6_2/constraints/ila_impl.xdc] for cell 'protection_system_i/system_ila_stage2b_0/inst/ila_lib/inst'
Finished Parsing XDC File [<EXTERNAL_BUILD>/w/project/s1e_e608f8c11cc8.gen/sources_1/bd/protection_system/ip/protection_system_system_ila_stage2b_0_0/bd_0/ip/ip_0/ila_v6_2/constraints/ila_impl.xdc] for cell 'protection_system_i/system_ila_stage2b_0/inst/ila_lib/inst'
Parsing XDC File [<EXTERNAL_BUILD>/w/project/s1e_e608f8c11cc8.gen/sources_1/bd/protection_system/ip/protection_system_system_ila_stage2b_0_0/bd_0/ip/ip_0/ila_v6_2/constraints/ila.xdc] for cell 'protection_system_i/system_ila_stage2b_0/inst/ila_lib/inst'
Finished Parsing XDC File [<EXTERNAL_BUILD>/w/project/s1e_e608f8c11cc8.gen/sources_1/bd/protection_system/ip/protection_system_system_ila_stage2b_0_0/bd_0/ip/ip_0/ila_v6_2/constraints/ila.xdc] for cell 'protection_system_i/system_ila_stage2b_0/inst/ila_lib/inst'
Parsing XDC File [<EXTERNAL_BUILD>/w/project/s1e_e608f8c11cc8.gen/sources_1/bd/protection_system/ip/protection_system_axi_gpio_stage1d_0_0/protection_system_axi_gpio_stage1d_0_0_board.xdc] for cell 'protection_system_i/axi_gpio_stage1d_0/U0'
Finished Parsing XDC File [<EXTERNAL_BUILD>/w/project/s1e_e608f8c11cc8.gen/sources_1/bd/protection_system/ip/protection_system_axi_gpio_stage1d_0_0/protection_system_axi_gpio_stage1d_0_0_board.xdc] for cell 'protection_system_i/axi_gpio_stage1d_0/U0'
Parsing XDC File [<EXTERNAL_BUILD>/w/project/s1e_e608f8c11cc8.gen/sources_1/bd/protection_system/ip/protection_system_axi_gpio_stage1d_0_0/protection_system_axi_gpio_stage1d_0_0.xdc] for cell 'protection_system_i/axi_gpio_stage1d_0/U0'
Finished Parsing XDC File [<EXTERNAL_BUILD>/w/project/s1e_e608f8c11cc8.gen/sources_1/bd/protection_system/ip/protection_system_axi_gpio_stage1d_0_0/protection_system_axi_gpio_stage1d_0_0.xdc] for cell 'protection_system_i/axi_gpio_stage1d_0/U0'
Parsing XDC File [<EXTERNAL_BUILD>/w/project/s1e_e608f8c11cc8.gen/sources_1/bd/protection_system/ip/protection_system_system_ila_stage2i_b2_source_0_0/bd_0/ip/ip_0/ila_v6_2/constraints/ila_impl.xdc] for cell 'protection_system_i/system_ila_stage2i_b2_source_0/inst/ila_lib/inst'
Finished Parsing XDC File [<EXTERNAL_BUILD>/w/project/s1e_e608f8c11cc8.gen/sources_1/bd/protection_system/ip/protection_system_system_ila_stage2i_b2_source_0_0/bd_0/ip/ip_0/ila_v6_2/constraints/ila_impl.xdc] for cell 'protection_system_i/system_ila_stage2i_b2_source_0/inst/ila_lib/inst'
Parsing XDC File [<EXTERNAL_BUILD>/w/project/s1e_e608f8c11cc8.gen/sources_1/bd/protection_system/ip/protection_system_system_ila_stage2i_b2_source_0_0/bd_0/ip/ip_0/ila_v6_2/constraints/ila.xdc] for cell 'protection_system_i/system_ila_stage2i_b2_source_0/inst/ila_lib/inst'
Finished Parsing XDC File [<EXTERNAL_BUILD>/w/project/s1e_e608f8c11cc8.gen/sources_1/bd/protection_system/ip/protection_system_system_ila_stage2i_b2_source_0_0/bd_0/ip/ip_0/ila_v6_2/constraints/ila.xdc] for cell 'protection_system_i/system_ila_stage2i_b2_source_0/inst/ila_lib/inst'
Parsing XDC File [<EXTERNAL_BUILD>/w/project/s1e_e608f8c11cc8.gen/sources_1/bd/protection_system/ip/protection_system_protection_ip_axi_lite_0_0/src/stage2d_async_adc_atomic_cdc.xdc] for cell 'protection_system_i/protection_ip_axi_lite_0/inst'
Finished Parsing XDC File [<EXTERNAL_BUILD>/w/project/s1e_e608f8c11cc8.gen/sources_1/bd/protection_system/ip/protection_system_protection_ip_axi_lite_0_0/src/stage2d_async_adc_atomic_cdc.xdc] for cell 'protection_system_i/protection_ip_axi_lite_0/inst'
Parsing XDC File [<EXTERNAL_BUILD>/w/project/s1e_e608f8c11cc8.gen/sources_1/bd/protection_system/ip/protection_system_protection_ip_axi_lite_0_0/src/stage2e_transaction_observability_cdc.xdc] for cell 'protection_system_i/protection_ip_axi_lite_0/inst'
Finished Parsing XDC File [<EXTERNAL_BUILD>/w/project/s1e_e608f8c11cc8.gen/sources_1/bd/protection_system/ip/protection_system_protection_ip_axi_lite_0_0/src/stage2e_transaction_observability_cdc.xdc] for cell 'protection_system_i/protection_ip_axi_lite_0/inst'
Parsing XDC File [<EXTERNAL_SOURCE>/fpga/vivado/constraints/stage2i_b2_ready_aware_stimulus_cdc.xdc]
Finished Parsing XDC File [<EXTERNAL_SOURCE>/fpga/vivado/constraints/stage2i_b2_ready_aware_stimulus_cdc.xdc]
INFO: [Project 1-1714] 45 XPM XDC files have been applied to the design.
INFO: [Opt 31-138] Pushed 0 inverter(s) to 0 load pin(s).
INFO: [Project 1-1687] 895 scoped IP constraints or related sub-commands were skipped due to synthesis logic optimizations usually triggered by constant connectivity or unconnected output pins. To review the skipped constraints and messages, run the command 'set_param netlist.IPMsgFiltering false' before opening the design.
Netlist sorting complete. Time (s): cpu = 00:00:00 ; elapsed = 00:00:00.004 . Memory (MB): peak = 1952.543 ; gain = 0.000
INFO: [Project 1-111] Unisim Transformation Summary:
  A total of 236 instances were transformed.
  CFGLUT5 => CFGLUT5 (SRL16E, SRLC32E): 236 instances

26 Infos, 106 Warnings, 0 Critical Warnings and 0 Errors encountered.
link_design completed successfully
link_design: Time (s): cpu = 00:00:13 ; elapsed = 00:00:18 . Memory (MB): peak = 1952.543 ; gain = 1251.414
Command: opt_design
Attempting to get a license for feature 'Implementation' and/or device 'xc7z020'
INFO: [Common 17-349] Got license for feature 'Implementation' and/or device 'xc7z020'
Running DRC as a precondition to command opt_design

Starting DRC Task
INFO: [DRC 23-27] Running DRC with 2 threads
INFO: [Project 1-461] DRC finished with 0 Errors
INFO: [Project 1-462] Please refer to the DRC report (report_drc) for more information.

Time (s): cpu = 00:00:01 ; elapsed = 00:00:00.564 . Memory (MB): peak = 1952.543 ; gain = 0.000

Starting Cache Timing Information Task
INFO: [Timing 38-35] Done setting XDC timing constraints.
Ending Cache Timing Information Task | Checksum: 13fa4c471

Time (s): cpu = 00:00:01 ; elapsed = 00:00:00.383 . Memory (MB): peak = 1952.543 ; gain = 0.000

Starting Logic Optimization Task

Phase 1 Initialization

Phase 1.1 Core Generation And Design Setup

Phase 1.1.1 Generate And Synthesize Debug Cores
INFO: [Chipscope 16-329] Generating Script for core instance : dbg_hub 
INFO: [IP_Flow 19-3806] Processing IP xilinx.com:ip:xsdbm:3.0 for cell dbg_hub_CV.
Done building netlist checker database: Time (s): cpu = 00:00:00 ; elapsed = 00:00:00.005 . Memory (MB): peak = 2334.473 ; gain = 0.000
Netlist sorting complete. Time (s): cpu = 00:00:00 ; elapsed = 00:00:00.016 . Memory (MB): peak = 2334.473 ; gain = 0.000
Phase 1.1.1 Generate And Synthesize Debug Cores | Checksum: 227b0658c

Time (s): cpu = 00:00:01 ; elapsed = 00:00:59 . Memory (MB): peak = 2334.473 ; gain = 22.207
Phase 1.1 Core Generation And Design Setup | Checksum: 227b0658c

Time (s): cpu = 00:00:01 ; elapsed = 00:00:59 . Memory (MB): peak = 2334.473 ; gain = 22.207

Phase 1.2 Setup Constraints And Sort Netlist
Phase 1.2 Setup Constraints And Sort Netlist | Checksum: 227b0658c

Time (s): cpu = 00:00:01 ; elapsed = 00:00:59 . Memory (MB): peak = 2334.473 ; gain = 22.207
Phase 1 Initialization | Checksum: 227b0658c

Time (s): cpu = 00:00:01 ; elapsed = 00:00:59 . Memory (MB): peak = 2334.473 ; gain = 22.207

Phase 2 Timer Update And Timing Data Collection

Phase 2.1 Timer Update
Phase 2.1 Timer Update | Checksum: 227b0658c

Time (s): cpu = 00:00:01 ; elapsed = 00:00:59 . Memory (MB): peak = 2334.473 ; gain = 22.207

Phase 2.2 Timing Data Collection
Phase 2.2 Timing Data Collection | Checksum: 227b0658c

Time (s): cpu = 00:00:01 ; elapsed = 00:00:59 . Memory (MB): peak = 2334.473 ; gain = 22.207
Phase 2 Timer Update And Timing Data Collection | Checksum: 227b0658c

Time (s): cpu = 00:00:01 ; elapsed = 00:00:59 . Memory (MB): peak = 2334.473 ; gain = 22.207

Phase 3 Retarget
INFO: [Opt 31-1834] Total Chains To Be Transformed Were: 0 AND Number of Transformed insts Created are: 0
INFO: [Opt 31-1566] Pulled 2 inverters resulting in an inversion of 83 pins
INFO: [Opt 31-138] Pushed 7 inverter(s) to 19 load pin(s).
INFO: [Opt 31-49] Retargeted 0 cell(s).
Phase 3 Retarget | Checksum: 168561673

Time (s): cpu = 00:00:01 ; elapsed = 00:01:00 . Memory (MB): peak = 2334.473 ; gain = 22.207
Retarget | Checksum: 168561673
INFO: [Opt 31-389] Phase Retarget created 19 cells and removed 61 cells
INFO: [Opt 31-1021] In phase Retarget, 165 netlist objects are constrained preventing optimization. Please run opt_design with -debug_log to get more detail. 

Phase 4 Constant propagation
INFO: [Opt 31-138] Pushed 1 inverter(s) to 3 load pin(s).
Phase 4 Constant propagation | Checksum: 20e7adc91

Time (s): cpu = 00:00:01 ; elapsed = 00:01:00 . Memory (MB): peak = 2334.473 ; gain = 22.207
Constant propagation | Checksum: 20e7adc91
INFO: [Opt 31-389] Phase Constant propagation created 10 cells and removed 56 cells
INFO: [Opt 31-1021] In phase Constant propagation, 133 netlist objects are constrained preventing optimization. Please run opt_design with -debug_log to get more detail. 

Phase 5 Sweep
INFO: [Opt 31-120] Instance protection_system_i/protection_ip_axi_lite_0/inst/g_stage2f_normalization_supported.u_adc_sample_code_normalizer (protection_system_protection_ip_axi_lite_0_0_adc_sample_code_normalizer) has been optimized to an empty box cell during sweep but it has constraints that prevent its removal. Empty box cells do not impact the implementation flow but they have no functional relevance.
Resolution: If this is not expected, please check for DONT_TOUCH properties or timing constraint set on the empty box cell or on nets connected to the cell. If found, remove the relevant DONT_TOUCH property or timing constraint and re-run opt_design.
Phase 5 Sweep | Checksum: 17463f8b8

Time (s): cpu = 00:00:02 ; elapsed = 00:01:00 . Memory (MB): peak = 2334.473 ; gain = 22.207
Sweep | Checksum: 17463f8b8
INFO: [Opt 31-389] Phase Sweep created 0 cells and removed 246 cells
INFO: [Opt 31-1021] In phase Sweep, 1735 netlist objects are constrained preventing optimization. Please run opt_design with -debug_log to get more detail. 

Phase 6 BUFG optimization
INFO: [Opt 31-194] Inserted BUFG protection_system_i/processing_system7_0/inst/FCLK_CLK1_BUFG_inst to drive 5339 load(s) on clock net protection_system_i/processing_system7_0/inst/FCLK_CLK1_BUFG
INFO: [Opt 31-193] Inserted 1 BUFG(s) on clock nets
Phase 6 BUFG optimization | Checksum: 20615a6e5

Time (s): cpu = 00:00:02 ; elapsed = 00:01:00 . Memory (MB): peak = 2334.473 ; gain = 22.207
BUFG optimization | Checksum: 20615a6e5
INFO: [Opt 31-662] Phase BUFG optimization created 1 cells of which 1 are BUFGs and removed 0 cells.

Phase 7 Shift Register Optimization
INFO: [Opt 31-1064] SRL Remap converted 0 SRLs to 0 registers and converted 0 registers of register chains to 0 SRLs
Phase 7 Shift Register Optimization | Checksum: 20615a6e5

Time (s): cpu = 00:00:02 ; elapsed = 00:01:00 . Memory (MB): peak = 2334.473 ; gain = 22.207
Shift Register Optimization | Checksum: 20615a6e5
INFO: [Opt 31-389] Phase Shift Register Optimization created 0 cells and removed 0 cells

Phase 8 Post Processing Netlist
Phase 8 Post Processing Netlist | Checksum: 20615a6e5

Time (s): cpu = 00:00:02 ; elapsed = 00:01:00 . Memory (MB): peak = 2334.473 ; gain = 22.207
Post Processing Netlist | Checksum: 20615a6e5
INFO: [Opt 31-389] Phase Post Processing Netlist created 0 cells and removed 0 cells
INFO: [Opt 31-1021] In phase Post Processing Netlist, 156 netlist objects are constrained preventing optimization. Please run opt_design with -debug_log to get more detail. 

Phase 9 Finalization

Phase 9.1 Finalizing Design Cores and Updating Shapes
Phase 9.1 Finalizing Design Cores and Updating Shapes | Checksum: 1f7a3c767

Time (s): cpu = 00:00:02 ; elapsed = 00:01:00 . Memory (MB): peak = 2334.473 ; gain = 22.207

Phase 9.2 Verifying Netlist Connectivity

Starting Connectivity Check Task

Time (s): cpu = 00:00:00 ; elapsed = 00:00:00.019 . Memory (MB): peak = 2334.473 ; gain = 0.000
Phase 9.2 Verifying Netlist Connectivity | Checksum: 1f7a3c767

Time (s): cpu = 00:00:02 ; elapsed = 00:01:01 . Memory (MB): peak = 2334.473 ; gain = 22.207
Phase 9 Finalization | Checksum: 1f7a3c767

Time (s): cpu = 00:00:02 ; elapsed = 00:01:01 . Memory (MB): peak = 2334.473 ; gain = 22.207
Opt_design Change Summary
=========================


-------------------------------------------------------------------------------------------------------------------------
|  Phase                        |  #Cells created  |  #Cells Removed  |  #Constrained objects preventing optimizations  |
-------------------------------------------------------------------------------------------------------------------------
|  Retarget                     |              19  |              61  |                                            165  |
|  Constant propagation         |              10  |              56  |                                            133  |
|  Sweep                        |               0  |             246  |                                           1735  |
|  BUFG optimization            |               1  |               0  |                                              0  |
|  Shift Register Optimization  |               0  |               0  |                                              0  |
|  Post Processing Netlist      |               0  |               0  |                                            156  |
-------------------------------------------------------------------------------------------------------------------------


Ending Logic Optimization Task | Checksum: 1f7a3c767

Time (s): cpu = 00:00:02 ; elapsed = 00:01:01 . Memory (MB): peak = 2334.473 ; gain = 22.207

Starting Power Optimization Task
INFO: [Pwropt 34-132] Skipping clock gating for clocks with a period < 2.00 ns.
INFO: [Timing 38-35] Done setting XDC timing constraints.
INFO: [Pwropt 34-9] Applying IDT optimizations ...
INFO: [Pwropt 34-10] Applying ODC optimizations ...
Running Vector-less Activity Propagation...

Finished Running Vector-less Activity Propagation


Starting PowerOpt Patch Enables Task
INFO: [Pwropt 34-162] WRITE_MODE attribute of 16 BRAM(s) out of a total of 21 has been updated to save power. Run report_power_opt to get a complete listing of the BRAMs updated.
INFO: [Pwropt 34-201] Structural ODC has moved 0 WE to EN ports
Number of BRAM Ports augmented: 21 newly gated: 0 Total Ports: 42
Ending PowerOpt Patch Enables Task | Checksum: 1a933b351

Time (s): cpu = 00:00:00 ; elapsed = 00:00:00.091 . Memory (MB): peak = 2476.672 ; gain = 0.000
Ending Power Optimization Task | Checksum: 1a933b351

Time (s): cpu = 00:00:04 ; elapsed = 00:00:02 . Memory (MB): peak = 2476.672 ; gain = 142.199

Starting Final Cleanup Task
Ending Final Cleanup Task | Checksum: 1a933b351

Time (s): cpu = 00:00:00 ; elapsed = 00:00:00.002 . Memory (MB): peak = 2476.672 ; gain = 0.000

Starting Netlist Obfuscation Task
Netlist sorting complete. Time (s): cpu = 00:00:00 ; elapsed = 00:00:00.006 . Memory (MB): peak = 2476.672 ; gain = 0.000
Ending Netlist Obfuscation Task | Checksum: 13711e893

Time (s): cpu = 00:00:00 ; elapsed = 00:00:00.009 . Memory (MB): peak = 2476.672 ; gain = 0.000
INFO: [Common 17-83] Releasing license: Implementation
63 Infos, 106 Warnings, 0 Critical Warnings and 0 Errors encountered.
opt_design completed successfully
opt_design: Time (s): cpu = 00:00:10 ; elapsed = 00:01:06 . Memory (MB): peak = 2476.672 ; gain = 524.129
INFO: [Vivado 12-24828] Executing command : report_drc -file protection_system_wrapper_drc_opted.rpt -pb protection_system_wrapper_drc_opted.pb -rpx protection_system_wrapper_drc_opted.rpx
Command: report_drc -file protection_system_wrapper_drc_opted.rpt -pb protection_system_wrapper_drc_opted.pb -rpx protection_system_wrapper_drc_opted.rpx
INFO: [IP_Flow 19-1839] IP Catalog is up to date.
INFO: [DRC 23-27] Running DRC with 2 threads
INFO: [Vivado_Tcl 2-168] The results of DRC are in file <EXTERNAL_BUILD>/w/project/s1e_e608f8c11cc8.runs/impl_1/protection_system_wrapper_drc_opted.rpt.
report_drc completed successfully
INFO: [Timing 38-35] Done setting XDC timing constraints.
INFO: [Timing 38-480] Writing timing data to binary archive.
Wrote PlaceDB: Time (s): cpu = 00:00:00 ; elapsed = 00:00:00.011 . Memory (MB): peak = 2476.672 ; gain = 0.000
Wrote PulsedLatchDB: Time (s): cpu = 00:00:00 ; elapsed = 00:00:00 . Memory (MB): peak = 2476.672 ; gain = 0.000
Writing XDEF routing.
Write ShapeDB Complete: Time (s): cpu = 00:00:00 ; elapsed = 00:00:00.022 . Memory (MB): peak = 2476.672 ; gain = 0.000
Writing XDEF routing logical nets.
Writing XDEF routing special nets.
Wrote RouteStorage: Time (s): cpu = 00:00:00 ; elapsed = 00:00:00.055 . Memory (MB): peak = 2476.672 ; gain = 0.000
Wrote Netlist Cache: Time (s): cpu = 00:00:00 ; elapsed = 00:00:00 . Memory (MB): peak = 2476.672 ; gain = 0.000
Wrote Device Cache: Time (s): cpu = 00:00:00 ; elapsed = 00:00:00.011 . Memory (MB): peak = 2476.672 ; gain = 0.000
Write Physdb Complete: Time (s): cpu = 00:00:00 ; elapsed = 00:00:00.084 . Memory (MB): peak = 2476.672 ; gain = 0.000
INFO: [Common 17-1381] The checkpoint '<EXTERNAL_BUILD>/w/project/s1e_e608f8c11cc8.runs/impl_1/protection_system_wrapper_opt.dcp' has been generated.
INFO: [Common 17-206] Exiting Vivado at Wed Sep  9 17:14:39 2026...

*** Running vivado
    with args -log protection_system_wrapper.vdi -applog -m64 -product Vivado -messageDb vivado.pb -mode batch -source protection_system_wrapper.tcl -notrace



****** Vivado v2024.1 (64-bit)
  **** SW Build 5076996 on Wed May 22 18:37:14 MDT 2024
  **** IP Build 5075265 on Wed May 22 21:45:21 MDT 2024
  **** SharedData Build 5076995 on Wed May 22 18:29:18 MDT 2024
  **** Start of session at: Wed Sep  9 17:14:58 2026
    ** Copyright 1986-2022 Xilinx, Inc. All Rights Reserved.
    ** Copyright 2022-2024 Advanced Micro Devices, Inc. All Rights Reserved.

source protection_system_wrapper.tcl -notrace
Command: open_checkpoint protection_system_wrapper_opt.dcp
INFO: [Device 21-403] Loading part xc7z020clg400-1
INFO: [Device 21-9227] Part: xc7z020clg400-1 does not have CEAM library.
Netlist sorting complete. Time (s): cpu = 00:00:01 ; elapsed = 00:00:00.173 . Memory (MB): peak = 1073.113 ; gain = 0.000
INFO: [Netlist 29-17] Analyzing 850 Unisim elements for replacement
INFO: [Netlist 29-28] Unisim Transformation completed in 0 CPU seconds
INFO: [Project 1-479] Netlist was created with Vivado 2024.1
INFO: [Project 1-570] Preparing netlist for logic optimization
Read ShapeDB Complete: Time (s): cpu = 00:00:00 ; elapsed = 00:00:00.021 . Memory (MB): peak = 1208.586 ; gain = 0.520
INFO: [Timing 38-478] Restoring timing data from binary archive.
INFO: [Timing 38-479] Binary timing data restore complete.
INFO: [Project 1-856] Restoring constraints from binary archive.
INFO: [Project 1-853] Binary constraint restore complete.
INFO: [Designutils 20-5722] Start Reading Physical Databases.
Reading placement.
Read Netlist Cache: Time (s): cpu = 00:00:00 ; elapsed = 00:00:00 . Memory (MB): peak = 1831.922 ; gain = 0.000
Reading placer database...
Read Device Cache: Time (s): cpu = 00:00:00 ; elapsed = 00:00:00.010 . Memory (MB): peak = 1831.922 ; gain = 0.000
Read PlaceDB: Time (s): cpu = 00:00:00 ; elapsed = 00:00:00.053 . Memory (MB): peak = 1831.922 ; gain = 0.000
Read PulsedLatchDB: Time (s): cpu = 00:00:00 ; elapsed = 00:00:00 . Memory (MB): peak = 1831.922 ; gain = 0.000
Reading routing.
Read RouteStorage: Time (s): cpu = 00:00:00 ; elapsed = 00:00:00.027 . Memory (MB): peak = 1831.922 ; gain = 0.000
Read Physdb Files: Time (s): cpu = 00:00:00 ; elapsed = 00:00:00.100 . Memory (MB): peak = 1831.922 ; gain = 0.000
Restored from archive | CPU: 0.000000 secs | Memory: 0.000000 MB |
Finished XDEF File Restore: Time (s): cpu = 00:00:00 ; elapsed = 00:00:00.132 . Memory (MB): peak = 1831.922 ; gain = 0.000
Netlist sorting complete. Time (s): cpu = 00:00:00 ; elapsed = 00:00:00.004 . Memory (MB): peak = 1831.922 ; gain = 0.000
INFO: [Project 1-111] Unisim Transformation Summary:
  A total of 242 instances were transformed.
  CFGLUT5 => CFGLUT5 (SRL16E, SRLC32E): 236 instances
  RAM32M => RAM32M (RAMD32(x6), RAMS32(x2)): 6 instances

INFO: [Project 1-604] Checkpoint was created with Vivado v2024.1 (64-bit) build 5076996
open_checkpoint: Time (s): cpu = 00:00:12 ; elapsed = 00:00:14 . Memory (MB): peak = 1831.922 ; gain = 1456.180
INFO: [Chipscope 16-240] Debug cores have already been implemented
Command: place_design
Attempting to get a license for feature 'Implementation' and/or device 'xc7z020'
INFO: [Common 17-349] Got license for feature 'Implementation' and/or device 'xc7z020'
INFO: [Common 17-83] Releasing license: Implementation
INFO: [DRC 23-27] Running DRC with 2 threads
INFO: [Vivado_Tcl 4-198] DRC finished with 0 Errors
INFO: [Vivado_Tcl 4-199] Please refer to the DRC report (report_drc) for more information.
Running DRC as a precondition to command place_design
INFO: [DRC 23-27] Running DRC with 2 threads
INFO: [Vivado_Tcl 4-198] DRC finished with 0 Errors
INFO: [Vivado_Tcl 4-199] Please refer to the DRC report (report_drc) for more information.
INFO: [Place 30-611] Multithreading enabled for place_design using a maximum of 2 CPUs

Starting Placer Task

Phase 1 Placer Initialization

Phase 1.1 Placer Initialization Netlist Sorting
Netlist sorting complete. Time (s): cpu = 00:00:00 ; elapsed = 00:00:00.005 . Memory (MB): peak = 1869.805 ; gain = 0.000
Phase 1.1 Placer Initialization Netlist Sorting | Checksum: 121931f12

Time (s): cpu = 00:00:00 ; elapsed = 00:00:00.033 . Memory (MB): peak = 1869.805 ; gain = 0.000
Netlist sorting complete. Time (s): cpu = 00:00:00 ; elapsed = 00:00:00.004 . Memory (MB): peak = 1869.805 ; gain = 0.000

Phase 1.2 IO Placement/ Clock Placement/ Build Placer Device
Phase 1.2 IO Placement/ Clock Placement/ Build Placer Device | Checksum: 86ec49ac

Time (s): cpu = 00:00:01 ; elapsed = 00:00:00.563 . Memory (MB): peak = 1869.805 ; gain = 0.000

Phase 1.3 Build Placer Netlist Model
Phase 1.3 Build Placer Netlist Model | Checksum: 1a8e01b74

Time (s): cpu = 00:00:03 ; elapsed = 00:00:02 . Memory (MB): peak = 1888.688 ; gain = 18.883

Phase 1.4 Constrain Clocks/Macros
Phase 1.4 Constrain Clocks/Macros | Checksum: 1a8e01b74

Time (s): cpu = 00:00:03 ; elapsed = 00:00:02 . Memory (MB): peak = 1888.688 ; gain = 18.883
Phase 1 Placer Initialization | Checksum: 1a8e01b74

Time (s): cpu = 00:00:03 ; elapsed = 00:00:02 . Memory (MB): peak = 1888.688 ; gain = 18.883

Phase 2 Global Placement

Phase 2.1 Floorplanning
Phase 2.1 Floorplanning | Checksum: 17fbd8893

Time (s): cpu = 00:00:03 ; elapsed = 00:00:03 . Memory (MB): peak = 1888.688 ; gain = 18.883

Phase 2.2 Update Timing before SLR Path Opt
Phase 2.2 Update Timing before SLR Path Opt | Checksum: 13420c9a6

Time (s): cpu = 00:00:04 ; elapsed = 00:00:03 . Memory (MB): peak = 1888.688 ; gain = 18.883

Phase 2.3 Post-Processing in Floorplanning
Phase 2.3 Post-Processing in Floorplanning | Checksum: 13420c9a6

Time (s): cpu = 00:00:04 ; elapsed = 00:00:03 . Memory (MB): peak = 1888.688 ; gain = 18.883

Phase 2.4 Global Placement Core

Phase 2.4.1 UpdateTiming Before Physical Synthesis
Phase 2.4.1 UpdateTiming Before Physical Synthesis | Checksum: 218925d5d

Time (s): cpu = 00:00:09 ; elapsed = 00:00:07 . Memory (MB): peak = 1888.688 ; gain = 18.883

Phase 2.4.2 Physical Synthesis In Placer
INFO: [Physopt 32-1035] Found 0 LUTNM shape to break, 519 LUT instances to create LUTNM shape
INFO: [Physopt 32-1044] Break lutnm for timing: one critical 0, two critical 0, total 0, new lutff created 0
INFO: [Physopt 32-1138] End 1 Pass. Optimized 232 nets or LUTs. Breaked 0 LUT, combined 232 existing LUTs and moved 0 existing LUT
INFO: [Physopt 32-65] No nets found for high-fanout optimization.
INFO: [Physopt 32-232] Optimized 0 net. Created 0 new instance.
INFO: [Physopt 32-775] End 1 Pass. Optimized 0 net or cell. Created 0 new cell, deleted 0 existing cell and moved 0 existing cell
INFO: [Physopt 32-670] No setup violation found.  DSP Register Optimization was not performed.
INFO: [Physopt 32-670] No setup violation found.  Shift Register to Pipeline Optimization was not performed.
INFO: [Physopt 32-670] No setup violation found.  Shift Register Optimization was not performed.
INFO: [Physopt 32-670] No setup violation found.  BRAM Register Optimization was not performed.
INFO: [Physopt 32-670] No setup violation found.  URAM Register Optimization was not performed.
INFO: [Physopt 32-949] No candidate nets found for dynamic/static region interface net replication
INFO: [Physopt 32-775] End 1 Pass. Optimized 0 net or cell. Created 0 new cell, deleted 0 existing cell and moved 0 existing cell
Netlist sorting complete. Time (s): cpu = 00:00:00 ; elapsed = 00:00:00.005 . Memory (MB): peak = 1888.688 ; gain = 0.000

Summary of Physical Synthesis Optimizations
============================================


-----------------------------------------------------------------------------------------------------------------------------------------------------------
|  Optimization                                     |  Added Cells  |  Removed Cells  |  Optimized Cells/Nets  |  Dont Touch  |  Iterations  |  Elapsed   |
-----------------------------------------------------------------------------------------------------------------------------------------------------------
|  LUT Combining                                    |            0  |            232  |                   232  |           0  |           1  |  00:00:00  |
|  Retime                                           |            0  |              0  |                     0  |           0  |           1  |  00:00:00  |
|  Very High Fanout                                 |            0  |              0  |                     0  |           0  |           1  |  00:00:00  |
|  DSP Register                                     |            0  |              0  |                     0  |           0  |           0  |  00:00:00  |
|  Shift Register to Pipeline                       |            0  |              0  |                     0  |           0  |           0  |  00:00:00  |
|  Shift Register                                   |            0  |              0  |                     0  |           0  |           0  |  00:00:00  |
|  BRAM Register                                    |            0  |              0  |                     0  |           0  |           0  |  00:00:00  |
|  URAM Register                                    |            0  |              0  |                     0  |           0  |           0  |  00:00:00  |
|  Dynamic/Static Region Interface Net Replication  |            0  |              0  |                     0  |           0  |           1  |  00:00:00  |
|  Total                                            |            0  |            232  |                   232  |           0  |           4  |  00:00:00  |
-----------------------------------------------------------------------------------------------------------------------------------------------------------


Phase 2.4.2 Physical Synthesis In Placer | Checksum: 1e7323e3c

Time (s): cpu = 00:00:10 ; elapsed = 00:00:07 . Memory (MB): peak = 1888.688 ; gain = 18.883
Phase 2.4 Global Placement Core | Checksum: 1c269dcac

Time (s): cpu = 00:00:11 ; elapsed = 00:00:08 . Memory (MB): peak = 1888.688 ; gain = 18.883
Phase 2 Global Placement | Checksum: 1c269dcac

Time (s): cpu = 00:00:11 ; elapsed = 00:00:08 . Memory (MB): peak = 1888.688 ; gain = 18.883

Phase 3 Detail Placement

Phase 3.1 Commit Multi Column Macros
Phase 3.1 Commit Multi Column Macros | Checksum: 1f96b64a5

Time (s): cpu = 00:00:12 ; elapsed = 00:00:08 . Memory (MB): peak = 1888.688 ; gain = 18.883

Phase 3.2 Commit Most Macros & LUTRAMs
Phase 3.2 Commit Most Macros & LUTRAMs | Checksum: 288bc159d

Time (s): cpu = 00:00:13 ; elapsed = 00:00:09 . Memory (MB): peak = 1888.688 ; gain = 18.883

Phase 3.3 Area Swap Optimization
Phase 3.3 Area Swap Optimization | Checksum: 1c3425ed4

Time (s): cpu = 00:00:13 ; elapsed = 00:00:09 . Memory (MB): peak = 1888.688 ; gain = 18.883

Phase 3.4 Pipeline Register Optimization
Phase 3.4 Pipeline Register Optimization | Checksum: 21242e3dd

Time (s): cpu = 00:00:13 ; elapsed = 00:00:09 . Memory (MB): peak = 1888.688 ; gain = 18.883

Phase 3.5 Small Shape Detail Placement
Phase 3.5 Small Shape Detail Placement | Checksum: 1725d3799

Time (s): cpu = 00:00:15 ; elapsed = 00:00:12 . Memory (MB): peak = 1888.688 ; gain = 18.883

Phase 3.6 Re-assign LUT pins
Phase 3.6 Re-assign LUT pins | Checksum: 1eb14bf29

Time (s): cpu = 00:00:15 ; elapsed = 00:00:12 . Memory (MB): peak = 1888.688 ; gain = 18.883

Phase 3.7 Pipeline Register Optimization
Phase 3.7 Pipeline Register Optimization | Checksum: 1470a405e

Time (s): cpu = 00:00:15 ; elapsed = 00:00:12 . Memory (MB): peak = 1888.688 ; gain = 18.883
Phase 3 Detail Placement | Checksum: 1470a405e

Time (s): cpu = 00:00:16 ; elapsed = 00:00:12 . Memory (MB): peak = 1888.688 ; gain = 18.883

Phase 4 Post Placement Optimization and Clean-Up

Phase 4.1 Post Commit Optimization
INFO: [Timing 38-35] Done setting XDC timing constraints.

Phase 4.1.1 Post Placement Optimization
Post Placement Optimization Initialization | Checksum: 16a7eb1ca

Phase 4.1.1.1 BUFG Insertion

Starting Physical Synthesis Task

Phase 1 Physical Synthesis Initialization
INFO: [Physopt 32-721] Multithreading enabled for phys_opt_design using a maximum of 2 CPUs
INFO: [Physopt 32-619] Estimated Timing Summary | WNS=-0.150 | TNS=-2.719 |
Phase 1 Physical Synthesis Initialization | Checksum: de41969c

Time (s): cpu = 00:00:01 ; elapsed = 00:00:00.365 . Memory (MB): peak = 1916.793 ; gain = 0.000
INFO: [Place 46-56] BUFG insertion identified 0 candidate nets. Inserted BUFG: 0, Replicated BUFG Driver: 0, Skipped due to Placement/Routing Conflicts: 0, Skipped due to Timing Degradation: 0, Skipped due to netlist editing failed: 0.
Ending Physical Synthesis Task | Checksum: 10db766ba

Time (s): cpu = 00:00:01 ; elapsed = 00:00:00.428 . Memory (MB): peak = 1916.793 ; gain = 0.000
Phase 4.1.1.1 BUFG Insertion | Checksum: 16a7eb1ca

Time (s): cpu = 00:00:19 ; elapsed = 00:00:14 . Memory (MB): peak = 1916.793 ; gain = 46.988

Phase 4.1.1.2 Post Placement Timing Optimization
INFO: [Place 30-746] Post Placement Timing Summary WNS=1.113. For the most accurate timing information please run report_timing.
Phase 4.1.1.2 Post Placement Timing Optimization | Checksum: 11be02ac5

Time (s): cpu = 00:00:19 ; elapsed = 00:00:14 . Memory (MB): peak = 1916.793 ; gain = 46.988

Time (s): cpu = 00:00:19 ; elapsed = 00:00:14 . Memory (MB): peak = 1916.793 ; gain = 46.988
Phase 4.1 Post Commit Optimization | Checksum: 11be02ac5

Time (s): cpu = 00:00:19 ; elapsed = 00:00:14 . Memory (MB): peak = 1916.793 ; gain = 46.988

Phase 4.2 Post Placement Cleanup
Phase 4.2 Post Placement Cleanup | Checksum: 11be02ac5

Time (s): cpu = 00:00:19 ; elapsed = 00:00:14 . Memory (MB): peak = 1916.793 ; gain = 46.988

Phase 4.3 Placer Reporting

Phase 4.3.1 Print Estimated Congestion
INFO: [Place 30-612] Post-Placement Estimated Congestion 
 ____________________________________________________
|           | Global Congestion | Short Congestion  |
| Direction | Region Size       | Region Size       |
|___________|___________________|___________________|
|      North|                1x1|                1x1|
|___________|___________________|___________________|
|      South|                1x1|                1x1|
|___________|___________________|___________________|
|       East|                1x1|                1x1|
|___________|___________________|___________________|
|       West|                1x1|                1x1|
|___________|___________________|___________________|

Phase 4.3.1 Print Estimated Congestion | Checksum: 11be02ac5

Time (s): cpu = 00:00:19 ; elapsed = 00:00:15 . Memory (MB): peak = 1916.793 ; gain = 46.988
Phase 4.3 Placer Reporting | Checksum: 11be02ac5

Time (s): cpu = 00:00:19 ; elapsed = 00:00:15 . Memory (MB): peak = 1916.793 ; gain = 46.988

Phase 4.4 Final Placement Cleanup
Netlist sorting complete. Time (s): cpu = 00:00:00 ; elapsed = 00:00:00.005 . Memory (MB): peak = 1916.793 ; gain = 0.000

Time (s): cpu = 00:00:19 ; elapsed = 00:00:15 . Memory (MB): peak = 1916.793 ; gain = 46.988
Phase 4 Post Placement Optimization and Clean-Up | Checksum: 164e698d6

Time (s): cpu = 00:00:19 ; elapsed = 00:00:15 . Memory (MB): peak = 1916.793 ; gain = 46.988
Ending Placer Task | Checksum: fba28187

Time (s): cpu = 00:00:19 ; elapsed = 00:00:15 . Memory (MB): peak = 1916.793 ; gain = 46.988
42 Infos, 0 Warnings, 0 Critical Warnings and 0 Errors encountered.
place_design completed successfully
place_design: Time (s): cpu = 00:00:21 ; elapsed = 00:00:16 . Memory (MB): peak = 1916.793 ; gain = 83.578
INFO: [Vivado 12-24838] Running report commands "report_control_sets, report_io, report_utilization" in parallel.
Running report generation with 2 threads.
INFO: [Vivado 12-24828] Executing command : report_io -file protection_system_wrapper_io_placed.rpt
report_io: Time (s): cpu = 00:00:00 ; elapsed = 00:00:00.033 . Memory (MB): peak = 1916.793 ; gain = 0.000
INFO: [Vivado 12-24828] Executing command : report_control_sets -verbose -file protection_system_wrapper_control_sets_placed.rpt
report_control_sets: Time (s): cpu = 00:00:00 ; elapsed = 00:00:00.026 . Memory (MB): peak = 1916.793 ; gain = 0.000
INFO: [Vivado 12-24828] Executing command : report_utilization -file protection_system_wrapper_utilization_placed.rpt -pb protection_system_wrapper_utilization_placed.pb
INFO: [Timing 38-480] Writing timing data to binary archive.
Write ShapeDB Complete: Time (s): cpu = 00:00:00 ; elapsed = 00:00:00.034 . Memory (MB): peak = 1940.859 ; gain = 10.129
Wrote PlaceDB: Time (s): cpu = 00:00:01 ; elapsed = 00:00:00.668 . Memory (MB): peak = 1947.312 ; gain = 16.473
Wrote PulsedLatchDB: Time (s): cpu = 00:00:00 ; elapsed = 00:00:00 . Memory (MB): peak = 1947.312 ; gain = 0.000
Writing XDEF routing.
Writing XDEF routing logical nets.
Writing XDEF routing special nets.
Wrote RouteStorage: Time (s): cpu = 00:00:00 ; elapsed = 00:00:00.018 . Memory (MB): peak = 1947.312 ; gain = 0.000
Wrote Netlist Cache: Time (s): cpu = 00:00:01 ; elapsed = 00:00:00.015 . Memory (MB): peak = 1947.312 ; gain = 0.000
Wrote Device Cache: Time (s): cpu = 00:00:00 ; elapsed = 00:00:00.008 . Memory (MB): peak = 1947.312 ; gain = 0.000
Write Physdb Complete: Time (s): cpu = 00:00:02 ; elapsed = 00:00:00.718 . Memory (MB): peak = 1947.312 ; gain = 16.473
INFO: [Common 17-1381] The checkpoint '<EXTERNAL_BUILD>/w/project/s1e_e608f8c11cc8.runs/impl_1/protection_system_wrapper_placed.dcp' has been generated.
INFO: [Common 17-206] Exiting Vivado at Wed Sep  9 17:15:32 2026...

*** Running vivado
    with args -log protection_system_wrapper.vdi -applog -m64 -product Vivado -messageDb vivado.pb -mode batch -source protection_system_wrapper.tcl -notrace



****** Vivado v2024.1 (64-bit)
  **** SW Build 5076996 on Wed May 22 18:37:14 MDT 2024
  **** IP Build 5075265 on Wed May 22 21:45:21 MDT 2024
  **** SharedData Build 5076995 on Wed May 22 18:29:18 MDT 2024
  **** Start of session at: Wed Sep  9 17:15:48 2026
    ** Copyright 1986-2022 Xilinx, Inc. All Rights Reserved.
    ** Copyright 2022-2024 Advanced Micro Devices, Inc. All Rights Reserved.

source protection_system_wrapper.tcl -notrace
Command: open_checkpoint protection_system_wrapper_placed.dcp
INFO: [Device 21-403] Loading part xc7z020clg400-1
INFO: [Device 21-9227] Part: xc7z020clg400-1 does not have CEAM library.
Netlist sorting complete. Time (s): cpu = 00:00:00 ; elapsed = 00:00:00.176 . Memory (MB): peak = 1073.586 ; gain = 0.000
INFO: [Netlist 29-17] Analyzing 850 Unisim elements for replacement
INFO: [Netlist 29-28] Unisim Transformation completed in 0 CPU seconds
INFO: [Project 1-479] Netlist was created with Vivado 2024.1
INFO: [Project 1-570] Preparing netlist for logic optimization
Read ShapeDB Complete: Time (s): cpu = 00:00:00 ; elapsed = 00:00:00.033 . Memory (MB): peak = 1210.793 ; gain = 1.762
INFO: [Timing 38-478] Restoring timing data from binary archive.
INFO: [Timing 38-479] Binary timing data restore complete.
INFO: [Project 1-856] Restoring constraints from binary archive.
INFO: [Project 1-853] Binary constraint restore complete.
INFO: [Designutils 20-5722] Start Reading Physical Databases.
Reading placement.
Read Netlist Cache: Time (s): cpu = 00:00:00 ; elapsed = 00:00:00.010 . Memory (MB): peak = 1831.445 ; gain = 0.000
Reading placer database...
Read Device Cache: Time (s): cpu = 00:00:00 ; elapsed = 00:00:00.010 . Memory (MB): peak = 1831.445 ; gain = 0.000
Read PlaceDB: Time (s): cpu = 00:00:01 ; elapsed = 00:00:00.394 . Memory (MB): peak = 1833.844 ; gain = 2.398
Read PulsedLatchDB: Time (s): cpu = 00:00:00 ; elapsed = 00:00:00 . Memory (MB): peak = 1833.844 ; gain = 0.000
Reading routing.
Read RouteStorage: Time (s): cpu = 00:00:00 ; elapsed = 00:00:00.027 . Memory (MB): peak = 1833.844 ; gain = 0.000
Read Physdb Files: Time (s): cpu = 00:00:01 ; elapsed = 00:00:00.454 . Memory (MB): peak = 1833.844 ; gain = 2.398
Restored from archive | CPU: 1.000000 secs | Memory: 0.000000 MB |
Finished XDEF File Restore: Time (s): cpu = 00:00:01 ; elapsed = 00:00:00.486 . Memory (MB): peak = 1833.844 ; gain = 2.406
Netlist sorting complete. Time (s): cpu = 00:00:00 ; elapsed = 00:00:00.004 . Memory (MB): peak = 1833.844 ; gain = 0.000
INFO: [Project 1-111] Unisim Transformation Summary:
  A total of 242 instances were transformed.
  CFGLUT5 => CFGLUT5 (SRL16E, SRLC32E): 236 instances
  RAM32M => RAM32M (RAMD32(x6), RAMS32(x2)): 6 instances

INFO: [Project 1-604] Checkpoint was created with Vivado v2024.1 (64-bit) build 5076996
open_checkpoint: Time (s): cpu = 00:00:14 ; elapsed = 00:00:15 . Memory (MB): peak = 1840.152 ; gain = 1463.570
Command: route_design
Attempting to get a license for feature 'Implementation' and/or device 'xc7z020'
INFO: [Common 17-349] Got license for feature 'Implementation' and/or device 'xc7z020'
Running DRC as a precondition to command route_design
INFO: [DRC 23-27] Running DRC with 2 threads
INFO: [Vivado_Tcl 4-198] DRC finished with 0 Errors
INFO: [Vivado_Tcl 4-199] Please refer to the DRC report (report_drc) for more information.


Starting Routing Task
INFO: [Route 35-254] Multithreading enabled for route_design using a maximum of 8 CPUs

Phase 1 Build RT Design
Checksum: PlaceDB: 4625e7fc ConstDB: 0 ShapeSum: 9f83269b RouteDB: 15f972f0
Post Restoration Checksum: NetGraph: cdfb3966 | NumContArr: 700b7822 | Constraints: c2a8fa9d | Timing: c2a8fa9d
Phase 1 Build RT Design | Checksum: 2c358a6c2

Time (s): cpu = 00:00:17 ; elapsed = 00:00:14 . Memory (MB): peak = 2051.340 ; gain = 147.637

Phase 2 Router Initialization

Phase 2.1 Fix Topology Constraints
Phase 2.1 Fix Topology Constraints | Checksum: 2c358a6c2

Time (s): cpu = 00:00:18 ; elapsed = 00:00:14 . Memory (MB): peak = 2052.074 ; gain = 148.371

Phase 2.2 Pre Route Cleanup
Phase 2.2 Pre Route Cleanup | Checksum: 2c358a6c2

Time (s): cpu = 00:00:18 ; elapsed = 00:00:14 . Memory (MB): peak = 2052.078 ; gain = 148.375
 Number of Nodes with overlaps = 0

Phase 2.3 Update Timing
Phase 2.3 Update Timing | Checksum: 2c43b243a

Time (s): cpu = 00:00:21 ; elapsed = 00:00:16 . Memory (MB): peak = 2152.422 ; gain = 248.719
INFO: [Route 35-416] Intermediate Timing Summary | WNS=1.277  | TNS=0.000  | WHS=-0.332 | THS=-260.451|


Phase 2.4 Update Timing for Bus Skew

Phase 2.4.1 Update Timing
Phase 2.4.1 Update Timing | Checksum: 21dfb69a8

Time (s): cpu = 00:00:23 ; elapsed = 00:00:17 . Memory (MB): peak = 2152.422 ; gain = 248.719
INFO: [Route 35-416] Intermediate Timing Summary | WNS=1.277  | TNS=0.000  | WHS=-0.250 | THS=-10.478|

Phase 2.4 Update Timing for Bus Skew | Checksum: 2e8f71689

Time (s): cpu = 00:00:24 ; elapsed = 00:00:17 . Memory (MB): peak = 2155.562 ; gain = 251.859

Router Utilization Summary
  Global Vertical Routing Utilization    = 0 %
  Global Horizontal Routing Utilization  = 0 %
  Routable Net Status*
  *Does not include unroutable nets such as driverless and loadless.
  Run report_route_status for detailed report.
  Number of Failed Nets               = 13399
    (Failed Nets is the sum of unrouted and partially routed nets)
  Number of Unrouted Nets             = 13399
  Number of Partially Routed Nets     = 0
  Number of Node Overlaps             = 0

Phase 2 Router Initialization | Checksum: 2353cc155

Time (s): cpu = 00:00:24 ; elapsed = 00:00:17 . Memory (MB): peak = 2207.996 ; gain = 304.293

Phase 3 Global Routing
Phase 3 Global Routing | Checksum: 2353cc155

Time (s): cpu = 00:00:24 ; elapsed = 00:00:17 . Memory (MB): peak = 2207.996 ; gain = 304.293

Phase 4 Initial Routing

Phase 4.1 Initial Net Routing Pass
Phase 4.1 Initial Net Routing Pass | Checksum: 1ae9023f5

Time (s): cpu = 00:00:26 ; elapsed = 00:00:18 . Memory (MB): peak = 2207.996 ; gain = 304.293
Phase 4 Initial Routing | Checksum: 1ae9023f5

Time (s): cpu = 00:00:26 ; elapsed = 00:00:18 . Memory (MB): peak = 2207.996 ; gain = 304.293

Phase 5 Rip-up And Reroute

Phase 5.1 Global Iteration 0
 Number of Nodes with overlaps = 1306
 Number of Nodes with overlaps = 213
 Number of Nodes with overlaps = 74
 Number of Nodes with overlaps = 27
 Number of Nodes with overlaps = 10
 Number of Nodes with overlaps = 8
 Number of Nodes with overlaps = 2
 Number of Nodes with overlaps = 3
 Number of Nodes with overlaps = 0
INFO: [Route 35-416] Intermediate Timing Summary | WNS=0.886  | TNS=0.000  | WHS=N/A    | THS=N/A    |

Phase 5.1 Global Iteration 0 | Checksum: 1f8cff226

Time (s): cpu = 00:00:34 ; elapsed = 00:00:23 . Memory (MB): peak = 2207.996 ; gain = 304.293

Phase 5.2 Global Iteration 1
 Number of Nodes with overlaps = 1
 Number of Nodes with overlaps = 0
INFO: [Route 35-416] Intermediate Timing Summary | WNS=0.886  | TNS=0.000  | WHS=N/A    | THS=N/A    |

Phase 5.2 Global Iteration 1 | Checksum: 23632a96a

Time (s): cpu = 00:00:34 ; elapsed = 00:00:23 . Memory (MB): peak = 2207.996 ; gain = 304.293

Phase 5.3 Global Iteration 2
 Number of Nodes with overlaps = 0
INFO: [Route 35-416] Intermediate Timing Summary | WNS=0.886  | TNS=0.000  | WHS=N/A    | THS=N/A    |

Phase 5.3 Global Iteration 2 | Checksum: 2e68599ad

Time (s): cpu = 00:00:34 ; elapsed = 00:00:23 . Memory (MB): peak = 2207.996 ; gain = 304.293
Phase 5 Rip-up And Reroute | Checksum: 2e68599ad

Time (s): cpu = 00:00:34 ; elapsed = 00:00:23 . Memory (MB): peak = 2207.996 ; gain = 304.293

Phase 6 Delay and Skew Optimization

Phase 6.1 Delay CleanUp
Phase 6.1 Delay CleanUp | Checksum: 2e68599ad

Time (s): cpu = 00:00:34 ; elapsed = 00:00:23 . Memory (MB): peak = 2207.996 ; gain = 304.293

Phase 6.2 Clock Skew Optimization
Phase 6.2 Clock Skew Optimization | Checksum: 2e68599ad

Time (s): cpu = 00:00:34 ; elapsed = 00:00:23 . Memory (MB): peak = 2207.996 ; gain = 304.293
Phase 6 Delay and Skew Optimization | Checksum: 2e68599ad

Time (s): cpu = 00:00:34 ; elapsed = 00:00:23 . Memory (MB): peak = 2207.996 ; gain = 304.293

Phase 7 Post Hold Fix

Phase 7.1 Hold Fix Iter
INFO: [Route 35-416] Intermediate Timing Summary | WNS=0.900  | TNS=0.000  | WHS=0.019  | THS=0.000  |

Phase 7.1 Hold Fix Iter | Checksum: 34b2d5064

Time (s): cpu = 00:00:35 ; elapsed = 00:00:24 . Memory (MB): peak = 2207.996 ; gain = 304.293
Phase 7 Post Hold Fix | Checksum: 34b2d5064

Time (s): cpu = 00:00:35 ; elapsed = 00:00:24 . Memory (MB): peak = 2207.996 ; gain = 304.293

Phase 8 Route finalize

Router Utilization Summary
  Global Vertical Routing Utilization    = 2.31899 %
  Global Horizontal Routing Utilization  = 2.79513 %
  Routable Net Status*
  *Does not include unroutable nets such as driverless and loadless.
  Run report_route_status for detailed report.
  Number of Failed Nets               = 0
    (Failed Nets is the sum of unrouted and partially routed nets)
  Number of Unrouted Nets             = 0
  Number of Partially Routed Nets     = 0
  Number of Node Overlaps             = 0

Phase 8 Route finalize | Checksum: 34b2d5064

Time (s): cpu = 00:00:35 ; elapsed = 00:00:24 . Memory (MB): peak = 2207.996 ; gain = 304.293

Phase 9 Verifying routed nets

 Verification completed successfully
Phase 9 Verifying routed nets | Checksum: 34b2d5064

Time (s): cpu = 00:00:35 ; elapsed = 00:00:24 . Memory (MB): peak = 2207.996 ; gain = 304.293

Phase 10 Depositing Routes
Phase 10 Depositing Routes | Checksum: 2d2ff95f3

Time (s): cpu = 00:00:36 ; elapsed = 00:00:24 . Memory (MB): peak = 2207.996 ; gain = 304.293

Phase 11 Post Process Routing
Phase 11 Post Process Routing | Checksum: 2d2ff95f3

Time (s): cpu = 00:00:36 ; elapsed = 00:00:24 . Memory (MB): peak = 2207.996 ; gain = 304.293

Phase 12 Post Router Timing
INFO: [Route 35-57] Estimated Timing Summary | WNS=0.900  | TNS=0.000  | WHS=0.019  | THS=0.000  |

INFO: [Route 35-327] The final timing numbers are based on the router estimated timing analysis. For a complete and accurate timing signoff, please run report_timing_summary.
Phase 12 Post Router Timing | Checksum: 2d2ff95f3

Time (s): cpu = 00:00:36 ; elapsed = 00:00:24 . Memory (MB): peak = 2207.996 ; gain = 304.293
Total Elapsed time in route_design: 24.326 secs

Phase 13 Post-Route Event Processing
Phase 13 Post-Route Event Processing | Checksum: 109fe88e9

Time (s): cpu = 00:00:36 ; elapsed = 00:00:24 . Memory (MB): peak = 2207.996 ; gain = 304.293
INFO: [Route 35-16] Router Completed Successfully
Ending Routing Task | Checksum: 109fe88e9

Time (s): cpu = 00:00:36 ; elapsed = 00:00:25 . Memory (MB): peak = 2207.996 ; gain = 304.293

Routing Is Done.
INFO: [Common 17-83] Releasing license: Implementation
28 Infos, 0 Warnings, 0 Critical Warnings and 0 Errors encountered.
route_design completed successfully
route_design: Time (s): cpu = 00:00:37 ; elapsed = 00:00:26 . Memory (MB): peak = 2207.996 ; gain = 367.844
INFO: [Vivado 12-24828] Executing command : report_drc -file protection_system_wrapper_drc_routed.rpt -pb protection_system_wrapper_drc_routed.pb -rpx protection_system_wrapper_drc_routed.rpx
Command: report_drc -file protection_system_wrapper_drc_routed.rpt -pb protection_system_wrapper_drc_routed.pb -rpx protection_system_wrapper_drc_routed.rpx
INFO: [IP_Flow 19-234] Refreshing IP repositories
INFO: [IP_Flow 19-1704] No user IP repositories specified
INFO: [IP_Flow 19-2313] Loaded Vivado IP repository '<EXTERNAL_PATH>'.
INFO: [DRC 23-27] Running DRC with 2 threads
INFO: [Vivado_Tcl 2-168] The results of DRC are in file <EXTERNAL_BUILD>/w/project/s1e_e608f8c11cc8.runs/impl_1/protection_system_wrapper_drc_routed.rpt.
report_drc completed successfully
INFO: [Vivado 12-24828] Executing command : report_methodology -file protection_system_wrapper_methodology_drc_routed.rpt -pb protection_system_wrapper_methodology_drc_routed.pb -rpx protection_system_wrapper_methodology_drc_routed.rpx
Command: report_methodology -file protection_system_wrapper_methodology_drc_routed.rpt -pb protection_system_wrapper_methodology_drc_routed.pb -rpx protection_system_wrapper_methodology_drc_routed.rpx
INFO: [Timing 38-35] Done setting XDC timing constraints.
INFO: [DRC 23-133] Running Methodology with 2 threads
INFO: [Vivado_Tcl 2-1520] The results of Report Methodology are in file <EXTERNAL_BUILD>/w/project/s1e_e608f8c11cc8.runs/impl_1/protection_system_wrapper_methodology_drc_routed.rpt.
report_methodology completed successfully
INFO: [Vivado 12-24828] Executing command : report_timing_summary -max_paths 10 -report_unconstrained -file protection_system_wrapper_timing_summary_routed.rpt -pb protection_system_wrapper_timing_summary_routed.pb -rpx protection_system_wrapper_timing_summary_routed.rpx -warn_on_violation 
INFO: [Timing 38-35] Done setting XDC timing constraints.
INFO: [Timing 38-91] UpdateTimingParams: Speed grade: -1, Delay Type: min_max.
INFO: [Timing 38-191] Multithreading enabled for timing update using a maximum of 2 CPUs
WARNING: [Timing 38-436] There are set_bus_skew constraint(s) in this design. Please run report_bus_skew to ensure that bus skew requirements are met.
INFO: [Vivado 12-24838] Running report commands "report_incremental_reuse, report_route_status" in parallel.
Running report generation with 2 threads.
INFO: [Vivado 12-24828] Executing command : report_incremental_reuse -file protection_system_wrapper_incremental_reuse_routed.rpt
INFO: [Vivado_Tcl 4-1062] Incremental flow is disabled. No incremental reuse Info to report.
INFO: [Vivado 12-24828] Executing command : report_route_status -file protection_system_wrapper_route_status.rpt -pb protection_system_wrapper_route_status.pb
INFO: [Vivado 12-24828] Executing command : report_power -file protection_system_wrapper_power_routed.rpt -pb protection_system_wrapper_power_summary_routed.pb -rpx protection_system_wrapper_power_routed.rpx
Command: report_power -file protection_system_wrapper_power_routed.rpt -pb protection_system_wrapper_power_summary_routed.pb -rpx protection_system_wrapper_power_routed.rpx
Running Vector-less Activity Propagation...

Finished Running Vector-less Activity Propagation
47 Infos, 1 Warnings, 0 Critical Warnings and 0 Errors encountered.
report_power completed successfully
INFO: [Vivado 12-24828] Executing command : report_clock_utilization -file protection_system_wrapper_clock_utilization_routed.rpt
WARNING: [Device 21-9320] Failed to find the Oracle tile group with name 'HSR_BOUNDARY_TOP'. This is required for Clock regions and Virtual grid.
WARNING: [Device 21-2174] Failed to initialize Virtual grid.
INFO: [Vivado 12-24828] Executing command : report_bus_skew -warn_on_violation -file protection_system_wrapper_bus_skew_routed.rpt -pb protection_system_wrapper_bus_skew_routed.pb -rpx protection_system_wrapper_bus_skew_routed.rpx
INFO: [Timing 38-91] UpdateTimingParams: Speed grade: -1, Delay Type: min_max.
INFO: [Timing 38-191] Multithreading enabled for timing update using a maximum of 2 CPUs
generate_parallel_reports: Time (s): cpu = 00:00:12 ; elapsed = 00:00:08 . Memory (MB): peak = 2275.723 ; gain = 67.727
INFO: [Timing 38-480] Writing timing data to binary archive.
Write ShapeDB Complete: Time (s): cpu = 00:00:00 ; elapsed = 00:00:00.035 . Memory (MB): peak = 2303.738 ; gain = 10.102
Wrote PlaceDB: Time (s): cpu = 00:00:02 ; elapsed = 00:00:00.680 . Memory (MB): peak = 2312.504 ; gain = 18.773
Wrote PulsedLatchDB: Time (s): cpu = 00:00:00 ; elapsed = 00:00:00 . Memory (MB): peak = 2312.504 ; gain = 0.000
Writing XDEF routing.
Writing XDEF routing logical nets.
Writing XDEF routing special nets.
Wrote RouteStorage: Time (s): cpu = 00:00:00 ; elapsed = 00:00:00.118 . Memory (MB): peak = 2312.504 ; gain = 0.000
Wrote Netlist Cache: Time (s): cpu = 00:00:00 ; elapsed = 00:00:00.015 . Memory (MB): peak = 2312.504 ; gain = 0.000
Wrote Device Cache: Time (s): cpu = 00:00:00 ; elapsed = 00:00:00.009 . Memory (MB): peak = 2312.504 ; gain = 0.000
Write Physdb Complete: Time (s): cpu = 00:00:02 ; elapsed = 00:00:00.830 . Memory (MB): peak = 2312.504 ; gain = 18.773
INFO: [Common 17-1381] The checkpoint '<EXTERNAL_BUILD>/w/project/s1e_e608f8c11cc8.runs/impl_1/protection_system_wrapper_routed.dcp' has been generated.
INFO: [Common 17-206] Exiting Vivado at Wed Sep  9 17:16:41 2026...

*** Running vivado
    with args -log protection_system_wrapper.vdi -applog -m64 -product Vivado -messageDb vivado.pb -mode batch -source protection_system_wrapper.tcl -notrace



****** Vivado v2024.1 (64-bit)
  **** SW Build 5076996 on Wed May 22 18:37:14 MDT 2024
  **** IP Build 5075265 on Wed May 22 21:45:21 MDT 2024
  **** SharedData Build 5076995 on Wed May 22 18:29:18 MDT 2024
  **** Start of session at: Wed Sep  9 17:16:54 2026
    ** Copyright 1986-2022 Xilinx, Inc. All Rights Reserved.
    ** Copyright 2022-2024 Advanced Micro Devices, Inc. All Rights Reserved.

source protection_system_wrapper.tcl -notrace
Command: open_checkpoint protection_system_wrapper_routed.dcp
INFO: [Device 21-403] Loading part xc7z020clg400-1
INFO: [Device 21-9227] Part: xc7z020clg400-1 does not have CEAM library.
Netlist sorting complete. Time (s): cpu = 00:00:00 ; elapsed = 00:00:00.175 . Memory (MB): peak = 1073.211 ; gain = 0.000
INFO: [Netlist 29-17] Analyzing 850 Unisim elements for replacement
INFO: [Netlist 29-28] Unisim Transformation completed in 0 CPU seconds
INFO: [Project 1-479] Netlist was created with Vivado 2024.1
INFO: [Project 1-570] Preparing netlist for logic optimization
Read ShapeDB Complete: Time (s): cpu = 00:00:00 ; elapsed = 00:00:00.033 . Memory (MB): peak = 1210.941 ; gain = 1.730
INFO: [Timing 38-478] Restoring timing data from binary archive.
INFO: [Timing 38-479] Binary timing data restore complete.
INFO: [Project 1-856] Restoring constraints from binary archive.
INFO: [Project 1-853] Binary constraint restore complete.
INFO: [Designutils 20-5722] Start Reading Physical Databases.
Reading placement.
Read Netlist Cache: Time (s): cpu = 00:00:00 ; elapsed = 00:00:00.010 . Memory (MB): peak = 1831.680 ; gain = 0.000
Reading placer database...
Read Device Cache: Time (s): cpu = 00:00:00 ; elapsed = 00:00:00.010 . Memory (MB): peak = 1831.680 ; gain = 0.000
Read PlaceDB: Time (s): cpu = 00:00:00 ; elapsed = 00:00:00.394 . Memory (MB): peak = 1833.000 ; gain = 1.320
Read PulsedLatchDB: Time (s): cpu = 00:00:00 ; elapsed = 00:00:00 . Memory (MB): peak = 1833.000 ; gain = 0.000
Reading routing.
Read RouteStorage: Time (s): cpu = 00:00:00 ; elapsed = 00:00:00.087 . Memory (MB): peak = 1841.441 ; gain = 8.441
Read Physdb Files: Time (s): cpu = 00:00:00 ; elapsed = 00:00:00.513 . Memory (MB): peak = 1841.441 ; gain = 9.762
Restored from archive | CPU: 0.000000 secs | Memory: 0.000000 MB |
Finished XDEF File Restore: Time (s): cpu = 00:00:00 ; elapsed = 00:00:00.544 . Memory (MB): peak = 1841.441 ; gain = 9.762
Netlist sorting complete. Time (s): cpu = 00:00:00 ; elapsed = 00:00:00.003 . Memory (MB): peak = 1841.441 ; gain = 0.000
INFO: [Project 1-111] Unisim Transformation Summary:
  A total of 242 instances were transformed.
  CFGLUT5 => CFGLUT5 (SRL16E, SRLC32E): 236 instances
  RAM32M => RAM32M (RAMD32(x6), RAMS32(x2)): 6 instances

INFO: [Project 1-604] Checkpoint was created with Vivado v2024.1 (64-bit) build 5076996
open_checkpoint: Time (s): cpu = 00:00:14 ; elapsed = 00:00:15 . Memory (MB): peak = 1846.109 ; gain = 1469.074
Command: write_bitstream -force protection_system_wrapper.bit
Attempting to get a license for feature 'Implementation' and/or device 'xc7z020'
INFO: [Common 17-349] Got license for feature 'Implementation' and/or device 'xc7z020'
Running DRC as a precondition to command write_bitstream
INFO: [IP_Flow 19-234] Refreshing IP repositories
INFO: [IP_Flow 19-1704] No user IP repositories specified
INFO: [IP_Flow 19-2313] Loaded Vivado IP repository '<EXTERNAL_PATH>'.
INFO: [DRC 23-27] Running DRC with 2 threads
WARNING: [DRC PDCN-1569] LUT equation term check: Used physical LUT pin 'A1' of cell dbg_hub/inst/BSCANID.u_xsdbm_id/SWITCH_N_EXT_BSCAN.bscan_switch/temp_curid[31]_i_1 (pin dbg_hub/inst/BSCANID.u_xsdbm_id/SWITCH_N_EXT_BSCAN.bscan_switch/temp_curid[31]_i_1/I1) is not included in the LUT equation: 'O5=(A4*A2)+(A4*(~A2)*(~A3))+((~A4))'. If this cell is a user instantiated LUT in the design, please remove connectivity to the pin or change the equation and/or INIT string of the LUT to prevent this issue. If the cell is inferred or IP created LUT, please regenerate the IP and/or resynthesize the design to attempt to correct the issue.
WARNING: [DRC PDCN-1569] LUT equation term check: Used physical LUT pin 'A5' of cell dbg_hub/inst/BSCANID.u_xsdbm_id/SWITCH_N_EXT_BSCAN.bscan_switch/temp_curid[31]_i_1 (pin dbg_hub/inst/BSCANID.u_xsdbm_id/SWITCH_N_EXT_BSCAN.bscan_switch/temp_curid[31]_i_1/I0) is not included in the LUT equation: 'O5=(A4*A2)+(A4*(~A2)*(~A3))+((~A4))'. If this cell is a user instantiated LUT in the design, please remove connectivity to the pin or change the equation and/or INIT string of the LUT to prevent this issue. If the cell is inferred or IP created LUT, please regenerate the IP and/or resynthesize the design to attempt to correct the issue.
WARNING: [DRC PDCN-1569] LUT equation term check: Used physical LUT pin 'A5' of cell dbg_hub/inst/BSCANID.u_xsdbm_id/SWITCH_N_EXT_BSCAN.id_state[0]_i_1 (pin dbg_hub/inst/BSCANID.u_xsdbm_id/SWITCH_N_EXT_BSCAN.id_state[0]_i_1/I0) is not included in the LUT equation: 'O6=(A6+~A6)*((A2))'. If this cell is a user instantiated LUT in the design, please remove connectivity to the pin or change the equation and/or INIT string of the LUT to prevent this issue. If the cell is inferred or IP created LUT, please regenerate the IP and/or resynthesize the design to attempt to correct the issue.
WARNING: [DRC RTSTAT-10] No routable loads: 108 net(s) have no routable loads. The problem bus(es) and/or net(s) are dbg_hub/inst/BSCANID.u_xsdbm_id/SWITCH_N_EXT_BSCAN.bscan_inst/TMS, dbg_hub/inst/BSCANID.u_xsdbm_id/CORE_XSDB.UUT_MASTER/U_ICON_INTERFACE/U_CMD6_RD/U_RD_FIFO/SUBCORE_FIFO.xsdbm_v3_0_2_rdfifo_inst/inst_fifo_gen/gconvfifo.rf/grf.rf/gntv_or_sync_fifo.gl0.rd/gr1.gr1_int.rfwft/aempty_fwft_i, dbg_hub/inst/BSCANID.u_xsdbm_id/CORE_XSDB.UUT_MASTER/U_ICON_INTERFACE/U_CMD7_CTL/ctl_reg[2:0], dbg_hub/inst/BSCANID.u_xsdbm_id/CORE_XSDB.UUT_MASTER/U_ICON_INTERFACE/U_CMD1/ctl_reg_en_2[1], dbg_hub/inst/BSCANID.u_xsdbm_id/CORE_XSDB.UUT_MASTER/U_ICON_INTERFACE/U_CMD7_CTL/ctl_reg_en_2[1], dbg_hub/inst/BSCANID.u_xsdbm_id/SWITCH_N_EXT_BSCAN.bscan_switch/m_bscan_capture[0], dbg_hub/inst/BSCANID.u_xsdbm_id/SWITCH_N_EXT_BSCAN.bscan_switch/m_bscan_drck[0], dbg_hub/inst/BSCANID.u_xsdbm_id/SWITCH_N_EXT_BSCAN.bscan_switch/m_bscan_runtest[0], protection_system_i/smartconnect_0/inst/s00_nodes/s00_aw_node/inst/mi_handler_m_sc_areset_pipe, protection_system_i/smartconnect_0/inst/m00_nodes/m00_w_node/inst/mi_handler_m_sc_areset_pipe, protection_system_i/smartconnect_0/inst/m01_nodes/m01_b_node/inst/mi_handler_m_sc_areset_pipe, protection_system_i/smartconnect_0/inst/s00_nodes/s00_b_node/inst/mi_handler_m_sc_areset_pipe, protection_system_i/smartconnect_0/inst/m01_nodes/m01_r_node/inst/mi_handler_m_sc_areset_pipe, protection_system_i/smartconnect_0/inst/m00_nodes/m00_r_node/inst/mi_handler_m_sc_areset_pipe, protection_system_i/smartconnect_0/inst/m01_nodes/m01_ar_node/inst/mi_handler_m_sc_areset_pipe... and (the first 15 of 51 listed).
INFO: [Vivado 12-3199] DRC finished with 0 Errors, 4 Warnings
INFO: [Vivado 12-3200] Please refer to the DRC report (report_drc) for more information.
INFO: [Designutils 20-2272] Running write_bitstream with 2 threads.
Loading data files...
Loading site data...
Loading route data...
Processing options...
Creating bitmap...
Creating bitstream...
Writing bitstream ./protection_system_wrapper.bit...
INFO: [Vivado 12-1842] Bitgen Completed Successfully.
INFO: [Project 1-1876] WebTalk data collection is mandatory when using a ULT device. To see the specific WebTalk data collected for your design, open the usage_statistics_webtalk.html or usage_statistics_webtalk.xml file in the implementation directory.
INFO: [Common 17-83] Releasing license: Implementation
24 Infos, 4 Warnings, 0 Critical Warnings and 0 Errors encountered.
write_bitstream completed successfully
write_bitstream: Time (s): cpu = 00:00:17 ; elapsed = 00:00:14 . Memory (MB): peak = 2391.465 ; gain = 545.355
INFO: [Common 17-206] Exiting Vivado at Wed Sep  9 17:17:25 2026...
[Wed Sep  9 17:17:26 2026] impl_1 finished
wait_on_runs: Time (s): cpu = 00:00:00 ; elapsed = 00:00:45 . Memory (MB): peak = 1368.340 ; gain = 0.000
INFO: [Device 21-403] Loading part xc7z020clg400-1
INFO: [Device 21-9227] Part: xc7z020clg400-1 does not have CEAM library.
Netlist sorting complete. Time (s): cpu = 00:00:00 ; elapsed = 00:00:00.174 . Memory (MB): peak = 1569.820 ; gain = 0.000
INFO: [Netlist 29-17] Analyzing 850 Unisim elements for replacement
INFO: [Netlist 29-28] Unisim Transformation completed in 1 CPU seconds
INFO: [Project 1-479] Netlist was created with Vivado 2024.1
INFO: [Project 1-570] Preparing netlist for logic optimization
Read ShapeDB Complete: Time (s): cpu = 00:00:00 ; elapsed = 00:00:00.034 . Memory (MB): peak = 1709.668 ; gain = 2.941
INFO: [Timing 38-478] Restoring timing data from binary archive.
INFO: [Timing 38-479] Binary timing data restore complete.
INFO: [Project 1-856] Restoring constraints from binary archive.
INFO: [Project 1-853] Binary constraint restore complete.
INFO: [Designutils 20-5722] Start Reading Physical Databases.
Reading placement.
Read Netlist Cache: Time (s): cpu = 00:00:00 ; elapsed = 00:00:00.010 . Memory (MB): peak = 2338.711 ; gain = 0.000
Reading placer database...
Read Device Cache: Time (s): cpu = 00:00:00 ; elapsed = 00:00:00.011 . Memory (MB): peak = 2338.711 ; gain = 0.000
Read PlaceDB: Time (s): cpu = 00:00:01 ; elapsed = 00:00:00.401 . Memory (MB): peak = 2338.711 ; gain = 0.000
Read PulsedLatchDB: Time (s): cpu = 00:00:00 ; elapsed = 00:00:00 . Memory (MB): peak = 2338.711 ; gain = 0.000
Reading routing.
Read RouteStorage: Time (s): cpu = 00:00:00 ; elapsed = 00:00:00.092 . Memory (MB): peak = 2338.711 ; gain = 0.000
Read Physdb Files: Time (s): cpu = 00:00:01 ; elapsed = 00:00:00.526 . Memory (MB): peak = 2338.711 ; gain = 0.000
Restored from archive | CPU: 1.000000 secs | Memory: 0.000000 MB |
Finished XDEF File Restore: Time (s): cpu = 00:00:01 ; elapsed = 00:00:00.561 . Memory (MB): peak = 2338.711 ; gain = 2.922
Netlist sorting complete. Time (s): cpu = 00:00:00 ; elapsed = 00:00:00.003 . Memory (MB): peak = 2338.711 ; gain = 0.000
INFO: [Project 1-111] Unisim Transformation Summary:
  A total of 242 instances were transformed.
  CFGLUT5 => CFGLUT5 (SRL16E, SRLC32E): 236 instances
  RAM32M => RAM32M (RAMD32(x6), RAMS32(x2)): 6 instances

open_run: Time (s): cpu = 00:00:09 ; elapsed = 00:00:09 . Memory (MB): peak = 2338.711 ; gain = 970.371
INFO: [Project 1-1918] Creating Hardware Platform: <EXTERNAL_BUILD>/v/artifacts/protection_system.xsa ...
INFO: [Project 1-1943] The Hardware Platform can be used for Hardware
INFO: [Project 1-1941] Successfully created Hardware Platform: <EXTERNAL_BUILD>/v/artifacts/protection_system.xsa
INFO: [Hsi 55-2053] elapsed time for repository (<EXTERNAL_PATH>) loading 1 seconds
write_hw_platform: Time (s): cpu = 00:00:08 ; elapsed = 00:00:09 . Memory (MB): peak = 2567.820 ; gain = 229.109
INFO: [Timing 38-91] UpdateTimingParams: Speed grade: -1, Delay Type: min_max.
INFO: [Timing 38-191] Multithreading enabled for timing update using a maximum of 2 CPUs
WARNING: [Timing 38-436] There are set_bus_skew constraint(s) in this design. Please run report_bus_skew to ensure that bus skew requirements are met.
INFO: [Timing 38-91] UpdateTimingParams: Speed grade: -1, Delay Type: max.
INFO: [Timing 38-191] Multithreading enabled for timing update using a maximum of 2 CPUs
INFO: [Timing 38-78] ReportTimingParams: -max_paths 100 -nworst 1 -delay_type max -sort_by group.
INFO: [Timing 38-91] UpdateTimingParams: Speed grade: -1, Delay Type: max.
INFO: [Timing 38-191] Multithreading enabled for timing update using a maximum of 2 CPUs
WARNING: [Timing 38-164] This design has multiple clocks. Inter clock paths are considered valid unless explicitly excluded by timing constraints such as set_clock_groups or set_false_path.
INFO: [Timing 38-91] UpdateTimingParams: Speed grade: -1, Delay Type: min_max.
INFO: [Timing 38-191] Multithreading enabled for timing update using a maximum of 2 CPUs
INFO: [Timing 38-35] Done setting XDC timing constraints.
INFO: [Timing 38-35] Done setting XDC timing constraints.
INFO: [Timing 38-91] UpdateTimingParams: Speed grade: -1, Delay Type: min_max.
INFO: [Timing 38-191] Multithreading enabled for timing update using a maximum of 2 CPUs
INFO: [Timing 38-35] Done setting XDC timing constraints.
INFO: [Timing 38-35] Done setting XDC timing constraints.
INFO: [Timing 38-91] UpdateTimingParams: Speed grade: -1, Delay Type: min_max.
INFO: [Timing 38-191] Multithreading enabled for timing update using a maximum of 2 CPUs
Command: report_drc -file <EXTERNAL_BUILD>/v/reports/drc.rpt
INFO: [IP_Flow 19-1839] IP Catalog is up to date.
INFO: [DRC 23-27] Running DRC with 2 threads
INFO: [Vivado_Tcl 2-168] The results of DRC are in file <EXTERNAL_BUILD>/v/reports/drc.rpt.
report_drc completed successfully
Command: report_methodology -file <EXTERNAL_BUILD>/v/reports/methodology.rpt
INFO: [Timing 38-35] Done setting XDC timing constraints.
INFO: [DRC 23-133] Running Methodology with 2 threads
INFO: [Vivado_Tcl 2-1520] The results of Report Methodology are in file <EXTERNAL_BUILD>/v/reports/methodology.rpt.
report_methodology completed successfully
INFO: [Timing 38-91] UpdateTimingParams: No interconnect No Cell Dly, Speed grade: -1, Delay Type: min_max.
INFO: [Timing 38-191] Multithreading enabled for timing update using a maximum of 2 CPUs
INFO: [Timing 38-35] Done setting XDC timing constraints.
INFO: [Timing 38-433] Consider using Xilinx recommended XPM_CDC modules to avoid Critical severities
INFO: [Timing 38-314] The report_cdc command only analyzes and reports clock domain crossing paths where clocks have been defined on both source and destination sides. Ports with no input delay constraint are skipped. Please run check_timing to verify there are no missing clock definitions in your design, nor any unconstrained input port.
INFO: [Common 17-206] Exiting Vivado at Wed Sep  9 17:17:57 2026...
