Copyright 1986-2022 Xilinx, Inc. All Rights Reserved. Copyright 2022-2024 Advanced Micro Devices, Inc. All Rights Reserved.
--------------------------------------------------------------------------------------------------------------------------------------------------------------------------------------------------------------------------------------------------------------------------------------------------------------------------------------------------------------------------
| Tool Version : Vivado v.2024.1 (win64) Build 5076996 Wed May 22 18:37:14 MDT 2024
| Date         : Wed Sep  9 17:18:43 2026
| Host         : illusion running 64-bit major release  (build 9200)
| Command      : report_timing -from [get_cells -quiet -hier -regexp {(^|.*/)u_adc_sample_cdc_bridge/u_fifo/mem_reg\[4\]\[[0-9]+\]$}] -to [get_cells -quiet -hier -regexp {(^|.*/)u_adc_sample_cdc_bridge/destination_data_reg\[[0-9]+\]$}] -delay_type max -max_paths 57 -nworst 1 -file <EXTERNAL_BUILD>/fifo-routed-audit/payload_word_4.rpt
| Design       : protection_system_wrapper
| Device       : 7z020-clg400
| Speed File   : -1  PRODUCTION 1.12 2019-11-22
| Design State : Routed
--------------------------------------------------------------------------------------------------------------------------------------------------------------------------------------------------------------------------------------------------------------------------------------------------------------------------------------------------------------------------

Timing Report

Slack (MET) :             4.702ns  (required time - arrival time)
  Source:                 protection_system_i/protection_ip_axi_lite_0/inst/u_adc_sample_cdc_bridge/u_fifo/mem_reg[4][35]/C
                            (rising edge-triggered cell FDRE clocked by clk_fpga_1  {rise@0.000ns fall@4.000ns period=8.000ns})
  Destination:            protection_system_i/protection_ip_axi_lite_0/inst/u_adc_sample_cdc_bridge/destination_data_reg[35]/D
                            (rising edge-triggered cell FDCE clocked by clk_fpga_0  {rise@0.000ns fall@5.000ns period=10.000ns})
  Path Group:             clk_fpga_0
  Path Type:              Setup (Max at Slow Process Corner)
  Requirement:            8.000ns  (MaxDelay Path 8.000ns)
  Data Path Delay:        3.375ns  (logic 1.158ns (34.311%)  route 2.217ns (65.689%))
  Logic Levels:           3  (LUT3=1 LUT6=1 MUXF7=1)
  Timing Exception:       MaxDelay Path 8.000ns -datapath_only

    Location             Delay type                Incr(ns)  Path(ns)    Netlist Resource(s)
  -------------------------------------------------------------------    -------------------
    SLICE_X82Y90                                      0.000     0.000 r  protection_system_i/protection_ip_axi_lite_0/inst/u_adc_sample_cdc_bridge/u_fifo/mem_reg[4][35]/C
    SLICE_X82Y90         FDRE (Prop_fdre_C_Q)         0.518     0.518 r  protection_system_i/protection_ip_axi_lite_0/inst/u_adc_sample_cdc_bridge/u_fifo/mem_reg[4][35]/Q
                         net (fo=1, routed)           0.869     1.387    protection_system_i/protection_ip_axi_lite_0/inst/u_adc_sample_cdc_bridge/u_fifo/mem_reg[4][35]
    SLICE_X85Y90         LUT6 (Prop_lut6_I5_O)        0.124     1.511 r  protection_system_i/protection_ip_axi_lite_0/inst/u_adc_sample_cdc_bridge/u_fifo/rd_data[35]_INST_0_i_2/O
                         net (fo=1, routed)           0.000     1.511    protection_system_i/protection_ip_axi_lite_0/inst/u_adc_sample_cdc_bridge/u_fifo/rd_data[35]_INST_0_i_2_n_0
    SLICE_X85Y90         MUXF7 (Prop_muxf7_I1_O)      0.217     1.728 r  protection_system_i/protection_ip_axi_lite_0/inst/u_adc_sample_cdc_bridge/u_fifo/rd_data[35]_INST_0/O
                         net (fo=1, routed)           1.348     3.076    protection_system_i/protection_ip_axi_lite_0/inst/u_adc_sample_cdc_bridge/u_fifo_n_24
    SLICE_X66Y86         LUT3 (Prop_lut3_I1_O)        0.299     3.375 r  protection_system_i/protection_ip_axi_lite_0/inst/u_adc_sample_cdc_bridge/destination_data[35]_i_1/O
                         net (fo=1, routed)           0.000     3.375    protection_system_i/protection_ip_axi_lite_0/inst/u_adc_sample_cdc_bridge/destination_data[35]_i_1_n_0
    SLICE_X66Y86         FDCE                                         r  protection_system_i/protection_ip_axi_lite_0/inst/u_adc_sample_cdc_bridge/destination_data_reg[35]/D
  -------------------------------------------------------------------    -------------------

                         max delay                    8.000     8.000    
    SLICE_X66Y86         FDCE (Setup_fdce_C_D)        0.077     8.077    protection_system_i/protection_ip_axi_lite_0/inst/u_adc_sample_cdc_bridge/destination_data_reg[35]
  -------------------------------------------------------------------
                         required time                          8.077    
                         arrival time                          -3.375    
  -------------------------------------------------------------------
                         slack                                  4.702    

Slack (MET) :             4.783ns  (required time - arrival time)
  Source:                 protection_system_i/protection_ip_axi_lite_0/inst/u_adc_sample_cdc_bridge/u_fifo/mem_reg[4][36]/C
                            (rising edge-triggered cell FDRE clocked by clk_fpga_1  {rise@0.000ns fall@4.000ns period=8.000ns})
  Destination:            protection_system_i/protection_ip_axi_lite_0/inst/u_adc_sample_cdc_bridge/destination_data_reg[36]/D
                            (rising edge-triggered cell FDCE clocked by clk_fpga_0  {rise@0.000ns fall@5.000ns period=10.000ns})
  Path Group:             clk_fpga_0
  Path Type:              Setup (Max at Slow Process Corner)
  Requirement:            8.000ns  (MaxDelay Path 8.000ns)
  Data Path Delay:        3.294ns  (logic 1.185ns (35.973%)  route 2.109ns (64.027%))
  Logic Levels:           3  (LUT3=1 LUT6=1 MUXF7=1)
  Timing Exception:       MaxDelay Path 8.000ns -datapath_only

    Location             Delay type                Incr(ns)  Path(ns)    Netlist Resource(s)
  -------------------------------------------------------------------    -------------------
    SLICE_X82Y90                                      0.000     0.000 r  protection_system_i/protection_ip_axi_lite_0/inst/u_adc_sample_cdc_bridge/u_fifo/mem_reg[4][36]/C
    SLICE_X82Y90         FDRE (Prop_fdre_C_Q)         0.518     0.518 r  protection_system_i/protection_ip_axi_lite_0/inst/u_adc_sample_cdc_bridge/u_fifo/mem_reg[4][36]/Q
                         net (fo=1, routed)           0.859     1.377    protection_system_i/protection_ip_axi_lite_0/inst/u_adc_sample_cdc_bridge/u_fifo/mem_reg[4][36]
    SLICE_X85Y90         LUT6 (Prop_lut6_I5_O)        0.124     1.501 r  protection_system_i/protection_ip_axi_lite_0/inst/u_adc_sample_cdc_bridge/u_fifo/rd_data[36]_INST_0_i_2/O
                         net (fo=1, routed)           0.000     1.501    protection_system_i/protection_ip_axi_lite_0/inst/u_adc_sample_cdc_bridge/u_fifo/rd_data[36]_INST_0_i_2_n_0
    SLICE_X85Y90         MUXF7 (Prop_muxf7_I1_O)      0.245     1.746 r  protection_system_i/protection_ip_axi_lite_0/inst/u_adc_sample_cdc_bridge/u_fifo/rd_data[36]_INST_0/O
                         net (fo=1, routed)           1.250     2.996    protection_system_i/protection_ip_axi_lite_0/inst/u_adc_sample_cdc_bridge/u_fifo_n_23
    SLICE_X66Y88         LUT3 (Prop_lut3_I1_O)        0.298     3.294 r  protection_system_i/protection_ip_axi_lite_0/inst/u_adc_sample_cdc_bridge/destination_data[36]_i_1/O
                         net (fo=1, routed)           0.000     3.294    protection_system_i/protection_ip_axi_lite_0/inst/u_adc_sample_cdc_bridge/destination_data[36]_i_1_n_0
    SLICE_X66Y88         FDCE                                         r  protection_system_i/protection_ip_axi_lite_0/inst/u_adc_sample_cdc_bridge/destination_data_reg[36]/D
  -------------------------------------------------------------------    -------------------

                         max delay                    8.000     8.000    
    SLICE_X66Y88         FDCE (Setup_fdce_C_D)        0.077     8.077    protection_system_i/protection_ip_axi_lite_0/inst/u_adc_sample_cdc_bridge/destination_data_reg[36]
  -------------------------------------------------------------------
                         required time                          8.077    
                         arrival time                          -3.294    
  -------------------------------------------------------------------
                         slack                                  4.783    

Slack (MET) :             4.876ns  (required time - arrival time)
  Source:                 protection_system_i/protection_ip_axi_lite_0/inst/u_adc_sample_cdc_bridge/u_fifo/mem_reg[4][39]/C
                            (rising edge-triggered cell FDRE clocked by clk_fpga_1  {rise@0.000ns fall@4.000ns period=8.000ns})
  Destination:            protection_system_i/protection_ip_axi_lite_0/inst/u_adc_sample_cdc_bridge/destination_data_reg[39]/D
                            (rising edge-triggered cell FDCE clocked by clk_fpga_0  {rise@0.000ns fall@5.000ns period=10.000ns})
  Path Group:             clk_fpga_0
  Path Type:              Setup (Max at Slow Process Corner)
  Requirement:            8.000ns  (MaxDelay Path 8.000ns)
  Data Path Delay:        3.203ns  (logic 1.185ns (36.993%)  route 2.018ns (63.007%))
  Logic Levels:           3  (LUT3=1 LUT6=1 MUXF7=1)
  Timing Exception:       MaxDelay Path 8.000ns -datapath_only

    Location             Delay type                Incr(ns)  Path(ns)    Netlist Resource(s)
  -------------------------------------------------------------------    -------------------
    SLICE_X86Y91                                      0.000     0.000 r  protection_system_i/protection_ip_axi_lite_0/inst/u_adc_sample_cdc_bridge/u_fifo/mem_reg[4][39]/C
    SLICE_X86Y91         FDRE (Prop_fdre_C_Q)         0.518     0.518 r  protection_system_i/protection_ip_axi_lite_0/inst/u_adc_sample_cdc_bridge/u_fifo/mem_reg[4][39]/Q
                         net (fo=1, routed)           0.579     1.097    protection_system_i/protection_ip_axi_lite_0/inst/u_adc_sample_cdc_bridge/u_fifo/mem_reg[4][39]
    SLICE_X85Y91         LUT6 (Prop_lut6_I5_O)        0.124     1.221 r  protection_system_i/protection_ip_axi_lite_0/inst/u_adc_sample_cdc_bridge/u_fifo/rd_data[39]_INST_0_i_2/O
                         net (fo=1, routed)           0.000     1.221    protection_system_i/protection_ip_axi_lite_0/inst/u_adc_sample_cdc_bridge/u_fifo/rd_data[39]_INST_0_i_2_n_0
    SLICE_X85Y91         MUXF7 (Prop_muxf7_I1_O)      0.245     1.466 r  protection_system_i/protection_ip_axi_lite_0/inst/u_adc_sample_cdc_bridge/u_fifo/rd_data[39]_INST_0/O
                         net (fo=1, routed)           1.440     2.905    protection_system_i/protection_ip_axi_lite_0/inst/u_adc_sample_cdc_bridge/u_fifo_n_20
    SLICE_X66Y88         LUT3 (Prop_lut3_I1_O)        0.298     3.203 r  protection_system_i/protection_ip_axi_lite_0/inst/u_adc_sample_cdc_bridge/destination_data[39]_i_1/O
                         net (fo=1, routed)           0.000     3.203    protection_system_i/protection_ip_axi_lite_0/inst/u_adc_sample_cdc_bridge/destination_data[39]_i_1_n_0
    SLICE_X66Y88         FDCE                                         r  protection_system_i/protection_ip_axi_lite_0/inst/u_adc_sample_cdc_bridge/destination_data_reg[39]/D
  -------------------------------------------------------------------    -------------------

                         max delay                    8.000     8.000    
    SLICE_X66Y88         FDCE (Setup_fdce_C_D)        0.079     8.079    protection_system_i/protection_ip_axi_lite_0/inst/u_adc_sample_cdc_bridge/destination_data_reg[39]
  -------------------------------------------------------------------
                         required time                          8.079    
                         arrival time                          -3.203    
  -------------------------------------------------------------------
                         slack                                  4.876    

Slack (MET) :             4.929ns  (required time - arrival time)
  Source:                 protection_system_i/protection_ip_axi_lite_0/inst/u_adc_sample_cdc_bridge/u_fifo/mem_reg[4][38]/C
                            (rising edge-triggered cell FDRE clocked by clk_fpga_1  {rise@0.000ns fall@4.000ns period=8.000ns})
  Destination:            protection_system_i/protection_ip_axi_lite_0/inst/u_adc_sample_cdc_bridge/destination_data_reg[38]/D
                            (rising edge-triggered cell FDCE clocked by clk_fpga_0  {rise@0.000ns fall@5.000ns period=10.000ns})
  Path Group:             clk_fpga_0
  Path Type:              Setup (Max at Slow Process Corner)
  Requirement:            8.000ns  (MaxDelay Path 8.000ns)
  Data Path Delay:        3.148ns  (logic 1.158ns (36.783%)  route 1.990ns (63.217%))
  Logic Levels:           3  (LUT3=1 LUT6=1 MUXF7=1)
  Timing Exception:       MaxDelay Path 8.000ns -datapath_only

    Location             Delay type                Incr(ns)  Path(ns)    Netlist Resource(s)
  -------------------------------------------------------------------    -------------------
    SLICE_X86Y91                                      0.000     0.000 r  protection_system_i/protection_ip_axi_lite_0/inst/u_adc_sample_cdc_bridge/u_fifo/mem_reg[4][38]/C
    SLICE_X86Y91         FDRE (Prop_fdre_C_Q)         0.518     0.518 r  protection_system_i/protection_ip_axi_lite_0/inst/u_adc_sample_cdc_bridge/u_fifo/mem_reg[4][38]/Q
                         net (fo=1, routed)           0.643     1.161    protection_system_i/protection_ip_axi_lite_0/inst/u_adc_sample_cdc_bridge/u_fifo/mem_reg[4][38]
    SLICE_X85Y91         LUT6 (Prop_lut6_I5_O)        0.124     1.285 r  protection_system_i/protection_ip_axi_lite_0/inst/u_adc_sample_cdc_bridge/u_fifo/rd_data[38]_INST_0_i_2/O
                         net (fo=1, routed)           0.000     1.285    protection_system_i/protection_ip_axi_lite_0/inst/u_adc_sample_cdc_bridge/u_fifo/rd_data[38]_INST_0_i_2_n_0
    SLICE_X85Y91         MUXF7 (Prop_muxf7_I1_O)      0.217     1.502 r  protection_system_i/protection_ip_axi_lite_0/inst/u_adc_sample_cdc_bridge/u_fifo/rd_data[38]_INST_0/O
                         net (fo=1, routed)           1.348     2.849    protection_system_i/protection_ip_axi_lite_0/inst/u_adc_sample_cdc_bridge/u_fifo_n_21
    SLICE_X66Y87         LUT3 (Prop_lut3_I1_O)        0.299     3.148 r  protection_system_i/protection_ip_axi_lite_0/inst/u_adc_sample_cdc_bridge/destination_data[38]_i_1/O
                         net (fo=1, routed)           0.000     3.148    protection_system_i/protection_ip_axi_lite_0/inst/u_adc_sample_cdc_bridge/destination_data[38]_i_1_n_0
    SLICE_X66Y87         FDCE                                         r  protection_system_i/protection_ip_axi_lite_0/inst/u_adc_sample_cdc_bridge/destination_data_reg[38]/D
  -------------------------------------------------------------------    -------------------

                         max delay                    8.000     8.000    
    SLICE_X66Y87         FDCE (Setup_fdce_C_D)        0.077     8.077    protection_system_i/protection_ip_axi_lite_0/inst/u_adc_sample_cdc_bridge/destination_data_reg[38]
  -------------------------------------------------------------------
                         required time                          8.077    
                         arrival time                          -3.148    
  -------------------------------------------------------------------
                         slack                                  4.929    

Slack (MET) :             4.929ns  (required time - arrival time)
  Source:                 protection_system_i/protection_ip_axi_lite_0/inst/u_adc_sample_cdc_bridge/u_fifo/mem_reg[4][19]/C
                            (rising edge-triggered cell FDRE clocked by clk_fpga_1  {rise@0.000ns fall@4.000ns period=8.000ns})
  Destination:            protection_system_i/protection_ip_axi_lite_0/inst/u_adc_sample_cdc_bridge/destination_data_reg[19]/D
                            (rising edge-triggered cell FDCE clocked by clk_fpga_0  {rise@0.000ns fall@5.000ns period=10.000ns})
  Path Group:             clk_fpga_0
  Path Type:              Setup (Max at Slow Process Corner)
  Requirement:            8.000ns  (MaxDelay Path 8.000ns)
  Data Path Delay:        3.102ns  (logic 1.187ns (38.268%)  route 1.915ns (61.732%))
  Logic Levels:           3  (LUT3=1 LUT6=1 MUXF7=1)
  Timing Exception:       MaxDelay Path 8.000ns -datapath_only

    Location             Delay type                Incr(ns)  Path(ns)    Netlist Resource(s)
  -------------------------------------------------------------------    -------------------
    SLICE_X54Y72                                      0.000     0.000 r  protection_system_i/protection_ip_axi_lite_0/inst/u_adc_sample_cdc_bridge/u_fifo/mem_reg[4][19]/C
    SLICE_X54Y72         FDRE (Prop_fdre_C_Q)         0.518     0.518 r  protection_system_i/protection_ip_axi_lite_0/inst/u_adc_sample_cdc_bridge/u_fifo/mem_reg[4][19]/Q
                         net (fo=1, routed)           0.810     1.328    protection_system_i/protection_ip_axi_lite_0/inst/u_adc_sample_cdc_bridge/u_fifo/mem_reg[4][19]
    SLICE_X54Y73         LUT6 (Prop_lut6_I5_O)        0.124     1.452 r  protection_system_i/protection_ip_axi_lite_0/inst/u_adc_sample_cdc_bridge/u_fifo/rd_data[19]_INST_0_i_2/O
                         net (fo=1, routed)           0.000     1.452    protection_system_i/protection_ip_axi_lite_0/inst/u_adc_sample_cdc_bridge/u_fifo/rd_data[19]_INST_0_i_2_n_0
    SLICE_X54Y73         MUXF7 (Prop_muxf7_I1_O)      0.247     1.699 r  protection_system_i/protection_ip_axi_lite_0/inst/u_adc_sample_cdc_bridge/u_fifo/rd_data[19]_INST_0/O
                         net (fo=1, routed)           1.105     2.804    protection_system_i/protection_ip_axi_lite_0/inst/u_adc_sample_cdc_bridge/u_fifo_n_40
    SLICE_X48Y78         LUT3 (Prop_lut3_I1_O)        0.298     3.102 r  protection_system_i/protection_ip_axi_lite_0/inst/u_adc_sample_cdc_bridge/destination_data[19]_i_1/O
                         net (fo=1, routed)           0.000     3.102    protection_system_i/protection_ip_axi_lite_0/inst/u_adc_sample_cdc_bridge/destination_data[19]_i_1_n_0
    SLICE_X48Y78         FDCE                                         r  protection_system_i/protection_ip_axi_lite_0/inst/u_adc_sample_cdc_bridge/destination_data_reg[19]/D
  -------------------------------------------------------------------    -------------------

                         max delay                    8.000     8.000    
    SLICE_X48Y78         FDCE (Setup_fdce_C_D)        0.031     8.031    protection_system_i/protection_ip_axi_lite_0/inst/u_adc_sample_cdc_bridge/destination_data_reg[19]
  -------------------------------------------------------------------
                         required time                          8.031    
                         arrival time                          -3.102    
  -------------------------------------------------------------------
                         slack                                  4.929    

Slack (MET) :             5.034ns  (required time - arrival time)
  Source:                 protection_system_i/protection_ip_axi_lite_0/inst/u_adc_sample_cdc_bridge/u_fifo/mem_reg[4][6]/C
                            (rising edge-triggered cell FDRE clocked by clk_fpga_1  {rise@0.000ns fall@4.000ns period=8.000ns})
  Destination:            protection_system_i/protection_ip_axi_lite_0/inst/u_adc_sample_cdc_bridge/destination_data_reg[6]/D
                            (rising edge-triggered cell FDCE clocked by clk_fpga_0  {rise@0.000ns fall@5.000ns period=10.000ns})
  Path Group:             clk_fpga_0
  Path Type:              Setup (Max at Slow Process Corner)
  Requirement:            8.000ns  (MaxDelay Path 8.000ns)
  Data Path Delay:        2.997ns  (logic 1.123ns (37.468%)  route 1.874ns (62.532%))
  Logic Levels:           3  (LUT3=1 LUT6=1 MUXF7=1)
  Timing Exception:       MaxDelay Path 8.000ns -datapath_only

    Location             Delay type                Incr(ns)  Path(ns)    Netlist Resource(s)
  -------------------------------------------------------------------    -------------------
    SLICE_X60Y75                                      0.000     0.000 r  protection_system_i/protection_ip_axi_lite_0/inst/u_adc_sample_cdc_bridge/u_fifo/mem_reg[4][6]/C
    SLICE_X60Y75         FDRE (Prop_fdre_C_Q)         0.456     0.456 r  protection_system_i/protection_ip_axi_lite_0/inst/u_adc_sample_cdc_bridge/u_fifo/mem_reg[4][6]/Q
                         net (fo=1, routed)           0.843     1.299    protection_system_i/protection_ip_axi_lite_0/inst/u_adc_sample_cdc_bridge/u_fifo/mem_reg[4][6]
    SLICE_X60Y74         LUT6 (Prop_lut6_I5_O)        0.124     1.423 r  protection_system_i/protection_ip_axi_lite_0/inst/u_adc_sample_cdc_bridge/u_fifo/rd_data[6]_INST_0_i_2/O
                         net (fo=1, routed)           0.000     1.423    protection_system_i/protection_ip_axi_lite_0/inst/u_adc_sample_cdc_bridge/u_fifo/rd_data[6]_INST_0_i_2_n_0
    SLICE_X60Y74         MUXF7 (Prop_muxf7_I1_O)      0.245     1.668 r  protection_system_i/protection_ip_axi_lite_0/inst/u_adc_sample_cdc_bridge/u_fifo/rd_data[6]_INST_0/O
                         net (fo=1, routed)           1.031     2.699    protection_system_i/protection_ip_axi_lite_0/inst/u_adc_sample_cdc_bridge/u_fifo_n_53
    SLICE_X57Y78         LUT3 (Prop_lut3_I1_O)        0.298     2.997 r  protection_system_i/protection_ip_axi_lite_0/inst/u_adc_sample_cdc_bridge/destination_data[6]_i_1/O
                         net (fo=1, routed)           0.000     2.997    protection_system_i/protection_ip_axi_lite_0/inst/u_adc_sample_cdc_bridge/destination_data[6]_i_1_n_0
    SLICE_X57Y78         FDCE                                         r  protection_system_i/protection_ip_axi_lite_0/inst/u_adc_sample_cdc_bridge/destination_data_reg[6]/D
  -------------------------------------------------------------------    -------------------

                         max delay                    8.000     8.000    
    SLICE_X57Y78         FDCE (Setup_fdce_C_D)        0.031     8.031    protection_system_i/protection_ip_axi_lite_0/inst/u_adc_sample_cdc_bridge/destination_data_reg[6]
  -------------------------------------------------------------------
                         required time                          8.031    
                         arrival time                          -2.997    
  -------------------------------------------------------------------
                         slack                                  5.034    

Slack (MET) :             5.044ns  (required time - arrival time)
  Source:                 protection_system_i/protection_ip_axi_lite_0/inst/u_adc_sample_cdc_bridge/u_fifo/mem_reg[4][1]/C
                            (rising edge-triggered cell FDRE clocked by clk_fpga_1  {rise@0.000ns fall@4.000ns period=8.000ns})
  Destination:            protection_system_i/protection_ip_axi_lite_0/inst/u_adc_sample_cdc_bridge/destination_data_reg[1]/D
                            (rising edge-triggered cell FDCE clocked by clk_fpga_0  {rise@0.000ns fall@5.000ns period=10.000ns})
  Path Group:             clk_fpga_0
  Path Type:              Setup (Max at Slow Process Corner)
  Requirement:            8.000ns  (MaxDelay Path 8.000ns)
  Data Path Delay:        2.985ns  (logic 1.158ns (38.800%)  route 1.827ns (61.200%))
  Logic Levels:           3  (LUT3=1 LUT6=1 MUXF7=1)
  Timing Exception:       MaxDelay Path 8.000ns -datapath_only

    Location             Delay type                Incr(ns)  Path(ns)    Netlist Resource(s)
  -------------------------------------------------------------------    -------------------
    SLICE_X58Y73                                      0.000     0.000 r  protection_system_i/protection_ip_axi_lite_0/inst/u_adc_sample_cdc_bridge/u_fifo/mem_reg[4][1]/C
    SLICE_X58Y73         FDRE (Prop_fdre_C_Q)         0.518     0.518 r  protection_system_i/protection_ip_axi_lite_0/inst/u_adc_sample_cdc_bridge/u_fifo/mem_reg[4][1]/Q
                         net (fo=1, routed)           0.640     1.158    protection_system_i/protection_ip_axi_lite_0/inst/u_adc_sample_cdc_bridge/u_fifo/mem_reg[4][1]
    SLICE_X57Y74         LUT6 (Prop_lut6_I5_O)        0.124     1.282 r  protection_system_i/protection_ip_axi_lite_0/inst/u_adc_sample_cdc_bridge/u_fifo/rd_data[1]_INST_0_i_2/O
                         net (fo=1, routed)           0.000     1.282    protection_system_i/protection_ip_axi_lite_0/inst/u_adc_sample_cdc_bridge/u_fifo/rd_data[1]_INST_0_i_2_n_0
    SLICE_X57Y74         MUXF7 (Prop_muxf7_I1_O)      0.217     1.499 r  protection_system_i/protection_ip_axi_lite_0/inst/u_adc_sample_cdc_bridge/u_fifo/rd_data[1]_INST_0/O
                         net (fo=1, routed)           1.186     2.686    protection_system_i/protection_ip_axi_lite_0/inst/u_adc_sample_cdc_bridge/u_fifo_n_58
    SLICE_X57Y80         LUT3 (Prop_lut3_I1_O)        0.299     2.985 r  protection_system_i/protection_ip_axi_lite_0/inst/u_adc_sample_cdc_bridge/destination_data[1]_i_1/O
                         net (fo=1, routed)           0.000     2.985    protection_system_i/protection_ip_axi_lite_0/inst/u_adc_sample_cdc_bridge/destination_data[1]_i_1_n_0
    SLICE_X57Y80         FDCE                                         r  protection_system_i/protection_ip_axi_lite_0/inst/u_adc_sample_cdc_bridge/destination_data_reg[1]/D
  -------------------------------------------------------------------    -------------------

                         max delay                    8.000     8.000    
    SLICE_X57Y80         FDCE (Setup_fdce_C_D)        0.029     8.029    protection_system_i/protection_ip_axi_lite_0/inst/u_adc_sample_cdc_bridge/destination_data_reg[1]
  -------------------------------------------------------------------
                         required time                          8.029    
                         arrival time                          -2.985    
  -------------------------------------------------------------------
                         slack                                  5.044    

Slack (MET) :             5.051ns  (required time - arrival time)
  Source:                 protection_system_i/protection_ip_axi_lite_0/inst/u_adc_sample_cdc_bridge/u_fifo/mem_reg[4][2]/C
                            (rising edge-triggered cell FDRE clocked by clk_fpga_1  {rise@0.000ns fall@4.000ns period=8.000ns})
  Destination:            protection_system_i/protection_ip_axi_lite_0/inst/u_adc_sample_cdc_bridge/destination_data_reg[2]/D
                            (rising edge-triggered cell FDCE clocked by clk_fpga_0  {rise@0.000ns fall@5.000ns period=10.000ns})
  Path Group:             clk_fpga_0
  Path Type:              Setup (Max at Slow Process Corner)
  Requirement:            8.000ns  (MaxDelay Path 8.000ns)
  Data Path Delay:        3.030ns  (logic 1.185ns (39.110%)  route 1.845ns (60.890%))
  Logic Levels:           3  (LUT3=1 LUT6=1 MUXF7=1)
  Timing Exception:       MaxDelay Path 8.000ns -datapath_only

    Location             Delay type                Incr(ns)  Path(ns)    Netlist Resource(s)
  -------------------------------------------------------------------    -------------------
    SLICE_X58Y73                                      0.000     0.000 r  protection_system_i/protection_ip_axi_lite_0/inst/u_adc_sample_cdc_bridge/u_fifo/mem_reg[4][2]/C
    SLICE_X58Y73         FDRE (Prop_fdre_C_Q)         0.518     0.518 r  protection_system_i/protection_ip_axi_lite_0/inst/u_adc_sample_cdc_bridge/u_fifo/mem_reg[4][2]/Q
                         net (fo=1, routed)           0.813     1.331    protection_system_i/protection_ip_axi_lite_0/inst/u_adc_sample_cdc_bridge/u_fifo/mem_reg[4][2]
    SLICE_X57Y74         LUT6 (Prop_lut6_I5_O)        0.124     1.455 r  protection_system_i/protection_ip_axi_lite_0/inst/u_adc_sample_cdc_bridge/u_fifo/rd_data[2]_INST_0_i_2/O
                         net (fo=1, routed)           0.000     1.455    protection_system_i/protection_ip_axi_lite_0/inst/u_adc_sample_cdc_bridge/u_fifo/rd_data[2]_INST_0_i_2_n_0
    SLICE_X57Y74         MUXF7 (Prop_muxf7_I1_O)      0.245     1.700 r  protection_system_i/protection_ip_axi_lite_0/inst/u_adc_sample_cdc_bridge/u_fifo/rd_data[2]_INST_0/O
                         net (fo=1, routed)           1.031     2.732    protection_system_i/protection_ip_axi_lite_0/inst/u_adc_sample_cdc_bridge/u_fifo_n_57
    SLICE_X58Y79         LUT3 (Prop_lut3_I1_O)        0.298     3.030 r  protection_system_i/protection_ip_axi_lite_0/inst/u_adc_sample_cdc_bridge/destination_data[2]_i_1/O
                         net (fo=1, routed)           0.000     3.030    protection_system_i/protection_ip_axi_lite_0/inst/u_adc_sample_cdc_bridge/destination_data[2]_i_1_n_0
    SLICE_X58Y79         FDCE                                         r  protection_system_i/protection_ip_axi_lite_0/inst/u_adc_sample_cdc_bridge/destination_data_reg[2]/D
  -------------------------------------------------------------------    -------------------

                         max delay                    8.000     8.000    
    SLICE_X58Y79         FDCE (Setup_fdce_C_D)        0.081     8.081    protection_system_i/protection_ip_axi_lite_0/inst/u_adc_sample_cdc_bridge/destination_data_reg[2]
  -------------------------------------------------------------------
                         required time                          8.081    
                         arrival time                          -3.030    
  -------------------------------------------------------------------
                         slack                                  5.051    

Slack (MET) :             5.077ns  (required time - arrival time)
  Source:                 protection_system_i/protection_ip_axi_lite_0/inst/u_adc_sample_cdc_bridge/u_fifo/mem_reg[4][4]/C
                            (rising edge-triggered cell FDRE clocked by clk_fpga_1  {rise@0.000ns fall@4.000ns period=8.000ns})
  Destination:            protection_system_i/protection_ip_axi_lite_0/inst/u_adc_sample_cdc_bridge/destination_data_reg[4]/D
                            (rising edge-triggered cell FDCE clocked by clk_fpga_0  {rise@0.000ns fall@5.000ns period=10.000ns})
  Path Group:             clk_fpga_0
  Path Type:              Setup (Max at Slow Process Corner)
  Requirement:            8.000ns  (MaxDelay Path 8.000ns)
  Data Path Delay:        2.954ns  (logic 1.096ns (37.106%)  route 1.858ns (62.894%))
  Logic Levels:           3  (LUT3=1 LUT6=1 MUXF7=1)
  Timing Exception:       MaxDelay Path 8.000ns -datapath_only

    Location             Delay type                Incr(ns)  Path(ns)    Netlist Resource(s)
  -------------------------------------------------------------------    -------------------
    SLICE_X51Y72                                      0.000     0.000 r  protection_system_i/protection_ip_axi_lite_0/inst/u_adc_sample_cdc_bridge/u_fifo/mem_reg[4][4]/C
    SLICE_X51Y72         FDRE (Prop_fdre_C_Q)         0.456     0.456 r  protection_system_i/protection_ip_axi_lite_0/inst/u_adc_sample_cdc_bridge/u_fifo/mem_reg[4][4]/Q
                         net (fo=1, routed)           0.635     1.091    protection_system_i/protection_ip_axi_lite_0/inst/u_adc_sample_cdc_bridge/u_fifo/mem_reg[4][4]
    SLICE_X51Y74         LUT6 (Prop_lut6_I5_O)        0.124     1.215 r  protection_system_i/protection_ip_axi_lite_0/inst/u_adc_sample_cdc_bridge/u_fifo/rd_data[4]_INST_0_i_2/O
                         net (fo=1, routed)           0.000     1.215    protection_system_i/protection_ip_axi_lite_0/inst/u_adc_sample_cdc_bridge/u_fifo/rd_data[4]_INST_0_i_2_n_0
    SLICE_X51Y74         MUXF7 (Prop_muxf7_I1_O)      0.217     1.432 r  protection_system_i/protection_ip_axi_lite_0/inst/u_adc_sample_cdc_bridge/u_fifo/rd_data[4]_INST_0/O
                         net (fo=1, routed)           1.222     2.655    protection_system_i/protection_ip_axi_lite_0/inst/u_adc_sample_cdc_bridge/u_fifo_n_55
    SLICE_X53Y78         LUT3 (Prop_lut3_I1_O)        0.299     2.954 r  protection_system_i/protection_ip_axi_lite_0/inst/u_adc_sample_cdc_bridge/destination_data[4]_i_1/O
                         net (fo=1, routed)           0.000     2.954    protection_system_i/protection_ip_axi_lite_0/inst/u_adc_sample_cdc_bridge/destination_data[4]_i_1_n_0
    SLICE_X53Y78         FDCE                                         r  protection_system_i/protection_ip_axi_lite_0/inst/u_adc_sample_cdc_bridge/destination_data_reg[4]/D
  -------------------------------------------------------------------    -------------------

                         max delay                    8.000     8.000    
    SLICE_X53Y78         FDCE (Setup_fdce_C_D)        0.031     8.031    protection_system_i/protection_ip_axi_lite_0/inst/u_adc_sample_cdc_bridge/destination_data_reg[4]
  -------------------------------------------------------------------
                         required time                          8.031    
                         arrival time                          -2.954    
  -------------------------------------------------------------------
                         slack                                  5.077    

Slack (MET) :             5.123ns  (required time - arrival time)
  Source:                 protection_system_i/protection_ip_axi_lite_0/inst/u_adc_sample_cdc_bridge/u_fifo/mem_reg[4][11]/C
                            (rising edge-triggered cell FDRE clocked by clk_fpga_1  {rise@0.000ns fall@4.000ns period=8.000ns})
  Destination:            protection_system_i/protection_ip_axi_lite_0/inst/u_adc_sample_cdc_bridge/destination_data_reg[11]/D
                            (rising edge-triggered cell FDCE clocked by clk_fpga_0  {rise@0.000ns fall@5.000ns period=10.000ns})
  Path Group:             clk_fpga_0
  Path Type:              Setup (Max at Slow Process Corner)
  Requirement:            8.000ns  (MaxDelay Path 8.000ns)
  Data Path Delay:        2.906ns  (logic 1.096ns (37.719%)  route 1.810ns (62.281%))
  Logic Levels:           3  (LUT3=1 LUT6=1 MUXF7=1)
  Timing Exception:       MaxDelay Path 8.000ns -datapath_only

    Location             Delay type                Incr(ns)  Path(ns)    Netlist Resource(s)
  -------------------------------------------------------------------    -------------------
    SLICE_X56Y76                                      0.000     0.000 r  protection_system_i/protection_ip_axi_lite_0/inst/u_adc_sample_cdc_bridge/u_fifo/mem_reg[4][11]/C
    SLICE_X56Y76         FDRE (Prop_fdre_C_Q)         0.456     0.456 r  protection_system_i/protection_ip_axi_lite_0/inst/u_adc_sample_cdc_bridge/u_fifo/mem_reg[4][11]/Q
                         net (fo=1, routed)           0.789     1.245    protection_system_i/protection_ip_axi_lite_0/inst/u_adc_sample_cdc_bridge/u_fifo/mem_reg[4][11]
    SLICE_X56Y75         LUT6 (Prop_lut6_I5_O)        0.124     1.369 r  protection_system_i/protection_ip_axi_lite_0/inst/u_adc_sample_cdc_bridge/u_fifo/rd_data[11]_INST_0_i_2/O
                         net (fo=1, routed)           0.000     1.369    protection_system_i/protection_ip_axi_lite_0/inst/u_adc_sample_cdc_bridge/u_fifo/rd_data[11]_INST_0_i_2_n_0
    SLICE_X56Y75         MUXF7 (Prop_muxf7_I1_O)      0.217     1.586 r  protection_system_i/protection_ip_axi_lite_0/inst/u_adc_sample_cdc_bridge/u_fifo/rd_data[11]_INST_0/O
                         net (fo=1, routed)           1.021     2.607    protection_system_i/protection_ip_axi_lite_0/inst/u_adc_sample_cdc_bridge/u_fifo_n_48
    SLICE_X55Y81         LUT3 (Prop_lut3_I1_O)        0.299     2.906 r  protection_system_i/protection_ip_axi_lite_0/inst/u_adc_sample_cdc_bridge/destination_data[11]_i_1/O
                         net (fo=1, routed)           0.000     2.906    protection_system_i/protection_ip_axi_lite_0/inst/u_adc_sample_cdc_bridge/destination_data[11]_i_1_n_0
    SLICE_X55Y81         FDCE                                         r  protection_system_i/protection_ip_axi_lite_0/inst/u_adc_sample_cdc_bridge/destination_data_reg[11]/D
  -------------------------------------------------------------------    -------------------

                         max delay                    8.000     8.000    
    SLICE_X55Y81         FDCE (Setup_fdce_C_D)        0.029     8.029    protection_system_i/protection_ip_axi_lite_0/inst/u_adc_sample_cdc_bridge/destination_data_reg[11]
  -------------------------------------------------------------------
                         required time                          8.029    
                         arrival time                          -2.906    
  -------------------------------------------------------------------
                         slack                                  5.123    

Slack (MET) :             5.135ns  (required time - arrival time)
  Source:                 protection_system_i/protection_ip_axi_lite_0/inst/u_adc_sample_cdc_bridge/u_fifo/mem_reg[4][34]/C
                            (rising edge-triggered cell FDRE clocked by clk_fpga_1  {rise@0.000ns fall@4.000ns period=8.000ns})
  Destination:            protection_system_i/protection_ip_axi_lite_0/inst/u_adc_sample_cdc_bridge/destination_data_reg[34]/D
                            (rising edge-triggered cell FDCE clocked by clk_fpga_0  {rise@0.000ns fall@5.000ns period=10.000ns})
  Path Group:             clk_fpga_0
  Path Type:              Setup (Max at Slow Process Corner)
  Requirement:            8.000ns  (MaxDelay Path 8.000ns)
  Data Path Delay:        2.894ns  (logic 1.125ns (38.869%)  route 1.769ns (61.131%))
  Logic Levels:           3  (LUT3=1 LUT6=1 MUXF7=1)
  Timing Exception:       MaxDelay Path 8.000ns -datapath_only

    Location             Delay type                Incr(ns)  Path(ns)    Netlist Resource(s)
  -------------------------------------------------------------------    -------------------
    SLICE_X80Y82                                      0.000     0.000 r  protection_system_i/protection_ip_axi_lite_0/inst/u_adc_sample_cdc_bridge/u_fifo/mem_reg[4][34]/C
    SLICE_X80Y82         FDRE (Prop_fdre_C_Q)         0.456     0.456 r  protection_system_i/protection_ip_axi_lite_0/inst/u_adc_sample_cdc_bridge/u_fifo/mem_reg[4][34]/Q
                         net (fo=1, routed)           0.804     1.260    protection_system_i/protection_ip_axi_lite_0/inst/u_adc_sample_cdc_bridge/u_fifo/mem_reg[4][34]
    SLICE_X82Y82         LUT6 (Prop_lut6_I5_O)        0.124     1.384 r  protection_system_i/protection_ip_axi_lite_0/inst/u_adc_sample_cdc_bridge/u_fifo/rd_data[34]_INST_0_i_2/O
                         net (fo=1, routed)           0.000     1.384    protection_system_i/protection_ip_axi_lite_0/inst/u_adc_sample_cdc_bridge/u_fifo/rd_data[34]_INST_0_i_2_n_0
    SLICE_X82Y82         MUXF7 (Prop_muxf7_I1_O)      0.247     1.631 r  protection_system_i/protection_ip_axi_lite_0/inst/u_adc_sample_cdc_bridge/u_fifo/rd_data[34]_INST_0/O
                         net (fo=1, routed)           0.966     2.596    protection_system_i/protection_ip_axi_lite_0/inst/u_adc_sample_cdc_bridge/u_fifo_n_25
    SLICE_X67Y81         LUT3 (Prop_lut3_I1_O)        0.298     2.894 r  protection_system_i/protection_ip_axi_lite_0/inst/u_adc_sample_cdc_bridge/destination_data[34]_i_1/O
                         net (fo=1, routed)           0.000     2.894    protection_system_i/protection_ip_axi_lite_0/inst/u_adc_sample_cdc_bridge/destination_data[34]_i_1_n_0
    SLICE_X67Y81         FDCE                                         r  protection_system_i/protection_ip_axi_lite_0/inst/u_adc_sample_cdc_bridge/destination_data_reg[34]/D
  -------------------------------------------------------------------    -------------------

                         max delay                    8.000     8.000    
    SLICE_X67Y81         FDCE (Setup_fdce_C_D)        0.029     8.029    protection_system_i/protection_ip_axi_lite_0/inst/u_adc_sample_cdc_bridge/destination_data_reg[34]
  -------------------------------------------------------------------
                         required time                          8.029    
                         arrival time                          -2.894    
  -------------------------------------------------------------------
                         slack                                  5.135    

Slack (MET) :             5.147ns  (required time - arrival time)
  Source:                 protection_system_i/protection_ip_axi_lite_0/inst/u_adc_sample_cdc_bridge/u_fifo/mem_reg[4][18]/C
                            (rising edge-triggered cell FDRE clocked by clk_fpga_1  {rise@0.000ns fall@4.000ns period=8.000ns})
  Destination:            protection_system_i/protection_ip_axi_lite_0/inst/u_adc_sample_cdc_bridge/destination_data_reg[18]/D
                            (rising edge-triggered cell FDCE clocked by clk_fpga_0  {rise@0.000ns fall@5.000ns period=10.000ns})
  Path Group:             clk_fpga_0
  Path Type:              Setup (Max at Slow Process Corner)
  Requirement:            8.000ns  (MaxDelay Path 8.000ns)
  Data Path Delay:        2.884ns  (logic 1.096ns (38.006%)  route 1.788ns (61.994%))
  Logic Levels:           3  (LUT3=1 LUT6=1 MUXF7=1)
  Timing Exception:       MaxDelay Path 8.000ns -datapath_only

    Location             Delay type                Incr(ns)  Path(ns)    Netlist Resource(s)
  -------------------------------------------------------------------    -------------------
    SLICE_X49Y75                                      0.000     0.000 r  protection_system_i/protection_ip_axi_lite_0/inst/u_adc_sample_cdc_bridge/u_fifo/mem_reg[4][18]/C
    SLICE_X49Y75         FDRE (Prop_fdre_C_Q)         0.456     0.456 r  protection_system_i/protection_ip_axi_lite_0/inst/u_adc_sample_cdc_bridge/u_fifo/mem_reg[4][18]/Q
                         net (fo=1, routed)           0.817     1.273    protection_system_i/protection_ip_axi_lite_0/inst/u_adc_sample_cdc_bridge/u_fifo/mem_reg[4][18]
    SLICE_X47Y75         LUT6 (Prop_lut6_I5_O)        0.124     1.397 r  protection_system_i/protection_ip_axi_lite_0/inst/u_adc_sample_cdc_bridge/u_fifo/rd_data[18]_INST_0_i_2/O
                         net (fo=1, routed)           0.000     1.397    protection_system_i/protection_ip_axi_lite_0/inst/u_adc_sample_cdc_bridge/u_fifo/rd_data[18]_INST_0_i_2_n_0
    SLICE_X47Y75         MUXF7 (Prop_muxf7_I1_O)      0.217     1.614 r  protection_system_i/protection_ip_axi_lite_0/inst/u_adc_sample_cdc_bridge/u_fifo/rd_data[18]_INST_0/O
                         net (fo=1, routed)           0.971     2.585    protection_system_i/protection_ip_axi_lite_0/inst/u_adc_sample_cdc_bridge/u_fifo_n_41
    SLICE_X49Y77         LUT3 (Prop_lut3_I1_O)        0.299     2.884 r  protection_system_i/protection_ip_axi_lite_0/inst/u_adc_sample_cdc_bridge/destination_data[18]_i_1/O
                         net (fo=1, routed)           0.000     2.884    protection_system_i/protection_ip_axi_lite_0/inst/u_adc_sample_cdc_bridge/destination_data[18]_i_1_n_0
    SLICE_X49Y77         FDCE                                         r  protection_system_i/protection_ip_axi_lite_0/inst/u_adc_sample_cdc_bridge/destination_data_reg[18]/D
  -------------------------------------------------------------------    -------------------

                         max delay                    8.000     8.000    
    SLICE_X49Y77         FDCE (Setup_fdce_C_D)        0.031     8.031    protection_system_i/protection_ip_axi_lite_0/inst/u_adc_sample_cdc_bridge/destination_data_reg[18]
  -------------------------------------------------------------------
                         required time                          8.031    
                         arrival time                          -2.884    
  -------------------------------------------------------------------
                         slack                                  5.147    

Slack (MET) :             5.171ns  (required time - arrival time)
  Source:                 protection_system_i/protection_ip_axi_lite_0/inst/u_adc_sample_cdc_bridge/u_fifo/mem_reg[4][32]/C
                            (rising edge-triggered cell FDRE clocked by clk_fpga_1  {rise@0.000ns fall@4.000ns period=8.000ns})
  Destination:            protection_system_i/protection_ip_axi_lite_0/inst/u_adc_sample_cdc_bridge/destination_data_reg[32]/D
                            (rising edge-triggered cell FDCE clocked by clk_fpga_0  {rise@0.000ns fall@5.000ns period=10.000ns})
  Path Group:             clk_fpga_0
  Path Type:              Setup (Max at Slow Process Corner)
  Requirement:            8.000ns  (MaxDelay Path 8.000ns)
  Data Path Delay:        2.858ns  (logic 1.125ns (39.368%)  route 1.733ns (60.632%))
  Logic Levels:           3  (LUT3=1 LUT6=1 MUXF7=1)
  Timing Exception:       MaxDelay Path 8.000ns -datapath_only

    Location             Delay type                Incr(ns)  Path(ns)    Netlist Resource(s)
  -------------------------------------------------------------------    -------------------
    SLICE_X67Y78                                      0.000     0.000 r  protection_system_i/protection_ip_axi_lite_0/inst/u_adc_sample_cdc_bridge/u_fifo/mem_reg[4][32]/C
    SLICE_X67Y78         FDRE (Prop_fdre_C_Q)         0.456     0.456 r  protection_system_i/protection_ip_axi_lite_0/inst/u_adc_sample_cdc_bridge/u_fifo/mem_reg[4][32]/Q
                         net (fo=1, routed)           0.999     1.455    protection_system_i/protection_ip_axi_lite_0/inst/u_adc_sample_cdc_bridge/u_fifo/mem_reg[4][32]
    SLICE_X66Y79         LUT6 (Prop_lut6_I5_O)        0.124     1.579 r  protection_system_i/protection_ip_axi_lite_0/inst/u_adc_sample_cdc_bridge/u_fifo/rd_data[32]_INST_0_i_2/O
                         net (fo=1, routed)           0.000     1.579    protection_system_i/protection_ip_axi_lite_0/inst/u_adc_sample_cdc_bridge/u_fifo/rd_data[32]_INST_0_i_2_n_0
    SLICE_X66Y79         MUXF7 (Prop_muxf7_I1_O)      0.247     1.826 r  protection_system_i/protection_ip_axi_lite_0/inst/u_adc_sample_cdc_bridge/u_fifo/rd_data[32]_INST_0/O
                         net (fo=1, routed)           0.733     2.560    protection_system_i/protection_ip_axi_lite_0/inst/u_adc_sample_cdc_bridge/u_fifo_n_27
    SLICE_X63Y80         LUT3 (Prop_lut3_I1_O)        0.298     2.858 r  protection_system_i/protection_ip_axi_lite_0/inst/u_adc_sample_cdc_bridge/destination_data[32]_i_1/O
                         net (fo=1, routed)           0.000     2.858    protection_system_i/protection_ip_axi_lite_0/inst/u_adc_sample_cdc_bridge/destination_data[32]_i_1_n_0
    SLICE_X63Y80         FDCE                                         r  protection_system_i/protection_ip_axi_lite_0/inst/u_adc_sample_cdc_bridge/destination_data_reg[32]/D
  -------------------------------------------------------------------    -------------------

                         max delay                    8.000     8.000    
    SLICE_X63Y80         FDCE (Setup_fdce_C_D)        0.029     8.029    protection_system_i/protection_ip_axi_lite_0/inst/u_adc_sample_cdc_bridge/destination_data_reg[32]
  -------------------------------------------------------------------
                         required time                          8.029    
                         arrival time                          -2.858    
  -------------------------------------------------------------------
                         slack                                  5.171    

Slack (MET) :             5.187ns  (required time - arrival time)
  Source:                 protection_system_i/protection_ip_axi_lite_0/inst/u_adc_sample_cdc_bridge/u_fifo/mem_reg[4][10]/C
                            (rising edge-triggered cell FDRE clocked by clk_fpga_1  {rise@0.000ns fall@4.000ns period=8.000ns})
  Destination:            protection_system_i/protection_ip_axi_lite_0/inst/u_adc_sample_cdc_bridge/destination_data_reg[10]/D
                            (rising edge-triggered cell FDCE clocked by clk_fpga_0  {rise@0.000ns fall@5.000ns period=10.000ns})
  Path Group:             clk_fpga_0
  Path Type:              Setup (Max at Slow Process Corner)
  Requirement:            8.000ns  (MaxDelay Path 8.000ns)
  Data Path Delay:        2.842ns  (logic 1.096ns (38.560%)  route 1.746ns (61.440%))
  Logic Levels:           3  (LUT3=1 LUT6=1 MUXF7=1)
  Timing Exception:       MaxDelay Path 8.000ns -datapath_only

    Location             Delay type                Incr(ns)  Path(ns)    Netlist Resource(s)
  -------------------------------------------------------------------    -------------------
    SLICE_X60Y75                                      0.000     0.000 r  protection_system_i/protection_ip_axi_lite_0/inst/u_adc_sample_cdc_bridge/u_fifo/mem_reg[4][10]/C
    SLICE_X60Y75         FDRE (Prop_fdre_C_Q)         0.456     0.456 r  protection_system_i/protection_ip_axi_lite_0/inst/u_adc_sample_cdc_bridge/u_fifo/mem_reg[4][10]/Q
                         net (fo=1, routed)           0.617     1.073    protection_system_i/protection_ip_axi_lite_0/inst/u_adc_sample_cdc_bridge/u_fifo/mem_reg[4][10]
    SLICE_X60Y74         LUT6 (Prop_lut6_I5_O)        0.124     1.197 r  protection_system_i/protection_ip_axi_lite_0/inst/u_adc_sample_cdc_bridge/u_fifo/rd_data[10]_INST_0_i_2/O
                         net (fo=1, routed)           0.000     1.197    protection_system_i/protection_ip_axi_lite_0/inst/u_adc_sample_cdc_bridge/u_fifo/rd_data[10]_INST_0_i_2_n_0
    SLICE_X60Y74         MUXF7 (Prop_muxf7_I1_O)      0.217     1.414 r  protection_system_i/protection_ip_axi_lite_0/inst/u_adc_sample_cdc_bridge/u_fifo/rd_data[10]_INST_0/O
                         net (fo=1, routed)           1.129     2.543    protection_system_i/protection_ip_axi_lite_0/inst/u_adc_sample_cdc_bridge/u_fifo_n_49
    SLICE_X57Y78         LUT3 (Prop_lut3_I1_O)        0.299     2.842 r  protection_system_i/protection_ip_axi_lite_0/inst/u_adc_sample_cdc_bridge/destination_data[10]_i_1/O
                         net (fo=1, routed)           0.000     2.842    protection_system_i/protection_ip_axi_lite_0/inst/u_adc_sample_cdc_bridge/destination_data[10]_i_1_n_0
    SLICE_X57Y78         FDCE                                         r  protection_system_i/protection_ip_axi_lite_0/inst/u_adc_sample_cdc_bridge/destination_data_reg[10]/D
  -------------------------------------------------------------------    -------------------

                         max delay                    8.000     8.000    
    SLICE_X57Y78         FDCE (Setup_fdce_C_D)        0.029     8.029    protection_system_i/protection_ip_axi_lite_0/inst/u_adc_sample_cdc_bridge/destination_data_reg[10]
  -------------------------------------------------------------------
                         required time                          8.029    
                         arrival time                          -2.842    
  -------------------------------------------------------------------
                         slack                                  5.187    

Slack (MET) :             5.199ns  (required time - arrival time)
  Source:                 protection_system_i/protection_ip_axi_lite_0/inst/u_adc_sample_cdc_bridge/u_fifo/mem_reg[4][24]/C
                            (rising edge-triggered cell FDRE clocked by clk_fpga_1  {rise@0.000ns fall@4.000ns period=8.000ns})
  Destination:            protection_system_i/protection_ip_axi_lite_0/inst/u_adc_sample_cdc_bridge/destination_data_reg[24]/D
                            (rising edge-triggered cell FDCE clocked by clk_fpga_0  {rise@0.000ns fall@5.000ns period=10.000ns})
  Path Group:             clk_fpga_0
  Path Type:              Setup (Max at Slow Process Corner)
  Requirement:            8.000ns  (MaxDelay Path 8.000ns)
  Data Path Delay:        2.830ns  (logic 1.096ns (38.724%)  route 1.734ns (61.276%))
  Logic Levels:           3  (LUT3=1 LUT6=1 MUXF7=1)
  Timing Exception:       MaxDelay Path 8.000ns -datapath_only

    Location             Delay type                Incr(ns)  Path(ns)    Netlist Resource(s)
  -------------------------------------------------------------------    -------------------
    SLICE_X67Y78                                      0.000     0.000 r  protection_system_i/protection_ip_axi_lite_0/inst/u_adc_sample_cdc_bridge/u_fifo/mem_reg[4][24]/C
    SLICE_X67Y78         FDRE (Prop_fdre_C_Q)         0.456     0.456 r  protection_system_i/protection_ip_axi_lite_0/inst/u_adc_sample_cdc_bridge/u_fifo/mem_reg[4][24]/Q
                         net (fo=1, routed)           0.908     1.364    protection_system_i/protection_ip_axi_lite_0/inst/u_adc_sample_cdc_bridge/u_fifo/mem_reg[4][24]
    SLICE_X64Y78         LUT6 (Prop_lut6_I5_O)        0.124     1.488 r  protection_system_i/protection_ip_axi_lite_0/inst/u_adc_sample_cdc_bridge/u_fifo/rd_data[24]_INST_0_i_2/O
                         net (fo=1, routed)           0.000     1.488    protection_system_i/protection_ip_axi_lite_0/inst/u_adc_sample_cdc_bridge/u_fifo/rd_data[24]_INST_0_i_2_n_0
    SLICE_X64Y78         MUXF7 (Prop_muxf7_I1_O)      0.217     1.705 r  protection_system_i/protection_ip_axi_lite_0/inst/u_adc_sample_cdc_bridge/u_fifo/rd_data[24]_INST_0/O
                         net (fo=1, routed)           0.826     2.531    protection_system_i/protection_ip_axi_lite_0/inst/u_adc_sample_cdc_bridge/u_fifo_n_35
    SLICE_X63Y79         LUT3 (Prop_lut3_I1_O)        0.299     2.830 r  protection_system_i/protection_ip_axi_lite_0/inst/u_adc_sample_cdc_bridge/destination_data[24]_i_1/O
                         net (fo=1, routed)           0.000     2.830    protection_system_i/protection_ip_axi_lite_0/inst/u_adc_sample_cdc_bridge/destination_data[24]_i_1_n_0
    SLICE_X63Y79         FDCE                                         r  protection_system_i/protection_ip_axi_lite_0/inst/u_adc_sample_cdc_bridge/destination_data_reg[24]/D
  -------------------------------------------------------------------    -------------------

                         max delay                    8.000     8.000    
    SLICE_X63Y79         FDCE (Setup_fdce_C_D)        0.029     8.029    protection_system_i/protection_ip_axi_lite_0/inst/u_adc_sample_cdc_bridge/destination_data_reg[24]
  -------------------------------------------------------------------
                         required time                          8.029    
                         arrival time                          -2.830    
  -------------------------------------------------------------------
                         slack                                  5.199    

Slack (MET) :             5.211ns  (required time - arrival time)
  Source:                 protection_system_i/protection_ip_axi_lite_0/inst/u_adc_sample_cdc_bridge/u_fifo/mem_reg[4][33]/C
                            (rising edge-triggered cell FDRE clocked by clk_fpga_1  {rise@0.000ns fall@4.000ns period=8.000ns})
  Destination:            protection_system_i/protection_ip_axi_lite_0/inst/u_adc_sample_cdc_bridge/destination_data_reg[33]/D
                            (rising edge-triggered cell FDCE clocked by clk_fpga_0  {rise@0.000ns fall@5.000ns period=10.000ns})
  Path Group:             clk_fpga_0
  Path Type:              Setup (Max at Slow Process Corner)
  Requirement:            8.000ns  (MaxDelay Path 8.000ns)
  Data Path Delay:        2.818ns  (logic 1.091ns (38.716%)  route 1.727ns (61.285%))
  Logic Levels:           3  (LUT3=1 LUT6=1 MUXF7=1)
  Timing Exception:       MaxDelay Path 8.000ns -datapath_only

    Location             Delay type                Incr(ns)  Path(ns)    Netlist Resource(s)
  -------------------------------------------------------------------    -------------------
    SLICE_X80Y82                                      0.000     0.000 r  protection_system_i/protection_ip_axi_lite_0/inst/u_adc_sample_cdc_bridge/u_fifo/mem_reg[4][33]/C
    SLICE_X80Y82         FDRE (Prop_fdre_C_Q)         0.456     0.456 r  protection_system_i/protection_ip_axi_lite_0/inst/u_adc_sample_cdc_bridge/u_fifo/mem_reg[4][33]/Q
                         net (fo=1, routed)           0.859     1.315    protection_system_i/protection_ip_axi_lite_0/inst/u_adc_sample_cdc_bridge/u_fifo/mem_reg[4][33]
    SLICE_X82Y82         LUT6 (Prop_lut6_I5_O)        0.124     1.439 r  protection_system_i/protection_ip_axi_lite_0/inst/u_adc_sample_cdc_bridge/u_fifo/rd_data[33]_INST_0_i_2/O
                         net (fo=1, routed)           0.000     1.439    protection_system_i/protection_ip_axi_lite_0/inst/u_adc_sample_cdc_bridge/u_fifo/rd_data[33]_INST_0_i_2_n_0
    SLICE_X82Y82         MUXF7 (Prop_muxf7_I1_O)      0.214     1.653 r  protection_system_i/protection_ip_axi_lite_0/inst/u_adc_sample_cdc_bridge/u_fifo/rd_data[33]_INST_0/O
                         net (fo=1, routed)           0.868     2.521    protection_system_i/protection_ip_axi_lite_0/inst/u_adc_sample_cdc_bridge/u_fifo_n_26
    SLICE_X63Y82         LUT3 (Prop_lut3_I1_O)        0.297     2.818 r  protection_system_i/protection_ip_axi_lite_0/inst/u_adc_sample_cdc_bridge/destination_data[33]_i_1/O
                         net (fo=1, routed)           0.000     2.818    protection_system_i/protection_ip_axi_lite_0/inst/u_adc_sample_cdc_bridge/destination_data[33]_i_1_n_0
    SLICE_X63Y82         FDCE                                         r  protection_system_i/protection_ip_axi_lite_0/inst/u_adc_sample_cdc_bridge/destination_data_reg[33]/D
  -------------------------------------------------------------------    -------------------

                         max delay                    8.000     8.000    
    SLICE_X63Y82         FDCE (Setup_fdce_C_D)        0.029     8.029    protection_system_i/protection_ip_axi_lite_0/inst/u_adc_sample_cdc_bridge/destination_data_reg[33]
  -------------------------------------------------------------------
                         required time                          8.029    
                         arrival time                          -2.818    
  -------------------------------------------------------------------
                         slack                                  5.211    

Slack (MET) :             5.212ns  (required time - arrival time)
  Source:                 protection_system_i/protection_ip_axi_lite_0/inst/u_adc_sample_cdc_bridge/u_fifo/mem_reg[4][26]/C
                            (rising edge-triggered cell FDRE clocked by clk_fpga_1  {rise@0.000ns fall@4.000ns period=8.000ns})
  Destination:            protection_system_i/protection_ip_axi_lite_0/inst/u_adc_sample_cdc_bridge/destination_data_reg[26]/D
                            (rising edge-triggered cell FDCE clocked by clk_fpga_0  {rise@0.000ns fall@5.000ns period=10.000ns})
  Path Group:             clk_fpga_0
  Path Type:              Setup (Max at Slow Process Corner)
  Requirement:            8.000ns  (MaxDelay Path 8.000ns)
  Data Path Delay:        2.865ns  (logic 1.096ns (38.253%)  route 1.769ns (61.747%))
  Logic Levels:           3  (LUT3=1 LUT6=1 MUXF7=1)
  Timing Exception:       MaxDelay Path 8.000ns -datapath_only

    Location             Delay type                Incr(ns)  Path(ns)    Netlist Resource(s)
  -------------------------------------------------------------------    -------------------
    SLICE_X60Y76                                      0.000     0.000 r  protection_system_i/protection_ip_axi_lite_0/inst/u_adc_sample_cdc_bridge/u_fifo/mem_reg[4][26]/C
    SLICE_X60Y76         FDRE (Prop_fdre_C_Q)         0.456     0.456 r  protection_system_i/protection_ip_axi_lite_0/inst/u_adc_sample_cdc_bridge/u_fifo/mem_reg[4][26]/Q
                         net (fo=1, routed)           0.794     1.250    protection_system_i/protection_ip_axi_lite_0/inst/u_adc_sample_cdc_bridge/u_fifo/mem_reg[4][26]
    SLICE_X60Y77         LUT6 (Prop_lut6_I5_O)        0.124     1.374 r  protection_system_i/protection_ip_axi_lite_0/inst/u_adc_sample_cdc_bridge/u_fifo/rd_data[26]_INST_0_i_2/O
                         net (fo=1, routed)           0.000     1.374    protection_system_i/protection_ip_axi_lite_0/inst/u_adc_sample_cdc_bridge/u_fifo/rd_data[26]_INST_0_i_2_n_0
    SLICE_X60Y77         MUXF7 (Prop_muxf7_I1_O)      0.217     1.591 r  protection_system_i/protection_ip_axi_lite_0/inst/u_adc_sample_cdc_bridge/u_fifo/rd_data[26]_INST_0/O
                         net (fo=1, routed)           0.975     2.566    protection_system_i/protection_ip_axi_lite_0/inst/u_adc_sample_cdc_bridge/u_fifo_n_33
    SLICE_X58Y79         LUT3 (Prop_lut3_I1_O)        0.299     2.865 r  protection_system_i/protection_ip_axi_lite_0/inst/u_adc_sample_cdc_bridge/destination_data[26]_i_1/O
                         net (fo=1, routed)           0.000     2.865    protection_system_i/protection_ip_axi_lite_0/inst/u_adc_sample_cdc_bridge/destination_data[26]_i_1_n_0
    SLICE_X58Y79         FDCE                                         r  protection_system_i/protection_ip_axi_lite_0/inst/u_adc_sample_cdc_bridge/destination_data_reg[26]/D
  -------------------------------------------------------------------    -------------------

                         max delay                    8.000     8.000    
    SLICE_X58Y79         FDCE (Setup_fdce_C_D)        0.077     8.077    protection_system_i/protection_ip_axi_lite_0/inst/u_adc_sample_cdc_bridge/destination_data_reg[26]
  -------------------------------------------------------------------
                         required time                          8.077    
                         arrival time                          -2.865    
  -------------------------------------------------------------------
                         slack                                  5.212    

Slack (MET) :             5.264ns  (required time - arrival time)
  Source:                 protection_system_i/protection_ip_axi_lite_0/inst/u_adc_sample_cdc_bridge/u_fifo/mem_reg[4][3]/C
                            (rising edge-triggered cell FDRE clocked by clk_fpga_1  {rise@0.000ns fall@4.000ns period=8.000ns})
  Destination:            protection_system_i/protection_ip_axi_lite_0/inst/u_adc_sample_cdc_bridge/destination_data_reg[3]/D
                            (rising edge-triggered cell FDCE clocked by clk_fpga_0  {rise@0.000ns fall@5.000ns period=10.000ns})
  Path Group:             clk_fpga_0
  Path Type:              Setup (Max at Slow Process Corner)
  Requirement:            8.000ns  (MaxDelay Path 8.000ns)
  Data Path Delay:        2.765ns  (logic 1.231ns (44.514%)  route 1.534ns (55.486%))
  Logic Levels:           3  (LUT3=1 LUT6=1 MUXF7=1)
  Timing Exception:       MaxDelay Path 8.000ns -datapath_only

    Location             Delay type                Incr(ns)  Path(ns)    Netlist Resource(s)
  -------------------------------------------------------------------    -------------------
    SLICE_X52Y76                                      0.000     0.000 r  protection_system_i/protection_ip_axi_lite_0/inst/u_adc_sample_cdc_bridge/u_fifo/mem_reg[4][3]/C
    SLICE_X52Y76         FDRE (Prop_fdre_C_Q)         0.419     0.419 r  protection_system_i/protection_ip_axi_lite_0/inst/u_adc_sample_cdc_bridge/u_fifo/mem_reg[4][3]/Q
                         net (fo=1, routed)           0.814     1.233    protection_system_i/protection_ip_axi_lite_0/inst/u_adc_sample_cdc_bridge/u_fifo/mem_reg[4][3]
    SLICE_X53Y75         LUT6 (Prop_lut6_I5_O)        0.296     1.529 r  protection_system_i/protection_ip_axi_lite_0/inst/u_adc_sample_cdc_bridge/u_fifo/rd_data[3]_INST_0_i_2/O
                         net (fo=1, routed)           0.000     1.529    protection_system_i/protection_ip_axi_lite_0/inst/u_adc_sample_cdc_bridge/u_fifo/rd_data[3]_INST_0_i_2_n_0
    SLICE_X53Y75         MUXF7 (Prop_muxf7_I1_O)      0.217     1.746 r  protection_system_i/protection_ip_axi_lite_0/inst/u_adc_sample_cdc_bridge/u_fifo/rd_data[3]_INST_0/O
                         net (fo=1, routed)           0.720     2.466    protection_system_i/protection_ip_axi_lite_0/inst/u_adc_sample_cdc_bridge/u_fifo_n_56
    SLICE_X53Y78         LUT3 (Prop_lut3_I1_O)        0.299     2.765 r  protection_system_i/protection_ip_axi_lite_0/inst/u_adc_sample_cdc_bridge/destination_data[3]_i_1/O
                         net (fo=1, routed)           0.000     2.765    protection_system_i/protection_ip_axi_lite_0/inst/u_adc_sample_cdc_bridge/destination_data[3]_i_1_n_0
    SLICE_X53Y78         FDCE                                         r  protection_system_i/protection_ip_axi_lite_0/inst/u_adc_sample_cdc_bridge/destination_data_reg[3]/D
  -------------------------------------------------------------------    -------------------

                         max delay                    8.000     8.000    
    SLICE_X53Y78         FDCE (Setup_fdce_C_D)        0.029     8.029    protection_system_i/protection_ip_axi_lite_0/inst/u_adc_sample_cdc_bridge/destination_data_reg[3]
  -------------------------------------------------------------------
                         required time                          8.029    
                         arrival time                          -2.765    
  -------------------------------------------------------------------
                         slack                                  5.264    

Slack (MET) :             5.267ns  (required time - arrival time)
  Source:                 protection_system_i/protection_ip_axi_lite_0/inst/u_adc_sample_cdc_bridge/u_fifo/mem_reg[4][37]/C
                            (rising edge-triggered cell FDRE clocked by clk_fpga_1  {rise@0.000ns fall@4.000ns period=8.000ns})
  Destination:            protection_system_i/protection_ip_axi_lite_0/inst/u_adc_sample_cdc_bridge/destination_data_reg[37]/D
                            (rising edge-triggered cell FDCE clocked by clk_fpga_0  {rise@0.000ns fall@5.000ns period=10.000ns})
  Path Group:             clk_fpga_0
  Path Type:              Setup (Max at Slow Process Corner)
  Requirement:            8.000ns  (MaxDelay Path 8.000ns)
  Data Path Delay:        2.814ns  (logic 1.096ns (38.950%)  route 1.718ns (61.050%))
  Logic Levels:           3  (LUT3=1 LUT6=1 MUXF7=1)
  Timing Exception:       MaxDelay Path 8.000ns -datapath_only

    Location             Delay type                Incr(ns)  Path(ns)    Netlist Resource(s)
  -------------------------------------------------------------------    -------------------
    SLICE_X84Y87                                      0.000     0.000 r  protection_system_i/protection_ip_axi_lite_0/inst/u_adc_sample_cdc_bridge/u_fifo/mem_reg[4][37]/C
    SLICE_X84Y87         FDRE (Prop_fdre_C_Q)         0.456     0.456 r  protection_system_i/protection_ip_axi_lite_0/inst/u_adc_sample_cdc_bridge/u_fifo/mem_reg[4][37]/Q
                         net (fo=1, routed)           0.422     0.878    protection_system_i/protection_ip_axi_lite_0/inst/u_adc_sample_cdc_bridge/u_fifo/mem_reg[4][37]
    SLICE_X84Y89         LUT6 (Prop_lut6_I5_O)        0.124     1.002 r  protection_system_i/protection_ip_axi_lite_0/inst/u_adc_sample_cdc_bridge/u_fifo/rd_data[37]_INST_0_i_2/O
                         net (fo=1, routed)           0.000     1.002    protection_system_i/protection_ip_axi_lite_0/inst/u_adc_sample_cdc_bridge/u_fifo/rd_data[37]_INST_0_i_2_n_0
    SLICE_X84Y89         MUXF7 (Prop_muxf7_I1_O)      0.217     1.219 r  protection_system_i/protection_ip_axi_lite_0/inst/u_adc_sample_cdc_bridge/u_fifo/rd_data[37]_INST_0/O
                         net (fo=1, routed)           1.296     2.515    protection_system_i/protection_ip_axi_lite_0/inst/u_adc_sample_cdc_bridge/u_fifo_n_22
    SLICE_X66Y88         LUT3 (Prop_lut3_I1_O)        0.299     2.814 r  protection_system_i/protection_ip_axi_lite_0/inst/u_adc_sample_cdc_bridge/destination_data[37]_i_1/O
                         net (fo=1, routed)           0.000     2.814    protection_system_i/protection_ip_axi_lite_0/inst/u_adc_sample_cdc_bridge/destination_data[37]_i_1_n_0
    SLICE_X66Y88         FDCE                                         r  protection_system_i/protection_ip_axi_lite_0/inst/u_adc_sample_cdc_bridge/destination_data_reg[37]/D
  -------------------------------------------------------------------    -------------------

                         max delay                    8.000     8.000    
    SLICE_X66Y88         FDCE (Setup_fdce_C_D)        0.081     8.081    protection_system_i/protection_ip_axi_lite_0/inst/u_adc_sample_cdc_bridge/destination_data_reg[37]
  -------------------------------------------------------------------
                         required time                          8.081    
                         arrival time                          -2.814    
  -------------------------------------------------------------------
                         slack                                  5.267    

Slack (MET) :             5.280ns  (required time - arrival time)
  Source:                 protection_system_i/protection_ip_axi_lite_0/inst/u_adc_sample_cdc_bridge/u_fifo/mem_reg[4][42]/C
                            (rising edge-triggered cell FDRE clocked by clk_fpga_1  {rise@0.000ns fall@4.000ns period=8.000ns})
  Destination:            protection_system_i/protection_ip_axi_lite_0/inst/u_adc_sample_cdc_bridge/destination_data_reg[42]/D
                            (rising edge-triggered cell FDCE clocked by clk_fpga_0  {rise@0.000ns fall@5.000ns period=10.000ns})
  Path Group:             clk_fpga_0
  Path Type:              Setup (Max at Slow Process Corner)
  Requirement:            8.000ns  (MaxDelay Path 8.000ns)
  Data Path Delay:        2.751ns  (logic 1.158ns (42.089%)  route 1.593ns (57.911%))
  Logic Levels:           3  (LUT3=1 LUT6=1 MUXF7=1)
  Timing Exception:       MaxDelay Path 8.000ns -datapath_only

    Location             Delay type                Incr(ns)  Path(ns)    Netlist Resource(s)
  -------------------------------------------------------------------    -------------------
    SLICE_X86Y92                                      0.000     0.000 r  protection_system_i/protection_ip_axi_lite_0/inst/u_adc_sample_cdc_bridge/u_fifo/mem_reg[4][42]/C
    SLICE_X86Y92         FDRE (Prop_fdre_C_Q)         0.518     0.518 r  protection_system_i/protection_ip_axi_lite_0/inst/u_adc_sample_cdc_bridge/u_fifo/mem_reg[4][42]/Q
                         net (fo=1, routed)           0.507     1.025    protection_system_i/protection_ip_axi_lite_0/inst/u_adc_sample_cdc_bridge/u_fifo/mem_reg[4][42]
    SLICE_X85Y92         LUT6 (Prop_lut6_I5_O)        0.124     1.149 r  protection_system_i/protection_ip_axi_lite_0/inst/u_adc_sample_cdc_bridge/u_fifo/rd_data[42]_INST_0_i_2/O
                         net (fo=1, routed)           0.000     1.149    protection_system_i/protection_ip_axi_lite_0/inst/u_adc_sample_cdc_bridge/u_fifo/rd_data[42]_INST_0_i_2_n_0
    SLICE_X85Y92         MUXF7 (Prop_muxf7_I1_O)      0.217     1.366 r  protection_system_i/protection_ip_axi_lite_0/inst/u_adc_sample_cdc_bridge/u_fifo/rd_data[42]_INST_0/O
                         net (fo=1, routed)           1.087     2.452    protection_system_i/protection_ip_axi_lite_0/inst/u_adc_sample_cdc_bridge/u_fifo_n_17
    SLICE_X65Y92         LUT3 (Prop_lut3_I1_O)        0.299     2.751 r  protection_system_i/protection_ip_axi_lite_0/inst/u_adc_sample_cdc_bridge/destination_data[42]_i_1/O
                         net (fo=1, routed)           0.000     2.751    protection_system_i/protection_ip_axi_lite_0/inst/u_adc_sample_cdc_bridge/destination_data[42]_i_1_n_0
    SLICE_X65Y92         FDCE                                         r  protection_system_i/protection_ip_axi_lite_0/inst/u_adc_sample_cdc_bridge/destination_data_reg[42]/D
  -------------------------------------------------------------------    -------------------

                         max delay                    8.000     8.000    
    SLICE_X65Y92         FDCE (Setup_fdce_C_D)        0.031     8.031    protection_system_i/protection_ip_axi_lite_0/inst/u_adc_sample_cdc_bridge/destination_data_reg[42]
  -------------------------------------------------------------------
                         required time                          8.031    
                         arrival time                          -2.751    
  -------------------------------------------------------------------
                         slack                                  5.280    

Slack (MET) :             5.299ns  (required time - arrival time)
  Source:                 protection_system_i/protection_ip_axi_lite_0/inst/u_adc_sample_cdc_bridge/u_fifo/mem_reg[4][5]/C
                            (rising edge-triggered cell FDRE clocked by clk_fpga_1  {rise@0.000ns fall@4.000ns period=8.000ns})
  Destination:            protection_system_i/protection_ip_axi_lite_0/inst/u_adc_sample_cdc_bridge/destination_data_reg[5]/D
                            (rising edge-triggered cell FDCE clocked by clk_fpga_0  {rise@0.000ns fall@5.000ns period=10.000ns})
  Path Group:             clk_fpga_0
  Path Type:              Setup (Max at Slow Process Corner)
  Requirement:            8.000ns  (MaxDelay Path 8.000ns)
  Data Path Delay:        2.730ns  (logic 1.096ns (40.149%)  route 1.634ns (59.851%))
  Logic Levels:           3  (LUT3=1 LUT6=1 MUXF7=1)
  Timing Exception:       MaxDelay Path 8.000ns -datapath_only

    Location             Delay type                Incr(ns)  Path(ns)    Netlist Resource(s)
  -------------------------------------------------------------------    -------------------
    SLICE_X56Y76                                      0.000     0.000 r  protection_system_i/protection_ip_axi_lite_0/inst/u_adc_sample_cdc_bridge/u_fifo/mem_reg[4][5]/C
    SLICE_X56Y76         FDRE (Prop_fdre_C_Q)         0.456     0.456 r  protection_system_i/protection_ip_axi_lite_0/inst/u_adc_sample_cdc_bridge/u_fifo/mem_reg[4][5]/Q
                         net (fo=1, routed)           0.651     1.107    protection_system_i/protection_ip_axi_lite_0/inst/u_adc_sample_cdc_bridge/u_fifo/mem_reg[4][5]
    SLICE_X56Y76         LUT6 (Prop_lut6_I5_O)        0.124     1.231 r  protection_system_i/protection_ip_axi_lite_0/inst/u_adc_sample_cdc_bridge/u_fifo/rd_data[5]_INST_0_i_2/O
                         net (fo=1, routed)           0.000     1.231    protection_system_i/protection_ip_axi_lite_0/inst/u_adc_sample_cdc_bridge/u_fifo/rd_data[5]_INST_0_i_2_n_0
    SLICE_X56Y76         MUXF7 (Prop_muxf7_I1_O)      0.217     1.448 r  protection_system_i/protection_ip_axi_lite_0/inst/u_adc_sample_cdc_bridge/u_fifo/rd_data[5]_INST_0/O
                         net (fo=1, routed)           0.983     2.431    protection_system_i/protection_ip_axi_lite_0/inst/u_adc_sample_cdc_bridge/u_fifo_n_54
    SLICE_X52Y78         LUT3 (Prop_lut3_I1_O)        0.299     2.730 r  protection_system_i/protection_ip_axi_lite_0/inst/u_adc_sample_cdc_bridge/destination_data[5]_i_1/O
                         net (fo=1, routed)           0.000     2.730    protection_system_i/protection_ip_axi_lite_0/inst/u_adc_sample_cdc_bridge/destination_data[5]_i_1_n_0
    SLICE_X52Y78         FDCE                                         r  protection_system_i/protection_ip_axi_lite_0/inst/u_adc_sample_cdc_bridge/destination_data_reg[5]/D
  -------------------------------------------------------------------    -------------------

                         max delay                    8.000     8.000    
    SLICE_X52Y78         FDCE (Setup_fdce_C_D)        0.029     8.029    protection_system_i/protection_ip_axi_lite_0/inst/u_adc_sample_cdc_bridge/destination_data_reg[5]
  -------------------------------------------------------------------
                         required time                          8.029    
                         arrival time                          -2.730    
  -------------------------------------------------------------------
                         slack                                  5.299    

Slack (MET) :             5.322ns  (required time - arrival time)
  Source:                 protection_system_i/protection_ip_axi_lite_0/inst/u_adc_sample_cdc_bridge/u_fifo/mem_reg[4][53]/C
                            (rising edge-triggered cell FDRE clocked by clk_fpga_1  {rise@0.000ns fall@4.000ns period=8.000ns})
  Destination:            protection_system_i/protection_ip_axi_lite_0/inst/u_adc_sample_cdc_bridge/destination_data_reg[53]/D
                            (rising edge-triggered cell FDCE clocked by clk_fpga_0  {rise@0.000ns fall@5.000ns period=10.000ns})
  Path Group:             clk_fpga_0
  Path Type:              Setup (Max at Slow Process Corner)
  Requirement:            8.000ns  (MaxDelay Path 8.000ns)
  Data Path Delay:        2.709ns  (logic 1.158ns (42.739%)  route 1.551ns (57.261%))
  Logic Levels:           3  (LUT3=1 LUT6=1 MUXF7=1)
  Timing Exception:       MaxDelay Path 8.000ns -datapath_only

    Location             Delay type                Incr(ns)  Path(ns)    Netlist Resource(s)
  -------------------------------------------------------------------    -------------------
    SLICE_X62Y102                                     0.000     0.000 r  protection_system_i/protection_ip_axi_lite_0/inst/u_adc_sample_cdc_bridge/u_fifo/mem_reg[4][53]/C
    SLICE_X62Y102        FDRE (Prop_fdre_C_Q)         0.518     0.518 r  protection_system_i/protection_ip_axi_lite_0/inst/u_adc_sample_cdc_bridge/u_fifo/mem_reg[4][53]/Q
                         net (fo=1, routed)           0.343     0.861    protection_system_i/protection_ip_axi_lite_0/inst/u_adc_sample_cdc_bridge/u_fifo/mem_reg[4][53]
    SLICE_X63Y101        LUT6 (Prop_lut6_I5_O)        0.124     0.985 r  protection_system_i/protection_ip_axi_lite_0/inst/u_adc_sample_cdc_bridge/u_fifo/rd_data[53]_INST_0_i_2/O
                         net (fo=1, routed)           0.000     0.985    protection_system_i/protection_ip_axi_lite_0/inst/u_adc_sample_cdc_bridge/u_fifo/rd_data[53]_INST_0_i_2_n_0
    SLICE_X63Y101        MUXF7 (Prop_muxf7_I1_O)      0.217     1.202 r  protection_system_i/protection_ip_axi_lite_0/inst/u_adc_sample_cdc_bridge/u_fifo/rd_data[53]_INST_0/O
                         net (fo=1, routed)           1.208     2.410    protection_system_i/protection_ip_axi_lite_0/inst/u_adc_sample_cdc_bridge/u_fifo_n_6
    SLICE_X63Y94         LUT3 (Prop_lut3_I1_O)        0.299     2.709 r  protection_system_i/protection_ip_axi_lite_0/inst/u_adc_sample_cdc_bridge/destination_data[53]_i_1/O
                         net (fo=1, routed)           0.000     2.709    protection_system_i/protection_ip_axi_lite_0/inst/u_adc_sample_cdc_bridge/destination_data[53]_i_1_n_0
    SLICE_X63Y94         FDCE                                         r  protection_system_i/protection_ip_axi_lite_0/inst/u_adc_sample_cdc_bridge/destination_data_reg[53]/D
  -------------------------------------------------------------------    -------------------

                         max delay                    8.000     8.000    
    SLICE_X63Y94         FDCE (Setup_fdce_C_D)        0.031     8.031    protection_system_i/protection_ip_axi_lite_0/inst/u_adc_sample_cdc_bridge/destination_data_reg[53]
  -------------------------------------------------------------------
                         required time                          8.031    
                         arrival time                          -2.709    
  -------------------------------------------------------------------
                         slack                                  5.322    

Slack (MET) :             5.338ns  (required time - arrival time)
  Source:                 protection_system_i/protection_ip_axi_lite_0/inst/u_adc_sample_cdc_bridge/u_fifo/mem_reg[4][30]/C
                            (rising edge-triggered cell FDRE clocked by clk_fpga_1  {rise@0.000ns fall@4.000ns period=8.000ns})
  Destination:            protection_system_i/protection_ip_axi_lite_0/inst/u_adc_sample_cdc_bridge/destination_data_reg[30]/D
                            (rising edge-triggered cell FDCE clocked by clk_fpga_0  {rise@0.000ns fall@5.000ns period=10.000ns})
  Path Group:             clk_fpga_0
  Path Type:              Setup (Max at Slow Process Corner)
  Requirement:            8.000ns  (MaxDelay Path 8.000ns)
  Data Path Delay:        2.693ns  (logic 1.096ns (40.701%)  route 1.597ns (59.299%))
  Logic Levels:           3  (LUT3=1 LUT6=1 MUXF7=1)
  Timing Exception:       MaxDelay Path 8.000ns -datapath_only

    Location             Delay type                Incr(ns)  Path(ns)    Netlist Resource(s)
  -------------------------------------------------------------------    -------------------
    SLICE_X61Y79                                      0.000     0.000 r  protection_system_i/protection_ip_axi_lite_0/inst/u_adc_sample_cdc_bridge/u_fifo/mem_reg[4][30]/C
    SLICE_X61Y79         FDRE (Prop_fdre_C_Q)         0.456     0.456 r  protection_system_i/protection_ip_axi_lite_0/inst/u_adc_sample_cdc_bridge/u_fifo/mem_reg[4][30]/Q
                         net (fo=1, routed)           0.815     1.271    protection_system_i/protection_ip_axi_lite_0/inst/u_adc_sample_cdc_bridge/u_fifo/mem_reg[4][30]
    SLICE_X61Y78         LUT6 (Prop_lut6_I5_O)        0.124     1.395 r  protection_system_i/protection_ip_axi_lite_0/inst/u_adc_sample_cdc_bridge/u_fifo/rd_data[30]_INST_0_i_2/O
                         net (fo=1, routed)           0.000     1.395    protection_system_i/protection_ip_axi_lite_0/inst/u_adc_sample_cdc_bridge/u_fifo/rd_data[30]_INST_0_i_2_n_0
    SLICE_X61Y78         MUXF7 (Prop_muxf7_I1_O)      0.217     1.612 r  protection_system_i/protection_ip_axi_lite_0/inst/u_adc_sample_cdc_bridge/u_fifo/rd_data[30]_INST_0/O
                         net (fo=1, routed)           0.782     2.394    protection_system_i/protection_ip_axi_lite_0/inst/u_adc_sample_cdc_bridge/u_fifo_n_29
    SLICE_X61Y80         LUT3 (Prop_lut3_I1_O)        0.299     2.693 r  protection_system_i/protection_ip_axi_lite_0/inst/u_adc_sample_cdc_bridge/destination_data[30]_i_1/O
                         net (fo=1, routed)           0.000     2.693    protection_system_i/protection_ip_axi_lite_0/inst/u_adc_sample_cdc_bridge/destination_data[30]_i_1_n_0
    SLICE_X61Y80         FDCE                                         r  protection_system_i/protection_ip_axi_lite_0/inst/u_adc_sample_cdc_bridge/destination_data_reg[30]/D
  -------------------------------------------------------------------    -------------------

                         max delay                    8.000     8.000    
    SLICE_X61Y80         FDCE (Setup_fdce_C_D)        0.031     8.031    protection_system_i/protection_ip_axi_lite_0/inst/u_adc_sample_cdc_bridge/destination_data_reg[30]
  -------------------------------------------------------------------
                         required time                          8.031    
                         arrival time                          -2.693    
  -------------------------------------------------------------------
                         slack                                  5.338    

Slack (MET) :             5.343ns  (required time - arrival time)
  Source:                 protection_system_i/protection_ip_axi_lite_0/inst/u_adc_sample_cdc_bridge/u_fifo/mem_reg[4][45]/C
                            (rising edge-triggered cell FDRE clocked by clk_fpga_1  {rise@0.000ns fall@4.000ns period=8.000ns})
  Destination:            protection_system_i/protection_ip_axi_lite_0/inst/u_adc_sample_cdc_bridge/destination_data_reg[45]/D
                            (rising edge-triggered cell FDCE clocked by clk_fpga_0  {rise@0.000ns fall@5.000ns period=10.000ns})
  Path Group:             clk_fpga_0
  Path Type:              Setup (Max at Slow Process Corner)
  Requirement:            8.000ns  (MaxDelay Path 8.000ns)
  Data Path Delay:        2.688ns  (logic 1.158ns (43.082%)  route 1.530ns (56.918%))
  Logic Levels:           3  (LUT3=1 LUT6=1 MUXF7=1)
  Timing Exception:       MaxDelay Path 8.000ns -datapath_only

    Location             Delay type                Incr(ns)  Path(ns)    Netlist Resource(s)
  -------------------------------------------------------------------    -------------------
    SLICE_X62Y99                                      0.000     0.000 r  protection_system_i/protection_ip_axi_lite_0/inst/u_adc_sample_cdc_bridge/u_fifo/mem_reg[4][45]/C
    SLICE_X62Y99         FDRE (Prop_fdre_C_Q)         0.518     0.518 r  protection_system_i/protection_ip_axi_lite_0/inst/u_adc_sample_cdc_bridge/u_fifo/mem_reg[4][45]/Q
                         net (fo=1, routed)           0.607     1.125    protection_system_i/protection_ip_axi_lite_0/inst/u_adc_sample_cdc_bridge/u_fifo/mem_reg[4][45]
    SLICE_X63Y100        LUT6 (Prop_lut6_I5_O)        0.124     1.249 r  protection_system_i/protection_ip_axi_lite_0/inst/u_adc_sample_cdc_bridge/u_fifo/rd_data[45]_INST_0_i_2/O
                         net (fo=1, routed)           0.000     1.249    protection_system_i/protection_ip_axi_lite_0/inst/u_adc_sample_cdc_bridge/u_fifo/rd_data[45]_INST_0_i_2_n_0
    SLICE_X63Y100        MUXF7 (Prop_muxf7_I1_O)      0.217     1.466 r  protection_system_i/protection_ip_axi_lite_0/inst/u_adc_sample_cdc_bridge/u_fifo/rd_data[45]_INST_0/O
                         net (fo=1, routed)           0.923     2.389    protection_system_i/protection_ip_axi_lite_0/inst/u_adc_sample_cdc_bridge/u_fifo_n_14
    SLICE_X63Y95         LUT3 (Prop_lut3_I1_O)        0.299     2.688 r  protection_system_i/protection_ip_axi_lite_0/inst/u_adc_sample_cdc_bridge/destination_data[45]_i_1/O
                         net (fo=1, routed)           0.000     2.688    protection_system_i/protection_ip_axi_lite_0/inst/u_adc_sample_cdc_bridge/destination_data[45]_i_1_n_0
    SLICE_X63Y95         FDCE                                         r  protection_system_i/protection_ip_axi_lite_0/inst/u_adc_sample_cdc_bridge/destination_data_reg[45]/D
  -------------------------------------------------------------------    -------------------

                         max delay                    8.000     8.000    
    SLICE_X63Y95         FDCE (Setup_fdce_C_D)        0.031     8.031    protection_system_i/protection_ip_axi_lite_0/inst/u_adc_sample_cdc_bridge/destination_data_reg[45]
  -------------------------------------------------------------------
                         required time                          8.031    
                         arrival time                          -2.688    
  -------------------------------------------------------------------
                         slack                                  5.343    

Slack (MET) :             5.350ns  (required time - arrival time)
  Source:                 protection_system_i/protection_ip_axi_lite_0/inst/u_adc_sample_cdc_bridge/u_fifo/mem_reg[4][14]/C
                            (rising edge-triggered cell FDRE clocked by clk_fpga_1  {rise@0.000ns fall@4.000ns period=8.000ns})
  Destination:            protection_system_i/protection_ip_axi_lite_0/inst/u_adc_sample_cdc_bridge/destination_data_reg[14]/D
                            (rising edge-triggered cell FDCE clocked by clk_fpga_0  {rise@0.000ns fall@5.000ns period=10.000ns})
  Path Group:             clk_fpga_0
  Path Type:              Setup (Max at Slow Process Corner)
  Requirement:            8.000ns  (MaxDelay Path 8.000ns)
  Data Path Delay:        2.679ns  (logic 1.153ns (43.032%)  route 1.526ns (56.968%))
  Logic Levels:           3  (LUT3=1 LUT6=1 MUXF7=1)
  Timing Exception:       MaxDelay Path 8.000ns -datapath_only

    Location             Delay type                Incr(ns)  Path(ns)    Netlist Resource(s)
  -------------------------------------------------------------------    -------------------
    SLICE_X54Y72                                      0.000     0.000 r  protection_system_i/protection_ip_axi_lite_0/inst/u_adc_sample_cdc_bridge/u_fifo/mem_reg[4][14]/C
    SLICE_X54Y72         FDRE (Prop_fdre_C_Q)         0.518     0.518 r  protection_system_i/protection_ip_axi_lite_0/inst/u_adc_sample_cdc_bridge/u_fifo/mem_reg[4][14]/Q
                         net (fo=1, routed)           0.447     0.965    protection_system_i/protection_ip_axi_lite_0/inst/u_adc_sample_cdc_bridge/u_fifo/mem_reg[4][14]
    SLICE_X54Y73         LUT6 (Prop_lut6_I5_O)        0.124     1.089 r  protection_system_i/protection_ip_axi_lite_0/inst/u_adc_sample_cdc_bridge/u_fifo/rd_data[14]_INST_0_i_2/O
                         net (fo=1, routed)           0.000     1.089    protection_system_i/protection_ip_axi_lite_0/inst/u_adc_sample_cdc_bridge/u_fifo/rd_data[14]_INST_0_i_2_n_0
    SLICE_X54Y73         MUXF7 (Prop_muxf7_I1_O)      0.214     1.303 r  protection_system_i/protection_ip_axi_lite_0/inst/u_adc_sample_cdc_bridge/u_fifo/rd_data[14]_INST_0/O
                         net (fo=1, routed)           1.079     2.382    protection_system_i/protection_ip_axi_lite_0/inst/u_adc_sample_cdc_bridge/u_fifo_n_45
    SLICE_X48Y78         LUT3 (Prop_lut3_I1_O)        0.297     2.679 r  protection_system_i/protection_ip_axi_lite_0/inst/u_adc_sample_cdc_bridge/destination_data[14]_i_1/O
                         net (fo=1, routed)           0.000     2.679    protection_system_i/protection_ip_axi_lite_0/inst/u_adc_sample_cdc_bridge/destination_data[14]_i_1_n_0
    SLICE_X48Y78         FDCE                                         r  protection_system_i/protection_ip_axi_lite_0/inst/u_adc_sample_cdc_bridge/destination_data_reg[14]/D
  -------------------------------------------------------------------    -------------------

                         max delay                    8.000     8.000    
    SLICE_X48Y78         FDCE (Setup_fdce_C_D)        0.029     8.029    protection_system_i/protection_ip_axi_lite_0/inst/u_adc_sample_cdc_bridge/destination_data_reg[14]
  -------------------------------------------------------------------
                         required time                          8.029    
                         arrival time                          -2.679    
  -------------------------------------------------------------------
                         slack                                  5.350    

Slack (MET) :             5.355ns  (required time - arrival time)
  Source:                 protection_system_i/protection_ip_axi_lite_0/inst/u_adc_sample_cdc_bridge/u_fifo/mem_reg[4][40]/C
                            (rising edge-triggered cell FDRE clocked by clk_fpga_1  {rise@0.000ns fall@4.000ns period=8.000ns})
  Destination:            protection_system_i/protection_ip_axi_lite_0/inst/u_adc_sample_cdc_bridge/destination_data_reg[40]/D
                            (rising edge-triggered cell FDCE clocked by clk_fpga_0  {rise@0.000ns fall@5.000ns period=10.000ns})
  Path Group:             clk_fpga_0
  Path Type:              Setup (Max at Slow Process Corner)
  Requirement:            8.000ns  (MaxDelay Path 8.000ns)
  Data Path Delay:        2.674ns  (logic 1.096ns (40.988%)  route 1.578ns (59.012%))
  Logic Levels:           3  (LUT3=1 LUT6=1 MUXF7=1)
  Timing Exception:       MaxDelay Path 8.000ns -datapath_only

    Location             Delay type                Incr(ns)  Path(ns)    Netlist Resource(s)
  -------------------------------------------------------------------    -------------------
    SLICE_X84Y93                                      0.000     0.000 r  protection_system_i/protection_ip_axi_lite_0/inst/u_adc_sample_cdc_bridge/u_fifo/mem_reg[4][40]/C
    SLICE_X84Y93         FDRE (Prop_fdre_C_Q)         0.456     0.456 r  protection_system_i/protection_ip_axi_lite_0/inst/u_adc_sample_cdc_bridge/u_fifo/mem_reg[4][40]/Q
                         net (fo=1, routed)           0.658     1.114    protection_system_i/protection_ip_axi_lite_0/inst/u_adc_sample_cdc_bridge/u_fifo/mem_reg[4][40]
    SLICE_X84Y93         LUT6 (Prop_lut6_I5_O)        0.124     1.238 r  protection_system_i/protection_ip_axi_lite_0/inst/u_adc_sample_cdc_bridge/u_fifo/rd_data[40]_INST_0_i_2/O
                         net (fo=1, routed)           0.000     1.238    protection_system_i/protection_ip_axi_lite_0/inst/u_adc_sample_cdc_bridge/u_fifo/rd_data[40]_INST_0_i_2_n_0
    SLICE_X84Y93         MUXF7 (Prop_muxf7_I1_O)      0.217     1.455 r  protection_system_i/protection_ip_axi_lite_0/inst/u_adc_sample_cdc_bridge/u_fifo/rd_data[40]_INST_0/O
                         net (fo=1, routed)           0.920     2.375    protection_system_i/protection_ip_axi_lite_0/inst/u_adc_sample_cdc_bridge/u_fifo_n_19
    SLICE_X63Y90         LUT3 (Prop_lut3_I1_O)        0.299     2.674 r  protection_system_i/protection_ip_axi_lite_0/inst/u_adc_sample_cdc_bridge/destination_data[40]_i_1/O
                         net (fo=1, routed)           0.000     2.674    protection_system_i/protection_ip_axi_lite_0/inst/u_adc_sample_cdc_bridge/destination_data[40]_i_1_n_0
    SLICE_X63Y90         FDCE                                         r  protection_system_i/protection_ip_axi_lite_0/inst/u_adc_sample_cdc_bridge/destination_data_reg[40]/D
  -------------------------------------------------------------------    -------------------

                         max delay                    8.000     8.000    
    SLICE_X63Y90         FDCE (Setup_fdce_C_D)        0.029     8.029    protection_system_i/protection_ip_axi_lite_0/inst/u_adc_sample_cdc_bridge/destination_data_reg[40]
  -------------------------------------------------------------------
                         required time                          8.029    
                         arrival time                          -2.674    
  -------------------------------------------------------------------
                         slack                                  5.355    

Slack (MET) :             5.358ns  (required time - arrival time)
  Source:                 protection_system_i/protection_ip_axi_lite_0/inst/u_adc_sample_cdc_bridge/u_fifo/mem_reg[4][8]/C
                            (rising edge-triggered cell FDRE clocked by clk_fpga_1  {rise@0.000ns fall@4.000ns period=8.000ns})
  Destination:            protection_system_i/protection_ip_axi_lite_0/inst/u_adc_sample_cdc_bridge/destination_data_reg[8]/D
                            (rising edge-triggered cell FDCE clocked by clk_fpga_0  {rise@0.000ns fall@5.000ns period=10.000ns})
  Path Group:             clk_fpga_0
  Path Type:              Setup (Max at Slow Process Corner)
  Requirement:            8.000ns  (MaxDelay Path 8.000ns)
  Data Path Delay:        2.673ns  (logic 1.123ns (42.020%)  route 1.550ns (57.980%))
  Logic Levels:           3  (LUT3=1 LUT6=1 MUXF7=1)
  Timing Exception:       MaxDelay Path 8.000ns -datapath_only

    Location             Delay type                Incr(ns)  Path(ns)    Netlist Resource(s)
  -------------------------------------------------------------------    -------------------
    SLICE_X65Y77                                      0.000     0.000 r  protection_system_i/protection_ip_axi_lite_0/inst/u_adc_sample_cdc_bridge/u_fifo/mem_reg[4][8]/C
    SLICE_X65Y77         FDRE (Prop_fdre_C_Q)         0.456     0.456 r  protection_system_i/protection_ip_axi_lite_0/inst/u_adc_sample_cdc_bridge/u_fifo/mem_reg[4][8]/Q
                         net (fo=1, routed)           0.580     1.036    protection_system_i/protection_ip_axi_lite_0/inst/u_adc_sample_cdc_bridge/u_fifo/mem_reg[4][8]
    SLICE_X63Y77         LUT6 (Prop_lut6_I5_O)        0.124     1.160 r  protection_system_i/protection_ip_axi_lite_0/inst/u_adc_sample_cdc_bridge/u_fifo/rd_data[8]_INST_0_i_2/O
                         net (fo=1, routed)           0.000     1.160    protection_system_i/protection_ip_axi_lite_0/inst/u_adc_sample_cdc_bridge/u_fifo/rd_data[8]_INST_0_i_2_n_0
    SLICE_X63Y77         MUXF7 (Prop_muxf7_I1_O)      0.245     1.405 r  protection_system_i/protection_ip_axi_lite_0/inst/u_adc_sample_cdc_bridge/u_fifo/rd_data[8]_INST_0/O
                         net (fo=1, routed)           0.970     2.375    protection_system_i/protection_ip_axi_lite_0/inst/u_adc_sample_cdc_bridge/u_fifo_n_51
    SLICE_X57Y78         LUT3 (Prop_lut3_I1_O)        0.298     2.673 r  protection_system_i/protection_ip_axi_lite_0/inst/u_adc_sample_cdc_bridge/destination_data[8]_i_1/O
                         net (fo=1, routed)           0.000     2.673    protection_system_i/protection_ip_axi_lite_0/inst/u_adc_sample_cdc_bridge/destination_data[8]_i_1_n_0
    SLICE_X57Y78         FDCE                                         r  protection_system_i/protection_ip_axi_lite_0/inst/u_adc_sample_cdc_bridge/destination_data_reg[8]/D
  -------------------------------------------------------------------    -------------------

                         max delay                    8.000     8.000    
    SLICE_X57Y78         FDCE (Setup_fdce_C_D)        0.031     8.031    protection_system_i/protection_ip_axi_lite_0/inst/u_adc_sample_cdc_bridge/destination_data_reg[8]
  -------------------------------------------------------------------
                         required time                          8.031    
                         arrival time                          -2.673    
  -------------------------------------------------------------------
                         slack                                  5.358    

Slack (MET) :             5.367ns  (required time - arrival time)
  Source:                 protection_system_i/protection_ip_axi_lite_0/inst/u_adc_sample_cdc_bridge/u_fifo/mem_reg[4][44]/C
                            (rising edge-triggered cell FDRE clocked by clk_fpga_1  {rise@0.000ns fall@4.000ns period=8.000ns})
  Destination:            protection_system_i/protection_ip_axi_lite_0/inst/u_adc_sample_cdc_bridge/destination_data_reg[44]/D
                            (rising edge-triggered cell FDCE clocked by clk_fpga_0  {rise@0.000ns fall@5.000ns period=10.000ns})
  Path Group:             clk_fpga_0
  Path Type:              Setup (Max at Slow Process Corner)
  Requirement:            8.000ns  (MaxDelay Path 8.000ns)
  Data Path Delay:        2.662ns  (logic 1.096ns (41.172%)  route 1.566ns (58.828%))
  Logic Levels:           3  (LUT3=1 LUT6=1 MUXF7=1)
  Timing Exception:       MaxDelay Path 8.000ns -datapath_only

    Location             Delay type                Incr(ns)  Path(ns)    Netlist Resource(s)
  -------------------------------------------------------------------    -------------------
    SLICE_X63Y98                                      0.000     0.000 r  protection_system_i/protection_ip_axi_lite_0/inst/u_adc_sample_cdc_bridge/u_fifo/mem_reg[4][44]/C
    SLICE_X63Y98         FDRE (Prop_fdre_C_Q)         0.456     0.456 r  protection_system_i/protection_ip_axi_lite_0/inst/u_adc_sample_cdc_bridge/u_fifo/mem_reg[4][44]/Q
                         net (fo=1, routed)           0.593     1.049    protection_system_i/protection_ip_axi_lite_0/inst/u_adc_sample_cdc_bridge/u_fifo/mem_reg[4][44]
    SLICE_X64Y98         LUT6 (Prop_lut6_I5_O)        0.124     1.173 r  protection_system_i/protection_ip_axi_lite_0/inst/u_adc_sample_cdc_bridge/u_fifo/rd_data[44]_INST_0_i_2/O
                         net (fo=1, routed)           0.000     1.173    protection_system_i/protection_ip_axi_lite_0/inst/u_adc_sample_cdc_bridge/u_fifo/rd_data[44]_INST_0_i_2_n_0
    SLICE_X64Y98         MUXF7 (Prop_muxf7_I1_O)      0.217     1.390 r  protection_system_i/protection_ip_axi_lite_0/inst/u_adc_sample_cdc_bridge/u_fifo/rd_data[44]_INST_0/O
                         net (fo=1, routed)           0.973     2.363    protection_system_i/protection_ip_axi_lite_0/inst/u_adc_sample_cdc_bridge/u_fifo_n_15
    SLICE_X63Y95         LUT3 (Prop_lut3_I1_O)        0.299     2.662 r  protection_system_i/protection_ip_axi_lite_0/inst/u_adc_sample_cdc_bridge/destination_data[44]_i_1/O
                         net (fo=1, routed)           0.000     2.662    protection_system_i/protection_ip_axi_lite_0/inst/u_adc_sample_cdc_bridge/destination_data[44]_i_1_n_0
    SLICE_X63Y95         FDCE                                         r  protection_system_i/protection_ip_axi_lite_0/inst/u_adc_sample_cdc_bridge/destination_data_reg[44]/D
  -------------------------------------------------------------------    -------------------

                         max delay                    8.000     8.000    
    SLICE_X63Y95         FDCE (Setup_fdce_C_D)        0.029     8.029    protection_system_i/protection_ip_axi_lite_0/inst/u_adc_sample_cdc_bridge/destination_data_reg[44]
  -------------------------------------------------------------------
                         required time                          8.029    
                         arrival time                          -2.662    
  -------------------------------------------------------------------
                         slack                                  5.367    

Slack (MET) :             5.391ns  (required time - arrival time)
  Source:                 protection_system_i/protection_ip_axi_lite_0/inst/u_adc_sample_cdc_bridge/u_fifo/mem_reg[4][20]/C
                            (rising edge-triggered cell FDRE clocked by clk_fpga_1  {rise@0.000ns fall@4.000ns period=8.000ns})
  Destination:            protection_system_i/protection_ip_axi_lite_0/inst/u_adc_sample_cdc_bridge/destination_data_reg[20]/D
                            (rising edge-triggered cell FDCE clocked by clk_fpga_0  {rise@0.000ns fall@5.000ns period=10.000ns})
  Path Group:             clk_fpga_0
  Path Type:              Setup (Max at Slow Process Corner)
  Requirement:            8.000ns  (MaxDelay Path 8.000ns)
  Data Path Delay:        2.641ns  (logic 1.153ns (43.650%)  route 1.488ns (56.350%))
  Logic Levels:           3  (LUT3=1 LUT6=1 MUXF7=1)
  Timing Exception:       MaxDelay Path 8.000ns -datapath_only

    Location             Delay type                Incr(ns)  Path(ns)    Netlist Resource(s)
  -------------------------------------------------------------------    -------------------
    SLICE_X50Y72                                      0.000     0.000 r  protection_system_i/protection_ip_axi_lite_0/inst/u_adc_sample_cdc_bridge/u_fifo/mem_reg[4][20]/C
    SLICE_X50Y72         FDRE (Prop_fdre_C_Q)         0.518     0.518 r  protection_system_i/protection_ip_axi_lite_0/inst/u_adc_sample_cdc_bridge/u_fifo/mem_reg[4][20]/Q
                         net (fo=1, routed)           0.586     1.104    protection_system_i/protection_ip_axi_lite_0/inst/u_adc_sample_cdc_bridge/u_fifo/mem_reg[4][20]
    SLICE_X50Y74         LUT6 (Prop_lut6_I5_O)        0.124     1.228 r  protection_system_i/protection_ip_axi_lite_0/inst/u_adc_sample_cdc_bridge/u_fifo/rd_data[20]_INST_0_i_2/O
                         net (fo=1, routed)           0.000     1.228    protection_system_i/protection_ip_axi_lite_0/inst/u_adc_sample_cdc_bridge/u_fifo/rd_data[20]_INST_0_i_2_n_0
    SLICE_X50Y74         MUXF7 (Prop_muxf7_I1_O)      0.214     1.442 r  protection_system_i/protection_ip_axi_lite_0/inst/u_adc_sample_cdc_bridge/u_fifo/rd_data[20]_INST_0/O
                         net (fo=1, routed)           0.903     2.344    protection_system_i/protection_ip_axi_lite_0/inst/u_adc_sample_cdc_bridge/u_fifo_n_39
    SLICE_X49Y77         LUT3 (Prop_lut3_I1_O)        0.297     2.641 r  protection_system_i/protection_ip_axi_lite_0/inst/u_adc_sample_cdc_bridge/destination_data[20]_i_1/O
                         net (fo=1, routed)           0.000     2.641    protection_system_i/protection_ip_axi_lite_0/inst/u_adc_sample_cdc_bridge/destination_data[20]_i_1_n_0
    SLICE_X49Y77         FDCE                                         r  protection_system_i/protection_ip_axi_lite_0/inst/u_adc_sample_cdc_bridge/destination_data_reg[20]/D
  -------------------------------------------------------------------    -------------------

                         max delay                    8.000     8.000    
    SLICE_X49Y77         FDCE (Setup_fdce_C_D)        0.032     8.032    protection_system_i/protection_ip_axi_lite_0/inst/u_adc_sample_cdc_bridge/destination_data_reg[20]
  -------------------------------------------------------------------
                         required time                          8.032    
                         arrival time                          -2.641    
  -------------------------------------------------------------------
                         slack                                  5.391    

Slack (MET) :             5.394ns  (required time - arrival time)
  Source:                 protection_system_i/protection_ip_axi_lite_0/inst/u_adc_sample_cdc_bridge/u_fifo/mem_reg[4][46]/C
                            (rising edge-triggered cell FDRE clocked by clk_fpga_1  {rise@0.000ns fall@4.000ns period=8.000ns})
  Destination:            protection_system_i/protection_ip_axi_lite_0/inst/u_adc_sample_cdc_bridge/destination_data_reg[46]/D
                            (rising edge-triggered cell FDCE clocked by clk_fpga_0  {rise@0.000ns fall@5.000ns period=10.000ns})
  Path Group:             clk_fpga_0
  Path Type:              Setup (Max at Slow Process Corner)
  Requirement:            8.000ns  (MaxDelay Path 8.000ns)
  Data Path Delay:        2.687ns  (logic 1.096ns (40.783%)  route 1.591ns (59.217%))
  Logic Levels:           3  (LUT3=1 LUT6=1 MUXF7=1)
  Timing Exception:       MaxDelay Path 8.000ns -datapath_only

    Location             Delay type                Incr(ns)  Path(ns)    Netlist Resource(s)
  -------------------------------------------------------------------    -------------------
    SLICE_X67Y99                                      0.000     0.000 r  protection_system_i/protection_ip_axi_lite_0/inst/u_adc_sample_cdc_bridge/u_fifo/mem_reg[4][46]/C
    SLICE_X67Y99         FDRE (Prop_fdre_C_Q)         0.456     0.456 r  protection_system_i/protection_ip_axi_lite_0/inst/u_adc_sample_cdc_bridge/u_fifo/mem_reg[4][46]/Q
                         net (fo=1, routed)           0.447     0.903    protection_system_i/protection_ip_axi_lite_0/inst/u_adc_sample_cdc_bridge/u_fifo/mem_reg[4][46]
    SLICE_X65Y100        LUT6 (Prop_lut6_I5_O)        0.124     1.027 r  protection_system_i/protection_ip_axi_lite_0/inst/u_adc_sample_cdc_bridge/u_fifo/rd_data[46]_INST_0_i_2/O
                         net (fo=1, routed)           0.000     1.027    protection_system_i/protection_ip_axi_lite_0/inst/u_adc_sample_cdc_bridge/u_fifo/rd_data[46]_INST_0_i_2_n_0
    SLICE_X65Y100        MUXF7 (Prop_muxf7_I1_O)      0.217     1.244 r  protection_system_i/protection_ip_axi_lite_0/inst/u_adc_sample_cdc_bridge/u_fifo/rd_data[46]_INST_0/O
                         net (fo=1, routed)           1.145     2.388    protection_system_i/protection_ip_axi_lite_0/inst/u_adc_sample_cdc_bridge/u_fifo_n_13
    SLICE_X62Y94         LUT3 (Prop_lut3_I1_O)        0.299     2.687 r  protection_system_i/protection_ip_axi_lite_0/inst/u_adc_sample_cdc_bridge/destination_data[46]_i_1/O
                         net (fo=1, routed)           0.000     2.687    protection_system_i/protection_ip_axi_lite_0/inst/u_adc_sample_cdc_bridge/destination_data[46]_i_1_n_0
    SLICE_X62Y94         FDCE                                         r  protection_system_i/protection_ip_axi_lite_0/inst/u_adc_sample_cdc_bridge/destination_data_reg[46]/D
  -------------------------------------------------------------------    -------------------

                         max delay                    8.000     8.000    
    SLICE_X62Y94         FDCE (Setup_fdce_C_D)        0.081     8.081    protection_system_i/protection_ip_axi_lite_0/inst/u_adc_sample_cdc_bridge/destination_data_reg[46]
  -------------------------------------------------------------------
                         required time                          8.081    
                         arrival time                          -2.687    
  -------------------------------------------------------------------
                         slack                                  5.394    

Slack (MET) :             5.394ns  (required time - arrival time)
  Source:                 protection_system_i/protection_ip_axi_lite_0/inst/u_adc_sample_cdc_bridge/u_fifo/mem_reg[4][23]/C
                            (rising edge-triggered cell FDRE clocked by clk_fpga_1  {rise@0.000ns fall@4.000ns period=8.000ns})
  Destination:            protection_system_i/protection_ip_axi_lite_0/inst/u_adc_sample_cdc_bridge/destination_data_reg[23]/D
                            (rising edge-triggered cell FDCE clocked by clk_fpga_0  {rise@0.000ns fall@5.000ns period=10.000ns})
  Path Group:             clk_fpga_0
  Path Type:              Setup (Max at Slow Process Corner)
  Requirement:            8.000ns  (MaxDelay Path 8.000ns)
  Data Path Delay:        2.637ns  (logic 1.234ns (46.804%)  route 1.403ns (53.196%))
  Logic Levels:           3  (LUT3=1 LUT6=1 MUXF7=1)
  Timing Exception:       MaxDelay Path 8.000ns -datapath_only

    Location             Delay type                Incr(ns)  Path(ns)    Netlist Resource(s)
  -------------------------------------------------------------------    -------------------
    SLICE_X49Y75                                      0.000     0.000 r  protection_system_i/protection_ip_axi_lite_0/inst/u_adc_sample_cdc_bridge/u_fifo/mem_reg[4][23]/C
    SLICE_X49Y75         FDRE (Prop_fdre_C_Q)         0.419     0.419 r  protection_system_i/protection_ip_axi_lite_0/inst/u_adc_sample_cdc_bridge/u_fifo/mem_reg[4][23]/Q
                         net (fo=1, routed)           0.818     1.237    protection_system_i/protection_ip_axi_lite_0/inst/u_adc_sample_cdc_bridge/u_fifo/mem_reg[4][23]
    SLICE_X48Y75         LUT6 (Prop_lut6_I5_O)        0.299     1.536 r  protection_system_i/protection_ip_axi_lite_0/inst/u_adc_sample_cdc_bridge/u_fifo/rd_data[23]_INST_0_i_2/O
                         net (fo=1, routed)           0.000     1.536    protection_system_i/protection_ip_axi_lite_0/inst/u_adc_sample_cdc_bridge/u_fifo/rd_data[23]_INST_0_i_2_n_0
    SLICE_X48Y75         MUXF7 (Prop_muxf7_I1_O)      0.217     1.753 r  protection_system_i/protection_ip_axi_lite_0/inst/u_adc_sample_cdc_bridge/u_fifo/rd_data[23]_INST_0/O
                         net (fo=1, routed)           0.585     2.338    protection_system_i/protection_ip_axi_lite_0/inst/u_adc_sample_cdc_bridge/u_fifo_n_36
    SLICE_X48Y78         LUT3 (Prop_lut3_I1_O)        0.299     2.637 r  protection_system_i/protection_ip_axi_lite_0/inst/u_adc_sample_cdc_bridge/destination_data[23]_i_1/O
                         net (fo=1, routed)           0.000     2.637    protection_system_i/protection_ip_axi_lite_0/inst/u_adc_sample_cdc_bridge/destination_data[23]_i_1_n_0
    SLICE_X48Y78         FDCE                                         r  protection_system_i/protection_ip_axi_lite_0/inst/u_adc_sample_cdc_bridge/destination_data_reg[23]/D
  -------------------------------------------------------------------    -------------------

                         max delay                    8.000     8.000    
    SLICE_X48Y78         FDCE (Setup_fdce_C_D)        0.031     8.031    protection_system_i/protection_ip_axi_lite_0/inst/u_adc_sample_cdc_bridge/destination_data_reg[23]
  -------------------------------------------------------------------
                         required time                          8.031    
                         arrival time                          -2.637    
  -------------------------------------------------------------------
                         slack                                  5.394    

Slack (MET) :             5.428ns  (required time - arrival time)
  Source:                 protection_system_i/protection_ip_axi_lite_0/inst/u_adc_sample_cdc_bridge/u_fifo/mem_reg[4][12]/C
                            (rising edge-triggered cell FDRE clocked by clk_fpga_1  {rise@0.000ns fall@4.000ns period=8.000ns})
  Destination:            protection_system_i/protection_ip_axi_lite_0/inst/u_adc_sample_cdc_bridge/destination_data_reg[12]/D
                            (rising edge-triggered cell FDCE clocked by clk_fpga_0  {rise@0.000ns fall@5.000ns period=10.000ns})
  Path Group:             clk_fpga_0
  Path Type:              Setup (Max at Slow Process Corner)
  Requirement:            8.000ns  (MaxDelay Path 8.000ns)
  Data Path Delay:        2.601ns  (logic 1.096ns (42.134%)  route 1.505ns (57.866%))
  Logic Levels:           3  (LUT3=1 LUT6=1 MUXF7=1)
  Timing Exception:       MaxDelay Path 8.000ns -datapath_only

    Location             Delay type                Incr(ns)  Path(ns)    Netlist Resource(s)
  -------------------------------------------------------------------    -------------------
    SLICE_X49Y75                                      0.000     0.000 r  protection_system_i/protection_ip_axi_lite_0/inst/u_adc_sample_cdc_bridge/u_fifo/mem_reg[4][12]/C
    SLICE_X49Y75         FDRE (Prop_fdre_C_Q)         0.456     0.456 r  protection_system_i/protection_ip_axi_lite_0/inst/u_adc_sample_cdc_bridge/u_fifo/mem_reg[4][12]/Q
                         net (fo=1, routed)           0.774     1.230    protection_system_i/protection_ip_axi_lite_0/inst/u_adc_sample_cdc_bridge/u_fifo/mem_reg[4][12]
    SLICE_X48Y74         LUT6 (Prop_lut6_I5_O)        0.124     1.354 r  protection_system_i/protection_ip_axi_lite_0/inst/u_adc_sample_cdc_bridge/u_fifo/rd_data[12]_INST_0_i_2/O
                         net (fo=1, routed)           0.000     1.354    protection_system_i/protection_ip_axi_lite_0/inst/u_adc_sample_cdc_bridge/u_fifo/rd_data[12]_INST_0_i_2_n_0
    SLICE_X48Y74         MUXF7 (Prop_muxf7_I1_O)      0.217     1.571 r  protection_system_i/protection_ip_axi_lite_0/inst/u_adc_sample_cdc_bridge/u_fifo/rd_data[12]_INST_0/O
                         net (fo=1, routed)           0.731     2.302    protection_system_i/protection_ip_axi_lite_0/inst/u_adc_sample_cdc_bridge/u_fifo_n_47
    SLICE_X49Y77         LUT3 (Prop_lut3_I1_O)        0.299     2.601 r  protection_system_i/protection_ip_axi_lite_0/inst/u_adc_sample_cdc_bridge/destination_data[12]_i_1/O
                         net (fo=1, routed)           0.000     2.601    protection_system_i/protection_ip_axi_lite_0/inst/u_adc_sample_cdc_bridge/destination_data[12]_i_1_n_0
    SLICE_X49Y77         FDCE                                         r  protection_system_i/protection_ip_axi_lite_0/inst/u_adc_sample_cdc_bridge/destination_data_reg[12]/D
  -------------------------------------------------------------------    -------------------

                         max delay                    8.000     8.000    
    SLICE_X49Y77         FDCE (Setup_fdce_C_D)        0.029     8.029    protection_system_i/protection_ip_axi_lite_0/inst/u_adc_sample_cdc_bridge/destination_data_reg[12]
  -------------------------------------------------------------------
                         required time                          8.029    
                         arrival time                          -2.601    
  -------------------------------------------------------------------
                         slack                                  5.428    

Slack (MET) :             5.484ns  (required time - arrival time)
  Source:                 protection_system_i/protection_ip_axi_lite_0/inst/u_adc_sample_cdc_bridge/u_fifo/mem_reg[4][51]/C
                            (rising edge-triggered cell FDRE clocked by clk_fpga_1  {rise@0.000ns fall@4.000ns period=8.000ns})
  Destination:            protection_system_i/protection_ip_axi_lite_0/inst/u_adc_sample_cdc_bridge/destination_data_reg[51]/D
                            (rising edge-triggered cell FDCE clocked by clk_fpga_0  {rise@0.000ns fall@5.000ns period=10.000ns})
  Path Group:             clk_fpga_0
  Path Type:              Setup (Max at Slow Process Corner)
  Requirement:            8.000ns  (MaxDelay Path 8.000ns)
  Data Path Delay:        2.545ns  (logic 1.096ns (43.073%)  route 1.449ns (56.927%))
  Logic Levels:           3  (LUT3=1 LUT6=1 MUXF7=1)
  Timing Exception:       MaxDelay Path 8.000ns -datapath_only

    Location             Delay type                Incr(ns)  Path(ns)    Netlist Resource(s)
  -------------------------------------------------------------------    -------------------
    SLICE_X61Y99                                      0.000     0.000 r  protection_system_i/protection_ip_axi_lite_0/inst/u_adc_sample_cdc_bridge/u_fifo/mem_reg[4][51]/C
    SLICE_X61Y99         FDRE (Prop_fdre_C_Q)         0.456     0.456 r  protection_system_i/protection_ip_axi_lite_0/inst/u_adc_sample_cdc_bridge/u_fifo/mem_reg[4][51]/Q
                         net (fo=1, routed)           0.943     1.399    protection_system_i/protection_ip_axi_lite_0/inst/u_adc_sample_cdc_bridge/u_fifo/mem_reg[4][51]
    SLICE_X61Y100        LUT6 (Prop_lut6_I5_O)        0.124     1.523 r  protection_system_i/protection_ip_axi_lite_0/inst/u_adc_sample_cdc_bridge/u_fifo/rd_data[51]_INST_0_i_2/O
                         net (fo=1, routed)           0.000     1.523    protection_system_i/protection_ip_axi_lite_0/inst/u_adc_sample_cdc_bridge/u_fifo/rd_data[51]_INST_0_i_2_n_0
    SLICE_X61Y100        MUXF7 (Prop_muxf7_I1_O)      0.217     1.740 r  protection_system_i/protection_ip_axi_lite_0/inst/u_adc_sample_cdc_bridge/u_fifo/rd_data[51]_INST_0/O
                         net (fo=1, routed)           0.506     2.246    protection_system_i/protection_ip_axi_lite_0/inst/u_adc_sample_cdc_bridge/u_fifo_n_8
    SLICE_X61Y95         LUT3 (Prop_lut3_I1_O)        0.299     2.545 r  protection_system_i/protection_ip_axi_lite_0/inst/u_adc_sample_cdc_bridge/destination_data[51]_i_1/O
                         net (fo=1, routed)           0.000     2.545    protection_system_i/protection_ip_axi_lite_0/inst/u_adc_sample_cdc_bridge/destination_data[51]_i_1_n_0
    SLICE_X61Y95         FDCE                                         r  protection_system_i/protection_ip_axi_lite_0/inst/u_adc_sample_cdc_bridge/destination_data_reg[51]/D
  -------------------------------------------------------------------    -------------------

                         max delay                    8.000     8.000    
    SLICE_X61Y95         FDCE (Setup_fdce_C_D)        0.029     8.029    protection_system_i/protection_ip_axi_lite_0/inst/u_adc_sample_cdc_bridge/destination_data_reg[51]
  -------------------------------------------------------------------
                         required time                          8.029    
                         arrival time                          -2.545    
  -------------------------------------------------------------------
                         slack                                  5.484    

Slack (MET) :             5.492ns  (required time - arrival time)
  Source:                 protection_system_i/protection_ip_axi_lite_0/inst/u_adc_sample_cdc_bridge/u_fifo/mem_reg[4][16]/C
                            (rising edge-triggered cell FDRE clocked by clk_fpga_1  {rise@0.000ns fall@4.000ns period=8.000ns})
  Destination:            protection_system_i/protection_ip_axi_lite_0/inst/u_adc_sample_cdc_bridge/destination_data_reg[16]/D
                            (rising edge-triggered cell FDCE clocked by clk_fpga_0  {rise@0.000ns fall@5.000ns period=10.000ns})
  Path Group:             clk_fpga_0
  Path Type:              Setup (Max at Slow Process Corner)
  Requirement:            8.000ns  (MaxDelay Path 8.000ns)
  Data Path Delay:        2.539ns  (logic 1.096ns (43.175%)  route 1.443ns (56.825%))
  Logic Levels:           3  (LUT3=1 LUT6=1 MUXF7=1)
  Timing Exception:       MaxDelay Path 8.000ns -datapath_only

    Location             Delay type                Incr(ns)  Path(ns)    Netlist Resource(s)
  -------------------------------------------------------------------    -------------------
    SLICE_X49Y75                                      0.000     0.000 r  protection_system_i/protection_ip_axi_lite_0/inst/u_adc_sample_cdc_bridge/u_fifo/mem_reg[4][16]/C
    SLICE_X49Y75         FDRE (Prop_fdre_C_Q)         0.456     0.456 r  protection_system_i/protection_ip_axi_lite_0/inst/u_adc_sample_cdc_bridge/u_fifo/mem_reg[4][16]/Q
                         net (fo=1, routed)           1.144     1.600    protection_system_i/protection_ip_axi_lite_0/inst/u_adc_sample_cdc_bridge/u_fifo/mem_reg[4][16]
    SLICE_X49Y75         LUT6 (Prop_lut6_I5_O)        0.124     1.724 r  protection_system_i/protection_ip_axi_lite_0/inst/u_adc_sample_cdc_bridge/u_fifo/rd_data[16]_INST_0_i_2/O
                         net (fo=1, routed)           0.000     1.724    protection_system_i/protection_ip_axi_lite_0/inst/u_adc_sample_cdc_bridge/u_fifo/rd_data[16]_INST_0_i_2_n_0
    SLICE_X49Y75         MUXF7 (Prop_muxf7_I1_O)      0.217     1.941 r  protection_system_i/protection_ip_axi_lite_0/inst/u_adc_sample_cdc_bridge/u_fifo/rd_data[16]_INST_0/O
                         net (fo=1, routed)           0.298     2.240    protection_system_i/protection_ip_axi_lite_0/inst/u_adc_sample_cdc_bridge/u_fifo_n_43
    SLICE_X49Y77         LUT3 (Prop_lut3_I1_O)        0.299     2.539 r  protection_system_i/protection_ip_axi_lite_0/inst/u_adc_sample_cdc_bridge/destination_data[16]_i_1/O
                         net (fo=1, routed)           0.000     2.539    protection_system_i/protection_ip_axi_lite_0/inst/u_adc_sample_cdc_bridge/destination_data[16]_i_1_n_0
    SLICE_X49Y77         FDCE                                         r  protection_system_i/protection_ip_axi_lite_0/inst/u_adc_sample_cdc_bridge/destination_data_reg[16]/D
  -------------------------------------------------------------------    -------------------

                         max delay                    8.000     8.000    
    SLICE_X49Y77         FDCE (Setup_fdce_C_D)        0.031     8.031    protection_system_i/protection_ip_axi_lite_0/inst/u_adc_sample_cdc_bridge/destination_data_reg[16]
  -------------------------------------------------------------------
                         required time                          8.031    
                         arrival time                          -2.539    
  -------------------------------------------------------------------
                         slack                                  5.492    

Slack (MET) :             5.494ns  (required time - arrival time)
  Source:                 protection_system_i/protection_ip_axi_lite_0/inst/u_adc_sample_cdc_bridge/u_fifo/mem_reg[4][22]/C
                            (rising edge-triggered cell FDRE clocked by clk_fpga_1  {rise@0.000ns fall@4.000ns period=8.000ns})
  Destination:            protection_system_i/protection_ip_axi_lite_0/inst/u_adc_sample_cdc_bridge/destination_data_reg[22]/D
                            (rising edge-triggered cell FDCE clocked by clk_fpga_0  {rise@0.000ns fall@5.000ns period=10.000ns})
  Path Group:             clk_fpga_0
  Path Type:              Setup (Max at Slow Process Corner)
  Requirement:            8.000ns  (MaxDelay Path 8.000ns)
  Data Path Delay:        2.535ns  (logic 1.232ns (48.601%)  route 1.303ns (51.399%))
  Logic Levels:           3  (LUT3=1 LUT6=1 MUXF7=1)
  Timing Exception:       MaxDelay Path 8.000ns -datapath_only

    Location             Delay type                Incr(ns)  Path(ns)    Netlist Resource(s)
  -------------------------------------------------------------------    -------------------
    SLICE_X49Y75                                      0.000     0.000 r  protection_system_i/protection_ip_axi_lite_0/inst/u_adc_sample_cdc_bridge/u_fifo/mem_reg[4][22]/C
    SLICE_X49Y75         FDRE (Prop_fdre_C_Q)         0.419     0.419 r  protection_system_i/protection_ip_axi_lite_0/inst/u_adc_sample_cdc_bridge/u_fifo/mem_reg[4][22]/Q
                         net (fo=1, routed)           0.829     1.248    protection_system_i/protection_ip_axi_lite_0/inst/u_adc_sample_cdc_bridge/u_fifo/mem_reg[4][22]
    SLICE_X49Y74         LUT6 (Prop_lut6_I5_O)        0.297     1.545 r  protection_system_i/protection_ip_axi_lite_0/inst/u_adc_sample_cdc_bridge/u_fifo/rd_data[22]_INST_0_i_2/O
                         net (fo=1, routed)           0.000     1.545    protection_system_i/protection_ip_axi_lite_0/inst/u_adc_sample_cdc_bridge/u_fifo/rd_data[22]_INST_0_i_2_n_0
    SLICE_X49Y74         MUXF7 (Prop_muxf7_I1_O)      0.217     1.762 r  protection_system_i/protection_ip_axi_lite_0/inst/u_adc_sample_cdc_bridge/u_fifo/rd_data[22]_INST_0/O
                         net (fo=1, routed)           0.474     2.236    protection_system_i/protection_ip_axi_lite_0/inst/u_adc_sample_cdc_bridge/u_fifo_n_37
    SLICE_X49Y78         LUT3 (Prop_lut3_I1_O)        0.299     2.535 r  protection_system_i/protection_ip_axi_lite_0/inst/u_adc_sample_cdc_bridge/destination_data[22]_i_1/O
                         net (fo=1, routed)           0.000     2.535    protection_system_i/protection_ip_axi_lite_0/inst/u_adc_sample_cdc_bridge/destination_data[22]_i_1_n_0
    SLICE_X49Y78         FDCE                                         r  protection_system_i/protection_ip_axi_lite_0/inst/u_adc_sample_cdc_bridge/destination_data_reg[22]/D
  -------------------------------------------------------------------    -------------------

                         max delay                    8.000     8.000    
    SLICE_X49Y78         FDCE (Setup_fdce_C_D)        0.029     8.029    protection_system_i/protection_ip_axi_lite_0/inst/u_adc_sample_cdc_bridge/destination_data_reg[22]
  -------------------------------------------------------------------
                         required time                          8.029    
                         arrival time                          -2.535    
  -------------------------------------------------------------------
                         slack                                  5.494    

Slack (MET) :             5.499ns  (required time - arrival time)
  Source:                 protection_system_i/protection_ip_axi_lite_0/inst/u_adc_sample_cdc_bridge/u_fifo/mem_reg[4][17]/C
                            (rising edge-triggered cell FDRE clocked by clk_fpga_1  {rise@0.000ns fall@4.000ns period=8.000ns})
  Destination:            protection_system_i/protection_ip_axi_lite_0/inst/u_adc_sample_cdc_bridge/destination_data_reg[17]/D
                            (rising edge-triggered cell FDCE clocked by clk_fpga_0  {rise@0.000ns fall@5.000ns period=10.000ns})
  Path Group:             clk_fpga_0
  Path Type:              Setup (Max at Slow Process Corner)
  Requirement:            8.000ns  (MaxDelay Path 8.000ns)
  Data Path Delay:        2.532ns  (logic 1.096ns (43.289%)  route 1.436ns (56.711%))
  Logic Levels:           3  (LUT3=1 LUT6=1 MUXF7=1)
  Timing Exception:       MaxDelay Path 8.000ns -datapath_only

    Location             Delay type                Incr(ns)  Path(ns)    Netlist Resource(s)
  -------------------------------------------------------------------    -------------------
    SLICE_X52Y76                                      0.000     0.000 r  protection_system_i/protection_ip_axi_lite_0/inst/u_adc_sample_cdc_bridge/u_fifo/mem_reg[4][17]/C
    SLICE_X52Y76         FDRE (Prop_fdre_C_Q)         0.456     0.456 r  protection_system_i/protection_ip_axi_lite_0/inst/u_adc_sample_cdc_bridge/u_fifo/mem_reg[4][17]/Q
                         net (fo=1, routed)           0.553     1.009    protection_system_i/protection_ip_axi_lite_0/inst/u_adc_sample_cdc_bridge/u_fifo/mem_reg[4][17]
    SLICE_X51Y75         LUT6 (Prop_lut6_I5_O)        0.124     1.133 r  protection_system_i/protection_ip_axi_lite_0/inst/u_adc_sample_cdc_bridge/u_fifo/rd_data[17]_INST_0_i_2/O
                         net (fo=1, routed)           0.000     1.133    protection_system_i/protection_ip_axi_lite_0/inst/u_adc_sample_cdc_bridge/u_fifo/rd_data[17]_INST_0_i_2_n_0
    SLICE_X51Y75         MUXF7 (Prop_muxf7_I1_O)      0.217     1.350 r  protection_system_i/protection_ip_axi_lite_0/inst/u_adc_sample_cdc_bridge/u_fifo/rd_data[17]_INST_0/O
                         net (fo=1, routed)           0.883     2.233    protection_system_i/protection_ip_axi_lite_0/inst/u_adc_sample_cdc_bridge/u_fifo_n_42
    SLICE_X48Y79         LUT3 (Prop_lut3_I1_O)        0.299     2.532 r  protection_system_i/protection_ip_axi_lite_0/inst/u_adc_sample_cdc_bridge/destination_data[17]_i_1/O
                         net (fo=1, routed)           0.000     2.532    protection_system_i/protection_ip_axi_lite_0/inst/u_adc_sample_cdc_bridge/destination_data[17]_i_1_n_0
    SLICE_X48Y79         FDCE                                         r  protection_system_i/protection_ip_axi_lite_0/inst/u_adc_sample_cdc_bridge/destination_data_reg[17]/D
  -------------------------------------------------------------------    -------------------

                         max delay                    8.000     8.000    
    SLICE_X48Y79         FDCE (Setup_fdce_C_D)        0.031     8.031    protection_system_i/protection_ip_axi_lite_0/inst/u_adc_sample_cdc_bridge/destination_data_reg[17]
  -------------------------------------------------------------------
                         required time                          8.031    
                         arrival time                          -2.532    
  -------------------------------------------------------------------
                         slack                                  5.499    

Slack (MET) :             5.504ns  (required time - arrival time)
  Source:                 protection_system_i/protection_ip_axi_lite_0/inst/u_adc_sample_cdc_bridge/u_fifo/mem_reg[4][9]/C
                            (rising edge-triggered cell FDRE clocked by clk_fpga_1  {rise@0.000ns fall@4.000ns period=8.000ns})
  Destination:            protection_system_i/protection_ip_axi_lite_0/inst/u_adc_sample_cdc_bridge/destination_data_reg[9]/D
                            (rising edge-triggered cell FDCE clocked by clk_fpga_0  {rise@0.000ns fall@5.000ns period=10.000ns})
  Path Group:             clk_fpga_0
  Path Type:              Setup (Max at Slow Process Corner)
  Requirement:            8.000ns  (MaxDelay Path 8.000ns)
  Data Path Delay:        2.575ns  (logic 1.091ns (42.365%)  route 1.484ns (57.635%))
  Logic Levels:           3  (LUT3=1 LUT6=1 MUXF7=1)
  Timing Exception:       MaxDelay Path 8.000ns -datapath_only

    Location             Delay type                Incr(ns)  Path(ns)    Netlist Resource(s)
  -------------------------------------------------------------------    -------------------
    SLICE_X61Y72                                      0.000     0.000 r  protection_system_i/protection_ip_axi_lite_0/inst/u_adc_sample_cdc_bridge/u_fifo/mem_reg[4][9]/C
    SLICE_X61Y72         FDRE (Prop_fdre_C_Q)         0.456     0.456 r  protection_system_i/protection_ip_axi_lite_0/inst/u_adc_sample_cdc_bridge/u_fifo/mem_reg[4][9]/Q
                         net (fo=1, routed)           0.665     1.121    protection_system_i/protection_ip_axi_lite_0/inst/u_adc_sample_cdc_bridge/u_fifo/mem_reg[4][9]
    SLICE_X62Y73         LUT6 (Prop_lut6_I5_O)        0.124     1.245 r  protection_system_i/protection_ip_axi_lite_0/inst/u_adc_sample_cdc_bridge/u_fifo/rd_data[9]_INST_0_i_2/O
                         net (fo=1, routed)           0.000     1.245    protection_system_i/protection_ip_axi_lite_0/inst/u_adc_sample_cdc_bridge/u_fifo/rd_data[9]_INST_0_i_2_n_0
    SLICE_X62Y73         MUXF7 (Prop_muxf7_I1_O)      0.214     1.459 r  protection_system_i/protection_ip_axi_lite_0/inst/u_adc_sample_cdc_bridge/u_fifo/rd_data[9]_INST_0/O
                         net (fo=1, routed)           0.819     2.278    protection_system_i/protection_ip_axi_lite_0/inst/u_adc_sample_cdc_bridge/u_fifo_n_50
    SLICE_X58Y79         LUT3 (Prop_lut3_I1_O)        0.297     2.575 r  protection_system_i/protection_ip_axi_lite_0/inst/u_adc_sample_cdc_bridge/destination_data[9]_i_1/O
                         net (fo=1, routed)           0.000     2.575    protection_system_i/protection_ip_axi_lite_0/inst/u_adc_sample_cdc_bridge/destination_data[9]_i_1_n_0
    SLICE_X58Y79         FDCE                                         r  protection_system_i/protection_ip_axi_lite_0/inst/u_adc_sample_cdc_bridge/destination_data_reg[9]/D
  -------------------------------------------------------------------    -------------------

                         max delay                    8.000     8.000    
    SLICE_X58Y79         FDCE (Setup_fdce_C_D)        0.079     8.079    protection_system_i/protection_ip_axi_lite_0/inst/u_adc_sample_cdc_bridge/destination_data_reg[9]
  -------------------------------------------------------------------
                         required time                          8.079    
                         arrival time                          -2.575    
  -------------------------------------------------------------------
                         slack                                  5.504    

Slack (MET) :             5.530ns  (required time - arrival time)
  Source:                 protection_system_i/protection_ip_axi_lite_0/inst/u_adc_sample_cdc_bridge/u_fifo/mem_reg[4][13]/C
                            (rising edge-triggered cell FDRE clocked by clk_fpga_1  {rise@0.000ns fall@4.000ns period=8.000ns})
  Destination:            protection_system_i/protection_ip_axi_lite_0/inst/u_adc_sample_cdc_bridge/destination_data_reg[13]/D
                            (rising edge-triggered cell FDCE clocked by clk_fpga_0  {rise@0.000ns fall@5.000ns period=10.000ns})
  Path Group:             clk_fpga_0
  Path Type:              Setup (Max at Slow Process Corner)
  Requirement:            8.000ns  (MaxDelay Path 8.000ns)
  Data Path Delay:        2.499ns  (logic 1.096ns (43.854%)  route 1.403ns (56.146%))
  Logic Levels:           3  (LUT3=1 LUT6=1 MUXF7=1)
  Timing Exception:       MaxDelay Path 8.000ns -datapath_only

    Location             Delay type                Incr(ns)  Path(ns)    Netlist Resource(s)
  -------------------------------------------------------------------    -------------------
    SLICE_X52Y76                                      0.000     0.000 r  protection_system_i/protection_ip_axi_lite_0/inst/u_adc_sample_cdc_bridge/u_fifo/mem_reg[4][13]/C
    SLICE_X52Y76         FDRE (Prop_fdre_C_Q)         0.456     0.456 r  protection_system_i/protection_ip_axi_lite_0/inst/u_adc_sample_cdc_bridge/u_fifo/mem_reg[4][13]/Q
                         net (fo=1, routed)           0.289     0.745    protection_system_i/protection_ip_axi_lite_0/inst/u_adc_sample_cdc_bridge/u_fifo/mem_reg[4][13]
    SLICE_X51Y76         LUT6 (Prop_lut6_I5_O)        0.124     0.869 r  protection_system_i/protection_ip_axi_lite_0/inst/u_adc_sample_cdc_bridge/u_fifo/rd_data[13]_INST_0_i_2/O
                         net (fo=1, routed)           0.000     0.869    protection_system_i/protection_ip_axi_lite_0/inst/u_adc_sample_cdc_bridge/u_fifo/rd_data[13]_INST_0_i_2_n_0
    SLICE_X51Y76         MUXF7 (Prop_muxf7_I1_O)      0.217     1.086 r  protection_system_i/protection_ip_axi_lite_0/inst/u_adc_sample_cdc_bridge/u_fifo/rd_data[13]_INST_0/O
                         net (fo=1, routed)           1.114     2.200    protection_system_i/protection_ip_axi_lite_0/inst/u_adc_sample_cdc_bridge/u_fifo_n_46
    SLICE_X48Y79         LUT3 (Prop_lut3_I1_O)        0.299     2.499 r  protection_system_i/protection_ip_axi_lite_0/inst/u_adc_sample_cdc_bridge/destination_data[13]_i_1/O
                         net (fo=1, routed)           0.000     2.499    protection_system_i/protection_ip_axi_lite_0/inst/u_adc_sample_cdc_bridge/destination_data[13]_i_1_n_0
    SLICE_X48Y79         FDCE                                         r  protection_system_i/protection_ip_axi_lite_0/inst/u_adc_sample_cdc_bridge/destination_data_reg[13]/D
  -------------------------------------------------------------------    -------------------

                         max delay                    8.000     8.000    
    SLICE_X48Y79         FDCE (Setup_fdce_C_D)        0.029     8.029    protection_system_i/protection_ip_axi_lite_0/inst/u_adc_sample_cdc_bridge/destination_data_reg[13]
  -------------------------------------------------------------------
                         required time                          8.029    
                         arrival time                          -2.499    
  -------------------------------------------------------------------
                         slack                                  5.530    

Slack (MET) :             5.534ns  (required time - arrival time)
  Source:                 protection_system_i/protection_ip_axi_lite_0/inst/u_adc_sample_cdc_bridge/u_fifo/mem_reg[4][55]/C
                            (rising edge-triggered cell FDRE clocked by clk_fpga_1  {rise@0.000ns fall@4.000ns period=8.000ns})
  Destination:            protection_system_i/protection_ip_axi_lite_0/inst/u_adc_sample_cdc_bridge/destination_data_reg[55]/D
                            (rising edge-triggered cell FDCE clocked by clk_fpga_0  {rise@0.000ns fall@5.000ns period=10.000ns})
  Path Group:             clk_fpga_0
  Path Type:              Setup (Max at Slow Process Corner)
  Requirement:            8.000ns  (MaxDelay Path 8.000ns)
  Data Path Delay:        2.498ns  (logic 1.185ns (47.444%)  route 1.313ns (52.556%))
  Logic Levels:           3  (LUT3=1 LUT6=1 MUXF7=1)
  Timing Exception:       MaxDelay Path 8.000ns -datapath_only

    Location             Delay type                Incr(ns)  Path(ns)    Netlist Resource(s)
  -------------------------------------------------------------------    -------------------
    SLICE_X62Y102                                     0.000     0.000 r  protection_system_i/protection_ip_axi_lite_0/inst/u_adc_sample_cdc_bridge/u_fifo/mem_reg[4][55]/C
    SLICE_X62Y102        FDRE (Prop_fdre_C_Q)         0.518     0.518 r  protection_system_i/protection_ip_axi_lite_0/inst/u_adc_sample_cdc_bridge/u_fifo/mem_reg[4][55]/Q
                         net (fo=1, routed)           0.290     0.808    protection_system_i/protection_ip_axi_lite_0/inst/u_adc_sample_cdc_bridge/u_fifo/mem_reg[4][55]
    SLICE_X63Y101        LUT6 (Prop_lut6_I5_O)        0.124     0.932 r  protection_system_i/protection_ip_axi_lite_0/inst/u_adc_sample_cdc_bridge/u_fifo/rd_data[55]_INST_0_i_2/O
                         net (fo=1, routed)           0.000     0.932    protection_system_i/protection_ip_axi_lite_0/inst/u_adc_sample_cdc_bridge/u_fifo/rd_data[55]_INST_0_i_2_n_0
    SLICE_X63Y101        MUXF7 (Prop_muxf7_I1_O)      0.245     1.177 r  protection_system_i/protection_ip_axi_lite_0/inst/u_adc_sample_cdc_bridge/u_fifo/rd_data[55]_INST_0/O
                         net (fo=1, routed)           1.023     2.200    protection_system_i/protection_ip_axi_lite_0/inst/u_adc_sample_cdc_bridge/u_fifo_n_4
    SLICE_X63Y94         LUT3 (Prop_lut3_I1_O)        0.298     2.498 r  protection_system_i/protection_ip_axi_lite_0/inst/u_adc_sample_cdc_bridge/destination_data[55]_i_1/O
                         net (fo=1, routed)           0.000     2.498    protection_system_i/protection_ip_axi_lite_0/inst/u_adc_sample_cdc_bridge/destination_data[55]_i_1_n_0
    SLICE_X63Y94         FDCE                                         r  protection_system_i/protection_ip_axi_lite_0/inst/u_adc_sample_cdc_bridge/destination_data_reg[55]/D
  -------------------------------------------------------------------    -------------------

                         max delay                    8.000     8.000    
    SLICE_X63Y94         FDCE (Setup_fdce_C_D)        0.032     8.032    protection_system_i/protection_ip_axi_lite_0/inst/u_adc_sample_cdc_bridge/destination_data_reg[55]
  -------------------------------------------------------------------
                         required time                          8.032    
                         arrival time                          -2.498    
  -------------------------------------------------------------------
                         slack                                  5.534    

Slack (MET) :             5.543ns  (required time - arrival time)
  Source:                 protection_system_i/protection_ip_axi_lite_0/inst/u_adc_sample_cdc_bridge/u_fifo/mem_reg[4][48]/C
                            (rising edge-triggered cell FDRE clocked by clk_fpga_1  {rise@0.000ns fall@4.000ns period=8.000ns})
  Destination:            protection_system_i/protection_ip_axi_lite_0/inst/u_adc_sample_cdc_bridge/destination_data_reg[48]/D
                            (rising edge-triggered cell FDCE clocked by clk_fpga_0  {rise@0.000ns fall@5.000ns period=10.000ns})
  Path Group:             clk_fpga_0
  Path Type:              Setup (Max at Slow Process Corner)
  Requirement:            8.000ns  (MaxDelay Path 8.000ns)
  Data Path Delay:        2.486ns  (logic 1.185ns (47.662%)  route 1.301ns (52.338%))
  Logic Levels:           3  (LUT3=1 LUT6=1 MUXF7=1)
  Timing Exception:       MaxDelay Path 8.000ns -datapath_only

    Location             Delay type                Incr(ns)  Path(ns)    Netlist Resource(s)
  -------------------------------------------------------------------    -------------------
    SLICE_X62Y99                                      0.000     0.000 r  protection_system_i/protection_ip_axi_lite_0/inst/u_adc_sample_cdc_bridge/u_fifo/mem_reg[4][48]/C
    SLICE_X62Y99         FDRE (Prop_fdre_C_Q)         0.518     0.518 r  protection_system_i/protection_ip_axi_lite_0/inst/u_adc_sample_cdc_bridge/u_fifo/mem_reg[4][48]/Q
                         net (fo=1, routed)           0.603     1.121    protection_system_i/protection_ip_axi_lite_0/inst/u_adc_sample_cdc_bridge/u_fifo/mem_reg[4][48]
    SLICE_X63Y100        LUT6 (Prop_lut6_I5_O)        0.124     1.245 r  protection_system_i/protection_ip_axi_lite_0/inst/u_adc_sample_cdc_bridge/u_fifo/rd_data[48]_INST_0_i_2/O
                         net (fo=1, routed)           0.000     1.245    protection_system_i/protection_ip_axi_lite_0/inst/u_adc_sample_cdc_bridge/u_fifo/rd_data[48]_INST_0_i_2_n_0
    SLICE_X63Y100        MUXF7 (Prop_muxf7_I1_O)      0.245     1.490 r  protection_system_i/protection_ip_axi_lite_0/inst/u_adc_sample_cdc_bridge/u_fifo/rd_data[48]_INST_0/O
                         net (fo=1, routed)           0.698     2.188    protection_system_i/protection_ip_axi_lite_0/inst/u_adc_sample_cdc_bridge/u_fifo_n_11
    SLICE_X63Y94         LUT3 (Prop_lut3_I1_O)        0.298     2.486 r  protection_system_i/protection_ip_axi_lite_0/inst/u_adc_sample_cdc_bridge/destination_data[48]_i_1/O
                         net (fo=1, routed)           0.000     2.486    protection_system_i/protection_ip_axi_lite_0/inst/u_adc_sample_cdc_bridge/destination_data[48]_i_1_n_0
    SLICE_X63Y94         FDCE                                         r  protection_system_i/protection_ip_axi_lite_0/inst/u_adc_sample_cdc_bridge/destination_data_reg[48]/D
  -------------------------------------------------------------------    -------------------

                         max delay                    8.000     8.000    
    SLICE_X63Y94         FDCE (Setup_fdce_C_D)        0.029     8.029    protection_system_i/protection_ip_axi_lite_0/inst/u_adc_sample_cdc_bridge/destination_data_reg[48]
  -------------------------------------------------------------------
                         required time                          8.029    
                         arrival time                          -2.486    
  -------------------------------------------------------------------
                         slack                                  5.543    

Slack (MET) :             5.549ns  (required time - arrival time)
  Source:                 protection_system_i/protection_ip_axi_lite_0/inst/u_adc_sample_cdc_bridge/u_fifo/mem_reg[4][31]/C
                            (rising edge-triggered cell FDRE clocked by clk_fpga_1  {rise@0.000ns fall@4.000ns period=8.000ns})
  Destination:            protection_system_i/protection_ip_axi_lite_0/inst/u_adc_sample_cdc_bridge/destination_data_reg[31]/D
                            (rising edge-triggered cell FDCE clocked by clk_fpga_0  {rise@0.000ns fall@5.000ns period=10.000ns})
  Path Group:             clk_fpga_0
  Path Type:              Setup (Max at Slow Process Corner)
  Requirement:            8.000ns  (MaxDelay Path 8.000ns)
  Data Path Delay:        2.483ns  (logic 1.091ns (43.938%)  route 1.392ns (56.062%))
  Logic Levels:           3  (LUT3=1 LUT6=1 MUXF7=1)
  Timing Exception:       MaxDelay Path 8.000ns -datapath_only

    Location             Delay type                Incr(ns)  Path(ns)    Netlist Resource(s)
  -------------------------------------------------------------------    -------------------
    SLICE_X67Y78                                      0.000     0.000 r  protection_system_i/protection_ip_axi_lite_0/inst/u_adc_sample_cdc_bridge/u_fifo/mem_reg[4][31]/C
    SLICE_X67Y78         FDRE (Prop_fdre_C_Q)         0.456     0.456 r  protection_system_i/protection_ip_axi_lite_0/inst/u_adc_sample_cdc_bridge/u_fifo/mem_reg[4][31]/Q
                         net (fo=1, routed)           0.803     1.259    protection_system_i/protection_ip_axi_lite_0/inst/u_adc_sample_cdc_bridge/u_fifo/mem_reg[4][31]
    SLICE_X66Y79         LUT6 (Prop_lut6_I5_O)        0.124     1.383 r  protection_system_i/protection_ip_axi_lite_0/inst/u_adc_sample_cdc_bridge/u_fifo/rd_data[31]_INST_0_i_2/O
                         net (fo=1, routed)           0.000     1.383    protection_system_i/protection_ip_axi_lite_0/inst/u_adc_sample_cdc_bridge/u_fifo/rd_data[31]_INST_0_i_2_n_0
    SLICE_X66Y79         MUXF7 (Prop_muxf7_I1_O)      0.214     1.597 r  protection_system_i/protection_ip_axi_lite_0/inst/u_adc_sample_cdc_bridge/u_fifo/rd_data[31]_INST_0/O
                         net (fo=1, routed)           0.589     2.186    protection_system_i/protection_ip_axi_lite_0/inst/u_adc_sample_cdc_bridge/u_fifo_n_28
    SLICE_X63Y79         LUT3 (Prop_lut3_I1_O)        0.297     2.483 r  protection_system_i/protection_ip_axi_lite_0/inst/u_adc_sample_cdc_bridge/destination_data[31]_i_1/O
                         net (fo=1, routed)           0.000     2.483    protection_system_i/protection_ip_axi_lite_0/inst/u_adc_sample_cdc_bridge/destination_data[31]_i_1_n_0
    SLICE_X63Y79         FDCE                                         r  protection_system_i/protection_ip_axi_lite_0/inst/u_adc_sample_cdc_bridge/destination_data_reg[31]/D
  -------------------------------------------------------------------    -------------------

                         max delay                    8.000     8.000    
    SLICE_X63Y79         FDCE (Setup_fdce_C_D)        0.032     8.032    protection_system_i/protection_ip_axi_lite_0/inst/u_adc_sample_cdc_bridge/destination_data_reg[31]
  -------------------------------------------------------------------
                         required time                          8.032    
                         arrival time                          -2.483    
  -------------------------------------------------------------------
                         slack                                  5.549    

Slack (MET) :             5.586ns  (required time - arrival time)
  Source:                 protection_system_i/protection_ip_axi_lite_0/inst/u_adc_sample_cdc_bridge/u_fifo/mem_reg[4][50]/C
                            (rising edge-triggered cell FDRE clocked by clk_fpga_1  {rise@0.000ns fall@4.000ns period=8.000ns})
  Destination:            protection_system_i/protection_ip_axi_lite_0/inst/u_adc_sample_cdc_bridge/destination_data_reg[50]/D
                            (rising edge-triggered cell FDCE clocked by clk_fpga_0  {rise@0.000ns fall@5.000ns period=10.000ns})
  Path Group:             clk_fpga_0
  Path Type:              Setup (Max at Slow Process Corner)
  Requirement:            8.000ns  (MaxDelay Path 8.000ns)
  Data Path Delay:        2.493ns  (logic 1.091ns (43.767%)  route 1.402ns (56.233%))
  Logic Levels:           3  (LUT3=1 LUT6=1 MUXF7=1)
  Timing Exception:       MaxDelay Path 8.000ns -datapath_only

    Location             Delay type                Incr(ns)  Path(ns)    Netlist Resource(s)
  -------------------------------------------------------------------    -------------------
    SLICE_X63Y98                                      0.000     0.000 r  protection_system_i/protection_ip_axi_lite_0/inst/u_adc_sample_cdc_bridge/u_fifo/mem_reg[4][50]/C
    SLICE_X63Y98         FDRE (Prop_fdre_C_Q)         0.456     0.456 r  protection_system_i/protection_ip_axi_lite_0/inst/u_adc_sample_cdc_bridge/u_fifo/mem_reg[4][50]/Q
                         net (fo=1, routed)           0.680     1.136    protection_system_i/protection_ip_axi_lite_0/inst/u_adc_sample_cdc_bridge/u_fifo/mem_reg[4][50]
    SLICE_X62Y98         LUT6 (Prop_lut6_I5_O)        0.124     1.260 r  protection_system_i/protection_ip_axi_lite_0/inst/u_adc_sample_cdc_bridge/u_fifo/rd_data[50]_INST_0_i_2/O
                         net (fo=1, routed)           0.000     1.260    protection_system_i/protection_ip_axi_lite_0/inst/u_adc_sample_cdc_bridge/u_fifo/rd_data[50]_INST_0_i_2_n_0
    SLICE_X62Y98         MUXF7 (Prop_muxf7_I1_O)      0.214     1.474 r  protection_system_i/protection_ip_axi_lite_0/inst/u_adc_sample_cdc_bridge/u_fifo/rd_data[50]_INST_0/O
                         net (fo=1, routed)           0.722     2.196    protection_system_i/protection_ip_axi_lite_0/inst/u_adc_sample_cdc_bridge/u_fifo_n_9
    SLICE_X62Y94         LUT3 (Prop_lut3_I1_O)        0.297     2.493 r  protection_system_i/protection_ip_axi_lite_0/inst/u_adc_sample_cdc_bridge/destination_data[50]_i_1/O
                         net (fo=1, routed)           0.000     2.493    protection_system_i/protection_ip_axi_lite_0/inst/u_adc_sample_cdc_bridge/destination_data[50]_i_1_n_0
    SLICE_X62Y94         FDCE                                         r  protection_system_i/protection_ip_axi_lite_0/inst/u_adc_sample_cdc_bridge/destination_data_reg[50]/D
  -------------------------------------------------------------------    -------------------

                         max delay                    8.000     8.000    
    SLICE_X62Y94         FDCE (Setup_fdce_C_D)        0.079     8.079    protection_system_i/protection_ip_axi_lite_0/inst/u_adc_sample_cdc_bridge/destination_data_reg[50]
  -------------------------------------------------------------------
                         required time                          8.079    
                         arrival time                          -2.493    
  -------------------------------------------------------------------
                         slack                                  5.586    

Slack (MET) :             5.594ns  (required time - arrival time)
  Source:                 protection_system_i/protection_ip_axi_lite_0/inst/u_adc_sample_cdc_bridge/u_fifo/mem_reg[4][43]/C
                            (rising edge-triggered cell FDRE clocked by clk_fpga_1  {rise@0.000ns fall@4.000ns period=8.000ns})
  Destination:            protection_system_i/protection_ip_axi_lite_0/inst/u_adc_sample_cdc_bridge/destination_data_reg[43]/D
                            (rising edge-triggered cell FDCE clocked by clk_fpga_0  {rise@0.000ns fall@5.000ns period=10.000ns})
  Path Group:             clk_fpga_0
  Path Type:              Setup (Max at Slow Process Corner)
  Requirement:            8.000ns  (MaxDelay Path 8.000ns)
  Data Path Delay:        2.483ns  (logic 1.091ns (43.941%)  route 1.392ns (56.059%))
  Logic Levels:           3  (LUT3=1 LUT6=1 MUXF7=1)
  Timing Exception:       MaxDelay Path 8.000ns -datapath_only

    Location             Delay type                Incr(ns)  Path(ns)    Netlist Resource(s)
  -------------------------------------------------------------------    -------------------
    SLICE_X63Y96                                      0.000     0.000 r  protection_system_i/protection_ip_axi_lite_0/inst/u_adc_sample_cdc_bridge/u_fifo/mem_reg[4][43]/C
    SLICE_X63Y96         FDRE (Prop_fdre_C_Q)         0.456     0.456 r  protection_system_i/protection_ip_axi_lite_0/inst/u_adc_sample_cdc_bridge/u_fifo/mem_reg[4][43]/Q
                         net (fo=1, routed)           0.417     0.873    protection_system_i/protection_ip_axi_lite_0/inst/u_adc_sample_cdc_bridge/u_fifo/mem_reg[4][43]
    SLICE_X62Y97         LUT6 (Prop_lut6_I5_O)        0.124     0.997 r  protection_system_i/protection_ip_axi_lite_0/inst/u_adc_sample_cdc_bridge/u_fifo/rd_data[43]_INST_0_i_2/O
                         net (fo=1, routed)           0.000     0.997    protection_system_i/protection_ip_axi_lite_0/inst/u_adc_sample_cdc_bridge/u_fifo/rd_data[43]_INST_0_i_2_n_0
    SLICE_X62Y97         MUXF7 (Prop_muxf7_I1_O)      0.214     1.211 r  protection_system_i/protection_ip_axi_lite_0/inst/u_adc_sample_cdc_bridge/u_fifo/rd_data[43]_INST_0/O
                         net (fo=1, routed)           0.975     2.186    protection_system_i/protection_ip_axi_lite_0/inst/u_adc_sample_cdc_bridge/u_fifo_n_16
    SLICE_X62Y94         LUT3 (Prop_lut3_I1_O)        0.297     2.483 r  protection_system_i/protection_ip_axi_lite_0/inst/u_adc_sample_cdc_bridge/destination_data[43]_i_1/O
                         net (fo=1, routed)           0.000     2.483    protection_system_i/protection_ip_axi_lite_0/inst/u_adc_sample_cdc_bridge/destination_data[43]_i_1_n_0
    SLICE_X62Y94         FDCE                                         r  protection_system_i/protection_ip_axi_lite_0/inst/u_adc_sample_cdc_bridge/destination_data_reg[43]/D
  -------------------------------------------------------------------    -------------------

                         max delay                    8.000     8.000    
    SLICE_X62Y94         FDCE (Setup_fdce_C_D)        0.077     8.077    protection_system_i/protection_ip_axi_lite_0/inst/u_adc_sample_cdc_bridge/destination_data_reg[43]
  -------------------------------------------------------------------
                         required time                          8.077    
                         arrival time                          -2.483    
  -------------------------------------------------------------------
                         slack                                  5.594    

Slack (MET) :             5.651ns  (required time - arrival time)
  Source:                 protection_system_i/protection_ip_axi_lite_0/inst/u_adc_sample_cdc_bridge/u_fifo/mem_reg[4][21]/C
                            (rising edge-triggered cell FDRE clocked by clk_fpga_1  {rise@0.000ns fall@4.000ns period=8.000ns})
  Destination:            protection_system_i/protection_ip_axi_lite_0/inst/u_adc_sample_cdc_bridge/destination_data_reg[21]/D
                            (rising edge-triggered cell FDCE clocked by clk_fpga_0  {rise@0.000ns fall@5.000ns period=10.000ns})
  Path Group:             clk_fpga_0
  Path Type:              Setup (Max at Slow Process Corner)
  Requirement:            8.000ns  (MaxDelay Path 8.000ns)
  Data Path Delay:        2.426ns  (logic 1.261ns (51.976%)  route 1.165ns (48.024%))
  Logic Levels:           3  (LUT3=1 LUT6=1 MUXF7=1)
  Timing Exception:       MaxDelay Path 8.000ns -datapath_only

    Location             Delay type                Incr(ns)  Path(ns)    Netlist Resource(s)
  -------------------------------------------------------------------    -------------------
    SLICE_X52Y76                                      0.000     0.000 r  protection_system_i/protection_ip_axi_lite_0/inst/u_adc_sample_cdc_bridge/u_fifo/mem_reg[4][21]/C
    SLICE_X52Y76         FDRE (Prop_fdre_C_Q)         0.419     0.419 r  protection_system_i/protection_ip_axi_lite_0/inst/u_adc_sample_cdc_bridge/u_fifo/mem_reg[4][21]/Q
                         net (fo=1, routed)           0.433     0.852    protection_system_i/protection_ip_axi_lite_0/inst/u_adc_sample_cdc_bridge/u_fifo/mem_reg[4][21]
    SLICE_X52Y75         LUT6 (Prop_lut6_I5_O)        0.299     1.151 r  protection_system_i/protection_ip_axi_lite_0/inst/u_adc_sample_cdc_bridge/u_fifo/rd_data[21]_INST_0_i_2/O
                         net (fo=1, routed)           0.000     1.151    protection_system_i/protection_ip_axi_lite_0/inst/u_adc_sample_cdc_bridge/u_fifo/rd_data[21]_INST_0_i_2_n_0
    SLICE_X52Y75         MUXF7 (Prop_muxf7_I1_O)      0.245     1.396 r  protection_system_i/protection_ip_axi_lite_0/inst/u_adc_sample_cdc_bridge/u_fifo/rd_data[21]_INST_0/O
                         net (fo=1, routed)           0.732     2.128    protection_system_i/protection_ip_axi_lite_0/inst/u_adc_sample_cdc_bridge/u_fifo_n_38
    SLICE_X50Y77         LUT3 (Prop_lut3_I1_O)        0.298     2.426 r  protection_system_i/protection_ip_axi_lite_0/inst/u_adc_sample_cdc_bridge/destination_data[21]_i_1/O
                         net (fo=1, routed)           0.000     2.426    protection_system_i/protection_ip_axi_lite_0/inst/u_adc_sample_cdc_bridge/destination_data[21]_i_1_n_0
    SLICE_X50Y77         FDCE                                         r  protection_system_i/protection_ip_axi_lite_0/inst/u_adc_sample_cdc_bridge/destination_data_reg[21]/D
  -------------------------------------------------------------------    -------------------

                         max delay                    8.000     8.000    
    SLICE_X50Y77         FDCE (Setup_fdce_C_D)        0.077     8.077    protection_system_i/protection_ip_axi_lite_0/inst/u_adc_sample_cdc_bridge/destination_data_reg[21]
  -------------------------------------------------------------------
                         required time                          8.077    
                         arrival time                          -2.426    
  -------------------------------------------------------------------
                         slack                                  5.651    

Slack (MET) :             5.674ns  (required time - arrival time)
  Source:                 protection_system_i/protection_ip_axi_lite_0/inst/u_adc_sample_cdc_bridge/u_fifo/mem_reg[4][47]/C
                            (rising edge-triggered cell FDRE clocked by clk_fpga_1  {rise@0.000ns fall@4.000ns period=8.000ns})
  Destination:            protection_system_i/protection_ip_axi_lite_0/inst/u_adc_sample_cdc_bridge/destination_data_reg[47]/D
                            (rising edge-triggered cell FDCE clocked by clk_fpga_0  {rise@0.000ns fall@5.000ns period=10.000ns})
  Path Group:             clk_fpga_0
  Path Type:              Setup (Max at Slow Process Corner)
  Requirement:            8.000ns  (MaxDelay Path 8.000ns)
  Data Path Delay:        2.357ns  (logic 1.096ns (46.491%)  route 1.261ns (53.509%))
  Logic Levels:           3  (LUT3=1 LUT6=1 MUXF7=1)
  Timing Exception:       MaxDelay Path 8.000ns -datapath_only

    Location             Delay type                Incr(ns)  Path(ns)    Netlist Resource(s)
  -------------------------------------------------------------------    -------------------
    SLICE_X63Y98                                      0.000     0.000 r  protection_system_i/protection_ip_axi_lite_0/inst/u_adc_sample_cdc_bridge/u_fifo/mem_reg[4][47]/C
    SLICE_X63Y98         FDRE (Prop_fdre_C_Q)         0.456     0.456 r  protection_system_i/protection_ip_axi_lite_0/inst/u_adc_sample_cdc_bridge/u_fifo/mem_reg[4][47]/Q
                         net (fo=1, routed)           0.686     1.142    protection_system_i/protection_ip_axi_lite_0/inst/u_adc_sample_cdc_bridge/u_fifo/mem_reg[4][47]
    SLICE_X63Y97         LUT6 (Prop_lut6_I5_O)        0.124     1.266 r  protection_system_i/protection_ip_axi_lite_0/inst/u_adc_sample_cdc_bridge/u_fifo/rd_data[47]_INST_0_i_2/O
                         net (fo=1, routed)           0.000     1.266    protection_system_i/protection_ip_axi_lite_0/inst/u_adc_sample_cdc_bridge/u_fifo/rd_data[47]_INST_0_i_2_n_0
    SLICE_X63Y97         MUXF7 (Prop_muxf7_I1_O)      0.217     1.483 r  protection_system_i/protection_ip_axi_lite_0/inst/u_adc_sample_cdc_bridge/u_fifo/rd_data[47]_INST_0/O
                         net (fo=1, routed)           0.575     2.058    protection_system_i/protection_ip_axi_lite_0/inst/u_adc_sample_cdc_bridge/u_fifo_n_12
    SLICE_X63Y95         LUT3 (Prop_lut3_I1_O)        0.299     2.357 r  protection_system_i/protection_ip_axi_lite_0/inst/u_adc_sample_cdc_bridge/destination_data[47]_i_1/O
                         net (fo=1, routed)           0.000     2.357    protection_system_i/protection_ip_axi_lite_0/inst/u_adc_sample_cdc_bridge/destination_data[47]_i_1_n_0
    SLICE_X63Y95         FDCE                                         r  protection_system_i/protection_ip_axi_lite_0/inst/u_adc_sample_cdc_bridge/destination_data_reg[47]/D
  -------------------------------------------------------------------    -------------------

                         max delay                    8.000     8.000    
    SLICE_X63Y95         FDCE (Setup_fdce_C_D)        0.031     8.031    protection_system_i/protection_ip_axi_lite_0/inst/u_adc_sample_cdc_bridge/destination_data_reg[47]
  -------------------------------------------------------------------
                         required time                          8.031    
                         arrival time                          -2.357    
  -------------------------------------------------------------------
                         slack                                  5.674    

Slack (MET) :             5.703ns  (required time - arrival time)
  Source:                 protection_system_i/protection_ip_axi_lite_0/inst/u_adc_sample_cdc_bridge/u_fifo/mem_reg[4][7]/C
                            (rising edge-triggered cell FDRE clocked by clk_fpga_1  {rise@0.000ns fall@4.000ns period=8.000ns})
  Destination:            protection_system_i/protection_ip_axi_lite_0/inst/u_adc_sample_cdc_bridge/destination_data_reg[7]/D
                            (rising edge-triggered cell FDCE clocked by clk_fpga_0  {rise@0.000ns fall@5.000ns period=10.000ns})
  Path Group:             clk_fpga_0
  Path Type:              Setup (Max at Slow Process Corner)
  Requirement:            8.000ns  (MaxDelay Path 8.000ns)
  Data Path Delay:        2.328ns  (logic 1.232ns (52.911%)  route 1.096ns (47.089%))
  Logic Levels:           3  (LUT3=1 LUT6=1 MUXF7=1)
  Timing Exception:       MaxDelay Path 8.000ns -datapath_only

    Location             Delay type                Incr(ns)  Path(ns)    Netlist Resource(s)
  -------------------------------------------------------------------    -------------------
    SLICE_X56Y76                                      0.000     0.000 r  protection_system_i/protection_ip_axi_lite_0/inst/u_adc_sample_cdc_bridge/u_fifo/mem_reg[4][7]/C
    SLICE_X56Y76         FDRE (Prop_fdre_C_Q)         0.419     0.419 r  protection_system_i/protection_ip_axi_lite_0/inst/u_adc_sample_cdc_bridge/u_fifo/mem_reg[4][7]/Q
                         net (fo=1, routed)           0.430     0.849    protection_system_i/protection_ip_axi_lite_0/inst/u_adc_sample_cdc_bridge/u_fifo/mem_reg[4][7]
    SLICE_X55Y75         LUT6 (Prop_lut6_I5_O)        0.297     1.146 r  protection_system_i/protection_ip_axi_lite_0/inst/u_adc_sample_cdc_bridge/u_fifo/rd_data[7]_INST_0_i_2/O
                         net (fo=1, routed)           0.000     1.146    protection_system_i/protection_ip_axi_lite_0/inst/u_adc_sample_cdc_bridge/u_fifo/rd_data[7]_INST_0_i_2_n_0
    SLICE_X55Y75         MUXF7 (Prop_muxf7_I1_O)      0.217     1.363 r  protection_system_i/protection_ip_axi_lite_0/inst/u_adc_sample_cdc_bridge/u_fifo/rd_data[7]_INST_0/O
                         net (fo=1, routed)           0.667     2.029    protection_system_i/protection_ip_axi_lite_0/inst/u_adc_sample_cdc_bridge/u_fifo_n_52
    SLICE_X55Y81         LUT3 (Prop_lut3_I1_O)        0.299     2.328 r  protection_system_i/protection_ip_axi_lite_0/inst/u_adc_sample_cdc_bridge/destination_data[7]_i_1/O
                         net (fo=1, routed)           0.000     2.328    protection_system_i/protection_ip_axi_lite_0/inst/u_adc_sample_cdc_bridge/destination_data[7]_i_1_n_0
    SLICE_X55Y81         FDCE                                         r  protection_system_i/protection_ip_axi_lite_0/inst/u_adc_sample_cdc_bridge/destination_data_reg[7]/D
  -------------------------------------------------------------------    -------------------

                         max delay                    8.000     8.000    
    SLICE_X55Y81         FDCE (Setup_fdce_C_D)        0.031     8.031    protection_system_i/protection_ip_axi_lite_0/inst/u_adc_sample_cdc_bridge/destination_data_reg[7]
  -------------------------------------------------------------------
                         required time                          8.031    
                         arrival time                          -2.328    
  -------------------------------------------------------------------
                         slack                                  5.703    

Slack (MET) :             5.721ns  (required time - arrival time)
  Source:                 protection_system_i/protection_ip_axi_lite_0/inst/u_adc_sample_cdc_bridge/u_fifo/mem_reg[4][54]/C
                            (rising edge-triggered cell FDRE clocked by clk_fpga_1  {rise@0.000ns fall@4.000ns period=8.000ns})
  Destination:            protection_system_i/protection_ip_axi_lite_0/inst/u_adc_sample_cdc_bridge/destination_data_reg[54]/D
                            (rising edge-triggered cell FDCE clocked by clk_fpga_0  {rise@0.000ns fall@5.000ns period=10.000ns})
  Path Group:             clk_fpga_0
  Path Type:              Setup (Max at Slow Process Corner)
  Requirement:            8.000ns  (MaxDelay Path 8.000ns)
  Data Path Delay:        2.310ns  (logic 1.096ns (47.451%)  route 1.214ns (52.549%))
  Logic Levels:           3  (LUT3=1 LUT6=1 MUXF7=1)
  Timing Exception:       MaxDelay Path 8.000ns -datapath_only

    Location             Delay type                Incr(ns)  Path(ns)    Netlist Resource(s)
  -------------------------------------------------------------------    -------------------
    SLICE_X67Y101                                     0.000     0.000 r  protection_system_i/protection_ip_axi_lite_0/inst/u_adc_sample_cdc_bridge/u_fifo/mem_reg[4][54]/C
    SLICE_X67Y101        FDRE (Prop_fdre_C_Q)         0.456     0.456 r  protection_system_i/protection_ip_axi_lite_0/inst/u_adc_sample_cdc_bridge/u_fifo/mem_reg[4][54]/Q
                         net (fo=1, routed)           0.410     0.866    protection_system_i/protection_ip_axi_lite_0/inst/u_adc_sample_cdc_bridge/u_fifo/mem_reg[4][54]
    SLICE_X64Y101        LUT6 (Prop_lut6_I5_O)        0.124     0.990 r  protection_system_i/protection_ip_axi_lite_0/inst/u_adc_sample_cdc_bridge/u_fifo/rd_data[54]_INST_0_i_2/O
                         net (fo=1, routed)           0.000     0.990    protection_system_i/protection_ip_axi_lite_0/inst/u_adc_sample_cdc_bridge/u_fifo/rd_data[54]_INST_0_i_2_n_0
    SLICE_X64Y101        MUXF7 (Prop_muxf7_I1_O)      0.217     1.207 r  protection_system_i/protection_ip_axi_lite_0/inst/u_adc_sample_cdc_bridge/u_fifo/rd_data[54]_INST_0/O
                         net (fo=1, routed)           0.804     2.011    protection_system_i/protection_ip_axi_lite_0/inst/u_adc_sample_cdc_bridge/u_fifo_n_5
    SLICE_X63Y94         LUT3 (Prop_lut3_I1_O)        0.299     2.310 r  protection_system_i/protection_ip_axi_lite_0/inst/u_adc_sample_cdc_bridge/destination_data[54]_i_1/O
                         net (fo=1, routed)           0.000     2.310    protection_system_i/protection_ip_axi_lite_0/inst/u_adc_sample_cdc_bridge/destination_data[54]_i_1_n_0
    SLICE_X63Y94         FDCE                                         r  protection_system_i/protection_ip_axi_lite_0/inst/u_adc_sample_cdc_bridge/destination_data_reg[54]/D
  -------------------------------------------------------------------    -------------------

                         max delay                    8.000     8.000    
    SLICE_X63Y94         FDCE (Setup_fdce_C_D)        0.031     8.031    protection_system_i/protection_ip_axi_lite_0/inst/u_adc_sample_cdc_bridge/destination_data_reg[54]
  -------------------------------------------------------------------
                         required time                          8.031    
                         arrival time                          -2.310    
  -------------------------------------------------------------------
                         slack                                  5.721    

Slack (MET) :             5.724ns  (required time - arrival time)
  Source:                 protection_system_i/protection_ip_axi_lite_0/inst/u_adc_sample_cdc_bridge/u_fifo/mem_reg[4][52]/C
                            (rising edge-triggered cell FDRE clocked by clk_fpga_1  {rise@0.000ns fall@4.000ns period=8.000ns})
  Destination:            protection_system_i/protection_ip_axi_lite_0/inst/u_adc_sample_cdc_bridge/destination_data_reg[52]/D
                            (rising edge-triggered cell FDCE clocked by clk_fpga_0  {rise@0.000ns fall@5.000ns period=10.000ns})
  Path Group:             clk_fpga_0
  Path Type:              Setup (Max at Slow Process Corner)
  Requirement:            8.000ns  (MaxDelay Path 8.000ns)
  Data Path Delay:        2.305ns  (logic 1.091ns (47.324%)  route 1.214ns (52.676%))
  Logic Levels:           3  (LUT3=1 LUT6=1 MUXF7=1)
  Timing Exception:       MaxDelay Path 8.000ns -datapath_only

    Location             Delay type                Incr(ns)  Path(ns)    Netlist Resource(s)
  -------------------------------------------------------------------    -------------------
    SLICE_X60Y99                                      0.000     0.000 r  protection_system_i/protection_ip_axi_lite_0/inst/u_adc_sample_cdc_bridge/u_fifo/mem_reg[4][52]/C
    SLICE_X60Y99         FDRE (Prop_fdre_C_Q)         0.456     0.456 r  protection_system_i/protection_ip_axi_lite_0/inst/u_adc_sample_cdc_bridge/u_fifo/mem_reg[4][52]/Q
                         net (fo=1, routed)           0.605     1.061    protection_system_i/protection_ip_axi_lite_0/inst/u_adc_sample_cdc_bridge/u_fifo/mem_reg[4][52]
    SLICE_X58Y99         LUT6 (Prop_lut6_I5_O)        0.124     1.185 r  protection_system_i/protection_ip_axi_lite_0/inst/u_adc_sample_cdc_bridge/u_fifo/rd_data[52]_INST_0_i_2/O
                         net (fo=1, routed)           0.000     1.185    protection_system_i/protection_ip_axi_lite_0/inst/u_adc_sample_cdc_bridge/u_fifo/rd_data[52]_INST_0_i_2_n_0
    SLICE_X58Y99         MUXF7 (Prop_muxf7_I1_O)      0.214     1.399 r  protection_system_i/protection_ip_axi_lite_0/inst/u_adc_sample_cdc_bridge/u_fifo/rd_data[52]_INST_0/O
                         net (fo=1, routed)           0.609     2.008    protection_system_i/protection_ip_axi_lite_0/inst/u_adc_sample_cdc_bridge/u_fifo_n_7
    SLICE_X60Y94         LUT3 (Prop_lut3_I1_O)        0.297     2.305 r  protection_system_i/protection_ip_axi_lite_0/inst/u_adc_sample_cdc_bridge/destination_data[52]_i_1/O
                         net (fo=1, routed)           0.000     2.305    protection_system_i/protection_ip_axi_lite_0/inst/u_adc_sample_cdc_bridge/destination_data[52]_i_1_n_0
    SLICE_X60Y94         FDCE                                         r  protection_system_i/protection_ip_axi_lite_0/inst/u_adc_sample_cdc_bridge/destination_data_reg[52]/D
  -------------------------------------------------------------------    -------------------

                         max delay                    8.000     8.000    
    SLICE_X60Y94         FDCE (Setup_fdce_C_D)        0.029     8.029    protection_system_i/protection_ip_axi_lite_0/inst/u_adc_sample_cdc_bridge/destination_data_reg[52]
  -------------------------------------------------------------------
                         required time                          8.029    
                         arrival time                          -2.305    
  -------------------------------------------------------------------
                         slack                                  5.724    

Slack (MET) :             5.742ns  (required time - arrival time)
  Source:                 protection_system_i/protection_ip_axi_lite_0/inst/u_adc_sample_cdc_bridge/u_fifo/mem_reg[4][27]/C
                            (rising edge-triggered cell FDRE clocked by clk_fpga_1  {rise@0.000ns fall@4.000ns period=8.000ns})
  Destination:            protection_system_i/protection_ip_axi_lite_0/inst/u_adc_sample_cdc_bridge/destination_data_reg[27]/D
                            (rising edge-triggered cell FDCE clocked by clk_fpga_0  {rise@0.000ns fall@5.000ns period=10.000ns})
  Path Group:             clk_fpga_0
  Path Type:              Setup (Max at Slow Process Corner)
  Requirement:            8.000ns  (MaxDelay Path 8.000ns)
  Data Path Delay:        2.287ns  (logic 1.096ns (47.914%)  route 1.191ns (52.086%))
  Logic Levels:           3  (LUT3=1 LUT6=1 MUXF7=1)
  Timing Exception:       MaxDelay Path 8.000ns -datapath_only

    Location             Delay type                Incr(ns)  Path(ns)    Netlist Resource(s)
  -------------------------------------------------------------------    -------------------
    SLICE_X65Y77                                      0.000     0.000 r  protection_system_i/protection_ip_axi_lite_0/inst/u_adc_sample_cdc_bridge/u_fifo/mem_reg[4][27]/C
    SLICE_X65Y77         FDRE (Prop_fdre_C_Q)         0.456     0.456 r  protection_system_i/protection_ip_axi_lite_0/inst/u_adc_sample_cdc_bridge/u_fifo/mem_reg[4][27]/Q
                         net (fo=1, routed)           0.444     0.900    protection_system_i/protection_ip_axi_lite_0/inst/u_adc_sample_cdc_bridge/u_fifo/mem_reg[4][27]
    SLICE_X64Y77         LUT6 (Prop_lut6_I5_O)        0.124     1.024 r  protection_system_i/protection_ip_axi_lite_0/inst/u_adc_sample_cdc_bridge/u_fifo/rd_data[27]_INST_0_i_2/O
                         net (fo=1, routed)           0.000     1.024    protection_system_i/protection_ip_axi_lite_0/inst/u_adc_sample_cdc_bridge/u_fifo/rd_data[27]_INST_0_i_2_n_0
    SLICE_X64Y77         MUXF7 (Prop_muxf7_I1_O)      0.217     1.241 r  protection_system_i/protection_ip_axi_lite_0/inst/u_adc_sample_cdc_bridge/u_fifo/rd_data[27]_INST_0/O
                         net (fo=1, routed)           0.747     1.988    protection_system_i/protection_ip_axi_lite_0/inst/u_adc_sample_cdc_bridge/u_fifo_n_32
    SLICE_X64Y79         LUT3 (Prop_lut3_I1_O)        0.299     2.287 r  protection_system_i/protection_ip_axi_lite_0/inst/u_adc_sample_cdc_bridge/destination_data[27]_i_1/O
                         net (fo=1, routed)           0.000     2.287    protection_system_i/protection_ip_axi_lite_0/inst/u_adc_sample_cdc_bridge/destination_data[27]_i_1_n_0
    SLICE_X64Y79         FDCE                                         r  protection_system_i/protection_ip_axi_lite_0/inst/u_adc_sample_cdc_bridge/destination_data_reg[27]/D
  -------------------------------------------------------------------    -------------------

                         max delay                    8.000     8.000    
    SLICE_X64Y79         FDCE (Setup_fdce_C_D)        0.029     8.029    protection_system_i/protection_ip_axi_lite_0/inst/u_adc_sample_cdc_bridge/destination_data_reg[27]
  -------------------------------------------------------------------
                         required time                          8.029    
                         arrival time                          -2.287    
  -------------------------------------------------------------------
                         slack                                  5.742    

Slack (MET) :             5.759ns  (required time - arrival time)
  Source:                 protection_system_i/protection_ip_axi_lite_0/inst/u_adc_sample_cdc_bridge/u_fifo/mem_reg[4][29]/C
                            (rising edge-triggered cell FDRE clocked by clk_fpga_1  {rise@0.000ns fall@4.000ns period=8.000ns})
  Destination:            protection_system_i/protection_ip_axi_lite_0/inst/u_adc_sample_cdc_bridge/destination_data_reg[29]/D
                            (rising edge-triggered cell FDCE clocked by clk_fpga_0  {rise@0.000ns fall@5.000ns period=10.000ns})
  Path Group:             clk_fpga_0
  Path Type:              Setup (Max at Slow Process Corner)
  Requirement:            8.000ns  (MaxDelay Path 8.000ns)
  Data Path Delay:        2.270ns  (logic 1.091ns (48.057%)  route 1.179ns (51.943%))
  Logic Levels:           3  (LUT3=1 LUT6=1 MUXF7=1)
  Timing Exception:       MaxDelay Path 8.000ns -datapath_only

    Location             Delay type                Incr(ns)  Path(ns)    Netlist Resource(s)
  -------------------------------------------------------------------    -------------------
    SLICE_X65Y77                                      0.000     0.000 r  protection_system_i/protection_ip_axi_lite_0/inst/u_adc_sample_cdc_bridge/u_fifo/mem_reg[4][29]/C
    SLICE_X65Y77         FDRE (Prop_fdre_C_Q)         0.456     0.456 r  protection_system_i/protection_ip_axi_lite_0/inst/u_adc_sample_cdc_bridge/u_fifo/mem_reg[4][29]/Q
                         net (fo=1, routed)           0.314     0.770    protection_system_i/protection_ip_axi_lite_0/inst/u_adc_sample_cdc_bridge/u_fifo/mem_reg[4][29]
    SLICE_X62Y77         LUT6 (Prop_lut6_I5_O)        0.124     0.894 r  protection_system_i/protection_ip_axi_lite_0/inst/u_adc_sample_cdc_bridge/u_fifo/rd_data[29]_INST_0_i_2/O
                         net (fo=1, routed)           0.000     0.894    protection_system_i/protection_ip_axi_lite_0/inst/u_adc_sample_cdc_bridge/u_fifo/rd_data[29]_INST_0_i_2_n_0
    SLICE_X62Y77         MUXF7 (Prop_muxf7_I1_O)      0.214     1.108 r  protection_system_i/protection_ip_axi_lite_0/inst/u_adc_sample_cdc_bridge/u_fifo/rd_data[29]_INST_0/O
                         net (fo=1, routed)           0.866     1.973    protection_system_i/protection_ip_axi_lite_0/inst/u_adc_sample_cdc_bridge/u_fifo_n_30
    SLICE_X61Y80         LUT3 (Prop_lut3_I1_O)        0.297     2.270 r  protection_system_i/protection_ip_axi_lite_0/inst/u_adc_sample_cdc_bridge/destination_data[29]_i_1/O
                         net (fo=1, routed)           0.000     2.270    protection_system_i/protection_ip_axi_lite_0/inst/u_adc_sample_cdc_bridge/destination_data[29]_i_1_n_0
    SLICE_X61Y80         FDCE                                         r  protection_system_i/protection_ip_axi_lite_0/inst/u_adc_sample_cdc_bridge/destination_data_reg[29]/D
  -------------------------------------------------------------------    -------------------

                         max delay                    8.000     8.000    
    SLICE_X61Y80         FDCE (Setup_fdce_C_D)        0.029     8.029    protection_system_i/protection_ip_axi_lite_0/inst/u_adc_sample_cdc_bridge/destination_data_reg[29]
  -------------------------------------------------------------------
                         required time                          8.029    
                         arrival time                          -2.270    
  -------------------------------------------------------------------
                         slack                                  5.759    

Slack (MET) :             5.798ns  (required time - arrival time)
  Source:                 protection_system_i/protection_ip_axi_lite_0/inst/u_adc_sample_cdc_bridge/u_fifo/mem_reg[4][15]/C
                            (rising edge-triggered cell FDRE clocked by clk_fpga_1  {rise@0.000ns fall@4.000ns period=8.000ns})
  Destination:            protection_system_i/protection_ip_axi_lite_0/inst/u_adc_sample_cdc_bridge/destination_data_reg[15]/D
                            (rising edge-triggered cell FDCE clocked by clk_fpga_0  {rise@0.000ns fall@5.000ns period=10.000ns})
  Path Group:             clk_fpga_0
  Path Type:              Setup (Max at Slow Process Corner)
  Requirement:            8.000ns  (MaxDelay Path 8.000ns)
  Data Path Delay:        2.233ns  (logic 1.096ns (49.077%)  route 1.137ns (50.923%))
  Logic Levels:           3  (LUT3=1 LUT6=1 MUXF7=1)
  Timing Exception:       MaxDelay Path 8.000ns -datapath_only

    Location             Delay type                Incr(ns)  Path(ns)    Netlist Resource(s)
  -------------------------------------------------------------------    -------------------
    SLICE_X52Y76                                      0.000     0.000 r  protection_system_i/protection_ip_axi_lite_0/inst/u_adc_sample_cdc_bridge/u_fifo/mem_reg[4][15]/C
    SLICE_X52Y76         FDRE (Prop_fdre_C_Q)         0.456     0.456 r  protection_system_i/protection_ip_axi_lite_0/inst/u_adc_sample_cdc_bridge/u_fifo/mem_reg[4][15]/Q
                         net (fo=1, routed)           0.305     0.761    protection_system_i/protection_ip_axi_lite_0/inst/u_adc_sample_cdc_bridge/u_fifo/mem_reg[4][15]
    SLICE_X52Y75         LUT6 (Prop_lut6_I5_O)        0.124     0.885 r  protection_system_i/protection_ip_axi_lite_0/inst/u_adc_sample_cdc_bridge/u_fifo/rd_data[15]_INST_0_i_2/O
                         net (fo=1, routed)           0.000     0.885    protection_system_i/protection_ip_axi_lite_0/inst/u_adc_sample_cdc_bridge/u_fifo/rd_data[15]_INST_0_i_2_n_0
    SLICE_X52Y75         MUXF7 (Prop_muxf7_I1_O)      0.217     1.102 r  protection_system_i/protection_ip_axi_lite_0/inst/u_adc_sample_cdc_bridge/u_fifo/rd_data[15]_INST_0/O
                         net (fo=1, routed)           0.832     1.934    protection_system_i/protection_ip_axi_lite_0/inst/u_adc_sample_cdc_bridge/u_fifo_n_44
    SLICE_X48Y79         LUT3 (Prop_lut3_I1_O)        0.299     2.233 r  protection_system_i/protection_ip_axi_lite_0/inst/u_adc_sample_cdc_bridge/destination_data[15]_i_1/O
                         net (fo=1, routed)           0.000     2.233    protection_system_i/protection_ip_axi_lite_0/inst/u_adc_sample_cdc_bridge/destination_data[15]_i_1_n_0
    SLICE_X48Y79         FDCE                                         r  protection_system_i/protection_ip_axi_lite_0/inst/u_adc_sample_cdc_bridge/destination_data_reg[15]/D
  -------------------------------------------------------------------    -------------------

                         max delay                    8.000     8.000    
    SLICE_X48Y79         FDCE (Setup_fdce_C_D)        0.031     8.031    protection_system_i/protection_ip_axi_lite_0/inst/u_adc_sample_cdc_bridge/destination_data_reg[15]
  -------------------------------------------------------------------
                         required time                          8.031    
                         arrival time                          -2.233    
  -------------------------------------------------------------------
                         slack                                  5.798    

Slack (MET) :             5.826ns  (required time - arrival time)
  Source:                 protection_system_i/protection_ip_axi_lite_0/inst/u_adc_sample_cdc_bridge/u_fifo/mem_reg[4][41]/C
                            (rising edge-triggered cell FDRE clocked by clk_fpga_1  {rise@0.000ns fall@4.000ns period=8.000ns})
  Destination:            protection_system_i/protection_ip_axi_lite_0/inst/u_adc_sample_cdc_bridge/destination_data_reg[41]/D
                            (rising edge-triggered cell FDCE clocked by clk_fpga_0  {rise@0.000ns fall@5.000ns period=10.000ns})
  Path Group:             clk_fpga_0
  Path Type:              Setup (Max at Slow Process Corner)
  Requirement:            8.000ns  (MaxDelay Path 8.000ns)
  Data Path Delay:        2.203ns  (logic 1.123ns (50.969%)  route 1.080ns (49.031%))
  Logic Levels:           3  (LUT3=1 LUT6=1 MUXF7=1)
  Timing Exception:       MaxDelay Path 8.000ns -datapath_only

    Location             Delay type                Incr(ns)  Path(ns)    Netlist Resource(s)
  -------------------------------------------------------------------    -------------------
    SLICE_X84Y93                                      0.000     0.000 r  protection_system_i/protection_ip_axi_lite_0/inst/u_adc_sample_cdc_bridge/u_fifo/mem_reg[4][41]/C
    SLICE_X84Y93         FDRE (Prop_fdre_C_Q)         0.456     0.456 r  protection_system_i/protection_ip_axi_lite_0/inst/u_adc_sample_cdc_bridge/u_fifo/mem_reg[4][41]/Q
                         net (fo=1, routed)           0.505     0.961    protection_system_i/protection_ip_axi_lite_0/inst/u_adc_sample_cdc_bridge/u_fifo/mem_reg[4][41]
    SLICE_X84Y93         LUT6 (Prop_lut6_I5_O)        0.124     1.085 r  protection_system_i/protection_ip_axi_lite_0/inst/u_adc_sample_cdc_bridge/u_fifo/rd_data[41]_INST_0_i_2/O
                         net (fo=1, routed)           0.000     1.085    protection_system_i/protection_ip_axi_lite_0/inst/u_adc_sample_cdc_bridge/u_fifo/rd_data[41]_INST_0_i_2_n_0
    SLICE_X84Y93         MUXF7 (Prop_muxf7_I1_O)      0.245     1.330 r  protection_system_i/protection_ip_axi_lite_0/inst/u_adc_sample_cdc_bridge/u_fifo/rd_data[41]_INST_0/O
                         net (fo=1, routed)           0.576     1.905    protection_system_i/protection_ip_axi_lite_0/inst/u_adc_sample_cdc_bridge/u_fifo_n_18
    SLICE_X65Y92         LUT3 (Prop_lut3_I1_O)        0.298     2.203 r  protection_system_i/protection_ip_axi_lite_0/inst/u_adc_sample_cdc_bridge/destination_data[41]_i_1/O
                         net (fo=1, routed)           0.000     2.203    protection_system_i/protection_ip_axi_lite_0/inst/u_adc_sample_cdc_bridge/destination_data[41]_i_1_n_0
    SLICE_X65Y92         FDCE                                         r  protection_system_i/protection_ip_axi_lite_0/inst/u_adc_sample_cdc_bridge/destination_data_reg[41]/D
  -------------------------------------------------------------------    -------------------

                         max delay                    8.000     8.000    
    SLICE_X65Y92         FDCE (Setup_fdce_C_D)        0.029     8.029    protection_system_i/protection_ip_axi_lite_0/inst/u_adc_sample_cdc_bridge/destination_data_reg[41]
  -------------------------------------------------------------------
                         required time                          8.029    
                         arrival time                          -2.203    
  -------------------------------------------------------------------
                         slack                                  5.826    

Slack (MET) :             5.834ns  (required time - arrival time)
  Source:                 protection_system_i/protection_ip_axi_lite_0/inst/u_adc_sample_cdc_bridge/u_fifo/mem_reg[4][49]/C
                            (rising edge-triggered cell FDRE clocked by clk_fpga_1  {rise@0.000ns fall@4.000ns period=8.000ns})
  Destination:            protection_system_i/protection_ip_axi_lite_0/inst/u_adc_sample_cdc_bridge/destination_data_reg[49]/D
                            (rising edge-triggered cell FDCE clocked by clk_fpga_0  {rise@0.000ns fall@5.000ns period=10.000ns})
  Path Group:             clk_fpga_0
  Path Type:              Setup (Max at Slow Process Corner)
  Requirement:            8.000ns  (MaxDelay Path 8.000ns)
  Data Path Delay:        2.245ns  (logic 1.096ns (48.828%)  route 1.149ns (51.172%))
  Logic Levels:           3  (LUT3=1 LUT6=1 MUXF7=1)
  Timing Exception:       MaxDelay Path 8.000ns -datapath_only

    Location             Delay type                Incr(ns)  Path(ns)    Netlist Resource(s)
  -------------------------------------------------------------------    -------------------
    SLICE_X63Y98                                      0.000     0.000 r  protection_system_i/protection_ip_axi_lite_0/inst/u_adc_sample_cdc_bridge/u_fifo/mem_reg[4][49]/C
    SLICE_X63Y98         FDRE (Prop_fdre_C_Q)         0.456     0.456 r  protection_system_i/protection_ip_axi_lite_0/inst/u_adc_sample_cdc_bridge/u_fifo/mem_reg[4][49]/Q
                         net (fo=1, routed)           0.324     0.780    protection_system_i/protection_ip_axi_lite_0/inst/u_adc_sample_cdc_bridge/u_fifo/mem_reg[4][49]
    SLICE_X64Y97         LUT6 (Prop_lut6_I5_O)        0.124     0.904 r  protection_system_i/protection_ip_axi_lite_0/inst/u_adc_sample_cdc_bridge/u_fifo/rd_data[49]_INST_0_i_2/O
                         net (fo=1, routed)           0.000     0.904    protection_system_i/protection_ip_axi_lite_0/inst/u_adc_sample_cdc_bridge/u_fifo/rd_data[49]_INST_0_i_2_n_0
    SLICE_X64Y97         MUXF7 (Prop_muxf7_I1_O)      0.217     1.121 r  protection_system_i/protection_ip_axi_lite_0/inst/u_adc_sample_cdc_bridge/u_fifo/rd_data[49]_INST_0/O
                         net (fo=1, routed)           0.825     1.946    protection_system_i/protection_ip_axi_lite_0/inst/u_adc_sample_cdc_bridge/u_fifo_n_10
    SLICE_X62Y94         LUT3 (Prop_lut3_I1_O)        0.299     2.245 r  protection_system_i/protection_ip_axi_lite_0/inst/u_adc_sample_cdc_bridge/destination_data[49]_i_1/O
                         net (fo=1, routed)           0.000     2.245    protection_system_i/protection_ip_axi_lite_0/inst/u_adc_sample_cdc_bridge/destination_data[49]_i_1_n_0
    SLICE_X62Y94         FDCE                                         r  protection_system_i/protection_ip_axi_lite_0/inst/u_adc_sample_cdc_bridge/destination_data_reg[49]/D
  -------------------------------------------------------------------    -------------------

                         max delay                    8.000     8.000    
    SLICE_X62Y94         FDCE (Setup_fdce_C_D)        0.079     8.079    protection_system_i/protection_ip_axi_lite_0/inst/u_adc_sample_cdc_bridge/destination_data_reg[49]
  -------------------------------------------------------------------
                         required time                          8.079    
                         arrival time                          -2.245    
  -------------------------------------------------------------------
                         slack                                  5.834    

Slack (MET) :             5.838ns  (required time - arrival time)
  Source:                 protection_system_i/protection_ip_axi_lite_0/inst/u_adc_sample_cdc_bridge/u_fifo/mem_reg[4][25]/C
                            (rising edge-triggered cell FDRE clocked by clk_fpga_1  {rise@0.000ns fall@4.000ns period=8.000ns})
  Destination:            protection_system_i/protection_ip_axi_lite_0/inst/u_adc_sample_cdc_bridge/destination_data_reg[25]/D
                            (rising edge-triggered cell FDCE clocked by clk_fpga_0  {rise@0.000ns fall@5.000ns period=10.000ns})
  Path Group:             clk_fpga_0
  Path Type:              Setup (Max at Slow Process Corner)
  Requirement:            8.000ns  (MaxDelay Path 8.000ns)
  Data Path Delay:        2.193ns  (logic 1.096ns (49.982%)  route 1.097ns (50.018%))
  Logic Levels:           3  (LUT3=1 LUT6=1 MUXF7=1)
  Timing Exception:       MaxDelay Path 8.000ns -datapath_only

    Location             Delay type                Incr(ns)  Path(ns)    Netlist Resource(s)
  -------------------------------------------------------------------    -------------------
    SLICE_X65Y77                                      0.000     0.000 r  protection_system_i/protection_ip_axi_lite_0/inst/u_adc_sample_cdc_bridge/u_fifo/mem_reg[4][25]/C
    SLICE_X65Y77         FDRE (Prop_fdre_C_Q)         0.456     0.456 r  protection_system_i/protection_ip_axi_lite_0/inst/u_adc_sample_cdc_bridge/u_fifo/mem_reg[4][25]/Q
                         net (fo=1, routed)           0.643     1.099    protection_system_i/protection_ip_axi_lite_0/inst/u_adc_sample_cdc_bridge/u_fifo/mem_reg[4][25]
    SLICE_X63Y77         LUT6 (Prop_lut6_I5_O)        0.124     1.223 r  protection_system_i/protection_ip_axi_lite_0/inst/u_adc_sample_cdc_bridge/u_fifo/rd_data[25]_INST_0_i_2/O
                         net (fo=1, routed)           0.000     1.223    protection_system_i/protection_ip_axi_lite_0/inst/u_adc_sample_cdc_bridge/u_fifo/rd_data[25]_INST_0_i_2_n_0
    SLICE_X63Y77         MUXF7 (Prop_muxf7_I1_O)      0.217     1.440 r  protection_system_i/protection_ip_axi_lite_0/inst/u_adc_sample_cdc_bridge/u_fifo/rd_data[25]_INST_0/O
                         net (fo=1, routed)           0.454     1.894    protection_system_i/protection_ip_axi_lite_0/inst/u_adc_sample_cdc_bridge/u_fifo_n_34
    SLICE_X63Y79         LUT3 (Prop_lut3_I1_O)        0.299     2.193 r  protection_system_i/protection_ip_axi_lite_0/inst/u_adc_sample_cdc_bridge/destination_data[25]_i_1/O
                         net (fo=1, routed)           0.000     2.193    protection_system_i/protection_ip_axi_lite_0/inst/u_adc_sample_cdc_bridge/destination_data[25]_i_1_n_0
    SLICE_X63Y79         FDCE                                         r  protection_system_i/protection_ip_axi_lite_0/inst/u_adc_sample_cdc_bridge/destination_data_reg[25]/D
  -------------------------------------------------------------------    -------------------

                         max delay                    8.000     8.000    
    SLICE_X63Y79         FDCE (Setup_fdce_C_D)        0.031     8.031    protection_system_i/protection_ip_axi_lite_0/inst/u_adc_sample_cdc_bridge/destination_data_reg[25]
  -------------------------------------------------------------------
                         required time                          8.031    
                         arrival time                          -2.193    
  -------------------------------------------------------------------
                         slack                                  5.838    

Slack (MET) :             6.079ns  (required time - arrival time)
  Source:                 protection_system_i/protection_ip_axi_lite_0/inst/u_adc_sample_cdc_bridge/u_fifo/mem_reg[4][56]/C
                            (rising edge-triggered cell FDRE clocked by clk_fpga_1  {rise@0.000ns fall@4.000ns period=8.000ns})
  Destination:            protection_system_i/protection_ip_axi_lite_0/inst/u_adc_sample_cdc_bridge/destination_data_reg[56]/D
                            (rising edge-triggered cell FDCE clocked by clk_fpga_0  {rise@0.000ns fall@5.000ns period=10.000ns})
  Path Group:             clk_fpga_0
  Path Type:              Setup (Max at Slow Process Corner)
  Requirement:            8.000ns  (MaxDelay Path 8.000ns)
  Data Path Delay:        1.952ns  (logic 1.096ns (56.139%)  route 0.856ns (43.861%))
  Logic Levels:           3  (LUT3=1 LUT6=1 MUXF7=1)
  Timing Exception:       MaxDelay Path 8.000ns -datapath_only

    Location             Delay type                Incr(ns)  Path(ns)    Netlist Resource(s)
  -------------------------------------------------------------------    -------------------
    SLICE_X56Y76                                      0.000     0.000 r  protection_system_i/protection_ip_axi_lite_0/inst/u_adc_sample_cdc_bridge/u_fifo/mem_reg[4][56]/C
    SLICE_X56Y76         FDRE (Prop_fdre_C_Q)         0.456     0.456 r  protection_system_i/protection_ip_axi_lite_0/inst/u_adc_sample_cdc_bridge/u_fifo/mem_reg[4][56]/Q
                         net (fo=1, routed)           0.305     0.761    protection_system_i/protection_ip_axi_lite_0/inst/u_adc_sample_cdc_bridge/u_fifo/mem_reg[4][56]
    SLICE_X56Y77         LUT6 (Prop_lut6_I5_O)        0.124     0.885 r  protection_system_i/protection_ip_axi_lite_0/inst/u_adc_sample_cdc_bridge/u_fifo/rd_data[56]_INST_0_i_2/O
                         net (fo=1, routed)           0.000     0.885    protection_system_i/protection_ip_axi_lite_0/inst/u_adc_sample_cdc_bridge/u_fifo/rd_data[56]_INST_0_i_2_n_0
    SLICE_X56Y77         MUXF7 (Prop_muxf7_I1_O)      0.217     1.102 r  protection_system_i/protection_ip_axi_lite_0/inst/u_adc_sample_cdc_bridge/u_fifo/rd_data[56]_INST_0/O
                         net (fo=1, routed)           0.551     1.653    protection_system_i/protection_ip_axi_lite_0/inst/u_adc_sample_cdc_bridge/u_fifo_n_3
    SLICE_X57Y80         LUT3 (Prop_lut3_I1_O)        0.299     1.952 r  protection_system_i/protection_ip_axi_lite_0/inst/u_adc_sample_cdc_bridge/destination_data[56]_i_1/O
                         net (fo=1, routed)           0.000     1.952    protection_system_i/protection_ip_axi_lite_0/inst/u_adc_sample_cdc_bridge/destination_data[56]_i_1_n_0
    SLICE_X57Y80         FDCE                                         r  protection_system_i/protection_ip_axi_lite_0/inst/u_adc_sample_cdc_bridge/destination_data_reg[56]/D
  -------------------------------------------------------------------    -------------------

                         max delay                    8.000     8.000    
    SLICE_X57Y80         FDCE (Setup_fdce_C_D)        0.031     8.031    protection_system_i/protection_ip_axi_lite_0/inst/u_adc_sample_cdc_bridge/destination_data_reg[56]
  -------------------------------------------------------------------
                         required time                          8.031    
                         arrival time                          -1.952    
  -------------------------------------------------------------------
                         slack                                  6.079    

Slack (MET) :             6.093ns  (required time - arrival time)
  Source:                 protection_system_i/protection_ip_axi_lite_0/inst/u_adc_sample_cdc_bridge/u_fifo/mem_reg[4][0]/C
                            (rising edge-triggered cell FDRE clocked by clk_fpga_1  {rise@0.000ns fall@4.000ns period=8.000ns})
  Destination:            protection_system_i/protection_ip_axi_lite_0/inst/u_adc_sample_cdc_bridge/destination_data_reg[0]/D
                            (rising edge-triggered cell FDCE clocked by clk_fpga_0  {rise@0.000ns fall@5.000ns period=10.000ns})
  Path Group:             clk_fpga_0
  Path Type:              Setup (Max at Slow Process Corner)
  Requirement:            8.000ns  (MaxDelay Path 8.000ns)
  Data Path Delay:        1.938ns  (logic 1.096ns (56.561%)  route 0.842ns (43.439%))
  Logic Levels:           3  (LUT3=1 LUT6=1 MUXF7=1)
  Timing Exception:       MaxDelay Path 8.000ns -datapath_only

    Location             Delay type                Incr(ns)  Path(ns)    Netlist Resource(s)
  -------------------------------------------------------------------    -------------------
    SLICE_X52Y76                                      0.000     0.000 r  protection_system_i/protection_ip_axi_lite_0/inst/u_adc_sample_cdc_bridge/u_fifo/mem_reg[4][0]/C
    SLICE_X52Y76         FDRE (Prop_fdre_C_Q)         0.456     0.456 r  protection_system_i/protection_ip_axi_lite_0/inst/u_adc_sample_cdc_bridge/u_fifo/mem_reg[4][0]/Q
                         net (fo=1, routed)           0.265     0.721    protection_system_i/protection_ip_axi_lite_0/inst/u_adc_sample_cdc_bridge/u_fifo/mem_reg[4][0]
    SLICE_X53Y76         LUT6 (Prop_lut6_I5_O)        0.124     0.845 r  protection_system_i/protection_ip_axi_lite_0/inst/u_adc_sample_cdc_bridge/u_fifo/rd_data[0]_INST_0_i_2/O
                         net (fo=1, routed)           0.000     0.845    protection_system_i/protection_ip_axi_lite_0/inst/u_adc_sample_cdc_bridge/u_fifo/rd_data[0]_INST_0_i_2_n_0
    SLICE_X53Y76         MUXF7 (Prop_muxf7_I1_O)      0.217     1.062 r  protection_system_i/protection_ip_axi_lite_0/inst/u_adc_sample_cdc_bridge/u_fifo/rd_data[0]_INST_0/O
                         net (fo=1, routed)           0.577     1.639    protection_system_i/protection_ip_axi_lite_0/inst/u_adc_sample_cdc_bridge/u_fifo_n_59
    SLICE_X53Y78         LUT3 (Prop_lut3_I1_O)        0.299     1.938 r  protection_system_i/protection_ip_axi_lite_0/inst/u_adc_sample_cdc_bridge/destination_data[0]_i_1/O
                         net (fo=1, routed)           0.000     1.938    protection_system_i/protection_ip_axi_lite_0/inst/u_adc_sample_cdc_bridge/destination_data[0]_i_1_n_0
    SLICE_X53Y78         FDCE                                         r  protection_system_i/protection_ip_axi_lite_0/inst/u_adc_sample_cdc_bridge/destination_data_reg[0]/D
  -------------------------------------------------------------------    -------------------

                         max delay                    8.000     8.000    
    SLICE_X53Y78         FDCE (Setup_fdce_C_D)        0.031     8.031    protection_system_i/protection_ip_axi_lite_0/inst/u_adc_sample_cdc_bridge/destination_data_reg[0]
  -------------------------------------------------------------------
                         required time                          8.031    
                         arrival time                          -1.938    
  -------------------------------------------------------------------
                         slack                                  6.093    

Slack (MET) :             6.185ns  (required time - arrival time)
  Source:                 protection_system_i/protection_ip_axi_lite_0/inst/u_adc_sample_cdc_bridge/u_fifo/mem_reg[4][28]/C
                            (rising edge-triggered cell FDRE clocked by clk_fpga_1  {rise@0.000ns fall@4.000ns period=8.000ns})
  Destination:            protection_system_i/protection_ip_axi_lite_0/inst/u_adc_sample_cdc_bridge/destination_data_reg[28]/D
                            (rising edge-triggered cell FDCE clocked by clk_fpga_0  {rise@0.000ns fall@5.000ns period=10.000ns})
  Path Group:             clk_fpga_0
  Path Type:              Setup (Max at Slow Process Corner)
  Requirement:            8.000ns  (MaxDelay Path 8.000ns)
  Data Path Delay:        1.846ns  (logic 1.091ns (59.112%)  route 0.755ns (40.888%))
  Logic Levels:           3  (LUT3=1 LUT6=1 MUXF7=1)
  Timing Exception:       MaxDelay Path 8.000ns -datapath_only

    Location             Delay type                Incr(ns)  Path(ns)    Netlist Resource(s)
  -------------------------------------------------------------------    -------------------
    SLICE_X61Y79                                      0.000     0.000 r  protection_system_i/protection_ip_axi_lite_0/inst/u_adc_sample_cdc_bridge/u_fifo/mem_reg[4][28]/C
    SLICE_X61Y79         FDRE (Prop_fdre_C_Q)         0.456     0.456 r  protection_system_i/protection_ip_axi_lite_0/inst/u_adc_sample_cdc_bridge/u_fifo/mem_reg[4][28]/Q
                         net (fo=1, routed)           0.299     0.755    protection_system_i/protection_ip_axi_lite_0/inst/u_adc_sample_cdc_bridge/u_fifo/mem_reg[4][28]
    SLICE_X62Y79         LUT6 (Prop_lut6_I5_O)        0.124     0.879 r  protection_system_i/protection_ip_axi_lite_0/inst/u_adc_sample_cdc_bridge/u_fifo/rd_data[28]_INST_0_i_2/O
                         net (fo=1, routed)           0.000     0.879    protection_system_i/protection_ip_axi_lite_0/inst/u_adc_sample_cdc_bridge/u_fifo/rd_data[28]_INST_0_i_2_n_0
    SLICE_X62Y79         MUXF7 (Prop_muxf7_I1_O)      0.214     1.093 r  protection_system_i/protection_ip_axi_lite_0/inst/u_adc_sample_cdc_bridge/u_fifo/rd_data[28]_INST_0/O
                         net (fo=1, routed)           0.455     1.549    protection_system_i/protection_ip_axi_lite_0/inst/u_adc_sample_cdc_bridge/u_fifo_n_31
    SLICE_X63Y79         LUT3 (Prop_lut3_I1_O)        0.297     1.846 r  protection_system_i/protection_ip_axi_lite_0/inst/u_adc_sample_cdc_bridge/destination_data[28]_i_1/O
                         net (fo=1, routed)           0.000     1.846    protection_system_i/protection_ip_axi_lite_0/inst/u_adc_sample_cdc_bridge/destination_data[28]_i_1_n_0
    SLICE_X63Y79         FDCE                                         r  protection_system_i/protection_ip_axi_lite_0/inst/u_adc_sample_cdc_bridge/destination_data_reg[28]/D
  -------------------------------------------------------------------    -------------------

                         max delay                    8.000     8.000    
    SLICE_X63Y79         FDCE (Setup_fdce_C_D)        0.031     8.031    protection_system_i/protection_ip_axi_lite_0/inst/u_adc_sample_cdc_bridge/destination_data_reg[28]
  -------------------------------------------------------------------
                         required time                          8.031    
                         arrival time                          -1.846    
  -------------------------------------------------------------------
                         slack                                  6.185    




