Copyright 1986-2022 Xilinx, Inc. All Rights Reserved. Copyright 2022-2024 Advanced Micro Devices, Inc. All Rights Reserved.
--------------------------------------------------------------------------------------------------------------------------------------------------------------------------------------------------------------------------------------------------------------------------------------------------------------------------------------------------------------------------
| Tool Version : Vivado v.2024.1 (win64) Build 5076996 Wed May 22 18:37:14 MDT 2024
| Date         : Wed Sep  9 17:18:43 2026
| Host         : illusion running 64-bit major release  (build 9200)
| Command      : report_timing -from [get_cells -quiet -hier -regexp {(^|.*/)u_adc_sample_cdc_bridge/u_fifo/mem_reg\[6\]\[[0-9]+\]$}] -to [get_cells -quiet -hier -regexp {(^|.*/)u_adc_sample_cdc_bridge/destination_data_reg\[[0-9]+\]$}] -delay_type max -max_paths 57 -nworst 1 -file <EXTERNAL_BUILD>/fifo-routed-audit/payload_word_6.rpt
| Design       : protection_system_wrapper
| Device       : 7z020-clg400
| Speed File   : -1  PRODUCTION 1.12 2019-11-22
| Design State : Routed
--------------------------------------------------------------------------------------------------------------------------------------------------------------------------------------------------------------------------------------------------------------------------------------------------------------------------------------------------------------------------

Timing Report

Slack (MET) :             4.467ns  (required time - arrival time)
  Source:                 protection_system_i/protection_ip_axi_lite_0/inst/u_adc_sample_cdc_bridge/u_fifo/mem_reg[6][39]/C
                            (rising edge-triggered cell FDRE clocked by clk_fpga_1  {rise@0.000ns fall@4.000ns period=8.000ns})
  Destination:            protection_system_i/protection_ip_axi_lite_0/inst/u_adc_sample_cdc_bridge/destination_data_reg[39]/D
                            (rising edge-triggered cell FDCE clocked by clk_fpga_0  {rise@0.000ns fall@5.000ns period=10.000ns})
  Path Group:             clk_fpga_0
  Path Type:              Setup (Max at Slow Process Corner)
  Requirement:            8.000ns  (MaxDelay Path 8.000ns)
  Data Path Delay:        3.612ns  (logic 1.185ns (32.805%)  route 2.427ns (67.195%))
  Logic Levels:           3  (LUT3=1 LUT6=1 MUXF7=1)
  Timing Exception:       MaxDelay Path 8.000ns -datapath_only

    Location             Delay type                Incr(ns)  Path(ns)    Netlist Resource(s)
  -------------------------------------------------------------------    -------------------
    SLICE_X82Y91                                      0.000     0.000 r  protection_system_i/protection_ip_axi_lite_0/inst/u_adc_sample_cdc_bridge/u_fifo/mem_reg[6][39]/C
    SLICE_X82Y91         FDRE (Prop_fdre_C_Q)         0.518     0.518 r  protection_system_i/protection_ip_axi_lite_0/inst/u_adc_sample_cdc_bridge/u_fifo/mem_reg[6][39]/Q
                         net (fo=1, routed)           0.987     1.505    protection_system_i/protection_ip_axi_lite_0/inst/u_adc_sample_cdc_bridge/u_fifo/mem_reg[6][39]
    SLICE_X85Y91         LUT6 (Prop_lut6_I1_O)        0.124     1.629 r  protection_system_i/protection_ip_axi_lite_0/inst/u_adc_sample_cdc_bridge/u_fifo/rd_data[39]_INST_0_i_2/O
                         net (fo=1, routed)           0.000     1.629    protection_system_i/protection_ip_axi_lite_0/inst/u_adc_sample_cdc_bridge/u_fifo/rd_data[39]_INST_0_i_2_n_0
    SLICE_X85Y91         MUXF7 (Prop_muxf7_I1_O)      0.245     1.874 r  protection_system_i/protection_ip_axi_lite_0/inst/u_adc_sample_cdc_bridge/u_fifo/rd_data[39]_INST_0/O
                         net (fo=1, routed)           1.440     3.314    protection_system_i/protection_ip_axi_lite_0/inst/u_adc_sample_cdc_bridge/u_fifo_n_20
    SLICE_X66Y88         LUT3 (Prop_lut3_I1_O)        0.298     3.612 r  protection_system_i/protection_ip_axi_lite_0/inst/u_adc_sample_cdc_bridge/destination_data[39]_i_1/O
                         net (fo=1, routed)           0.000     3.612    protection_system_i/protection_ip_axi_lite_0/inst/u_adc_sample_cdc_bridge/destination_data[39]_i_1_n_0
    SLICE_X66Y88         FDCE                                         r  protection_system_i/protection_ip_axi_lite_0/inst/u_adc_sample_cdc_bridge/destination_data_reg[39]/D
  -------------------------------------------------------------------    -------------------

                         max delay                    8.000     8.000    
    SLICE_X66Y88         FDCE (Setup_fdce_C_D)        0.079     8.079    protection_system_i/protection_ip_axi_lite_0/inst/u_adc_sample_cdc_bridge/destination_data_reg[39]
  -------------------------------------------------------------------
                         required time                          8.079    
                         arrival time                          -3.612    
  -------------------------------------------------------------------
                         slack                                  4.467    

Slack (MET) :             4.631ns  (required time - arrival time)
  Source:                 protection_system_i/protection_ip_axi_lite_0/inst/u_adc_sample_cdc_bridge/u_fifo/mem_reg[6][38]/C
                            (rising edge-triggered cell FDRE clocked by clk_fpga_1  {rise@0.000ns fall@4.000ns period=8.000ns})
  Destination:            protection_system_i/protection_ip_axi_lite_0/inst/u_adc_sample_cdc_bridge/destination_data_reg[38]/D
                            (rising edge-triggered cell FDCE clocked by clk_fpga_0  {rise@0.000ns fall@5.000ns period=10.000ns})
  Path Group:             clk_fpga_0
  Path Type:              Setup (Max at Slow Process Corner)
  Requirement:            8.000ns  (MaxDelay Path 8.000ns)
  Data Path Delay:        3.446ns  (logic 1.158ns (33.608%)  route 2.288ns (66.392%))
  Logic Levels:           3  (LUT3=1 LUT6=1 MUXF7=1)
  Timing Exception:       MaxDelay Path 8.000ns -datapath_only

    Location             Delay type                Incr(ns)  Path(ns)    Netlist Resource(s)
  -------------------------------------------------------------------    -------------------
    SLICE_X82Y91                                      0.000     0.000 r  protection_system_i/protection_ip_axi_lite_0/inst/u_adc_sample_cdc_bridge/u_fifo/mem_reg[6][38]/C
    SLICE_X82Y91         FDRE (Prop_fdre_C_Q)         0.518     0.518 r  protection_system_i/protection_ip_axi_lite_0/inst/u_adc_sample_cdc_bridge/u_fifo/mem_reg[6][38]/Q
                         net (fo=1, routed)           0.940     1.458    protection_system_i/protection_ip_axi_lite_0/inst/u_adc_sample_cdc_bridge/u_fifo/mem_reg[6][38]
    SLICE_X85Y91         LUT6 (Prop_lut6_I1_O)        0.124     1.582 r  protection_system_i/protection_ip_axi_lite_0/inst/u_adc_sample_cdc_bridge/u_fifo/rd_data[38]_INST_0_i_2/O
                         net (fo=1, routed)           0.000     1.582    protection_system_i/protection_ip_axi_lite_0/inst/u_adc_sample_cdc_bridge/u_fifo/rd_data[38]_INST_0_i_2_n_0
    SLICE_X85Y91         MUXF7 (Prop_muxf7_I1_O)      0.217     1.799 r  protection_system_i/protection_ip_axi_lite_0/inst/u_adc_sample_cdc_bridge/u_fifo/rd_data[38]_INST_0/O
                         net (fo=1, routed)           1.348     3.147    protection_system_i/protection_ip_axi_lite_0/inst/u_adc_sample_cdc_bridge/u_fifo_n_21
    SLICE_X66Y87         LUT3 (Prop_lut3_I1_O)        0.299     3.446 r  protection_system_i/protection_ip_axi_lite_0/inst/u_adc_sample_cdc_bridge/destination_data[38]_i_1/O
                         net (fo=1, routed)           0.000     3.446    protection_system_i/protection_ip_axi_lite_0/inst/u_adc_sample_cdc_bridge/destination_data[38]_i_1_n_0
    SLICE_X66Y87         FDCE                                         r  protection_system_i/protection_ip_axi_lite_0/inst/u_adc_sample_cdc_bridge/destination_data_reg[38]/D
  -------------------------------------------------------------------    -------------------

                         max delay                    8.000     8.000    
    SLICE_X66Y87         FDCE (Setup_fdce_C_D)        0.077     8.077    protection_system_i/protection_ip_axi_lite_0/inst/u_adc_sample_cdc_bridge/destination_data_reg[38]
  -------------------------------------------------------------------
                         required time                          8.077    
                         arrival time                          -3.446    
  -------------------------------------------------------------------
                         slack                                  4.631    

Slack (MET) :             4.757ns  (required time - arrival time)
  Source:                 protection_system_i/protection_ip_axi_lite_0/inst/u_adc_sample_cdc_bridge/u_fifo/mem_reg[6][1]/C
                            (rising edge-triggered cell FDRE clocked by clk_fpga_1  {rise@0.000ns fall@4.000ns period=8.000ns})
  Destination:            protection_system_i/protection_ip_axi_lite_0/inst/u_adc_sample_cdc_bridge/destination_data_reg[1]/D
                            (rising edge-triggered cell FDCE clocked by clk_fpga_0  {rise@0.000ns fall@5.000ns period=10.000ns})
  Path Group:             clk_fpga_0
  Path Type:              Setup (Max at Slow Process Corner)
  Requirement:            8.000ns  (MaxDelay Path 8.000ns)
  Data Path Delay:        3.272ns  (logic 1.158ns (35.394%)  route 2.114ns (64.606%))
  Logic Levels:           3  (LUT3=1 LUT6=1 MUXF7=1)
  Timing Exception:       MaxDelay Path 8.000ns -datapath_only

    Location             Delay type                Incr(ns)  Path(ns)    Netlist Resource(s)
  -------------------------------------------------------------------    -------------------
    SLICE_X54Y74                                      0.000     0.000 r  protection_system_i/protection_ip_axi_lite_0/inst/u_adc_sample_cdc_bridge/u_fifo/mem_reg[6][1]/C
    SLICE_X54Y74         FDRE (Prop_fdre_C_Q)         0.518     0.518 r  protection_system_i/protection_ip_axi_lite_0/inst/u_adc_sample_cdc_bridge/u_fifo/mem_reg[6][1]/Q
                         net (fo=1, routed)           0.928     1.446    protection_system_i/protection_ip_axi_lite_0/inst/u_adc_sample_cdc_bridge/u_fifo/mem_reg[6][1]
    SLICE_X57Y74         LUT6 (Prop_lut6_I1_O)        0.124     1.570 r  protection_system_i/protection_ip_axi_lite_0/inst/u_adc_sample_cdc_bridge/u_fifo/rd_data[1]_INST_0_i_2/O
                         net (fo=1, routed)           0.000     1.570    protection_system_i/protection_ip_axi_lite_0/inst/u_adc_sample_cdc_bridge/u_fifo/rd_data[1]_INST_0_i_2_n_0
    SLICE_X57Y74         MUXF7 (Prop_muxf7_I1_O)      0.217     1.787 r  protection_system_i/protection_ip_axi_lite_0/inst/u_adc_sample_cdc_bridge/u_fifo/rd_data[1]_INST_0/O
                         net (fo=1, routed)           1.186     2.973    protection_system_i/protection_ip_axi_lite_0/inst/u_adc_sample_cdc_bridge/u_fifo_n_58
    SLICE_X57Y80         LUT3 (Prop_lut3_I1_O)        0.299     3.272 r  protection_system_i/protection_ip_axi_lite_0/inst/u_adc_sample_cdc_bridge/destination_data[1]_i_1/O
                         net (fo=1, routed)           0.000     3.272    protection_system_i/protection_ip_axi_lite_0/inst/u_adc_sample_cdc_bridge/destination_data[1]_i_1_n_0
    SLICE_X57Y80         FDCE                                         r  protection_system_i/protection_ip_axi_lite_0/inst/u_adc_sample_cdc_bridge/destination_data_reg[1]/D
  -------------------------------------------------------------------    -------------------

                         max delay                    8.000     8.000    
    SLICE_X57Y80         FDCE (Setup_fdce_C_D)        0.029     8.029    protection_system_i/protection_ip_axi_lite_0/inst/u_adc_sample_cdc_bridge/destination_data_reg[1]
  -------------------------------------------------------------------
                         required time                          8.029    
                         arrival time                          -3.272    
  -------------------------------------------------------------------
                         slack                                  4.757    

Slack (MET) :             4.769ns  (required time - arrival time)
  Source:                 protection_system_i/protection_ip_axi_lite_0/inst/u_adc_sample_cdc_bridge/u_fifo/mem_reg[6][2]/C
                            (rising edge-triggered cell FDRE clocked by clk_fpga_1  {rise@0.000ns fall@4.000ns period=8.000ns})
  Destination:            protection_system_i/protection_ip_axi_lite_0/inst/u_adc_sample_cdc_bridge/destination_data_reg[2]/D
                            (rising edge-triggered cell FDCE clocked by clk_fpga_0  {rise@0.000ns fall@5.000ns period=10.000ns})
  Path Group:             clk_fpga_0
  Path Type:              Setup (Max at Slow Process Corner)
  Requirement:            8.000ns  (MaxDelay Path 8.000ns)
  Data Path Delay:        3.312ns  (logic 1.316ns (39.731%)  route 1.996ns (60.269%))
  Logic Levels:           3  (LUT3=1 LUT6=1 MUXF7=1)
  Timing Exception:       MaxDelay Path 8.000ns -datapath_only

    Location             Delay type                Incr(ns)  Path(ns)    Netlist Resource(s)
  -------------------------------------------------------------------    -------------------
    SLICE_X54Y74                                      0.000     0.000 r  protection_system_i/protection_ip_axi_lite_0/inst/u_adc_sample_cdc_bridge/u_fifo/mem_reg[6][2]/C
    SLICE_X54Y74         FDRE (Prop_fdre_C_Q)         0.478     0.478 r  protection_system_i/protection_ip_axi_lite_0/inst/u_adc_sample_cdc_bridge/u_fifo/mem_reg[6][2]/Q
                         net (fo=1, routed)           0.965     1.443    protection_system_i/protection_ip_axi_lite_0/inst/u_adc_sample_cdc_bridge/u_fifo/mem_reg[6][2]
    SLICE_X57Y74         LUT6 (Prop_lut6_I1_O)        0.295     1.738 r  protection_system_i/protection_ip_axi_lite_0/inst/u_adc_sample_cdc_bridge/u_fifo/rd_data[2]_INST_0_i_2/O
                         net (fo=1, routed)           0.000     1.738    protection_system_i/protection_ip_axi_lite_0/inst/u_adc_sample_cdc_bridge/u_fifo/rd_data[2]_INST_0_i_2_n_0
    SLICE_X57Y74         MUXF7 (Prop_muxf7_I1_O)      0.245     1.983 r  protection_system_i/protection_ip_axi_lite_0/inst/u_adc_sample_cdc_bridge/u_fifo/rd_data[2]_INST_0/O
                         net (fo=1, routed)           1.031     3.014    protection_system_i/protection_ip_axi_lite_0/inst/u_adc_sample_cdc_bridge/u_fifo_n_57
    SLICE_X58Y79         LUT3 (Prop_lut3_I1_O)        0.298     3.312 r  protection_system_i/protection_ip_axi_lite_0/inst/u_adc_sample_cdc_bridge/destination_data[2]_i_1/O
                         net (fo=1, routed)           0.000     3.312    protection_system_i/protection_ip_axi_lite_0/inst/u_adc_sample_cdc_bridge/destination_data[2]_i_1_n_0
    SLICE_X58Y79         FDCE                                         r  protection_system_i/protection_ip_axi_lite_0/inst/u_adc_sample_cdc_bridge/destination_data_reg[2]/D
  -------------------------------------------------------------------    -------------------

                         max delay                    8.000     8.000    
    SLICE_X58Y79         FDCE (Setup_fdce_C_D)        0.081     8.081    protection_system_i/protection_ip_axi_lite_0/inst/u_adc_sample_cdc_bridge/destination_data_reg[2]
  -------------------------------------------------------------------
                         required time                          8.081    
                         arrival time                          -3.312    
  -------------------------------------------------------------------
                         slack                                  4.769    

Slack (MET) :             4.821ns  (required time - arrival time)
  Source:                 protection_system_i/protection_ip_axi_lite_0/inst/u_adc_sample_cdc_bridge/u_fifo/mem_reg[6][37]/C
                            (rising edge-triggered cell FDRE clocked by clk_fpga_1  {rise@0.000ns fall@4.000ns period=8.000ns})
  Destination:            protection_system_i/protection_ip_axi_lite_0/inst/u_adc_sample_cdc_bridge/destination_data_reg[37]/D
                            (rising edge-triggered cell FDCE clocked by clk_fpga_0  {rise@0.000ns fall@5.000ns period=10.000ns})
  Path Group:             clk_fpga_0
  Path Type:              Setup (Max at Slow Process Corner)
  Requirement:            8.000ns  (MaxDelay Path 8.000ns)
  Data Path Delay:        3.260ns  (logic 1.158ns (35.525%)  route 2.102ns (64.475%))
  Logic Levels:           3  (LUT3=1 LUT6=1 MUXF7=1)
  Timing Exception:       MaxDelay Path 8.000ns -datapath_only

    Location             Delay type                Incr(ns)  Path(ns)    Netlist Resource(s)
  -------------------------------------------------------------------    -------------------
    SLICE_X86Y89                                      0.000     0.000 r  protection_system_i/protection_ip_axi_lite_0/inst/u_adc_sample_cdc_bridge/u_fifo/mem_reg[6][37]/C
    SLICE_X86Y89         FDRE (Prop_fdre_C_Q)         0.518     0.518 r  protection_system_i/protection_ip_axi_lite_0/inst/u_adc_sample_cdc_bridge/u_fifo/mem_reg[6][37]/Q
                         net (fo=1, routed)           0.806     1.324    protection_system_i/protection_ip_axi_lite_0/inst/u_adc_sample_cdc_bridge/u_fifo/mem_reg[6][37]
    SLICE_X84Y89         LUT6 (Prop_lut6_I1_O)        0.124     1.448 r  protection_system_i/protection_ip_axi_lite_0/inst/u_adc_sample_cdc_bridge/u_fifo/rd_data[37]_INST_0_i_2/O
                         net (fo=1, routed)           0.000     1.448    protection_system_i/protection_ip_axi_lite_0/inst/u_adc_sample_cdc_bridge/u_fifo/rd_data[37]_INST_0_i_2_n_0
    SLICE_X84Y89         MUXF7 (Prop_muxf7_I1_O)      0.217     1.665 r  protection_system_i/protection_ip_axi_lite_0/inst/u_adc_sample_cdc_bridge/u_fifo/rd_data[37]_INST_0/O
                         net (fo=1, routed)           1.296     2.961    protection_system_i/protection_ip_axi_lite_0/inst/u_adc_sample_cdc_bridge/u_fifo_n_22
    SLICE_X66Y88         LUT3 (Prop_lut3_I1_O)        0.299     3.260 r  protection_system_i/protection_ip_axi_lite_0/inst/u_adc_sample_cdc_bridge/destination_data[37]_i_1/O
                         net (fo=1, routed)           0.000     3.260    protection_system_i/protection_ip_axi_lite_0/inst/u_adc_sample_cdc_bridge/destination_data[37]_i_1_n_0
    SLICE_X66Y88         FDCE                                         r  protection_system_i/protection_ip_axi_lite_0/inst/u_adc_sample_cdc_bridge/destination_data_reg[37]/D
  -------------------------------------------------------------------    -------------------

                         max delay                    8.000     8.000    
    SLICE_X66Y88         FDCE (Setup_fdce_C_D)        0.081     8.081    protection_system_i/protection_ip_axi_lite_0/inst/u_adc_sample_cdc_bridge/destination_data_reg[37]
  -------------------------------------------------------------------
                         required time                          8.081    
                         arrival time                          -3.260    
  -------------------------------------------------------------------
                         slack                                  4.821    

Slack (MET) :             4.900ns  (required time - arrival time)
  Source:                 protection_system_i/protection_ip_axi_lite_0/inst/u_adc_sample_cdc_bridge/u_fifo/mem_reg[6][36]/C
                            (rising edge-triggered cell FDRE clocked by clk_fpga_1  {rise@0.000ns fall@4.000ns period=8.000ns})
  Destination:            protection_system_i/protection_ip_axi_lite_0/inst/u_adc_sample_cdc_bridge/destination_data_reg[36]/D
                            (rising edge-triggered cell FDCE clocked by clk_fpga_0  {rise@0.000ns fall@5.000ns period=10.000ns})
  Path Group:             clk_fpga_0
  Path Type:              Setup (Max at Slow Process Corner)
  Requirement:            8.000ns  (MaxDelay Path 8.000ns)
  Data Path Delay:        3.177ns  (logic 1.123ns (35.345%)  route 2.054ns (64.655%))
  Logic Levels:           3  (LUT3=1 LUT6=1 MUXF7=1)
  Timing Exception:       MaxDelay Path 8.000ns -datapath_only

    Location             Delay type                Incr(ns)  Path(ns)    Netlist Resource(s)
  -------------------------------------------------------------------    -------------------
    SLICE_X87Y90                                      0.000     0.000 r  protection_system_i/protection_ip_axi_lite_0/inst/u_adc_sample_cdc_bridge/u_fifo/mem_reg[6][36]/C
    SLICE_X87Y90         FDRE (Prop_fdre_C_Q)         0.456     0.456 r  protection_system_i/protection_ip_axi_lite_0/inst/u_adc_sample_cdc_bridge/u_fifo/mem_reg[6][36]/Q
                         net (fo=1, routed)           0.805     1.261    protection_system_i/protection_ip_axi_lite_0/inst/u_adc_sample_cdc_bridge/u_fifo/mem_reg[6][36]
    SLICE_X85Y90         LUT6 (Prop_lut6_I1_O)        0.124     1.385 r  protection_system_i/protection_ip_axi_lite_0/inst/u_adc_sample_cdc_bridge/u_fifo/rd_data[36]_INST_0_i_2/O
                         net (fo=1, routed)           0.000     1.385    protection_system_i/protection_ip_axi_lite_0/inst/u_adc_sample_cdc_bridge/u_fifo/rd_data[36]_INST_0_i_2_n_0
    SLICE_X85Y90         MUXF7 (Prop_muxf7_I1_O)      0.245     1.630 r  protection_system_i/protection_ip_axi_lite_0/inst/u_adc_sample_cdc_bridge/u_fifo/rd_data[36]_INST_0/O
                         net (fo=1, routed)           1.250     2.879    protection_system_i/protection_ip_axi_lite_0/inst/u_adc_sample_cdc_bridge/u_fifo_n_23
    SLICE_X66Y88         LUT3 (Prop_lut3_I1_O)        0.298     3.177 r  protection_system_i/protection_ip_axi_lite_0/inst/u_adc_sample_cdc_bridge/destination_data[36]_i_1/O
                         net (fo=1, routed)           0.000     3.177    protection_system_i/protection_ip_axi_lite_0/inst/u_adc_sample_cdc_bridge/destination_data[36]_i_1_n_0
    SLICE_X66Y88         FDCE                                         r  protection_system_i/protection_ip_axi_lite_0/inst/u_adc_sample_cdc_bridge/destination_data_reg[36]/D
  -------------------------------------------------------------------    -------------------

                         max delay                    8.000     8.000    
    SLICE_X66Y88         FDCE (Setup_fdce_C_D)        0.077     8.077    protection_system_i/protection_ip_axi_lite_0/inst/u_adc_sample_cdc_bridge/destination_data_reg[36]
  -------------------------------------------------------------------
                         required time                          8.077    
                         arrival time                          -3.177    
  -------------------------------------------------------------------
                         slack                                  4.900    

Slack (MET) :             4.976ns  (required time - arrival time)
  Source:                 protection_system_i/protection_ip_axi_lite_0/inst/u_adc_sample_cdc_bridge/u_fifo/mem_reg[6][46]/C
                            (rising edge-triggered cell FDRE clocked by clk_fpga_1  {rise@0.000ns fall@4.000ns period=8.000ns})
  Destination:            protection_system_i/protection_ip_axi_lite_0/inst/u_adc_sample_cdc_bridge/destination_data_reg[46]/D
                            (rising edge-triggered cell FDCE clocked by clk_fpga_0  {rise@0.000ns fall@5.000ns period=10.000ns})
  Path Group:             clk_fpga_0
  Path Type:              Setup (Max at Slow Process Corner)
  Requirement:            8.000ns  (MaxDelay Path 8.000ns)
  Data Path Delay:        3.105ns  (logic 1.096ns (35.294%)  route 2.009ns (64.706%))
  Logic Levels:           3  (LUT3=1 LUT6=1 MUXF7=1)
  Timing Exception:       MaxDelay Path 8.000ns -datapath_only

    Location             Delay type                Incr(ns)  Path(ns)    Netlist Resource(s)
  -------------------------------------------------------------------    -------------------
    SLICE_X67Y100                                     0.000     0.000 r  protection_system_i/protection_ip_axi_lite_0/inst/u_adc_sample_cdc_bridge/u_fifo/mem_reg[6][46]/C
    SLICE_X67Y100        FDRE (Prop_fdre_C_Q)         0.456     0.456 r  protection_system_i/protection_ip_axi_lite_0/inst/u_adc_sample_cdc_bridge/u_fifo/mem_reg[6][46]/Q
                         net (fo=1, routed)           0.864     1.320    protection_system_i/protection_ip_axi_lite_0/inst/u_adc_sample_cdc_bridge/u_fifo/mem_reg[6][46]
    SLICE_X65Y100        LUT6 (Prop_lut6_I1_O)        0.124     1.444 r  protection_system_i/protection_ip_axi_lite_0/inst/u_adc_sample_cdc_bridge/u_fifo/rd_data[46]_INST_0_i_2/O
                         net (fo=1, routed)           0.000     1.444    protection_system_i/protection_ip_axi_lite_0/inst/u_adc_sample_cdc_bridge/u_fifo/rd_data[46]_INST_0_i_2_n_0
    SLICE_X65Y100        MUXF7 (Prop_muxf7_I1_O)      0.217     1.661 r  protection_system_i/protection_ip_axi_lite_0/inst/u_adc_sample_cdc_bridge/u_fifo/rd_data[46]_INST_0/O
                         net (fo=1, routed)           1.145     2.806    protection_system_i/protection_ip_axi_lite_0/inst/u_adc_sample_cdc_bridge/u_fifo_n_13
    SLICE_X62Y94         LUT3 (Prop_lut3_I1_O)        0.299     3.105 r  protection_system_i/protection_ip_axi_lite_0/inst/u_adc_sample_cdc_bridge/destination_data[46]_i_1/O
                         net (fo=1, routed)           0.000     3.105    protection_system_i/protection_ip_axi_lite_0/inst/u_adc_sample_cdc_bridge/destination_data[46]_i_1_n_0
    SLICE_X62Y94         FDCE                                         r  protection_system_i/protection_ip_axi_lite_0/inst/u_adc_sample_cdc_bridge/destination_data_reg[46]/D
  -------------------------------------------------------------------    -------------------

                         max delay                    8.000     8.000    
    SLICE_X62Y94         FDCE (Setup_fdce_C_D)        0.081     8.081    protection_system_i/protection_ip_axi_lite_0/inst/u_adc_sample_cdc_bridge/destination_data_reg[46]
  -------------------------------------------------------------------
                         required time                          8.081    
                         arrival time                          -3.105    
  -------------------------------------------------------------------
                         slack                                  4.976    

Slack (MET) :             4.991ns  (required time - arrival time)
  Source:                 protection_system_i/protection_ip_axi_lite_0/inst/u_adc_sample_cdc_bridge/u_fifo/mem_reg[6][35]/C
                            (rising edge-triggered cell FDRE clocked by clk_fpga_1  {rise@0.000ns fall@4.000ns period=8.000ns})
  Destination:            protection_system_i/protection_ip_axi_lite_0/inst/u_adc_sample_cdc_bridge/destination_data_reg[35]/D
                            (rising edge-triggered cell FDCE clocked by clk_fpga_0  {rise@0.000ns fall@5.000ns period=10.000ns})
  Path Group:             clk_fpga_0
  Path Type:              Setup (Max at Slow Process Corner)
  Requirement:            8.000ns  (MaxDelay Path 8.000ns)
  Data Path Delay:        3.086ns  (logic 1.096ns (35.513%)  route 1.990ns (64.487%))
  Logic Levels:           3  (LUT3=1 LUT6=1 MUXF7=1)
  Timing Exception:       MaxDelay Path 8.000ns -datapath_only

    Location             Delay type                Incr(ns)  Path(ns)    Netlist Resource(s)
  -------------------------------------------------------------------    -------------------
    SLICE_X87Y90                                      0.000     0.000 r  protection_system_i/protection_ip_axi_lite_0/inst/u_adc_sample_cdc_bridge/u_fifo/mem_reg[6][35]/C
    SLICE_X87Y90         FDRE (Prop_fdre_C_Q)         0.456     0.456 r  protection_system_i/protection_ip_axi_lite_0/inst/u_adc_sample_cdc_bridge/u_fifo/mem_reg[6][35]/Q
                         net (fo=1, routed)           0.643     1.099    protection_system_i/protection_ip_axi_lite_0/inst/u_adc_sample_cdc_bridge/u_fifo/mem_reg[6][35]
    SLICE_X85Y90         LUT6 (Prop_lut6_I1_O)        0.124     1.223 r  protection_system_i/protection_ip_axi_lite_0/inst/u_adc_sample_cdc_bridge/u_fifo/rd_data[35]_INST_0_i_2/O
                         net (fo=1, routed)           0.000     1.223    protection_system_i/protection_ip_axi_lite_0/inst/u_adc_sample_cdc_bridge/u_fifo/rd_data[35]_INST_0_i_2_n_0
    SLICE_X85Y90         MUXF7 (Prop_muxf7_I1_O)      0.217     1.440 r  protection_system_i/protection_ip_axi_lite_0/inst/u_adc_sample_cdc_bridge/u_fifo/rd_data[35]_INST_0/O
                         net (fo=1, routed)           1.348     2.787    protection_system_i/protection_ip_axi_lite_0/inst/u_adc_sample_cdc_bridge/u_fifo_n_24
    SLICE_X66Y86         LUT3 (Prop_lut3_I1_O)        0.299     3.086 r  protection_system_i/protection_ip_axi_lite_0/inst/u_adc_sample_cdc_bridge/destination_data[35]_i_1/O
                         net (fo=1, routed)           0.000     3.086    protection_system_i/protection_ip_axi_lite_0/inst/u_adc_sample_cdc_bridge/destination_data[35]_i_1_n_0
    SLICE_X66Y86         FDCE                                         r  protection_system_i/protection_ip_axi_lite_0/inst/u_adc_sample_cdc_bridge/destination_data_reg[35]/D
  -------------------------------------------------------------------    -------------------

                         max delay                    8.000     8.000    
    SLICE_X66Y86         FDCE (Setup_fdce_C_D)        0.077     8.077    protection_system_i/protection_ip_axi_lite_0/inst/u_adc_sample_cdc_bridge/destination_data_reg[35]
  -------------------------------------------------------------------
                         required time                          8.077    
                         arrival time                          -3.086    
  -------------------------------------------------------------------
                         slack                                  4.991    

Slack (MET) :             5.030ns  (required time - arrival time)
  Source:                 protection_system_i/protection_ip_axi_lite_0/inst/u_adc_sample_cdc_bridge/u_fifo/mem_reg[6][13]/C
                            (rising edge-triggered cell FDRE clocked by clk_fpga_1  {rise@0.000ns fall@4.000ns period=8.000ns})
  Destination:            protection_system_i/protection_ip_axi_lite_0/inst/u_adc_sample_cdc_bridge/destination_data_reg[13]/D
                            (rising edge-triggered cell FDCE clocked by clk_fpga_0  {rise@0.000ns fall@5.000ns period=10.000ns})
  Path Group:             clk_fpga_0
  Path Type:              Setup (Max at Slow Process Corner)
  Requirement:            8.000ns  (MaxDelay Path 8.000ns)
  Data Path Delay:        2.999ns  (logic 1.096ns (36.541%)  route 1.903ns (63.459%))
  Logic Levels:           3  (LUT3=1 LUT6=1 MUXF7=1)
  Timing Exception:       MaxDelay Path 8.000ns -datapath_only

    Location             Delay type                Incr(ns)  Path(ns)    Netlist Resource(s)
  -------------------------------------------------------------------    -------------------
    SLICE_X53Y76                                      0.000     0.000 r  protection_system_i/protection_ip_axi_lite_0/inst/u_adc_sample_cdc_bridge/u_fifo/mem_reg[6][13]/C
    SLICE_X53Y76         FDRE (Prop_fdre_C_Q)         0.456     0.456 r  protection_system_i/protection_ip_axi_lite_0/inst/u_adc_sample_cdc_bridge/u_fifo/mem_reg[6][13]/Q
                         net (fo=1, routed)           0.789     1.245    protection_system_i/protection_ip_axi_lite_0/inst/u_adc_sample_cdc_bridge/u_fifo/mem_reg[6][13]
    SLICE_X51Y76         LUT6 (Prop_lut6_I1_O)        0.124     1.369 r  protection_system_i/protection_ip_axi_lite_0/inst/u_adc_sample_cdc_bridge/u_fifo/rd_data[13]_INST_0_i_2/O
                         net (fo=1, routed)           0.000     1.369    protection_system_i/protection_ip_axi_lite_0/inst/u_adc_sample_cdc_bridge/u_fifo/rd_data[13]_INST_0_i_2_n_0
    SLICE_X51Y76         MUXF7 (Prop_muxf7_I1_O)      0.217     1.586 r  protection_system_i/protection_ip_axi_lite_0/inst/u_adc_sample_cdc_bridge/u_fifo/rd_data[13]_INST_0/O
                         net (fo=1, routed)           1.114     2.700    protection_system_i/protection_ip_axi_lite_0/inst/u_adc_sample_cdc_bridge/u_fifo_n_46
    SLICE_X48Y79         LUT3 (Prop_lut3_I1_O)        0.299     2.999 r  protection_system_i/protection_ip_axi_lite_0/inst/u_adc_sample_cdc_bridge/destination_data[13]_i_1/O
                         net (fo=1, routed)           0.000     2.999    protection_system_i/protection_ip_axi_lite_0/inst/u_adc_sample_cdc_bridge/destination_data[13]_i_1_n_0
    SLICE_X48Y79         FDCE                                         r  protection_system_i/protection_ip_axi_lite_0/inst/u_adc_sample_cdc_bridge/destination_data_reg[13]/D
  -------------------------------------------------------------------    -------------------

                         max delay                    8.000     8.000    
    SLICE_X48Y79         FDCE (Setup_fdce_C_D)        0.029     8.029    protection_system_i/protection_ip_axi_lite_0/inst/u_adc_sample_cdc_bridge/destination_data_reg[13]
  -------------------------------------------------------------------
                         required time                          8.029    
                         arrival time                          -2.999    
  -------------------------------------------------------------------
                         slack                                  5.030    

Slack (MET) :             5.058ns  (required time - arrival time)
  Source:                 protection_system_i/protection_ip_axi_lite_0/inst/u_adc_sample_cdc_bridge/u_fifo/mem_reg[6][14]/C
                            (rising edge-triggered cell FDRE clocked by clk_fpga_1  {rise@0.000ns fall@4.000ns period=8.000ns})
  Destination:            protection_system_i/protection_ip_axi_lite_0/inst/u_adc_sample_cdc_bridge/destination_data_reg[14]/D
                            (rising edge-triggered cell FDCE clocked by clk_fpga_0  {rise@0.000ns fall@5.000ns period=10.000ns})
  Path Group:             clk_fpga_0
  Path Type:              Setup (Max at Slow Process Corner)
  Requirement:            8.000ns  (MaxDelay Path 8.000ns)
  Data Path Delay:        2.971ns  (logic 1.153ns (38.813%)  route 1.818ns (61.187%))
  Logic Levels:           3  (LUT3=1 LUT6=1 MUXF7=1)
  Timing Exception:       MaxDelay Path 8.000ns -datapath_only

    Location             Delay type                Incr(ns)  Path(ns)    Netlist Resource(s)
  -------------------------------------------------------------------    -------------------
    SLICE_X54Y74                                      0.000     0.000 r  protection_system_i/protection_ip_axi_lite_0/inst/u_adc_sample_cdc_bridge/u_fifo/mem_reg[6][14]/C
    SLICE_X54Y74         FDRE (Prop_fdre_C_Q)         0.518     0.518 r  protection_system_i/protection_ip_axi_lite_0/inst/u_adc_sample_cdc_bridge/u_fifo/mem_reg[6][14]/Q
                         net (fo=1, routed)           0.738     1.256    protection_system_i/protection_ip_axi_lite_0/inst/u_adc_sample_cdc_bridge/u_fifo/mem_reg[6][14]
    SLICE_X54Y73         LUT6 (Prop_lut6_I1_O)        0.124     1.380 r  protection_system_i/protection_ip_axi_lite_0/inst/u_adc_sample_cdc_bridge/u_fifo/rd_data[14]_INST_0_i_2/O
                         net (fo=1, routed)           0.000     1.380    protection_system_i/protection_ip_axi_lite_0/inst/u_adc_sample_cdc_bridge/u_fifo/rd_data[14]_INST_0_i_2_n_0
    SLICE_X54Y73         MUXF7 (Prop_muxf7_I1_O)      0.214     1.594 r  protection_system_i/protection_ip_axi_lite_0/inst/u_adc_sample_cdc_bridge/u_fifo/rd_data[14]_INST_0/O
                         net (fo=1, routed)           1.079     2.674    protection_system_i/protection_ip_axi_lite_0/inst/u_adc_sample_cdc_bridge/u_fifo_n_45
    SLICE_X48Y78         LUT3 (Prop_lut3_I1_O)        0.297     2.971 r  protection_system_i/protection_ip_axi_lite_0/inst/u_adc_sample_cdc_bridge/destination_data[14]_i_1/O
                         net (fo=1, routed)           0.000     2.971    protection_system_i/protection_ip_axi_lite_0/inst/u_adc_sample_cdc_bridge/destination_data[14]_i_1_n_0
    SLICE_X48Y78         FDCE                                         r  protection_system_i/protection_ip_axi_lite_0/inst/u_adc_sample_cdc_bridge/destination_data_reg[14]/D
  -------------------------------------------------------------------    -------------------

                         max delay                    8.000     8.000    
    SLICE_X48Y78         FDCE (Setup_fdce_C_D)        0.029     8.029    protection_system_i/protection_ip_axi_lite_0/inst/u_adc_sample_cdc_bridge/destination_data_reg[14]
  -------------------------------------------------------------------
                         required time                          8.029    
                         arrival time                          -2.971    
  -------------------------------------------------------------------
                         slack                                  5.058    

Slack (MET) :             5.082ns  (required time - arrival time)
  Source:                 protection_system_i/protection_ip_axi_lite_0/inst/u_adc_sample_cdc_bridge/u_fifo/mem_reg[6][55]/C
                            (rising edge-triggered cell FDRE clocked by clk_fpga_1  {rise@0.000ns fall@4.000ns period=8.000ns})
  Destination:            protection_system_i/protection_ip_axi_lite_0/inst/u_adc_sample_cdc_bridge/destination_data_reg[55]/D
                            (rising edge-triggered cell FDCE clocked by clk_fpga_0  {rise@0.000ns fall@5.000ns period=10.000ns})
  Path Group:             clk_fpga_0
  Path Type:              Setup (Max at Slow Process Corner)
  Requirement:            8.000ns  (MaxDelay Path 8.000ns)
  Data Path Delay:        2.950ns  (logic 1.123ns (38.066%)  route 1.827ns (61.934%))
  Logic Levels:           3  (LUT3=1 LUT6=1 MUXF7=1)
  Timing Exception:       MaxDelay Path 8.000ns -datapath_only

    Location             Delay type                Incr(ns)  Path(ns)    Netlist Resource(s)
  -------------------------------------------------------------------    -------------------
    SLICE_X65Y101                                     0.000     0.000 r  protection_system_i/protection_ip_axi_lite_0/inst/u_adc_sample_cdc_bridge/u_fifo/mem_reg[6][55]/C
    SLICE_X65Y101        FDRE (Prop_fdre_C_Q)         0.456     0.456 r  protection_system_i/protection_ip_axi_lite_0/inst/u_adc_sample_cdc_bridge/u_fifo/mem_reg[6][55]/Q
                         net (fo=1, routed)           0.805     1.261    protection_system_i/protection_ip_axi_lite_0/inst/u_adc_sample_cdc_bridge/u_fifo/mem_reg[6][55]
    SLICE_X63Y101        LUT6 (Prop_lut6_I1_O)        0.124     1.385 r  protection_system_i/protection_ip_axi_lite_0/inst/u_adc_sample_cdc_bridge/u_fifo/rd_data[55]_INST_0_i_2/O
                         net (fo=1, routed)           0.000     1.385    protection_system_i/protection_ip_axi_lite_0/inst/u_adc_sample_cdc_bridge/u_fifo/rd_data[55]_INST_0_i_2_n_0
    SLICE_X63Y101        MUXF7 (Prop_muxf7_I1_O)      0.245     1.630 r  protection_system_i/protection_ip_axi_lite_0/inst/u_adc_sample_cdc_bridge/u_fifo/rd_data[55]_INST_0/O
                         net (fo=1, routed)           1.023     2.652    protection_system_i/protection_ip_axi_lite_0/inst/u_adc_sample_cdc_bridge/u_fifo_n_4
    SLICE_X63Y94         LUT3 (Prop_lut3_I1_O)        0.298     2.950 r  protection_system_i/protection_ip_axi_lite_0/inst/u_adc_sample_cdc_bridge/destination_data[55]_i_1/O
                         net (fo=1, routed)           0.000     2.950    protection_system_i/protection_ip_axi_lite_0/inst/u_adc_sample_cdc_bridge/destination_data[55]_i_1_n_0
    SLICE_X63Y94         FDCE                                         r  protection_system_i/protection_ip_axi_lite_0/inst/u_adc_sample_cdc_bridge/destination_data_reg[55]/D
  -------------------------------------------------------------------    -------------------

                         max delay                    8.000     8.000    
    SLICE_X63Y94         FDCE (Setup_fdce_C_D)        0.032     8.032    protection_system_i/protection_ip_axi_lite_0/inst/u_adc_sample_cdc_bridge/destination_data_reg[55]
  -------------------------------------------------------------------
                         required time                          8.032    
                         arrival time                          -2.950    
  -------------------------------------------------------------------
                         slack                                  5.082    

Slack (MET) :             5.101ns  (required time - arrival time)
  Source:                 protection_system_i/protection_ip_axi_lite_0/inst/u_adc_sample_cdc_bridge/u_fifo/mem_reg[6][48]/C
                            (rising edge-triggered cell FDRE clocked by clk_fpga_1  {rise@0.000ns fall@4.000ns period=8.000ns})
  Destination:            protection_system_i/protection_ip_axi_lite_0/inst/u_adc_sample_cdc_bridge/destination_data_reg[48]/D
                            (rising edge-triggered cell FDCE clocked by clk_fpga_0  {rise@0.000ns fall@5.000ns period=10.000ns})
  Path Group:             clk_fpga_0
  Path Type:              Setup (Max at Slow Process Corner)
  Requirement:            8.000ns  (MaxDelay Path 8.000ns)
  Data Path Delay:        2.928ns  (logic 1.123ns (38.357%)  route 1.805ns (61.643%))
  Logic Levels:           3  (LUT3=1 LUT6=1 MUXF7=1)
  Timing Exception:       MaxDelay Path 8.000ns -datapath_only

    Location             Delay type                Incr(ns)  Path(ns)    Netlist Resource(s)
  -------------------------------------------------------------------    -------------------
    SLICE_X63Y99                                      0.000     0.000 r  protection_system_i/protection_ip_axi_lite_0/inst/u_adc_sample_cdc_bridge/u_fifo/mem_reg[6][48]/C
    SLICE_X63Y99         FDRE (Prop_fdre_C_Q)         0.456     0.456 r  protection_system_i/protection_ip_axi_lite_0/inst/u_adc_sample_cdc_bridge/u_fifo/mem_reg[6][48]/Q
                         net (fo=1, routed)           1.106     1.562    protection_system_i/protection_ip_axi_lite_0/inst/u_adc_sample_cdc_bridge/u_fifo/mem_reg[6][48]
    SLICE_X63Y100        LUT6 (Prop_lut6_I1_O)        0.124     1.686 r  protection_system_i/protection_ip_axi_lite_0/inst/u_adc_sample_cdc_bridge/u_fifo/rd_data[48]_INST_0_i_2/O
                         net (fo=1, routed)           0.000     1.686    protection_system_i/protection_ip_axi_lite_0/inst/u_adc_sample_cdc_bridge/u_fifo/rd_data[48]_INST_0_i_2_n_0
    SLICE_X63Y100        MUXF7 (Prop_muxf7_I1_O)      0.245     1.931 r  protection_system_i/protection_ip_axi_lite_0/inst/u_adc_sample_cdc_bridge/u_fifo/rd_data[48]_INST_0/O
                         net (fo=1, routed)           0.698     2.630    protection_system_i/protection_ip_axi_lite_0/inst/u_adc_sample_cdc_bridge/u_fifo_n_11
    SLICE_X63Y94         LUT3 (Prop_lut3_I1_O)        0.298     2.928 r  protection_system_i/protection_ip_axi_lite_0/inst/u_adc_sample_cdc_bridge/destination_data[48]_i_1/O
                         net (fo=1, routed)           0.000     2.928    protection_system_i/protection_ip_axi_lite_0/inst/u_adc_sample_cdc_bridge/destination_data[48]_i_1_n_0
    SLICE_X63Y94         FDCE                                         r  protection_system_i/protection_ip_axi_lite_0/inst/u_adc_sample_cdc_bridge/destination_data_reg[48]/D
  -------------------------------------------------------------------    -------------------

                         max delay                    8.000     8.000    
    SLICE_X63Y94         FDCE (Setup_fdce_C_D)        0.029     8.029    protection_system_i/protection_ip_axi_lite_0/inst/u_adc_sample_cdc_bridge/destination_data_reg[48]
  -------------------------------------------------------------------
                         required time                          8.029    
                         arrival time                          -2.928    
  -------------------------------------------------------------------
                         slack                                  5.101    

Slack (MET) :             5.103ns  (required time - arrival time)
  Source:                 protection_system_i/protection_ip_axi_lite_0/inst/u_adc_sample_cdc_bridge/u_fifo/mem_reg[6][32]/C
                            (rising edge-triggered cell FDRE clocked by clk_fpga_1  {rise@0.000ns fall@4.000ns period=8.000ns})
  Destination:            protection_system_i/protection_ip_axi_lite_0/inst/u_adc_sample_cdc_bridge/destination_data_reg[32]/D
                            (rising edge-triggered cell FDCE clocked by clk_fpga_0  {rise@0.000ns fall@5.000ns period=10.000ns})
  Path Group:             clk_fpga_0
  Path Type:              Setup (Max at Slow Process Corner)
  Requirement:            8.000ns  (MaxDelay Path 8.000ns)
  Data Path Delay:        2.926ns  (logic 1.125ns (38.447%)  route 1.801ns (61.553%))
  Logic Levels:           3  (LUT3=1 LUT6=1 MUXF7=1)
  Timing Exception:       MaxDelay Path 8.000ns -datapath_only

    Location             Delay type                Incr(ns)  Path(ns)    Netlist Resource(s)
  -------------------------------------------------------------------    -------------------
    SLICE_X65Y78                                      0.000     0.000 r  protection_system_i/protection_ip_axi_lite_0/inst/u_adc_sample_cdc_bridge/u_fifo/mem_reg[6][32]/C
    SLICE_X65Y78         FDRE (Prop_fdre_C_Q)         0.456     0.456 r  protection_system_i/protection_ip_axi_lite_0/inst/u_adc_sample_cdc_bridge/u_fifo/mem_reg[6][32]/Q
                         net (fo=1, routed)           1.068     1.524    protection_system_i/protection_ip_axi_lite_0/inst/u_adc_sample_cdc_bridge/u_fifo/mem_reg[6][32]
    SLICE_X66Y79         LUT6 (Prop_lut6_I1_O)        0.124     1.648 r  protection_system_i/protection_ip_axi_lite_0/inst/u_adc_sample_cdc_bridge/u_fifo/rd_data[32]_INST_0_i_2/O
                         net (fo=1, routed)           0.000     1.648    protection_system_i/protection_ip_axi_lite_0/inst/u_adc_sample_cdc_bridge/u_fifo/rd_data[32]_INST_0_i_2_n_0
    SLICE_X66Y79         MUXF7 (Prop_muxf7_I1_O)      0.247     1.895 r  protection_system_i/protection_ip_axi_lite_0/inst/u_adc_sample_cdc_bridge/u_fifo/rd_data[32]_INST_0/O
                         net (fo=1, routed)           0.733     2.628    protection_system_i/protection_ip_axi_lite_0/inst/u_adc_sample_cdc_bridge/u_fifo_n_27
    SLICE_X63Y80         LUT3 (Prop_lut3_I1_O)        0.298     2.926 r  protection_system_i/protection_ip_axi_lite_0/inst/u_adc_sample_cdc_bridge/destination_data[32]_i_1/O
                         net (fo=1, routed)           0.000     2.926    protection_system_i/protection_ip_axi_lite_0/inst/u_adc_sample_cdc_bridge/destination_data[32]_i_1_n_0
    SLICE_X63Y80         FDCE                                         r  protection_system_i/protection_ip_axi_lite_0/inst/u_adc_sample_cdc_bridge/destination_data_reg[32]/D
  -------------------------------------------------------------------    -------------------

                         max delay                    8.000     8.000    
    SLICE_X63Y80         FDCE (Setup_fdce_C_D)        0.029     8.029    protection_system_i/protection_ip_axi_lite_0/inst/u_adc_sample_cdc_bridge/destination_data_reg[32]
  -------------------------------------------------------------------
                         required time                          8.029    
                         arrival time                          -2.926    
  -------------------------------------------------------------------
                         slack                                  5.103    

Slack (MET) :             5.144ns  (required time - arrival time)
  Source:                 protection_system_i/protection_ip_axi_lite_0/inst/u_adc_sample_cdc_bridge/u_fifo/mem_reg[6][53]/C
                            (rising edge-triggered cell FDRE clocked by clk_fpga_1  {rise@0.000ns fall@4.000ns period=8.000ns})
  Destination:            protection_system_i/protection_ip_axi_lite_0/inst/u_adc_sample_cdc_bridge/destination_data_reg[53]/D
                            (rising edge-triggered cell FDCE clocked by clk_fpga_0  {rise@0.000ns fall@5.000ns period=10.000ns})
  Path Group:             clk_fpga_0
  Path Type:              Setup (Max at Slow Process Corner)
  Requirement:            8.000ns  (MaxDelay Path 8.000ns)
  Data Path Delay:        2.887ns  (logic 1.096ns (37.968%)  route 1.791ns (62.032%))
  Logic Levels:           3  (LUT3=1 LUT6=1 MUXF7=1)
  Timing Exception:       MaxDelay Path 8.000ns -datapath_only

    Location             Delay type                Incr(ns)  Path(ns)    Netlist Resource(s)
  -------------------------------------------------------------------    -------------------
    SLICE_X65Y101                                     0.000     0.000 r  protection_system_i/protection_ip_axi_lite_0/inst/u_adc_sample_cdc_bridge/u_fifo/mem_reg[6][53]/C
    SLICE_X65Y101        FDRE (Prop_fdre_C_Q)         0.456     0.456 r  protection_system_i/protection_ip_axi_lite_0/inst/u_adc_sample_cdc_bridge/u_fifo/mem_reg[6][53]/Q
                         net (fo=1, routed)           0.583     1.039    protection_system_i/protection_ip_axi_lite_0/inst/u_adc_sample_cdc_bridge/u_fifo/mem_reg[6][53]
    SLICE_X63Y101        LUT6 (Prop_lut6_I1_O)        0.124     1.163 r  protection_system_i/protection_ip_axi_lite_0/inst/u_adc_sample_cdc_bridge/u_fifo/rd_data[53]_INST_0_i_2/O
                         net (fo=1, routed)           0.000     1.163    protection_system_i/protection_ip_axi_lite_0/inst/u_adc_sample_cdc_bridge/u_fifo/rd_data[53]_INST_0_i_2_n_0
    SLICE_X63Y101        MUXF7 (Prop_muxf7_I1_O)      0.217     1.380 r  protection_system_i/protection_ip_axi_lite_0/inst/u_adc_sample_cdc_bridge/u_fifo/rd_data[53]_INST_0/O
                         net (fo=1, routed)           1.208     2.588    protection_system_i/protection_ip_axi_lite_0/inst/u_adc_sample_cdc_bridge/u_fifo_n_6
    SLICE_X63Y94         LUT3 (Prop_lut3_I1_O)        0.299     2.887 r  protection_system_i/protection_ip_axi_lite_0/inst/u_adc_sample_cdc_bridge/destination_data[53]_i_1/O
                         net (fo=1, routed)           0.000     2.887    protection_system_i/protection_ip_axi_lite_0/inst/u_adc_sample_cdc_bridge/destination_data[53]_i_1_n_0
    SLICE_X63Y94         FDCE                                         r  protection_system_i/protection_ip_axi_lite_0/inst/u_adc_sample_cdc_bridge/destination_data_reg[53]/D
  -------------------------------------------------------------------    -------------------

                         max delay                    8.000     8.000    
    SLICE_X63Y94         FDCE (Setup_fdce_C_D)        0.031     8.031    protection_system_i/protection_ip_axi_lite_0/inst/u_adc_sample_cdc_bridge/destination_data_reg[53]
  -------------------------------------------------------------------
                         required time                          8.031    
                         arrival time                          -2.887    
  -------------------------------------------------------------------
                         slack                                  5.144    

Slack (MET) :             5.146ns  (required time - arrival time)
  Source:                 protection_system_i/protection_ip_axi_lite_0/inst/u_adc_sample_cdc_bridge/u_fifo/mem_reg[6][10]/C
                            (rising edge-triggered cell FDRE clocked by clk_fpga_1  {rise@0.000ns fall@4.000ns period=8.000ns})
  Destination:            protection_system_i/protection_ip_axi_lite_0/inst/u_adc_sample_cdc_bridge/destination_data_reg[10]/D
                            (rising edge-triggered cell FDCE clocked by clk_fpga_0  {rise@0.000ns fall@5.000ns period=10.000ns})
  Path Group:             clk_fpga_0
  Path Type:              Setup (Max at Slow Process Corner)
  Requirement:            8.000ns  (MaxDelay Path 8.000ns)
  Data Path Delay:        2.883ns  (logic 1.096ns (38.015%)  route 1.787ns (61.985%))
  Logic Levels:           3  (LUT3=1 LUT6=1 MUXF7=1)
  Timing Exception:       MaxDelay Path 8.000ns -datapath_only

    Location             Delay type                Incr(ns)  Path(ns)    Netlist Resource(s)
  -------------------------------------------------------------------    -------------------
    SLICE_X60Y74                                      0.000     0.000 r  protection_system_i/protection_ip_axi_lite_0/inst/u_adc_sample_cdc_bridge/u_fifo/mem_reg[6][10]/C
    SLICE_X60Y74         FDRE (Prop_fdre_C_Q)         0.456     0.456 r  protection_system_i/protection_ip_axi_lite_0/inst/u_adc_sample_cdc_bridge/u_fifo/mem_reg[6][10]/Q
                         net (fo=1, routed)           0.658     1.114    protection_system_i/protection_ip_axi_lite_0/inst/u_adc_sample_cdc_bridge/u_fifo/mem_reg[6][10]
    SLICE_X60Y74         LUT6 (Prop_lut6_I1_O)        0.124     1.238 r  protection_system_i/protection_ip_axi_lite_0/inst/u_adc_sample_cdc_bridge/u_fifo/rd_data[10]_INST_0_i_2/O
                         net (fo=1, routed)           0.000     1.238    protection_system_i/protection_ip_axi_lite_0/inst/u_adc_sample_cdc_bridge/u_fifo/rd_data[10]_INST_0_i_2_n_0
    SLICE_X60Y74         MUXF7 (Prop_muxf7_I1_O)      0.217     1.455 r  protection_system_i/protection_ip_axi_lite_0/inst/u_adc_sample_cdc_bridge/u_fifo/rd_data[10]_INST_0/O
                         net (fo=1, routed)           1.129     2.584    protection_system_i/protection_ip_axi_lite_0/inst/u_adc_sample_cdc_bridge/u_fifo_n_49
    SLICE_X57Y78         LUT3 (Prop_lut3_I1_O)        0.299     2.883 r  protection_system_i/protection_ip_axi_lite_0/inst/u_adc_sample_cdc_bridge/destination_data[10]_i_1/O
                         net (fo=1, routed)           0.000     2.883    protection_system_i/protection_ip_axi_lite_0/inst/u_adc_sample_cdc_bridge/destination_data[10]_i_1_n_0
    SLICE_X57Y78         FDCE                                         r  protection_system_i/protection_ip_axi_lite_0/inst/u_adc_sample_cdc_bridge/destination_data_reg[10]/D
  -------------------------------------------------------------------    -------------------

                         max delay                    8.000     8.000    
    SLICE_X57Y78         FDCE (Setup_fdce_C_D)        0.029     8.029    protection_system_i/protection_ip_axi_lite_0/inst/u_adc_sample_cdc_bridge/destination_data_reg[10]
  -------------------------------------------------------------------
                         required time                          8.029    
                         arrival time                          -2.883    
  -------------------------------------------------------------------
                         slack                                  5.146    

Slack (MET) :             5.149ns  (required time - arrival time)
  Source:                 protection_system_i/protection_ip_axi_lite_0/inst/u_adc_sample_cdc_bridge/u_fifo/mem_reg[6][19]/C
                            (rising edge-triggered cell FDRE clocked by clk_fpga_1  {rise@0.000ns fall@4.000ns period=8.000ns})
  Destination:            protection_system_i/protection_ip_axi_lite_0/inst/u_adc_sample_cdc_bridge/destination_data_reg[19]/D
                            (rising edge-triggered cell FDCE clocked by clk_fpga_0  {rise@0.000ns fall@5.000ns period=10.000ns})
  Path Group:             clk_fpga_0
  Path Type:              Setup (Max at Slow Process Corner)
  Requirement:            8.000ns  (MaxDelay Path 8.000ns)
  Data Path Delay:        2.882ns  (logic 1.187ns (41.189%)  route 1.695ns (58.811%))
  Logic Levels:           3  (LUT3=1 LUT6=1 MUXF7=1)
  Timing Exception:       MaxDelay Path 8.000ns -datapath_only

    Location             Delay type                Incr(ns)  Path(ns)    Netlist Resource(s)
  -------------------------------------------------------------------    -------------------
    SLICE_X54Y74                                      0.000     0.000 r  protection_system_i/protection_ip_axi_lite_0/inst/u_adc_sample_cdc_bridge/u_fifo/mem_reg[6][19]/C
    SLICE_X54Y74         FDRE (Prop_fdre_C_Q)         0.518     0.518 r  protection_system_i/protection_ip_axi_lite_0/inst/u_adc_sample_cdc_bridge/u_fifo/mem_reg[6][19]/Q
                         net (fo=1, routed)           0.590     1.108    protection_system_i/protection_ip_axi_lite_0/inst/u_adc_sample_cdc_bridge/u_fifo/mem_reg[6][19]
    SLICE_X54Y73         LUT6 (Prop_lut6_I1_O)        0.124     1.232 r  protection_system_i/protection_ip_axi_lite_0/inst/u_adc_sample_cdc_bridge/u_fifo/rd_data[19]_INST_0_i_2/O
                         net (fo=1, routed)           0.000     1.232    protection_system_i/protection_ip_axi_lite_0/inst/u_adc_sample_cdc_bridge/u_fifo/rd_data[19]_INST_0_i_2_n_0
    SLICE_X54Y73         MUXF7 (Prop_muxf7_I1_O)      0.247     1.479 r  protection_system_i/protection_ip_axi_lite_0/inst/u_adc_sample_cdc_bridge/u_fifo/rd_data[19]_INST_0/O
                         net (fo=1, routed)           1.105     2.584    protection_system_i/protection_ip_axi_lite_0/inst/u_adc_sample_cdc_bridge/u_fifo_n_40
    SLICE_X48Y78         LUT3 (Prop_lut3_I1_O)        0.298     2.882 r  protection_system_i/protection_ip_axi_lite_0/inst/u_adc_sample_cdc_bridge/destination_data[19]_i_1/O
                         net (fo=1, routed)           0.000     2.882    protection_system_i/protection_ip_axi_lite_0/inst/u_adc_sample_cdc_bridge/destination_data[19]_i_1_n_0
    SLICE_X48Y78         FDCE                                         r  protection_system_i/protection_ip_axi_lite_0/inst/u_adc_sample_cdc_bridge/destination_data_reg[19]/D
  -------------------------------------------------------------------    -------------------

                         max delay                    8.000     8.000    
    SLICE_X48Y78         FDCE (Setup_fdce_C_D)        0.031     8.031    protection_system_i/protection_ip_axi_lite_0/inst/u_adc_sample_cdc_bridge/destination_data_reg[19]
  -------------------------------------------------------------------
                         required time                          8.031    
                         arrival time                          -2.882    
  -------------------------------------------------------------------
                         slack                                  5.149    

Slack (MET) :             5.160ns  (required time - arrival time)
  Source:                 protection_system_i/protection_ip_axi_lite_0/inst/u_adc_sample_cdc_bridge/u_fifo/mem_reg[6][29]/C
                            (rising edge-triggered cell FDRE clocked by clk_fpga_1  {rise@0.000ns fall@4.000ns period=8.000ns})
  Destination:            protection_system_i/protection_ip_axi_lite_0/inst/u_adc_sample_cdc_bridge/destination_data_reg[29]/D
                            (rising edge-triggered cell FDCE clocked by clk_fpga_0  {rise@0.000ns fall@5.000ns period=10.000ns})
  Path Group:             clk_fpga_0
  Path Type:              Setup (Max at Slow Process Corner)
  Requirement:            8.000ns  (MaxDelay Path 8.000ns)
  Data Path Delay:        2.869ns  (logic 1.153ns (40.189%)  route 1.716ns (59.811%))
  Logic Levels:           3  (LUT3=1 LUT6=1 MUXF7=1)
  Timing Exception:       MaxDelay Path 8.000ns -datapath_only

    Location             Delay type                Incr(ns)  Path(ns)    Netlist Resource(s)
  -------------------------------------------------------------------    -------------------
    SLICE_X62Y77                                      0.000     0.000 r  protection_system_i/protection_ip_axi_lite_0/inst/u_adc_sample_cdc_bridge/u_fifo/mem_reg[6][29]/C
    SLICE_X62Y77         FDRE (Prop_fdre_C_Q)         0.518     0.518 r  protection_system_i/protection_ip_axi_lite_0/inst/u_adc_sample_cdc_bridge/u_fifo/mem_reg[6][29]/Q
                         net (fo=1, routed)           0.850     1.368    protection_system_i/protection_ip_axi_lite_0/inst/u_adc_sample_cdc_bridge/u_fifo/mem_reg[6][29]
    SLICE_X62Y77         LUT6 (Prop_lut6_I1_O)        0.124     1.492 r  protection_system_i/protection_ip_axi_lite_0/inst/u_adc_sample_cdc_bridge/u_fifo/rd_data[29]_INST_0_i_2/O
                         net (fo=1, routed)           0.000     1.492    protection_system_i/protection_ip_axi_lite_0/inst/u_adc_sample_cdc_bridge/u_fifo/rd_data[29]_INST_0_i_2_n_0
    SLICE_X62Y77         MUXF7 (Prop_muxf7_I1_O)      0.214     1.706 r  protection_system_i/protection_ip_axi_lite_0/inst/u_adc_sample_cdc_bridge/u_fifo/rd_data[29]_INST_0/O
                         net (fo=1, routed)           0.866     2.572    protection_system_i/protection_ip_axi_lite_0/inst/u_adc_sample_cdc_bridge/u_fifo_n_30
    SLICE_X61Y80         LUT3 (Prop_lut3_I1_O)        0.297     2.869 r  protection_system_i/protection_ip_axi_lite_0/inst/u_adc_sample_cdc_bridge/destination_data[29]_i_1/O
                         net (fo=1, routed)           0.000     2.869    protection_system_i/protection_ip_axi_lite_0/inst/u_adc_sample_cdc_bridge/destination_data[29]_i_1_n_0
    SLICE_X61Y80         FDCE                                         r  protection_system_i/protection_ip_axi_lite_0/inst/u_adc_sample_cdc_bridge/destination_data_reg[29]/D
  -------------------------------------------------------------------    -------------------

                         max delay                    8.000     8.000    
    SLICE_X61Y80         FDCE (Setup_fdce_C_D)        0.029     8.029    protection_system_i/protection_ip_axi_lite_0/inst/u_adc_sample_cdc_bridge/destination_data_reg[29]
  -------------------------------------------------------------------
                         required time                          8.029    
                         arrival time                          -2.869    
  -------------------------------------------------------------------
                         slack                                  5.160    

Slack (MET) :             5.168ns  (required time - arrival time)
  Source:                 protection_system_i/protection_ip_axi_lite_0/inst/u_adc_sample_cdc_bridge/u_fifo/mem_reg[6][43]/C
                            (rising edge-triggered cell FDRE clocked by clk_fpga_1  {rise@0.000ns fall@4.000ns period=8.000ns})
  Destination:            protection_system_i/protection_ip_axi_lite_0/inst/u_adc_sample_cdc_bridge/destination_data_reg[43]/D
                            (rising edge-triggered cell FDCE clocked by clk_fpga_0  {rise@0.000ns fall@5.000ns period=10.000ns})
  Path Group:             clk_fpga_0
  Path Type:              Setup (Max at Slow Process Corner)
  Requirement:            8.000ns  (MaxDelay Path 8.000ns)
  Data Path Delay:        2.909ns  (logic 1.091ns (37.505%)  route 1.818ns (62.495%))
  Logic Levels:           3  (LUT3=1 LUT6=1 MUXF7=1)
  Timing Exception:       MaxDelay Path 8.000ns -datapath_only

    Location             Delay type                Incr(ns)  Path(ns)    Netlist Resource(s)
  -------------------------------------------------------------------    -------------------
    SLICE_X65Y97                                      0.000     0.000 r  protection_system_i/protection_ip_axi_lite_0/inst/u_adc_sample_cdc_bridge/u_fifo/mem_reg[6][43]/C
    SLICE_X65Y97         FDRE (Prop_fdre_C_Q)         0.456     0.456 r  protection_system_i/protection_ip_axi_lite_0/inst/u_adc_sample_cdc_bridge/u_fifo/mem_reg[6][43]/Q
                         net (fo=1, routed)           0.843     1.299    protection_system_i/protection_ip_axi_lite_0/inst/u_adc_sample_cdc_bridge/u_fifo/mem_reg[6][43]
    SLICE_X62Y97         LUT6 (Prop_lut6_I1_O)        0.124     1.423 r  protection_system_i/protection_ip_axi_lite_0/inst/u_adc_sample_cdc_bridge/u_fifo/rd_data[43]_INST_0_i_2/O
                         net (fo=1, routed)           0.000     1.423    protection_system_i/protection_ip_axi_lite_0/inst/u_adc_sample_cdc_bridge/u_fifo/rd_data[43]_INST_0_i_2_n_0
    SLICE_X62Y97         MUXF7 (Prop_muxf7_I1_O)      0.214     1.637 r  protection_system_i/protection_ip_axi_lite_0/inst/u_adc_sample_cdc_bridge/u_fifo/rd_data[43]_INST_0/O
                         net (fo=1, routed)           0.975     2.612    protection_system_i/protection_ip_axi_lite_0/inst/u_adc_sample_cdc_bridge/u_fifo_n_16
    SLICE_X62Y94         LUT3 (Prop_lut3_I1_O)        0.297     2.909 r  protection_system_i/protection_ip_axi_lite_0/inst/u_adc_sample_cdc_bridge/destination_data[43]_i_1/O
                         net (fo=1, routed)           0.000     2.909    protection_system_i/protection_ip_axi_lite_0/inst/u_adc_sample_cdc_bridge/destination_data[43]_i_1_n_0
    SLICE_X62Y94         FDCE                                         r  protection_system_i/protection_ip_axi_lite_0/inst/u_adc_sample_cdc_bridge/destination_data_reg[43]/D
  -------------------------------------------------------------------    -------------------

                         max delay                    8.000     8.000    
    SLICE_X62Y94         FDCE (Setup_fdce_C_D)        0.077     8.077    protection_system_i/protection_ip_axi_lite_0/inst/u_adc_sample_cdc_bridge/destination_data_reg[43]
  -------------------------------------------------------------------
                         required time                          8.077    
                         arrival time                          -2.909    
  -------------------------------------------------------------------
                         slack                                  5.168    

Slack (MET) :             5.241ns  (required time - arrival time)
  Source:                 protection_system_i/protection_ip_axi_lite_0/inst/u_adc_sample_cdc_bridge/u_fifo/mem_reg[6][7]/C
                            (rising edge-triggered cell FDRE clocked by clk_fpga_1  {rise@0.000ns fall@4.000ns period=8.000ns})
  Destination:            protection_system_i/protection_ip_axi_lite_0/inst/u_adc_sample_cdc_bridge/destination_data_reg[7]/D
                            (rising edge-triggered cell FDCE clocked by clk_fpga_0  {rise@0.000ns fall@5.000ns period=10.000ns})
  Path Group:             clk_fpga_0
  Path Type:              Setup (Max at Slow Process Corner)
  Requirement:            8.000ns  (MaxDelay Path 8.000ns)
  Data Path Delay:        2.790ns  (logic 1.295ns (46.412%)  route 1.495ns (53.588%))
  Logic Levels:           3  (LUT3=1 LUT6=1 MUXF7=1)
  Timing Exception:       MaxDelay Path 8.000ns -datapath_only

    Location             Delay type                Incr(ns)  Path(ns)    Netlist Resource(s)
  -------------------------------------------------------------------    -------------------
    SLICE_X54Y74                                      0.000     0.000 r  protection_system_i/protection_ip_axi_lite_0/inst/u_adc_sample_cdc_bridge/u_fifo/mem_reg[6][7]/C
    SLICE_X54Y74         FDRE (Prop_fdre_C_Q)         0.478     0.478 r  protection_system_i/protection_ip_axi_lite_0/inst/u_adc_sample_cdc_bridge/u_fifo/mem_reg[6][7]/Q
                         net (fo=1, routed)           0.829     1.307    protection_system_i/protection_ip_axi_lite_0/inst/u_adc_sample_cdc_bridge/u_fifo/mem_reg[6][7]
    SLICE_X55Y75         LUT6 (Prop_lut6_I1_O)        0.301     1.608 r  protection_system_i/protection_ip_axi_lite_0/inst/u_adc_sample_cdc_bridge/u_fifo/rd_data[7]_INST_0_i_2/O
                         net (fo=1, routed)           0.000     1.608    protection_system_i/protection_ip_axi_lite_0/inst/u_adc_sample_cdc_bridge/u_fifo/rd_data[7]_INST_0_i_2_n_0
    SLICE_X55Y75         MUXF7 (Prop_muxf7_I1_O)      0.217     1.825 r  protection_system_i/protection_ip_axi_lite_0/inst/u_adc_sample_cdc_bridge/u_fifo/rd_data[7]_INST_0/O
                         net (fo=1, routed)           0.667     2.491    protection_system_i/protection_ip_axi_lite_0/inst/u_adc_sample_cdc_bridge/u_fifo_n_52
    SLICE_X55Y81         LUT3 (Prop_lut3_I1_O)        0.299     2.790 r  protection_system_i/protection_ip_axi_lite_0/inst/u_adc_sample_cdc_bridge/destination_data[7]_i_1/O
                         net (fo=1, routed)           0.000     2.790    protection_system_i/protection_ip_axi_lite_0/inst/u_adc_sample_cdc_bridge/destination_data[7]_i_1_n_0
    SLICE_X55Y81         FDCE                                         r  protection_system_i/protection_ip_axi_lite_0/inst/u_adc_sample_cdc_bridge/destination_data_reg[7]/D
  -------------------------------------------------------------------    -------------------

                         max delay                    8.000     8.000    
    SLICE_X55Y81         FDCE (Setup_fdce_C_D)        0.031     8.031    protection_system_i/protection_ip_axi_lite_0/inst/u_adc_sample_cdc_bridge/destination_data_reg[7]
  -------------------------------------------------------------------
                         required time                          8.031    
                         arrival time                          -2.790    
  -------------------------------------------------------------------
                         slack                                  5.241    

Slack (MET) :             5.313ns  (required time - arrival time)
  Source:                 protection_system_i/protection_ip_axi_lite_0/inst/u_adc_sample_cdc_bridge/u_fifo/mem_reg[6][4]/C
                            (rising edge-triggered cell FDRE clocked by clk_fpga_1  {rise@0.000ns fall@4.000ns period=8.000ns})
  Destination:            protection_system_i/protection_ip_axi_lite_0/inst/u_adc_sample_cdc_bridge/destination_data_reg[4]/D
                            (rising edge-triggered cell FDCE clocked by clk_fpga_0  {rise@0.000ns fall@5.000ns period=10.000ns})
  Path Group:             clk_fpga_0
  Path Type:              Setup (Max at Slow Process Corner)
  Requirement:            8.000ns  (MaxDelay Path 8.000ns)
  Data Path Delay:        2.718ns  (logic 1.232ns (45.319%)  route 1.486ns (54.681%))
  Logic Levels:           3  (LUT3=1 LUT6=1 MUXF7=1)
  Timing Exception:       MaxDelay Path 8.000ns -datapath_only

    Location             Delay type                Incr(ns)  Path(ns)    Netlist Resource(s)
  -------------------------------------------------------------------    -------------------
    SLICE_X51Y74                                      0.000     0.000 r  protection_system_i/protection_ip_axi_lite_0/inst/u_adc_sample_cdc_bridge/u_fifo/mem_reg[6][4]/C
    SLICE_X51Y74         FDRE (Prop_fdre_C_Q)         0.419     0.419 r  protection_system_i/protection_ip_axi_lite_0/inst/u_adc_sample_cdc_bridge/u_fifo/mem_reg[6][4]/Q
                         net (fo=1, routed)           0.264     0.683    protection_system_i/protection_ip_axi_lite_0/inst/u_adc_sample_cdc_bridge/u_fifo/mem_reg[6][4]
    SLICE_X51Y74         LUT6 (Prop_lut6_I1_O)        0.297     0.980 r  protection_system_i/protection_ip_axi_lite_0/inst/u_adc_sample_cdc_bridge/u_fifo/rd_data[4]_INST_0_i_2/O
                         net (fo=1, routed)           0.000     0.980    protection_system_i/protection_ip_axi_lite_0/inst/u_adc_sample_cdc_bridge/u_fifo/rd_data[4]_INST_0_i_2_n_0
    SLICE_X51Y74         MUXF7 (Prop_muxf7_I1_O)      0.217     1.197 r  protection_system_i/protection_ip_axi_lite_0/inst/u_adc_sample_cdc_bridge/u_fifo/rd_data[4]_INST_0/O
                         net (fo=1, routed)           1.222     2.419    protection_system_i/protection_ip_axi_lite_0/inst/u_adc_sample_cdc_bridge/u_fifo_n_55
    SLICE_X53Y78         LUT3 (Prop_lut3_I1_O)        0.299     2.718 r  protection_system_i/protection_ip_axi_lite_0/inst/u_adc_sample_cdc_bridge/destination_data[4]_i_1/O
                         net (fo=1, routed)           0.000     2.718    protection_system_i/protection_ip_axi_lite_0/inst/u_adc_sample_cdc_bridge/destination_data[4]_i_1_n_0
    SLICE_X53Y78         FDCE                                         r  protection_system_i/protection_ip_axi_lite_0/inst/u_adc_sample_cdc_bridge/destination_data_reg[4]/D
  -------------------------------------------------------------------    -------------------

                         max delay                    8.000     8.000    
    SLICE_X53Y78         FDCE (Setup_fdce_C_D)        0.031     8.031    protection_system_i/protection_ip_axi_lite_0/inst/u_adc_sample_cdc_bridge/destination_data_reg[4]
  -------------------------------------------------------------------
                         required time                          8.031    
                         arrival time                          -2.718    
  -------------------------------------------------------------------
                         slack                                  5.313    

Slack (MET) :             5.336ns  (required time - arrival time)
  Source:                 protection_system_i/protection_ip_axi_lite_0/inst/u_adc_sample_cdc_bridge/u_fifo/mem_reg[6][8]/C
                            (rising edge-triggered cell FDRE clocked by clk_fpga_1  {rise@0.000ns fall@4.000ns period=8.000ns})
  Destination:            protection_system_i/protection_ip_axi_lite_0/inst/u_adc_sample_cdc_bridge/destination_data_reg[8]/D
                            (rising edge-triggered cell FDCE clocked by clk_fpga_0  {rise@0.000ns fall@5.000ns period=10.000ns})
  Path Group:             clk_fpga_0
  Path Type:              Setup (Max at Slow Process Corner)
  Requirement:            8.000ns  (MaxDelay Path 8.000ns)
  Data Path Delay:        2.695ns  (logic 1.317ns (48.876%)  route 1.378ns (51.124%))
  Logic Levels:           3  (LUT3=1 LUT6=1 MUXF7=1)
  Timing Exception:       MaxDelay Path 8.000ns -datapath_only

    Location             Delay type                Incr(ns)  Path(ns)    Netlist Resource(s)
  -------------------------------------------------------------------    -------------------
    SLICE_X62Y77                                      0.000     0.000 r  protection_system_i/protection_ip_axi_lite_0/inst/u_adc_sample_cdc_bridge/u_fifo/mem_reg[6][8]/C
    SLICE_X62Y77         FDRE (Prop_fdre_C_Q)         0.478     0.478 r  protection_system_i/protection_ip_axi_lite_0/inst/u_adc_sample_cdc_bridge/u_fifo/mem_reg[6][8]/Q
                         net (fo=1, routed)           0.408     0.886    protection_system_i/protection_ip_axi_lite_0/inst/u_adc_sample_cdc_bridge/u_fifo/mem_reg[6][8]
    SLICE_X63Y77         LUT6 (Prop_lut6_I1_O)        0.296     1.182 r  protection_system_i/protection_ip_axi_lite_0/inst/u_adc_sample_cdc_bridge/u_fifo/rd_data[8]_INST_0_i_2/O
                         net (fo=1, routed)           0.000     1.182    protection_system_i/protection_ip_axi_lite_0/inst/u_adc_sample_cdc_bridge/u_fifo/rd_data[8]_INST_0_i_2_n_0
    SLICE_X63Y77         MUXF7 (Prop_muxf7_I1_O)      0.245     1.427 r  protection_system_i/protection_ip_axi_lite_0/inst/u_adc_sample_cdc_bridge/u_fifo/rd_data[8]_INST_0/O
                         net (fo=1, routed)           0.970     2.397    protection_system_i/protection_ip_axi_lite_0/inst/u_adc_sample_cdc_bridge/u_fifo_n_51
    SLICE_X57Y78         LUT3 (Prop_lut3_I1_O)        0.298     2.695 r  protection_system_i/protection_ip_axi_lite_0/inst/u_adc_sample_cdc_bridge/destination_data[8]_i_1/O
                         net (fo=1, routed)           0.000     2.695    protection_system_i/protection_ip_axi_lite_0/inst/u_adc_sample_cdc_bridge/destination_data[8]_i_1_n_0
    SLICE_X57Y78         FDCE                                         r  protection_system_i/protection_ip_axi_lite_0/inst/u_adc_sample_cdc_bridge/destination_data_reg[8]/D
  -------------------------------------------------------------------    -------------------

                         max delay                    8.000     8.000    
    SLICE_X57Y78         FDCE (Setup_fdce_C_D)        0.031     8.031    protection_system_i/protection_ip_axi_lite_0/inst/u_adc_sample_cdc_bridge/destination_data_reg[8]
  -------------------------------------------------------------------
                         required time                          8.031    
                         arrival time                          -2.695    
  -------------------------------------------------------------------
                         slack                                  5.336    

Slack (MET) :             5.349ns  (required time - arrival time)
  Source:                 protection_system_i/protection_ip_axi_lite_0/inst/u_adc_sample_cdc_bridge/u_fifo/mem_reg[6][11]/C
                            (rising edge-triggered cell FDRE clocked by clk_fpga_1  {rise@0.000ns fall@4.000ns period=8.000ns})
  Destination:            protection_system_i/protection_ip_axi_lite_0/inst/u_adc_sample_cdc_bridge/destination_data_reg[11]/D
                            (rising edge-triggered cell FDCE clocked by clk_fpga_0  {rise@0.000ns fall@5.000ns period=10.000ns})
  Path Group:             clk_fpga_0
  Path Type:              Setup (Max at Slow Process Corner)
  Requirement:            8.000ns  (MaxDelay Path 8.000ns)
  Data Path Delay:        2.680ns  (logic 1.158ns (43.201%)  route 1.522ns (56.799%))
  Logic Levels:           3  (LUT3=1 LUT6=1 MUXF7=1)
  Timing Exception:       MaxDelay Path 8.000ns -datapath_only

    Location             Delay type                Incr(ns)  Path(ns)    Netlist Resource(s)
  -------------------------------------------------------------------    -------------------
    SLICE_X54Y74                                      0.000     0.000 r  protection_system_i/protection_ip_axi_lite_0/inst/u_adc_sample_cdc_bridge/u_fifo/mem_reg[6][11]/C
    SLICE_X54Y74         FDRE (Prop_fdre_C_Q)         0.518     0.518 r  protection_system_i/protection_ip_axi_lite_0/inst/u_adc_sample_cdc_bridge/u_fifo/mem_reg[6][11]/Q
                         net (fo=1, routed)           0.502     1.020    protection_system_i/protection_ip_axi_lite_0/inst/u_adc_sample_cdc_bridge/u_fifo/mem_reg[6][11]
    SLICE_X56Y75         LUT6 (Prop_lut6_I1_O)        0.124     1.144 r  protection_system_i/protection_ip_axi_lite_0/inst/u_adc_sample_cdc_bridge/u_fifo/rd_data[11]_INST_0_i_2/O
                         net (fo=1, routed)           0.000     1.144    protection_system_i/protection_ip_axi_lite_0/inst/u_adc_sample_cdc_bridge/u_fifo/rd_data[11]_INST_0_i_2_n_0
    SLICE_X56Y75         MUXF7 (Prop_muxf7_I1_O)      0.217     1.361 r  protection_system_i/protection_ip_axi_lite_0/inst/u_adc_sample_cdc_bridge/u_fifo/rd_data[11]_INST_0/O
                         net (fo=1, routed)           1.021     2.381    protection_system_i/protection_ip_axi_lite_0/inst/u_adc_sample_cdc_bridge/u_fifo_n_48
    SLICE_X55Y81         LUT3 (Prop_lut3_I1_O)        0.299     2.680 r  protection_system_i/protection_ip_axi_lite_0/inst/u_adc_sample_cdc_bridge/destination_data[11]_i_1/O
                         net (fo=1, routed)           0.000     2.680    protection_system_i/protection_ip_axi_lite_0/inst/u_adc_sample_cdc_bridge/destination_data[11]_i_1_n_0
    SLICE_X55Y81         FDCE                                         r  protection_system_i/protection_ip_axi_lite_0/inst/u_adc_sample_cdc_bridge/destination_data_reg[11]/D
  -------------------------------------------------------------------    -------------------

                         max delay                    8.000     8.000    
    SLICE_X55Y81         FDCE (Setup_fdce_C_D)        0.029     8.029    protection_system_i/protection_ip_axi_lite_0/inst/u_adc_sample_cdc_bridge/destination_data_reg[11]
  -------------------------------------------------------------------
                         required time                          8.029    
                         arrival time                          -2.680    
  -------------------------------------------------------------------
                         slack                                  5.349    

Slack (MET) :             5.352ns  (required time - arrival time)
  Source:                 protection_system_i/protection_ip_axi_lite_0/inst/u_adc_sample_cdc_bridge/u_fifo/mem_reg[6][17]/C
                            (rising edge-triggered cell FDRE clocked by clk_fpga_1  {rise@0.000ns fall@4.000ns period=8.000ns})
  Destination:            protection_system_i/protection_ip_axi_lite_0/inst/u_adc_sample_cdc_bridge/destination_data_reg[17]/D
                            (rising edge-triggered cell FDCE clocked by clk_fpga_0  {rise@0.000ns fall@5.000ns period=10.000ns})
  Path Group:             clk_fpga_0
  Path Type:              Setup (Max at Slow Process Corner)
  Requirement:            8.000ns  (MaxDelay Path 8.000ns)
  Data Path Delay:        2.679ns  (logic 1.096ns (40.905%)  route 1.583ns (59.095%))
  Logic Levels:           3  (LUT3=1 LUT6=1 MUXF7=1)
  Timing Exception:       MaxDelay Path 8.000ns -datapath_only

    Location             Delay type                Incr(ns)  Path(ns)    Netlist Resource(s)
  -------------------------------------------------------------------    -------------------
    SLICE_X51Y75                                      0.000     0.000 r  protection_system_i/protection_ip_axi_lite_0/inst/u_adc_sample_cdc_bridge/u_fifo/mem_reg[6][17]/C
    SLICE_X51Y75         FDRE (Prop_fdre_C_Q)         0.456     0.456 r  protection_system_i/protection_ip_axi_lite_0/inst/u_adc_sample_cdc_bridge/u_fifo/mem_reg[6][17]/Q
                         net (fo=1, routed)           0.701     1.157    protection_system_i/protection_ip_axi_lite_0/inst/u_adc_sample_cdc_bridge/u_fifo/mem_reg[6][17]
    SLICE_X51Y75         LUT6 (Prop_lut6_I1_O)        0.124     1.281 r  protection_system_i/protection_ip_axi_lite_0/inst/u_adc_sample_cdc_bridge/u_fifo/rd_data[17]_INST_0_i_2/O
                         net (fo=1, routed)           0.000     1.281    protection_system_i/protection_ip_axi_lite_0/inst/u_adc_sample_cdc_bridge/u_fifo/rd_data[17]_INST_0_i_2_n_0
    SLICE_X51Y75         MUXF7 (Prop_muxf7_I1_O)      0.217     1.498 r  protection_system_i/protection_ip_axi_lite_0/inst/u_adc_sample_cdc_bridge/u_fifo/rd_data[17]_INST_0/O
                         net (fo=1, routed)           0.883     2.380    protection_system_i/protection_ip_axi_lite_0/inst/u_adc_sample_cdc_bridge/u_fifo_n_42
    SLICE_X48Y79         LUT3 (Prop_lut3_I1_O)        0.299     2.679 r  protection_system_i/protection_ip_axi_lite_0/inst/u_adc_sample_cdc_bridge/destination_data[17]_i_1/O
                         net (fo=1, routed)           0.000     2.679    protection_system_i/protection_ip_axi_lite_0/inst/u_adc_sample_cdc_bridge/destination_data[17]_i_1_n_0
    SLICE_X48Y79         FDCE                                         r  protection_system_i/protection_ip_axi_lite_0/inst/u_adc_sample_cdc_bridge/destination_data_reg[17]/D
  -------------------------------------------------------------------    -------------------

                         max delay                    8.000     8.000    
    SLICE_X48Y79         FDCE (Setup_fdce_C_D)        0.031     8.031    protection_system_i/protection_ip_axi_lite_0/inst/u_adc_sample_cdc_bridge/destination_data_reg[17]
  -------------------------------------------------------------------
                         required time                          8.031    
                         arrival time                          -2.679    
  -------------------------------------------------------------------
                         slack                                  5.352    

Slack (MET) :             5.360ns  (required time - arrival time)
  Source:                 protection_system_i/protection_ip_axi_lite_0/inst/u_adc_sample_cdc_bridge/u_fifo/mem_reg[6][49]/C
                            (rising edge-triggered cell FDRE clocked by clk_fpga_1  {rise@0.000ns fall@4.000ns period=8.000ns})
  Destination:            protection_system_i/protection_ip_axi_lite_0/inst/u_adc_sample_cdc_bridge/destination_data_reg[49]/D
                            (rising edge-triggered cell FDCE clocked by clk_fpga_0  {rise@0.000ns fall@5.000ns period=10.000ns})
  Path Group:             clk_fpga_0
  Path Type:              Setup (Max at Slow Process Corner)
  Requirement:            8.000ns  (MaxDelay Path 8.000ns)
  Data Path Delay:        2.719ns  (logic 1.096ns (40.305%)  route 1.623ns (59.695%))
  Logic Levels:           3  (LUT3=1 LUT6=1 MUXF7=1)
  Timing Exception:       MaxDelay Path 8.000ns -datapath_only

    Location             Delay type                Incr(ns)  Path(ns)    Netlist Resource(s)
  -------------------------------------------------------------------    -------------------
    SLICE_X65Y97                                      0.000     0.000 r  protection_system_i/protection_ip_axi_lite_0/inst/u_adc_sample_cdc_bridge/u_fifo/mem_reg[6][49]/C
    SLICE_X65Y97         FDRE (Prop_fdre_C_Q)         0.456     0.456 r  protection_system_i/protection_ip_axi_lite_0/inst/u_adc_sample_cdc_bridge/u_fifo/mem_reg[6][49]/Q
                         net (fo=1, routed)           0.798     1.254    protection_system_i/protection_ip_axi_lite_0/inst/u_adc_sample_cdc_bridge/u_fifo/mem_reg[6][49]
    SLICE_X64Y97         LUT6 (Prop_lut6_I1_O)        0.124     1.378 r  protection_system_i/protection_ip_axi_lite_0/inst/u_adc_sample_cdc_bridge/u_fifo/rd_data[49]_INST_0_i_2/O
                         net (fo=1, routed)           0.000     1.378    protection_system_i/protection_ip_axi_lite_0/inst/u_adc_sample_cdc_bridge/u_fifo/rd_data[49]_INST_0_i_2_n_0
    SLICE_X64Y97         MUXF7 (Prop_muxf7_I1_O)      0.217     1.595 r  protection_system_i/protection_ip_axi_lite_0/inst/u_adc_sample_cdc_bridge/u_fifo/rd_data[49]_INST_0/O
                         net (fo=1, routed)           0.825     2.420    protection_system_i/protection_ip_axi_lite_0/inst/u_adc_sample_cdc_bridge/u_fifo_n_10
    SLICE_X62Y94         LUT3 (Prop_lut3_I1_O)        0.299     2.719 r  protection_system_i/protection_ip_axi_lite_0/inst/u_adc_sample_cdc_bridge/destination_data[49]_i_1/O
                         net (fo=1, routed)           0.000     2.719    protection_system_i/protection_ip_axi_lite_0/inst/u_adc_sample_cdc_bridge/destination_data[49]_i_1_n_0
    SLICE_X62Y94         FDCE                                         r  protection_system_i/protection_ip_axi_lite_0/inst/u_adc_sample_cdc_bridge/destination_data_reg[49]/D
  -------------------------------------------------------------------    -------------------

                         max delay                    8.000     8.000    
    SLICE_X62Y94         FDCE (Setup_fdce_C_D)        0.079     8.079    protection_system_i/protection_ip_axi_lite_0/inst/u_adc_sample_cdc_bridge/destination_data_reg[49]
  -------------------------------------------------------------------
                         required time                          8.079    
                         arrival time                          -2.719    
  -------------------------------------------------------------------
                         slack                                  5.360    

Slack (MET) :             5.362ns  (required time - arrival time)
  Source:                 protection_system_i/protection_ip_axi_lite_0/inst/u_adc_sample_cdc_bridge/u_fifo/mem_reg[6][42]/C
                            (rising edge-triggered cell FDRE clocked by clk_fpga_1  {rise@0.000ns fall@4.000ns period=8.000ns})
  Destination:            protection_system_i/protection_ip_axi_lite_0/inst/u_adc_sample_cdc_bridge/destination_data_reg[42]/D
                            (rising edge-triggered cell FDCE clocked by clk_fpga_0  {rise@0.000ns fall@5.000ns period=10.000ns})
  Path Group:             clk_fpga_0
  Path Type:              Setup (Max at Slow Process Corner)
  Requirement:            8.000ns  (MaxDelay Path 8.000ns)
  Data Path Delay:        2.669ns  (logic 1.158ns (43.386%)  route 1.511ns (56.614%))
  Logic Levels:           3  (LUT3=1 LUT6=1 MUXF7=1)
  Timing Exception:       MaxDelay Path 8.000ns -datapath_only

    Location             Delay type                Incr(ns)  Path(ns)    Netlist Resource(s)
  -------------------------------------------------------------------    -------------------
    SLICE_X86Y93                                      0.000     0.000 r  protection_system_i/protection_ip_axi_lite_0/inst/u_adc_sample_cdc_bridge/u_fifo/mem_reg[6][42]/C
    SLICE_X86Y93         FDRE (Prop_fdre_C_Q)         0.518     0.518 r  protection_system_i/protection_ip_axi_lite_0/inst/u_adc_sample_cdc_bridge/u_fifo/mem_reg[6][42]/Q
                         net (fo=1, routed)           0.424     0.942    protection_system_i/protection_ip_axi_lite_0/inst/u_adc_sample_cdc_bridge/u_fifo/mem_reg[6][42]
    SLICE_X85Y92         LUT6 (Prop_lut6_I1_O)        0.124     1.066 r  protection_system_i/protection_ip_axi_lite_0/inst/u_adc_sample_cdc_bridge/u_fifo/rd_data[42]_INST_0_i_2/O
                         net (fo=1, routed)           0.000     1.066    protection_system_i/protection_ip_axi_lite_0/inst/u_adc_sample_cdc_bridge/u_fifo/rd_data[42]_INST_0_i_2_n_0
    SLICE_X85Y92         MUXF7 (Prop_muxf7_I1_O)      0.217     1.283 r  protection_system_i/protection_ip_axi_lite_0/inst/u_adc_sample_cdc_bridge/u_fifo/rd_data[42]_INST_0/O
                         net (fo=1, routed)           1.087     2.370    protection_system_i/protection_ip_axi_lite_0/inst/u_adc_sample_cdc_bridge/u_fifo_n_17
    SLICE_X65Y92         LUT3 (Prop_lut3_I1_O)        0.299     2.669 r  protection_system_i/protection_ip_axi_lite_0/inst/u_adc_sample_cdc_bridge/destination_data[42]_i_1/O
                         net (fo=1, routed)           0.000     2.669    protection_system_i/protection_ip_axi_lite_0/inst/u_adc_sample_cdc_bridge/destination_data[42]_i_1_n_0
    SLICE_X65Y92         FDCE                                         r  protection_system_i/protection_ip_axi_lite_0/inst/u_adc_sample_cdc_bridge/destination_data_reg[42]/D
  -------------------------------------------------------------------    -------------------

                         max delay                    8.000     8.000    
    SLICE_X65Y92         FDCE (Setup_fdce_C_D)        0.031     8.031    protection_system_i/protection_ip_axi_lite_0/inst/u_adc_sample_cdc_bridge/destination_data_reg[42]
  -------------------------------------------------------------------
                         required time                          8.031    
                         arrival time                          -2.669    
  -------------------------------------------------------------------
                         slack                                  5.362    

Slack (MET) :             5.366ns  (required time - arrival time)
  Source:                 protection_system_i/protection_ip_axi_lite_0/inst/u_adc_sample_cdc_bridge/u_fifo/mem_reg[6][26]/C
                            (rising edge-triggered cell FDRE clocked by clk_fpga_1  {rise@0.000ns fall@4.000ns period=8.000ns})
  Destination:            protection_system_i/protection_ip_axi_lite_0/inst/u_adc_sample_cdc_bridge/destination_data_reg[26]/D
                            (rising edge-triggered cell FDCE clocked by clk_fpga_0  {rise@0.000ns fall@5.000ns period=10.000ns})
  Path Group:             clk_fpga_0
  Path Type:              Setup (Max at Slow Process Corner)
  Requirement:            8.000ns  (MaxDelay Path 8.000ns)
  Data Path Delay:        2.711ns  (logic 1.158ns (42.722%)  route 1.553ns (57.278%))
  Logic Levels:           3  (LUT3=1 LUT6=1 MUXF7=1)
  Timing Exception:       MaxDelay Path 8.000ns -datapath_only

    Location             Delay type                Incr(ns)  Path(ns)    Netlist Resource(s)
  -------------------------------------------------------------------    -------------------
    SLICE_X62Y77                                      0.000     0.000 r  protection_system_i/protection_ip_axi_lite_0/inst/u_adc_sample_cdc_bridge/u_fifo/mem_reg[6][26]/C
    SLICE_X62Y77         FDRE (Prop_fdre_C_Q)         0.518     0.518 r  protection_system_i/protection_ip_axi_lite_0/inst/u_adc_sample_cdc_bridge/u_fifo/mem_reg[6][26]/Q
                         net (fo=1, routed)           0.577     1.095    protection_system_i/protection_ip_axi_lite_0/inst/u_adc_sample_cdc_bridge/u_fifo/mem_reg[6][26]
    SLICE_X60Y77         LUT6 (Prop_lut6_I1_O)        0.124     1.219 r  protection_system_i/protection_ip_axi_lite_0/inst/u_adc_sample_cdc_bridge/u_fifo/rd_data[26]_INST_0_i_2/O
                         net (fo=1, routed)           0.000     1.219    protection_system_i/protection_ip_axi_lite_0/inst/u_adc_sample_cdc_bridge/u_fifo/rd_data[26]_INST_0_i_2_n_0
    SLICE_X60Y77         MUXF7 (Prop_muxf7_I1_O)      0.217     1.436 r  protection_system_i/protection_ip_axi_lite_0/inst/u_adc_sample_cdc_bridge/u_fifo/rd_data[26]_INST_0/O
                         net (fo=1, routed)           0.975     2.412    protection_system_i/protection_ip_axi_lite_0/inst/u_adc_sample_cdc_bridge/u_fifo_n_33
    SLICE_X58Y79         LUT3 (Prop_lut3_I1_O)        0.299     2.711 r  protection_system_i/protection_ip_axi_lite_0/inst/u_adc_sample_cdc_bridge/destination_data[26]_i_1/O
                         net (fo=1, routed)           0.000     2.711    protection_system_i/protection_ip_axi_lite_0/inst/u_adc_sample_cdc_bridge/destination_data[26]_i_1_n_0
    SLICE_X58Y79         FDCE                                         r  protection_system_i/protection_ip_axi_lite_0/inst/u_adc_sample_cdc_bridge/destination_data_reg[26]/D
  -------------------------------------------------------------------    -------------------

                         max delay                    8.000     8.000    
    SLICE_X58Y79         FDCE (Setup_fdce_C_D)        0.077     8.077    protection_system_i/protection_ip_axi_lite_0/inst/u_adc_sample_cdc_bridge/destination_data_reg[26]
  -------------------------------------------------------------------
                         required time                          8.077    
                         arrival time                          -2.711    
  -------------------------------------------------------------------
                         slack                                  5.366    

Slack (MET) :             5.372ns  (required time - arrival time)
  Source:                 protection_system_i/protection_ip_axi_lite_0/inst/u_adc_sample_cdc_bridge/u_fifo/mem_reg[6][6]/C
                            (rising edge-triggered cell FDRE clocked by clk_fpga_1  {rise@0.000ns fall@4.000ns period=8.000ns})
  Destination:            protection_system_i/protection_ip_axi_lite_0/inst/u_adc_sample_cdc_bridge/destination_data_reg[6]/D
                            (rising edge-triggered cell FDCE clocked by clk_fpga_0  {rise@0.000ns fall@5.000ns period=10.000ns})
  Path Group:             clk_fpga_0
  Path Type:              Setup (Max at Slow Process Corner)
  Requirement:            8.000ns  (MaxDelay Path 8.000ns)
  Data Path Delay:        2.659ns  (logic 1.123ns (42.230%)  route 1.536ns (57.770%))
  Logic Levels:           3  (LUT3=1 LUT6=1 MUXF7=1)
  Timing Exception:       MaxDelay Path 8.000ns -datapath_only

    Location             Delay type                Incr(ns)  Path(ns)    Netlist Resource(s)
  -------------------------------------------------------------------    -------------------
    SLICE_X60Y74                                      0.000     0.000 r  protection_system_i/protection_ip_axi_lite_0/inst/u_adc_sample_cdc_bridge/u_fifo/mem_reg[6][6]/C
    SLICE_X60Y74         FDRE (Prop_fdre_C_Q)         0.456     0.456 r  protection_system_i/protection_ip_axi_lite_0/inst/u_adc_sample_cdc_bridge/u_fifo/mem_reg[6][6]/Q
                         net (fo=1, routed)           0.505     0.961    protection_system_i/protection_ip_axi_lite_0/inst/u_adc_sample_cdc_bridge/u_fifo/mem_reg[6][6]
    SLICE_X60Y74         LUT6 (Prop_lut6_I1_O)        0.124     1.085 r  protection_system_i/protection_ip_axi_lite_0/inst/u_adc_sample_cdc_bridge/u_fifo/rd_data[6]_INST_0_i_2/O
                         net (fo=1, routed)           0.000     1.085    protection_system_i/protection_ip_axi_lite_0/inst/u_adc_sample_cdc_bridge/u_fifo/rd_data[6]_INST_0_i_2_n_0
    SLICE_X60Y74         MUXF7 (Prop_muxf7_I1_O)      0.245     1.330 r  protection_system_i/protection_ip_axi_lite_0/inst/u_adc_sample_cdc_bridge/u_fifo/rd_data[6]_INST_0/O
                         net (fo=1, routed)           1.031     2.361    protection_system_i/protection_ip_axi_lite_0/inst/u_adc_sample_cdc_bridge/u_fifo_n_53
    SLICE_X57Y78         LUT3 (Prop_lut3_I1_O)        0.298     2.659 r  protection_system_i/protection_ip_axi_lite_0/inst/u_adc_sample_cdc_bridge/destination_data[6]_i_1/O
                         net (fo=1, routed)           0.000     2.659    protection_system_i/protection_ip_axi_lite_0/inst/u_adc_sample_cdc_bridge/destination_data[6]_i_1_n_0
    SLICE_X57Y78         FDCE                                         r  protection_system_i/protection_ip_axi_lite_0/inst/u_adc_sample_cdc_bridge/destination_data_reg[6]/D
  -------------------------------------------------------------------    -------------------

                         max delay                    8.000     8.000    
    SLICE_X57Y78         FDCE (Setup_fdce_C_D)        0.031     8.031    protection_system_i/protection_ip_axi_lite_0/inst/u_adc_sample_cdc_bridge/destination_data_reg[6]
  -------------------------------------------------------------------
                         required time                          8.031    
                         arrival time                          -2.659    
  -------------------------------------------------------------------
                         slack                                  5.372    

Slack (MET) :             5.373ns  (required time - arrival time)
  Source:                 protection_system_i/protection_ip_axi_lite_0/inst/u_adc_sample_cdc_bridge/u_fifo/mem_reg[6][40]/C
                            (rising edge-triggered cell FDRE clocked by clk_fpga_1  {rise@0.000ns fall@4.000ns period=8.000ns})
  Destination:            protection_system_i/protection_ip_axi_lite_0/inst/u_adc_sample_cdc_bridge/destination_data_reg[40]/D
                            (rising edge-triggered cell FDCE clocked by clk_fpga_0  {rise@0.000ns fall@5.000ns period=10.000ns})
  Path Group:             clk_fpga_0
  Path Type:              Setup (Max at Slow Process Corner)
  Requirement:            8.000ns  (MaxDelay Path 8.000ns)
  Data Path Delay:        2.656ns  (logic 1.158ns (43.595%)  route 1.498ns (56.405%))
  Logic Levels:           3  (LUT3=1 LUT6=1 MUXF7=1)
  Timing Exception:       MaxDelay Path 8.000ns -datapath_only

    Location             Delay type                Incr(ns)  Path(ns)    Netlist Resource(s)
  -------------------------------------------------------------------    -------------------
    SLICE_X82Y93                                      0.000     0.000 r  protection_system_i/protection_ip_axi_lite_0/inst/u_adc_sample_cdc_bridge/u_fifo/mem_reg[6][40]/C
    SLICE_X82Y93         FDRE (Prop_fdre_C_Q)         0.518     0.518 r  protection_system_i/protection_ip_axi_lite_0/inst/u_adc_sample_cdc_bridge/u_fifo/mem_reg[6][40]/Q
                         net (fo=1, routed)           0.578     1.096    protection_system_i/protection_ip_axi_lite_0/inst/u_adc_sample_cdc_bridge/u_fifo/mem_reg[6][40]
    SLICE_X84Y93         LUT6 (Prop_lut6_I1_O)        0.124     1.220 r  protection_system_i/protection_ip_axi_lite_0/inst/u_adc_sample_cdc_bridge/u_fifo/rd_data[40]_INST_0_i_2/O
                         net (fo=1, routed)           0.000     1.220    protection_system_i/protection_ip_axi_lite_0/inst/u_adc_sample_cdc_bridge/u_fifo/rd_data[40]_INST_0_i_2_n_0
    SLICE_X84Y93         MUXF7 (Prop_muxf7_I1_O)      0.217     1.437 r  protection_system_i/protection_ip_axi_lite_0/inst/u_adc_sample_cdc_bridge/u_fifo/rd_data[40]_INST_0/O
                         net (fo=1, routed)           0.920     2.357    protection_system_i/protection_ip_axi_lite_0/inst/u_adc_sample_cdc_bridge/u_fifo_n_19
    SLICE_X63Y90         LUT3 (Prop_lut3_I1_O)        0.299     2.656 r  protection_system_i/protection_ip_axi_lite_0/inst/u_adc_sample_cdc_bridge/destination_data[40]_i_1/O
                         net (fo=1, routed)           0.000     2.656    protection_system_i/protection_ip_axi_lite_0/inst/u_adc_sample_cdc_bridge/destination_data[40]_i_1_n_0
    SLICE_X63Y90         FDCE                                         r  protection_system_i/protection_ip_axi_lite_0/inst/u_adc_sample_cdc_bridge/destination_data_reg[40]/D
  -------------------------------------------------------------------    -------------------

                         max delay                    8.000     8.000    
    SLICE_X63Y90         FDCE (Setup_fdce_C_D)        0.029     8.029    protection_system_i/protection_ip_axi_lite_0/inst/u_adc_sample_cdc_bridge/destination_data_reg[40]
  -------------------------------------------------------------------
                         required time                          8.029    
                         arrival time                          -2.656    
  -------------------------------------------------------------------
                         slack                                  5.373    

Slack (MET) :             5.420ns  (required time - arrival time)
  Source:                 protection_system_i/protection_ip_axi_lite_0/inst/u_adc_sample_cdc_bridge/u_fifo/mem_reg[6][3]/C
                            (rising edge-triggered cell FDRE clocked by clk_fpga_1  {rise@0.000ns fall@4.000ns period=8.000ns})
  Destination:            protection_system_i/protection_ip_axi_lite_0/inst/u_adc_sample_cdc_bridge/destination_data_reg[3]/D
                            (rising edge-triggered cell FDCE clocked by clk_fpga_0  {rise@0.000ns fall@5.000ns period=10.000ns})
  Path Group:             clk_fpga_0
  Path Type:              Setup (Max at Slow Process Corner)
  Requirement:            8.000ns  (MaxDelay Path 8.000ns)
  Data Path Delay:        2.609ns  (logic 1.234ns (47.290%)  route 1.375ns (52.710%))
  Logic Levels:           3  (LUT3=1 LUT6=1 MUXF7=1)
  Timing Exception:       MaxDelay Path 8.000ns -datapath_only

    Location             Delay type                Incr(ns)  Path(ns)    Netlist Resource(s)
  -------------------------------------------------------------------    -------------------
    SLICE_X51Y75                                      0.000     0.000 r  protection_system_i/protection_ip_axi_lite_0/inst/u_adc_sample_cdc_bridge/u_fifo/mem_reg[6][3]/C
    SLICE_X51Y75         FDRE (Prop_fdre_C_Q)         0.419     0.419 r  protection_system_i/protection_ip_axi_lite_0/inst/u_adc_sample_cdc_bridge/u_fifo/mem_reg[6][3]/Q
                         net (fo=1, routed)           0.655     1.074    protection_system_i/protection_ip_axi_lite_0/inst/u_adc_sample_cdc_bridge/u_fifo/mem_reg[6][3]
    SLICE_X53Y75         LUT6 (Prop_lut6_I1_O)        0.299     1.373 r  protection_system_i/protection_ip_axi_lite_0/inst/u_adc_sample_cdc_bridge/u_fifo/rd_data[3]_INST_0_i_2/O
                         net (fo=1, routed)           0.000     1.373    protection_system_i/protection_ip_axi_lite_0/inst/u_adc_sample_cdc_bridge/u_fifo/rd_data[3]_INST_0_i_2_n_0
    SLICE_X53Y75         MUXF7 (Prop_muxf7_I1_O)      0.217     1.590 r  protection_system_i/protection_ip_axi_lite_0/inst/u_adc_sample_cdc_bridge/u_fifo/rd_data[3]_INST_0/O
                         net (fo=1, routed)           0.720     2.310    protection_system_i/protection_ip_axi_lite_0/inst/u_adc_sample_cdc_bridge/u_fifo_n_56
    SLICE_X53Y78         LUT3 (Prop_lut3_I1_O)        0.299     2.609 r  protection_system_i/protection_ip_axi_lite_0/inst/u_adc_sample_cdc_bridge/destination_data[3]_i_1/O
                         net (fo=1, routed)           0.000     2.609    protection_system_i/protection_ip_axi_lite_0/inst/u_adc_sample_cdc_bridge/destination_data[3]_i_1_n_0
    SLICE_X53Y78         FDCE                                         r  protection_system_i/protection_ip_axi_lite_0/inst/u_adc_sample_cdc_bridge/destination_data_reg[3]/D
  -------------------------------------------------------------------    -------------------

                         max delay                    8.000     8.000    
    SLICE_X53Y78         FDCE (Setup_fdce_C_D)        0.029     8.029    protection_system_i/protection_ip_axi_lite_0/inst/u_adc_sample_cdc_bridge/destination_data_reg[3]
  -------------------------------------------------------------------
                         required time                          8.029    
                         arrival time                          -2.609    
  -------------------------------------------------------------------
                         slack                                  5.420    

Slack (MET) :             5.445ns  (required time - arrival time)
  Source:                 protection_system_i/protection_ip_axi_lite_0/inst/u_adc_sample_cdc_bridge/u_fifo/mem_reg[6][15]/C
                            (rising edge-triggered cell FDRE clocked by clk_fpga_1  {rise@0.000ns fall@4.000ns period=8.000ns})
  Destination:            protection_system_i/protection_ip_axi_lite_0/inst/u_adc_sample_cdc_bridge/destination_data_reg[15]/D
                            (rising edge-triggered cell FDCE clocked by clk_fpga_0  {rise@0.000ns fall@5.000ns period=10.000ns})
  Path Group:             clk_fpga_0
  Path Type:              Setup (Max at Slow Process Corner)
  Requirement:            8.000ns  (MaxDelay Path 8.000ns)
  Data Path Delay:        2.586ns  (logic 1.096ns (42.386%)  route 1.490ns (57.614%))
  Logic Levels:           3  (LUT3=1 LUT6=1 MUXF7=1)
  Timing Exception:       MaxDelay Path 8.000ns -datapath_only

    Location             Delay type                Incr(ns)  Path(ns)    Netlist Resource(s)
  -------------------------------------------------------------------    -------------------
    SLICE_X52Y75                                      0.000     0.000 r  protection_system_i/protection_ip_axi_lite_0/inst/u_adc_sample_cdc_bridge/u_fifo/mem_reg[6][15]/C
    SLICE_X52Y75         FDRE (Prop_fdre_C_Q)         0.456     0.456 r  protection_system_i/protection_ip_axi_lite_0/inst/u_adc_sample_cdc_bridge/u_fifo/mem_reg[6][15]/Q
                         net (fo=1, routed)           0.658     1.114    protection_system_i/protection_ip_axi_lite_0/inst/u_adc_sample_cdc_bridge/u_fifo/mem_reg[6][15]
    SLICE_X52Y75         LUT6 (Prop_lut6_I1_O)        0.124     1.238 r  protection_system_i/protection_ip_axi_lite_0/inst/u_adc_sample_cdc_bridge/u_fifo/rd_data[15]_INST_0_i_2/O
                         net (fo=1, routed)           0.000     1.238    protection_system_i/protection_ip_axi_lite_0/inst/u_adc_sample_cdc_bridge/u_fifo/rd_data[15]_INST_0_i_2_n_0
    SLICE_X52Y75         MUXF7 (Prop_muxf7_I1_O)      0.217     1.455 r  protection_system_i/protection_ip_axi_lite_0/inst/u_adc_sample_cdc_bridge/u_fifo/rd_data[15]_INST_0/O
                         net (fo=1, routed)           0.832     2.287    protection_system_i/protection_ip_axi_lite_0/inst/u_adc_sample_cdc_bridge/u_fifo_n_44
    SLICE_X48Y79         LUT3 (Prop_lut3_I1_O)        0.299     2.586 r  protection_system_i/protection_ip_axi_lite_0/inst/u_adc_sample_cdc_bridge/destination_data[15]_i_1/O
                         net (fo=1, routed)           0.000     2.586    protection_system_i/protection_ip_axi_lite_0/inst/u_adc_sample_cdc_bridge/destination_data[15]_i_1_n_0
    SLICE_X48Y79         FDCE                                         r  protection_system_i/protection_ip_axi_lite_0/inst/u_adc_sample_cdc_bridge/destination_data_reg[15]/D
  -------------------------------------------------------------------    -------------------

                         max delay                    8.000     8.000    
    SLICE_X48Y79         FDCE (Setup_fdce_C_D)        0.031     8.031    protection_system_i/protection_ip_axi_lite_0/inst/u_adc_sample_cdc_bridge/destination_data_reg[15]
  -------------------------------------------------------------------
                         required time                          8.031    
                         arrival time                          -2.586    
  -------------------------------------------------------------------
                         slack                                  5.445    

Slack (MET) :             5.456ns  (required time - arrival time)
  Source:                 protection_system_i/protection_ip_axi_lite_0/inst/u_adc_sample_cdc_bridge/u_fifo/mem_reg[6][22]/C
                            (rising edge-triggered cell FDRE clocked by clk_fpga_1  {rise@0.000ns fall@4.000ns period=8.000ns})
  Destination:            protection_system_i/protection_ip_axi_lite_0/inst/u_adc_sample_cdc_bridge/destination_data_reg[22]/D
                            (rising edge-triggered cell FDCE clocked by clk_fpga_0  {rise@0.000ns fall@5.000ns period=10.000ns})
  Path Group:             clk_fpga_0
  Path Type:              Setup (Max at Slow Process Corner)
  Requirement:            8.000ns  (MaxDelay Path 8.000ns)
  Data Path Delay:        2.573ns  (logic 1.096ns (42.593%)  route 1.477ns (57.407%))
  Logic Levels:           3  (LUT3=1 LUT6=1 MUXF7=1)
  Timing Exception:       MaxDelay Path 8.000ns -datapath_only

    Location             Delay type                Incr(ns)  Path(ns)    Netlist Resource(s)
  -------------------------------------------------------------------    -------------------
    SLICE_X51Y74                                      0.000     0.000 r  protection_system_i/protection_ip_axi_lite_0/inst/u_adc_sample_cdc_bridge/u_fifo/mem_reg[6][22]/C
    SLICE_X51Y74         FDRE (Prop_fdre_C_Q)         0.456     0.456 r  protection_system_i/protection_ip_axi_lite_0/inst/u_adc_sample_cdc_bridge/u_fifo/mem_reg[6][22]/Q
                         net (fo=1, routed)           1.003     1.459    protection_system_i/protection_ip_axi_lite_0/inst/u_adc_sample_cdc_bridge/u_fifo/mem_reg[6][22]
    SLICE_X49Y74         LUT6 (Prop_lut6_I1_O)        0.124     1.583 r  protection_system_i/protection_ip_axi_lite_0/inst/u_adc_sample_cdc_bridge/u_fifo/rd_data[22]_INST_0_i_2/O
                         net (fo=1, routed)           0.000     1.583    protection_system_i/protection_ip_axi_lite_0/inst/u_adc_sample_cdc_bridge/u_fifo/rd_data[22]_INST_0_i_2_n_0
    SLICE_X49Y74         MUXF7 (Prop_muxf7_I1_O)      0.217     1.800 r  protection_system_i/protection_ip_axi_lite_0/inst/u_adc_sample_cdc_bridge/u_fifo/rd_data[22]_INST_0/O
                         net (fo=1, routed)           0.474     2.274    protection_system_i/protection_ip_axi_lite_0/inst/u_adc_sample_cdc_bridge/u_fifo_n_37
    SLICE_X49Y78         LUT3 (Prop_lut3_I1_O)        0.299     2.573 r  protection_system_i/protection_ip_axi_lite_0/inst/u_adc_sample_cdc_bridge/destination_data[22]_i_1/O
                         net (fo=1, routed)           0.000     2.573    protection_system_i/protection_ip_axi_lite_0/inst/u_adc_sample_cdc_bridge/destination_data[22]_i_1_n_0
    SLICE_X49Y78         FDCE                                         r  protection_system_i/protection_ip_axi_lite_0/inst/u_adc_sample_cdc_bridge/destination_data_reg[22]/D
  -------------------------------------------------------------------    -------------------

                         max delay                    8.000     8.000    
    SLICE_X49Y78         FDCE (Setup_fdce_C_D)        0.029     8.029    protection_system_i/protection_ip_axi_lite_0/inst/u_adc_sample_cdc_bridge/destination_data_reg[22]
  -------------------------------------------------------------------
                         required time                          8.029    
                         arrival time                          -2.573    
  -------------------------------------------------------------------
                         slack                                  5.456    

Slack (MET) :             5.466ns  (required time - arrival time)
  Source:                 protection_system_i/protection_ip_axi_lite_0/inst/u_adc_sample_cdc_bridge/u_fifo/mem_reg[6][45]/C
                            (rising edge-triggered cell FDRE clocked by clk_fpga_1  {rise@0.000ns fall@4.000ns period=8.000ns})
  Destination:            protection_system_i/protection_ip_axi_lite_0/inst/u_adc_sample_cdc_bridge/destination_data_reg[45]/D
                            (rising edge-triggered cell FDCE clocked by clk_fpga_0  {rise@0.000ns fall@5.000ns period=10.000ns})
  Path Group:             clk_fpga_0
  Path Type:              Setup (Max at Slow Process Corner)
  Requirement:            8.000ns  (MaxDelay Path 8.000ns)
  Data Path Delay:        2.565ns  (logic 1.096ns (42.725%)  route 1.469ns (57.275%))
  Logic Levels:           3  (LUT3=1 LUT6=1 MUXF7=1)
  Timing Exception:       MaxDelay Path 8.000ns -datapath_only

    Location             Delay type                Incr(ns)  Path(ns)    Netlist Resource(s)
  -------------------------------------------------------------------    -------------------
    SLICE_X63Y99                                      0.000     0.000 r  protection_system_i/protection_ip_axi_lite_0/inst/u_adc_sample_cdc_bridge/u_fifo/mem_reg[6][45]/C
    SLICE_X63Y99         FDRE (Prop_fdre_C_Q)         0.456     0.456 r  protection_system_i/protection_ip_axi_lite_0/inst/u_adc_sample_cdc_bridge/u_fifo/mem_reg[6][45]/Q
                         net (fo=1, routed)           0.547     1.003    protection_system_i/protection_ip_axi_lite_0/inst/u_adc_sample_cdc_bridge/u_fifo/mem_reg[6][45]
    SLICE_X63Y100        LUT6 (Prop_lut6_I1_O)        0.124     1.127 r  protection_system_i/protection_ip_axi_lite_0/inst/u_adc_sample_cdc_bridge/u_fifo/rd_data[45]_INST_0_i_2/O
                         net (fo=1, routed)           0.000     1.127    protection_system_i/protection_ip_axi_lite_0/inst/u_adc_sample_cdc_bridge/u_fifo/rd_data[45]_INST_0_i_2_n_0
    SLICE_X63Y100        MUXF7 (Prop_muxf7_I1_O)      0.217     1.344 r  protection_system_i/protection_ip_axi_lite_0/inst/u_adc_sample_cdc_bridge/u_fifo/rd_data[45]_INST_0/O
                         net (fo=1, routed)           0.923     2.266    protection_system_i/protection_ip_axi_lite_0/inst/u_adc_sample_cdc_bridge/u_fifo_n_14
    SLICE_X63Y95         LUT3 (Prop_lut3_I1_O)        0.299     2.565 r  protection_system_i/protection_ip_axi_lite_0/inst/u_adc_sample_cdc_bridge/destination_data[45]_i_1/O
                         net (fo=1, routed)           0.000     2.565    protection_system_i/protection_ip_axi_lite_0/inst/u_adc_sample_cdc_bridge/destination_data[45]_i_1_n_0
    SLICE_X63Y95         FDCE                                         r  protection_system_i/protection_ip_axi_lite_0/inst/u_adc_sample_cdc_bridge/destination_data_reg[45]/D
  -------------------------------------------------------------------    -------------------

                         max delay                    8.000     8.000    
    SLICE_X63Y95         FDCE (Setup_fdce_C_D)        0.031     8.031    protection_system_i/protection_ip_axi_lite_0/inst/u_adc_sample_cdc_bridge/destination_data_reg[45]
  -------------------------------------------------------------------
                         required time                          8.031    
                         arrival time                          -2.565    
  -------------------------------------------------------------------
                         slack                                  5.466    

Slack (MET) :             5.512ns  (required time - arrival time)
  Source:                 protection_system_i/protection_ip_axi_lite_0/inst/u_adc_sample_cdc_bridge/u_fifo/mem_reg[6][18]/C
                            (rising edge-triggered cell FDRE clocked by clk_fpga_1  {rise@0.000ns fall@4.000ns period=8.000ns})
  Destination:            protection_system_i/protection_ip_axi_lite_0/inst/u_adc_sample_cdc_bridge/destination_data_reg[18]/D
                            (rising edge-triggered cell FDCE clocked by clk_fpga_0  {rise@0.000ns fall@5.000ns period=10.000ns})
  Path Group:             clk_fpga_0
  Path Type:              Setup (Max at Slow Process Corner)
  Requirement:            8.000ns  (MaxDelay Path 8.000ns)
  Data Path Delay:        2.519ns  (logic 1.096ns (43.509%)  route 1.423ns (56.491%))
  Logic Levels:           3  (LUT3=1 LUT6=1 MUXF7=1)
  Timing Exception:       MaxDelay Path 8.000ns -datapath_only

    Location             Delay type                Incr(ns)  Path(ns)    Netlist Resource(s)
  -------------------------------------------------------------------    -------------------
    SLICE_X51Y75                                      0.000     0.000 r  protection_system_i/protection_ip_axi_lite_0/inst/u_adc_sample_cdc_bridge/u_fifo/mem_reg[6][18]/C
    SLICE_X51Y75         FDRE (Prop_fdre_C_Q)         0.456     0.456 r  protection_system_i/protection_ip_axi_lite_0/inst/u_adc_sample_cdc_bridge/u_fifo/mem_reg[6][18]/Q
                         net (fo=1, routed)           0.452     0.908    protection_system_i/protection_ip_axi_lite_0/inst/u_adc_sample_cdc_bridge/u_fifo/mem_reg[6][18]
    SLICE_X47Y75         LUT6 (Prop_lut6_I1_O)        0.124     1.032 r  protection_system_i/protection_ip_axi_lite_0/inst/u_adc_sample_cdc_bridge/u_fifo/rd_data[18]_INST_0_i_2/O
                         net (fo=1, routed)           0.000     1.032    protection_system_i/protection_ip_axi_lite_0/inst/u_adc_sample_cdc_bridge/u_fifo/rd_data[18]_INST_0_i_2_n_0
    SLICE_X47Y75         MUXF7 (Prop_muxf7_I1_O)      0.217     1.249 r  protection_system_i/protection_ip_axi_lite_0/inst/u_adc_sample_cdc_bridge/u_fifo/rd_data[18]_INST_0/O
                         net (fo=1, routed)           0.971     2.220    protection_system_i/protection_ip_axi_lite_0/inst/u_adc_sample_cdc_bridge/u_fifo_n_41
    SLICE_X49Y77         LUT3 (Prop_lut3_I1_O)        0.299     2.519 r  protection_system_i/protection_ip_axi_lite_0/inst/u_adc_sample_cdc_bridge/destination_data[18]_i_1/O
                         net (fo=1, routed)           0.000     2.519    protection_system_i/protection_ip_axi_lite_0/inst/u_adc_sample_cdc_bridge/destination_data[18]_i_1_n_0
    SLICE_X49Y77         FDCE                                         r  protection_system_i/protection_ip_axi_lite_0/inst/u_adc_sample_cdc_bridge/destination_data_reg[18]/D
  -------------------------------------------------------------------    -------------------

                         max delay                    8.000     8.000    
    SLICE_X49Y77         FDCE (Setup_fdce_C_D)        0.031     8.031    protection_system_i/protection_ip_axi_lite_0/inst/u_adc_sample_cdc_bridge/destination_data_reg[18]
  -------------------------------------------------------------------
                         required time                          8.031    
                         arrival time                          -2.519    
  -------------------------------------------------------------------
                         slack                                  5.512    

Slack (MET) :             5.544ns  (required time - arrival time)
  Source:                 protection_system_i/protection_ip_axi_lite_0/inst/u_adc_sample_cdc_bridge/u_fifo/mem_reg[6][44]/C
                            (rising edge-triggered cell FDRE clocked by clk_fpga_1  {rise@0.000ns fall@4.000ns period=8.000ns})
  Destination:            protection_system_i/protection_ip_axi_lite_0/inst/u_adc_sample_cdc_bridge/destination_data_reg[44]/D
                            (rising edge-triggered cell FDCE clocked by clk_fpga_0  {rise@0.000ns fall@5.000ns period=10.000ns})
  Path Group:             clk_fpga_0
  Path Type:              Setup (Max at Slow Process Corner)
  Requirement:            8.000ns  (MaxDelay Path 8.000ns)
  Data Path Delay:        2.485ns  (logic 1.096ns (44.106%)  route 1.389ns (55.894%))
  Logic Levels:           3  (LUT3=1 LUT6=1 MUXF7=1)
  Timing Exception:       MaxDelay Path 8.000ns -datapath_only

    Location             Delay type                Incr(ns)  Path(ns)    Netlist Resource(s)
  -------------------------------------------------------------------    -------------------
    SLICE_X65Y97                                      0.000     0.000 r  protection_system_i/protection_ip_axi_lite_0/inst/u_adc_sample_cdc_bridge/u_fifo/mem_reg[6][44]/C
    SLICE_X65Y97         FDRE (Prop_fdre_C_Q)         0.456     0.456 r  protection_system_i/protection_ip_axi_lite_0/inst/u_adc_sample_cdc_bridge/u_fifo/mem_reg[6][44]/Q
                         net (fo=1, routed)           0.416     0.872    protection_system_i/protection_ip_axi_lite_0/inst/u_adc_sample_cdc_bridge/u_fifo/mem_reg[6][44]
    SLICE_X64Y98         LUT6 (Prop_lut6_I1_O)        0.124     0.996 r  protection_system_i/protection_ip_axi_lite_0/inst/u_adc_sample_cdc_bridge/u_fifo/rd_data[44]_INST_0_i_2/O
                         net (fo=1, routed)           0.000     0.996    protection_system_i/protection_ip_axi_lite_0/inst/u_adc_sample_cdc_bridge/u_fifo/rd_data[44]_INST_0_i_2_n_0
    SLICE_X64Y98         MUXF7 (Prop_muxf7_I1_O)      0.217     1.213 r  protection_system_i/protection_ip_axi_lite_0/inst/u_adc_sample_cdc_bridge/u_fifo/rd_data[44]_INST_0/O
                         net (fo=1, routed)           0.973     2.186    protection_system_i/protection_ip_axi_lite_0/inst/u_adc_sample_cdc_bridge/u_fifo_n_15
    SLICE_X63Y95         LUT3 (Prop_lut3_I1_O)        0.299     2.485 r  protection_system_i/protection_ip_axi_lite_0/inst/u_adc_sample_cdc_bridge/destination_data[44]_i_1/O
                         net (fo=1, routed)           0.000     2.485    protection_system_i/protection_ip_axi_lite_0/inst/u_adc_sample_cdc_bridge/destination_data[44]_i_1_n_0
    SLICE_X63Y95         FDCE                                         r  protection_system_i/protection_ip_axi_lite_0/inst/u_adc_sample_cdc_bridge/destination_data_reg[44]/D
  -------------------------------------------------------------------    -------------------

                         max delay                    8.000     8.000    
    SLICE_X63Y95         FDCE (Setup_fdce_C_D)        0.029     8.029    protection_system_i/protection_ip_axi_lite_0/inst/u_adc_sample_cdc_bridge/destination_data_reg[44]
  -------------------------------------------------------------------
                         required time                          8.029    
                         arrival time                          -2.485    
  -------------------------------------------------------------------
                         slack                                  5.544    

Slack (MET) :             5.546ns  (required time - arrival time)
  Source:                 protection_system_i/protection_ip_axi_lite_0/inst/u_adc_sample_cdc_bridge/u_fifo/mem_reg[6][47]/C
                            (rising edge-triggered cell FDRE clocked by clk_fpga_1  {rise@0.000ns fall@4.000ns period=8.000ns})
  Destination:            protection_system_i/protection_ip_axi_lite_0/inst/u_adc_sample_cdc_bridge/destination_data_reg[47]/D
                            (rising edge-triggered cell FDCE clocked by clk_fpga_0  {rise@0.000ns fall@5.000ns period=10.000ns})
  Path Group:             clk_fpga_0
  Path Type:              Setup (Max at Slow Process Corner)
  Requirement:            8.000ns  (MaxDelay Path 8.000ns)
  Data Path Delay:        2.485ns  (logic 1.096ns (44.112%)  route 1.389ns (55.888%))
  Logic Levels:           3  (LUT3=1 LUT6=1 MUXF7=1)
  Timing Exception:       MaxDelay Path 8.000ns -datapath_only

    Location             Delay type                Incr(ns)  Path(ns)    Netlist Resource(s)
  -------------------------------------------------------------------    -------------------
    SLICE_X65Y97                                      0.000     0.000 r  protection_system_i/protection_ip_axi_lite_0/inst/u_adc_sample_cdc_bridge/u_fifo/mem_reg[6][47]/C
    SLICE_X65Y97         FDRE (Prop_fdre_C_Q)         0.456     0.456 r  protection_system_i/protection_ip_axi_lite_0/inst/u_adc_sample_cdc_bridge/u_fifo/mem_reg[6][47]/Q
                         net (fo=1, routed)           0.814     1.270    protection_system_i/protection_ip_axi_lite_0/inst/u_adc_sample_cdc_bridge/u_fifo/mem_reg[6][47]
    SLICE_X63Y97         LUT6 (Prop_lut6_I1_O)        0.124     1.394 r  protection_system_i/protection_ip_axi_lite_0/inst/u_adc_sample_cdc_bridge/u_fifo/rd_data[47]_INST_0_i_2/O
                         net (fo=1, routed)           0.000     1.394    protection_system_i/protection_ip_axi_lite_0/inst/u_adc_sample_cdc_bridge/u_fifo/rd_data[47]_INST_0_i_2_n_0
    SLICE_X63Y97         MUXF7 (Prop_muxf7_I1_O)      0.217     1.611 r  protection_system_i/protection_ip_axi_lite_0/inst/u_adc_sample_cdc_bridge/u_fifo/rd_data[47]_INST_0/O
                         net (fo=1, routed)           0.575     2.186    protection_system_i/protection_ip_axi_lite_0/inst/u_adc_sample_cdc_bridge/u_fifo_n_12
    SLICE_X63Y95         LUT3 (Prop_lut3_I1_O)        0.299     2.485 r  protection_system_i/protection_ip_axi_lite_0/inst/u_adc_sample_cdc_bridge/destination_data[47]_i_1/O
                         net (fo=1, routed)           0.000     2.485    protection_system_i/protection_ip_axi_lite_0/inst/u_adc_sample_cdc_bridge/destination_data[47]_i_1_n_0
    SLICE_X63Y95         FDCE                                         r  protection_system_i/protection_ip_axi_lite_0/inst/u_adc_sample_cdc_bridge/destination_data_reg[47]/D
  -------------------------------------------------------------------    -------------------

                         max delay                    8.000     8.000    
    SLICE_X63Y95         FDCE (Setup_fdce_C_D)        0.031     8.031    protection_system_i/protection_ip_axi_lite_0/inst/u_adc_sample_cdc_bridge/destination_data_reg[47]
  -------------------------------------------------------------------
                         required time                          8.031    
                         arrival time                          -2.485    
  -------------------------------------------------------------------
                         slack                                  5.546    

Slack (MET) :             5.549ns  (required time - arrival time)
  Source:                 protection_system_i/protection_ip_axi_lite_0/inst/u_adc_sample_cdc_bridge/u_fifo/mem_reg[6][23]/C
                            (rising edge-triggered cell FDRE clocked by clk_fpga_1  {rise@0.000ns fall@4.000ns period=8.000ns})
  Destination:            protection_system_i/protection_ip_axi_lite_0/inst/u_adc_sample_cdc_bridge/destination_data_reg[23]/D
                            (rising edge-triggered cell FDCE clocked by clk_fpga_0  {rise@0.000ns fall@5.000ns period=10.000ns})
  Path Group:             clk_fpga_0
  Path Type:              Setup (Max at Slow Process Corner)
  Requirement:            8.000ns  (MaxDelay Path 8.000ns)
  Data Path Delay:        2.482ns  (logic 1.232ns (49.647%)  route 1.250ns (50.353%))
  Logic Levels:           3  (LUT3=1 LUT6=1 MUXF7=1)
  Timing Exception:       MaxDelay Path 8.000ns -datapath_only

    Location             Delay type                Incr(ns)  Path(ns)    Netlist Resource(s)
  -------------------------------------------------------------------    -------------------
    SLICE_X51Y75                                      0.000     0.000 r  protection_system_i/protection_ip_axi_lite_0/inst/u_adc_sample_cdc_bridge/u_fifo/mem_reg[6][23]/C
    SLICE_X51Y75         FDRE (Prop_fdre_C_Q)         0.419     0.419 r  protection_system_i/protection_ip_axi_lite_0/inst/u_adc_sample_cdc_bridge/u_fifo/mem_reg[6][23]/Q
                         net (fo=1, routed)           0.665     1.084    protection_system_i/protection_ip_axi_lite_0/inst/u_adc_sample_cdc_bridge/u_fifo/mem_reg[6][23]
    SLICE_X48Y75         LUT6 (Prop_lut6_I1_O)        0.297     1.381 r  protection_system_i/protection_ip_axi_lite_0/inst/u_adc_sample_cdc_bridge/u_fifo/rd_data[23]_INST_0_i_2/O
                         net (fo=1, routed)           0.000     1.381    protection_system_i/protection_ip_axi_lite_0/inst/u_adc_sample_cdc_bridge/u_fifo/rd_data[23]_INST_0_i_2_n_0
    SLICE_X48Y75         MUXF7 (Prop_muxf7_I1_O)      0.217     1.598 r  protection_system_i/protection_ip_axi_lite_0/inst/u_adc_sample_cdc_bridge/u_fifo/rd_data[23]_INST_0/O
                         net (fo=1, routed)           0.585     2.183    protection_system_i/protection_ip_axi_lite_0/inst/u_adc_sample_cdc_bridge/u_fifo_n_36
    SLICE_X48Y78         LUT3 (Prop_lut3_I1_O)        0.299     2.482 r  protection_system_i/protection_ip_axi_lite_0/inst/u_adc_sample_cdc_bridge/destination_data[23]_i_1/O
                         net (fo=1, routed)           0.000     2.482    protection_system_i/protection_ip_axi_lite_0/inst/u_adc_sample_cdc_bridge/destination_data[23]_i_1_n_0
    SLICE_X48Y78         FDCE                                         r  protection_system_i/protection_ip_axi_lite_0/inst/u_adc_sample_cdc_bridge/destination_data_reg[23]/D
  -------------------------------------------------------------------    -------------------

                         max delay                    8.000     8.000    
    SLICE_X48Y78         FDCE (Setup_fdce_C_D)        0.031     8.031    protection_system_i/protection_ip_axi_lite_0/inst/u_adc_sample_cdc_bridge/destination_data_reg[23]
  -------------------------------------------------------------------
                         required time                          8.031    
                         arrival time                          -2.482    
  -------------------------------------------------------------------
                         slack                                  5.549    

Slack (MET) :             5.555ns  (required time - arrival time)
  Source:                 protection_system_i/protection_ip_axi_lite_0/inst/u_adc_sample_cdc_bridge/u_fifo/mem_reg[6][31]/C
                            (rising edge-triggered cell FDRE clocked by clk_fpga_1  {rise@0.000ns fall@4.000ns period=8.000ns})
  Destination:            protection_system_i/protection_ip_axi_lite_0/inst/u_adc_sample_cdc_bridge/destination_data_reg[31]/D
                            (rising edge-triggered cell FDCE clocked by clk_fpga_0  {rise@0.000ns fall@5.000ns period=10.000ns})
  Path Group:             clk_fpga_0
  Path Type:              Setup (Max at Slow Process Corner)
  Requirement:            8.000ns  (MaxDelay Path 8.000ns)
  Data Path Delay:        2.477ns  (logic 1.091ns (44.047%)  route 1.386ns (55.953%))
  Logic Levels:           3  (LUT3=1 LUT6=1 MUXF7=1)
  Timing Exception:       MaxDelay Path 8.000ns -datapath_only

    Location             Delay type                Incr(ns)  Path(ns)    Netlist Resource(s)
  -------------------------------------------------------------------    -------------------
    SLICE_X65Y78                                      0.000     0.000 r  protection_system_i/protection_ip_axi_lite_0/inst/u_adc_sample_cdc_bridge/u_fifo/mem_reg[6][31]/C
    SLICE_X65Y78         FDRE (Prop_fdre_C_Q)         0.456     0.456 r  protection_system_i/protection_ip_axi_lite_0/inst/u_adc_sample_cdc_bridge/u_fifo/mem_reg[6][31]/Q
                         net (fo=1, routed)           0.797     1.253    protection_system_i/protection_ip_axi_lite_0/inst/u_adc_sample_cdc_bridge/u_fifo/mem_reg[6][31]
    SLICE_X66Y79         LUT6 (Prop_lut6_I1_O)        0.124     1.377 r  protection_system_i/protection_ip_axi_lite_0/inst/u_adc_sample_cdc_bridge/u_fifo/rd_data[31]_INST_0_i_2/O
                         net (fo=1, routed)           0.000     1.377    protection_system_i/protection_ip_axi_lite_0/inst/u_adc_sample_cdc_bridge/u_fifo/rd_data[31]_INST_0_i_2_n_0
    SLICE_X66Y79         MUXF7 (Prop_muxf7_I1_O)      0.214     1.591 r  protection_system_i/protection_ip_axi_lite_0/inst/u_adc_sample_cdc_bridge/u_fifo/rd_data[31]_INST_0/O
                         net (fo=1, routed)           0.589     2.180    protection_system_i/protection_ip_axi_lite_0/inst/u_adc_sample_cdc_bridge/u_fifo_n_28
    SLICE_X63Y79         LUT3 (Prop_lut3_I1_O)        0.297     2.477 r  protection_system_i/protection_ip_axi_lite_0/inst/u_adc_sample_cdc_bridge/destination_data[31]_i_1/O
                         net (fo=1, routed)           0.000     2.477    protection_system_i/protection_ip_axi_lite_0/inst/u_adc_sample_cdc_bridge/destination_data[31]_i_1_n_0
    SLICE_X63Y79         FDCE                                         r  protection_system_i/protection_ip_axi_lite_0/inst/u_adc_sample_cdc_bridge/destination_data_reg[31]/D
  -------------------------------------------------------------------    -------------------

                         max delay                    8.000     8.000    
    SLICE_X63Y79         FDCE (Setup_fdce_C_D)        0.032     8.032    protection_system_i/protection_ip_axi_lite_0/inst/u_adc_sample_cdc_bridge/destination_data_reg[31]
  -------------------------------------------------------------------
                         required time                          8.032    
                         arrival time                          -2.477    
  -------------------------------------------------------------------
                         slack                                  5.555    

Slack (MET) :             5.575ns  (required time - arrival time)
  Source:                 protection_system_i/protection_ip_axi_lite_0/inst/u_adc_sample_cdc_bridge/u_fifo/mem_reg[6][9]/C
                            (rising edge-triggered cell FDRE clocked by clk_fpga_1  {rise@0.000ns fall@4.000ns period=8.000ns})
  Destination:            protection_system_i/protection_ip_axi_lite_0/inst/u_adc_sample_cdc_bridge/destination_data_reg[9]/D
                            (rising edge-triggered cell FDCE clocked by clk_fpga_0  {rise@0.000ns fall@5.000ns period=10.000ns})
  Path Group:             clk_fpga_0
  Path Type:              Setup (Max at Slow Process Corner)
  Requirement:            8.000ns  (MaxDelay Path 8.000ns)
  Data Path Delay:        2.504ns  (logic 1.091ns (43.571%)  route 1.413ns (56.429%))
  Logic Levels:           3  (LUT3=1 LUT6=1 MUXF7=1)
  Timing Exception:       MaxDelay Path 8.000ns -datapath_only

    Location             Delay type                Incr(ns)  Path(ns)    Netlist Resource(s)
  -------------------------------------------------------------------    -------------------
    SLICE_X63Y74                                      0.000     0.000 r  protection_system_i/protection_ip_axi_lite_0/inst/u_adc_sample_cdc_bridge/u_fifo/mem_reg[6][9]/C
    SLICE_X63Y74         FDRE (Prop_fdre_C_Q)         0.456     0.456 r  protection_system_i/protection_ip_axi_lite_0/inst/u_adc_sample_cdc_bridge/u_fifo/mem_reg[6][9]/Q
                         net (fo=1, routed)           0.594     1.050    protection_system_i/protection_ip_axi_lite_0/inst/u_adc_sample_cdc_bridge/u_fifo/mem_reg[6][9]
    SLICE_X62Y73         LUT6 (Prop_lut6_I1_O)        0.124     1.174 r  protection_system_i/protection_ip_axi_lite_0/inst/u_adc_sample_cdc_bridge/u_fifo/rd_data[9]_INST_0_i_2/O
                         net (fo=1, routed)           0.000     1.174    protection_system_i/protection_ip_axi_lite_0/inst/u_adc_sample_cdc_bridge/u_fifo/rd_data[9]_INST_0_i_2_n_0
    SLICE_X62Y73         MUXF7 (Prop_muxf7_I1_O)      0.214     1.388 r  protection_system_i/protection_ip_axi_lite_0/inst/u_adc_sample_cdc_bridge/u_fifo/rd_data[9]_INST_0/O
                         net (fo=1, routed)           0.819     2.207    protection_system_i/protection_ip_axi_lite_0/inst/u_adc_sample_cdc_bridge/u_fifo_n_50
    SLICE_X58Y79         LUT3 (Prop_lut3_I1_O)        0.297     2.504 r  protection_system_i/protection_ip_axi_lite_0/inst/u_adc_sample_cdc_bridge/destination_data[9]_i_1/O
                         net (fo=1, routed)           0.000     2.504    protection_system_i/protection_ip_axi_lite_0/inst/u_adc_sample_cdc_bridge/destination_data[9]_i_1_n_0
    SLICE_X58Y79         FDCE                                         r  protection_system_i/protection_ip_axi_lite_0/inst/u_adc_sample_cdc_bridge/destination_data_reg[9]/D
  -------------------------------------------------------------------    -------------------

                         max delay                    8.000     8.000    
    SLICE_X58Y79         FDCE (Setup_fdce_C_D)        0.079     8.079    protection_system_i/protection_ip_axi_lite_0/inst/u_adc_sample_cdc_bridge/destination_data_reg[9]
  -------------------------------------------------------------------
                         required time                          8.079    
                         arrival time                          -2.504    
  -------------------------------------------------------------------
                         slack                                  5.575    

Slack (MET) :             5.604ns  (required time - arrival time)
  Source:                 protection_system_i/protection_ip_axi_lite_0/inst/u_adc_sample_cdc_bridge/u_fifo/mem_reg[6][52]/C
                            (rising edge-triggered cell FDRE clocked by clk_fpga_1  {rise@0.000ns fall@4.000ns period=8.000ns})
  Destination:            protection_system_i/protection_ip_axi_lite_0/inst/u_adc_sample_cdc_bridge/destination_data_reg[52]/D
                            (rising edge-triggered cell FDCE clocked by clk_fpga_0  {rise@0.000ns fall@5.000ns period=10.000ns})
  Path Group:             clk_fpga_0
  Path Type:              Setup (Max at Slow Process Corner)
  Requirement:            8.000ns  (MaxDelay Path 8.000ns)
  Data Path Delay:        2.425ns  (logic 1.153ns (47.538%)  route 1.272ns (52.462%))
  Logic Levels:           3  (LUT3=1 LUT6=1 MUXF7=1)
  Timing Exception:       MaxDelay Path 8.000ns -datapath_only

    Location             Delay type                Incr(ns)  Path(ns)    Netlist Resource(s)
  -------------------------------------------------------------------    -------------------
    SLICE_X58Y98                                      0.000     0.000 r  protection_system_i/protection_ip_axi_lite_0/inst/u_adc_sample_cdc_bridge/u_fifo/mem_reg[6][52]/C
    SLICE_X58Y98         FDRE (Prop_fdre_C_Q)         0.518     0.518 r  protection_system_i/protection_ip_axi_lite_0/inst/u_adc_sample_cdc_bridge/u_fifo/mem_reg[6][52]/Q
                         net (fo=1, routed)           0.663     1.181    protection_system_i/protection_ip_axi_lite_0/inst/u_adc_sample_cdc_bridge/u_fifo/mem_reg[6][52]
    SLICE_X58Y99         LUT6 (Prop_lut6_I1_O)        0.124     1.305 r  protection_system_i/protection_ip_axi_lite_0/inst/u_adc_sample_cdc_bridge/u_fifo/rd_data[52]_INST_0_i_2/O
                         net (fo=1, routed)           0.000     1.305    protection_system_i/protection_ip_axi_lite_0/inst/u_adc_sample_cdc_bridge/u_fifo/rd_data[52]_INST_0_i_2_n_0
    SLICE_X58Y99         MUXF7 (Prop_muxf7_I1_O)      0.214     1.519 r  protection_system_i/protection_ip_axi_lite_0/inst/u_adc_sample_cdc_bridge/u_fifo/rd_data[52]_INST_0/O
                         net (fo=1, routed)           0.609     2.128    protection_system_i/protection_ip_axi_lite_0/inst/u_adc_sample_cdc_bridge/u_fifo_n_7
    SLICE_X60Y94         LUT3 (Prop_lut3_I1_O)        0.297     2.425 r  protection_system_i/protection_ip_axi_lite_0/inst/u_adc_sample_cdc_bridge/destination_data[52]_i_1/O
                         net (fo=1, routed)           0.000     2.425    protection_system_i/protection_ip_axi_lite_0/inst/u_adc_sample_cdc_bridge/destination_data[52]_i_1_n_0
    SLICE_X60Y94         FDCE                                         r  protection_system_i/protection_ip_axi_lite_0/inst/u_adc_sample_cdc_bridge/destination_data_reg[52]/D
  -------------------------------------------------------------------    -------------------

                         max delay                    8.000     8.000    
    SLICE_X60Y94         FDCE (Setup_fdce_C_D)        0.029     8.029    protection_system_i/protection_ip_axi_lite_0/inst/u_adc_sample_cdc_bridge/destination_data_reg[52]
  -------------------------------------------------------------------
                         required time                          8.029    
                         arrival time                          -2.425    
  -------------------------------------------------------------------
                         slack                                  5.604    

Slack (MET) :             5.633ns  (required time - arrival time)
  Source:                 protection_system_i/protection_ip_axi_lite_0/inst/u_adc_sample_cdc_bridge/u_fifo/mem_reg[6][50]/C
                            (rising edge-triggered cell FDRE clocked by clk_fpga_1  {rise@0.000ns fall@4.000ns period=8.000ns})
  Destination:            protection_system_i/protection_ip_axi_lite_0/inst/u_adc_sample_cdc_bridge/destination_data_reg[50]/D
                            (rising edge-triggered cell FDCE clocked by clk_fpga_0  {rise@0.000ns fall@5.000ns period=10.000ns})
  Path Group:             clk_fpga_0
  Path Type:              Setup (Max at Slow Process Corner)
  Requirement:            8.000ns  (MaxDelay Path 8.000ns)
  Data Path Delay:        2.446ns  (logic 1.091ns (44.611%)  route 1.355ns (55.389%))
  Logic Levels:           3  (LUT3=1 LUT6=1 MUXF7=1)
  Timing Exception:       MaxDelay Path 8.000ns -datapath_only

    Location             Delay type                Incr(ns)  Path(ns)    Netlist Resource(s)
  -------------------------------------------------------------------    -------------------
    SLICE_X60Y98                                      0.000     0.000 r  protection_system_i/protection_ip_axi_lite_0/inst/u_adc_sample_cdc_bridge/u_fifo/mem_reg[6][50]/C
    SLICE_X60Y98         FDRE (Prop_fdre_C_Q)         0.456     0.456 r  protection_system_i/protection_ip_axi_lite_0/inst/u_adc_sample_cdc_bridge/u_fifo/mem_reg[6][50]/Q
                         net (fo=1, routed)           0.633     1.089    protection_system_i/protection_ip_axi_lite_0/inst/u_adc_sample_cdc_bridge/u_fifo/mem_reg[6][50]
    SLICE_X62Y98         LUT6 (Prop_lut6_I1_O)        0.124     1.213 r  protection_system_i/protection_ip_axi_lite_0/inst/u_adc_sample_cdc_bridge/u_fifo/rd_data[50]_INST_0_i_2/O
                         net (fo=1, routed)           0.000     1.213    protection_system_i/protection_ip_axi_lite_0/inst/u_adc_sample_cdc_bridge/u_fifo/rd_data[50]_INST_0_i_2_n_0
    SLICE_X62Y98         MUXF7 (Prop_muxf7_I1_O)      0.214     1.427 r  protection_system_i/protection_ip_axi_lite_0/inst/u_adc_sample_cdc_bridge/u_fifo/rd_data[50]_INST_0/O
                         net (fo=1, routed)           0.722     2.149    protection_system_i/protection_ip_axi_lite_0/inst/u_adc_sample_cdc_bridge/u_fifo_n_9
    SLICE_X62Y94         LUT3 (Prop_lut3_I1_O)        0.297     2.446 r  protection_system_i/protection_ip_axi_lite_0/inst/u_adc_sample_cdc_bridge/destination_data[50]_i_1/O
                         net (fo=1, routed)           0.000     2.446    protection_system_i/protection_ip_axi_lite_0/inst/u_adc_sample_cdc_bridge/destination_data[50]_i_1_n_0
    SLICE_X62Y94         FDCE                                         r  protection_system_i/protection_ip_axi_lite_0/inst/u_adc_sample_cdc_bridge/destination_data_reg[50]/D
  -------------------------------------------------------------------    -------------------

                         max delay                    8.000     8.000    
    SLICE_X62Y94         FDCE (Setup_fdce_C_D)        0.079     8.079    protection_system_i/protection_ip_axi_lite_0/inst/u_adc_sample_cdc_bridge/destination_data_reg[50]
  -------------------------------------------------------------------
                         required time                          8.079    
                         arrival time                          -2.446    
  -------------------------------------------------------------------
                         slack                                  5.633    

Slack (MET) :             5.645ns  (required time - arrival time)
  Source:                 protection_system_i/protection_ip_axi_lite_0/inst/u_adc_sample_cdc_bridge/u_fifo/mem_reg[6][5]/C
                            (rising edge-triggered cell FDRE clocked by clk_fpga_1  {rise@0.000ns fall@4.000ns period=8.000ns})
  Destination:            protection_system_i/protection_ip_axi_lite_0/inst/u_adc_sample_cdc_bridge/destination_data_reg[5]/D
                            (rising edge-triggered cell FDCE clocked by clk_fpga_0  {rise@0.000ns fall@5.000ns period=10.000ns})
  Path Group:             clk_fpga_0
  Path Type:              Setup (Max at Slow Process Corner)
  Requirement:            8.000ns  (MaxDelay Path 8.000ns)
  Data Path Delay:        2.384ns  (logic 1.096ns (45.967%)  route 1.288ns (54.033%))
  Logic Levels:           3  (LUT3=1 LUT6=1 MUXF7=1)
  Timing Exception:       MaxDelay Path 8.000ns -datapath_only

    Location             Delay type                Incr(ns)  Path(ns)    Netlist Resource(s)
  -------------------------------------------------------------------    -------------------
    SLICE_X56Y77                                      0.000     0.000 r  protection_system_i/protection_ip_axi_lite_0/inst/u_adc_sample_cdc_bridge/u_fifo/mem_reg[6][5]/C
    SLICE_X56Y77         FDRE (Prop_fdre_C_Q)         0.456     0.456 r  protection_system_i/protection_ip_axi_lite_0/inst/u_adc_sample_cdc_bridge/u_fifo/mem_reg[6][5]/Q
                         net (fo=1, routed)           0.305     0.761    protection_system_i/protection_ip_axi_lite_0/inst/u_adc_sample_cdc_bridge/u_fifo/mem_reg[6][5]
    SLICE_X56Y76         LUT6 (Prop_lut6_I1_O)        0.124     0.885 r  protection_system_i/protection_ip_axi_lite_0/inst/u_adc_sample_cdc_bridge/u_fifo/rd_data[5]_INST_0_i_2/O
                         net (fo=1, routed)           0.000     0.885    protection_system_i/protection_ip_axi_lite_0/inst/u_adc_sample_cdc_bridge/u_fifo/rd_data[5]_INST_0_i_2_n_0
    SLICE_X56Y76         MUXF7 (Prop_muxf7_I1_O)      0.217     1.102 r  protection_system_i/protection_ip_axi_lite_0/inst/u_adc_sample_cdc_bridge/u_fifo/rd_data[5]_INST_0/O
                         net (fo=1, routed)           0.983     2.085    protection_system_i/protection_ip_axi_lite_0/inst/u_adc_sample_cdc_bridge/u_fifo_n_54
    SLICE_X52Y78         LUT3 (Prop_lut3_I1_O)        0.299     2.384 r  protection_system_i/protection_ip_axi_lite_0/inst/u_adc_sample_cdc_bridge/destination_data[5]_i_1/O
                         net (fo=1, routed)           0.000     2.384    protection_system_i/protection_ip_axi_lite_0/inst/u_adc_sample_cdc_bridge/destination_data[5]_i_1_n_0
    SLICE_X52Y78         FDCE                                         r  protection_system_i/protection_ip_axi_lite_0/inst/u_adc_sample_cdc_bridge/destination_data_reg[5]/D
  -------------------------------------------------------------------    -------------------

                         max delay                    8.000     8.000    
    SLICE_X52Y78         FDCE (Setup_fdce_C_D)        0.029     8.029    protection_system_i/protection_ip_axi_lite_0/inst/u_adc_sample_cdc_bridge/destination_data_reg[5]
  -------------------------------------------------------------------
                         required time                          8.029    
                         arrival time                          -2.384    
  -------------------------------------------------------------------
                         slack                                  5.645    

Slack (MET) :             5.687ns  (required time - arrival time)
  Source:                 protection_system_i/protection_ip_axi_lite_0/inst/u_adc_sample_cdc_bridge/u_fifo/mem_reg[6][54]/C
                            (rising edge-triggered cell FDRE clocked by clk_fpga_1  {rise@0.000ns fall@4.000ns period=8.000ns})
  Destination:            protection_system_i/protection_ip_axi_lite_0/inst/u_adc_sample_cdc_bridge/destination_data_reg[54]/D
                            (rising edge-triggered cell FDCE clocked by clk_fpga_0  {rise@0.000ns fall@5.000ns period=10.000ns})
  Path Group:             clk_fpga_0
  Path Type:              Setup (Max at Slow Process Corner)
  Requirement:            8.000ns  (MaxDelay Path 8.000ns)
  Data Path Delay:        2.344ns  (logic 1.096ns (46.757%)  route 1.248ns (53.243%))
  Logic Levels:           3  (LUT3=1 LUT6=1 MUXF7=1)
  Timing Exception:       MaxDelay Path 8.000ns -datapath_only

    Location             Delay type                Incr(ns)  Path(ns)    Netlist Resource(s)
  -------------------------------------------------------------------    -------------------
    SLICE_X65Y101                                     0.000     0.000 r  protection_system_i/protection_ip_axi_lite_0/inst/u_adc_sample_cdc_bridge/u_fifo/mem_reg[6][54]/C
    SLICE_X65Y101        FDRE (Prop_fdre_C_Q)         0.456     0.456 r  protection_system_i/protection_ip_axi_lite_0/inst/u_adc_sample_cdc_bridge/u_fifo/mem_reg[6][54]/Q
                         net (fo=1, routed)           0.444     0.900    protection_system_i/protection_ip_axi_lite_0/inst/u_adc_sample_cdc_bridge/u_fifo/mem_reg[6][54]
    SLICE_X64Y101        LUT6 (Prop_lut6_I1_O)        0.124     1.024 r  protection_system_i/protection_ip_axi_lite_0/inst/u_adc_sample_cdc_bridge/u_fifo/rd_data[54]_INST_0_i_2/O
                         net (fo=1, routed)           0.000     1.024    protection_system_i/protection_ip_axi_lite_0/inst/u_adc_sample_cdc_bridge/u_fifo/rd_data[54]_INST_0_i_2_n_0
    SLICE_X64Y101        MUXF7 (Prop_muxf7_I1_O)      0.217     1.241 r  protection_system_i/protection_ip_axi_lite_0/inst/u_adc_sample_cdc_bridge/u_fifo/rd_data[54]_INST_0/O
                         net (fo=1, routed)           0.804     2.045    protection_system_i/protection_ip_axi_lite_0/inst/u_adc_sample_cdc_bridge/u_fifo_n_5
    SLICE_X63Y94         LUT3 (Prop_lut3_I1_O)        0.299     2.344 r  protection_system_i/protection_ip_axi_lite_0/inst/u_adc_sample_cdc_bridge/destination_data[54]_i_1/O
                         net (fo=1, routed)           0.000     2.344    protection_system_i/protection_ip_axi_lite_0/inst/u_adc_sample_cdc_bridge/destination_data[54]_i_1_n_0
    SLICE_X63Y94         FDCE                                         r  protection_system_i/protection_ip_axi_lite_0/inst/u_adc_sample_cdc_bridge/destination_data_reg[54]/D
  -------------------------------------------------------------------    -------------------

                         max delay                    8.000     8.000    
    SLICE_X63Y94         FDCE (Setup_fdce_C_D)        0.031     8.031    protection_system_i/protection_ip_axi_lite_0/inst/u_adc_sample_cdc_bridge/destination_data_reg[54]
  -------------------------------------------------------------------
                         required time                          8.031    
                         arrival time                          -2.344    
  -------------------------------------------------------------------
                         slack                                  5.687    

Slack (MET) :             5.699ns  (required time - arrival time)
  Source:                 protection_system_i/protection_ip_axi_lite_0/inst/u_adc_sample_cdc_bridge/u_fifo/mem_reg[6][41]/C
                            (rising edge-triggered cell FDRE clocked by clk_fpga_1  {rise@0.000ns fall@4.000ns period=8.000ns})
  Destination:            protection_system_i/protection_ip_axi_lite_0/inst/u_adc_sample_cdc_bridge/destination_data_reg[41]/D
                            (rising edge-triggered cell FDCE clocked by clk_fpga_0  {rise@0.000ns fall@5.000ns period=10.000ns})
  Path Group:             clk_fpga_0
  Path Type:              Setup (Max at Slow Process Corner)
  Requirement:            8.000ns  (MaxDelay Path 8.000ns)
  Data Path Delay:        2.330ns  (logic 1.185ns (50.856%)  route 1.145ns (49.144%))
  Logic Levels:           3  (LUT3=1 LUT6=1 MUXF7=1)
  Timing Exception:       MaxDelay Path 8.000ns -datapath_only

    Location             Delay type                Incr(ns)  Path(ns)    Netlist Resource(s)
  -------------------------------------------------------------------    -------------------
    SLICE_X82Y93                                      0.000     0.000 r  protection_system_i/protection_ip_axi_lite_0/inst/u_adc_sample_cdc_bridge/u_fifo/mem_reg[6][41]/C
    SLICE_X82Y93         FDRE (Prop_fdre_C_Q)         0.518     0.518 r  protection_system_i/protection_ip_axi_lite_0/inst/u_adc_sample_cdc_bridge/u_fifo/mem_reg[6][41]/Q
                         net (fo=1, routed)           0.570     1.088    protection_system_i/protection_ip_axi_lite_0/inst/u_adc_sample_cdc_bridge/u_fifo/mem_reg[6][41]
    SLICE_X84Y93         LUT6 (Prop_lut6_I1_O)        0.124     1.212 r  protection_system_i/protection_ip_axi_lite_0/inst/u_adc_sample_cdc_bridge/u_fifo/rd_data[41]_INST_0_i_2/O
                         net (fo=1, routed)           0.000     1.212    protection_system_i/protection_ip_axi_lite_0/inst/u_adc_sample_cdc_bridge/u_fifo/rd_data[41]_INST_0_i_2_n_0
    SLICE_X84Y93         MUXF7 (Prop_muxf7_I1_O)      0.245     1.457 r  protection_system_i/protection_ip_axi_lite_0/inst/u_adc_sample_cdc_bridge/u_fifo/rd_data[41]_INST_0/O
                         net (fo=1, routed)           0.576     2.032    protection_system_i/protection_ip_axi_lite_0/inst/u_adc_sample_cdc_bridge/u_fifo_n_18
    SLICE_X65Y92         LUT3 (Prop_lut3_I1_O)        0.298     2.330 r  protection_system_i/protection_ip_axi_lite_0/inst/u_adc_sample_cdc_bridge/destination_data[41]_i_1/O
                         net (fo=1, routed)           0.000     2.330    protection_system_i/protection_ip_axi_lite_0/inst/u_adc_sample_cdc_bridge/destination_data[41]_i_1_n_0
    SLICE_X65Y92         FDCE                                         r  protection_system_i/protection_ip_axi_lite_0/inst/u_adc_sample_cdc_bridge/destination_data_reg[41]/D
  -------------------------------------------------------------------    -------------------

                         max delay                    8.000     8.000    
    SLICE_X65Y92         FDCE (Setup_fdce_C_D)        0.029     8.029    protection_system_i/protection_ip_axi_lite_0/inst/u_adc_sample_cdc_bridge/destination_data_reg[41]
  -------------------------------------------------------------------
                         required time                          8.029    
                         arrival time                          -2.330    
  -------------------------------------------------------------------
                         slack                                  5.699    

Slack (MET) :             5.702ns  (required time - arrival time)
  Source:                 protection_system_i/protection_ip_axi_lite_0/inst/u_adc_sample_cdc_bridge/u_fifo/mem_reg[6][0]/C
                            (rising edge-triggered cell FDRE clocked by clk_fpga_1  {rise@0.000ns fall@4.000ns period=8.000ns})
  Destination:            protection_system_i/protection_ip_axi_lite_0/inst/u_adc_sample_cdc_bridge/destination_data_reg[0]/D
                            (rising edge-triggered cell FDCE clocked by clk_fpga_0  {rise@0.000ns fall@5.000ns period=10.000ns})
  Path Group:             clk_fpga_0
  Path Type:              Setup (Max at Slow Process Corner)
  Requirement:            8.000ns  (MaxDelay Path 8.000ns)
  Data Path Delay:        2.329ns  (logic 1.096ns (47.056%)  route 1.233ns (52.944%))
  Logic Levels:           3  (LUT3=1 LUT6=1 MUXF7=1)
  Timing Exception:       MaxDelay Path 8.000ns -datapath_only

    Location             Delay type                Incr(ns)  Path(ns)    Netlist Resource(s)
  -------------------------------------------------------------------    -------------------
    SLICE_X53Y76                                      0.000     0.000 r  protection_system_i/protection_ip_axi_lite_0/inst/u_adc_sample_cdc_bridge/u_fifo/mem_reg[6][0]/C
    SLICE_X53Y76         FDRE (Prop_fdre_C_Q)         0.456     0.456 r  protection_system_i/protection_ip_axi_lite_0/inst/u_adc_sample_cdc_bridge/u_fifo/mem_reg[6][0]/Q
                         net (fo=1, routed)           0.656     1.112    protection_system_i/protection_ip_axi_lite_0/inst/u_adc_sample_cdc_bridge/u_fifo/mem_reg[6][0]
    SLICE_X53Y76         LUT6 (Prop_lut6_I1_O)        0.124     1.236 r  protection_system_i/protection_ip_axi_lite_0/inst/u_adc_sample_cdc_bridge/u_fifo/rd_data[0]_INST_0_i_2/O
                         net (fo=1, routed)           0.000     1.236    protection_system_i/protection_ip_axi_lite_0/inst/u_adc_sample_cdc_bridge/u_fifo/rd_data[0]_INST_0_i_2_n_0
    SLICE_X53Y76         MUXF7 (Prop_muxf7_I1_O)      0.217     1.453 r  protection_system_i/protection_ip_axi_lite_0/inst/u_adc_sample_cdc_bridge/u_fifo/rd_data[0]_INST_0/O
                         net (fo=1, routed)           0.577     2.030    protection_system_i/protection_ip_axi_lite_0/inst/u_adc_sample_cdc_bridge/u_fifo_n_59
    SLICE_X53Y78         LUT3 (Prop_lut3_I1_O)        0.299     2.329 r  protection_system_i/protection_ip_axi_lite_0/inst/u_adc_sample_cdc_bridge/destination_data[0]_i_1/O
                         net (fo=1, routed)           0.000     2.329    protection_system_i/protection_ip_axi_lite_0/inst/u_adc_sample_cdc_bridge/destination_data[0]_i_1_n_0
    SLICE_X53Y78         FDCE                                         r  protection_system_i/protection_ip_axi_lite_0/inst/u_adc_sample_cdc_bridge/destination_data_reg[0]/D
  -------------------------------------------------------------------    -------------------

                         max delay                    8.000     8.000    
    SLICE_X53Y78         FDCE (Setup_fdce_C_D)        0.031     8.031    protection_system_i/protection_ip_axi_lite_0/inst/u_adc_sample_cdc_bridge/destination_data_reg[0]
  -------------------------------------------------------------------
                         required time                          8.031    
                         arrival time                          -2.329    
  -------------------------------------------------------------------
                         slack                                  5.702    

Slack (MET) :             5.713ns  (required time - arrival time)
  Source:                 protection_system_i/protection_ip_axi_lite_0/inst/u_adc_sample_cdc_bridge/u_fifo/mem_reg[6][30]/C
                            (rising edge-triggered cell FDRE clocked by clk_fpga_1  {rise@0.000ns fall@4.000ns period=8.000ns})
  Destination:            protection_system_i/protection_ip_axi_lite_0/inst/u_adc_sample_cdc_bridge/destination_data_reg[30]/D
                            (rising edge-triggered cell FDCE clocked by clk_fpga_0  {rise@0.000ns fall@5.000ns period=10.000ns})
  Path Group:             clk_fpga_0
  Path Type:              Setup (Max at Slow Process Corner)
  Requirement:            8.000ns  (MaxDelay Path 8.000ns)
  Data Path Delay:        2.318ns  (logic 1.096ns (47.290%)  route 1.222ns (52.710%))
  Logic Levels:           3  (LUT3=1 LUT6=1 MUXF7=1)
  Timing Exception:       MaxDelay Path 8.000ns -datapath_only

    Location             Delay type                Incr(ns)  Path(ns)    Netlist Resource(s)
  -------------------------------------------------------------------    -------------------
    SLICE_X59Y78                                      0.000     0.000 r  protection_system_i/protection_ip_axi_lite_0/inst/u_adc_sample_cdc_bridge/u_fifo/mem_reg[6][30]/C
    SLICE_X59Y78         FDRE (Prop_fdre_C_Q)         0.456     0.456 r  protection_system_i/protection_ip_axi_lite_0/inst/u_adc_sample_cdc_bridge/u_fifo/mem_reg[6][30]/Q
                         net (fo=1, routed)           0.440     0.896    protection_system_i/protection_ip_axi_lite_0/inst/u_adc_sample_cdc_bridge/u_fifo/mem_reg[6][30]
    SLICE_X61Y78         LUT6 (Prop_lut6_I1_O)        0.124     1.020 r  protection_system_i/protection_ip_axi_lite_0/inst/u_adc_sample_cdc_bridge/u_fifo/rd_data[30]_INST_0_i_2/O
                         net (fo=1, routed)           0.000     1.020    protection_system_i/protection_ip_axi_lite_0/inst/u_adc_sample_cdc_bridge/u_fifo/rd_data[30]_INST_0_i_2_n_0
    SLICE_X61Y78         MUXF7 (Prop_muxf7_I1_O)      0.217     1.237 r  protection_system_i/protection_ip_axi_lite_0/inst/u_adc_sample_cdc_bridge/u_fifo/rd_data[30]_INST_0/O
                         net (fo=1, routed)           0.782     2.019    protection_system_i/protection_ip_axi_lite_0/inst/u_adc_sample_cdc_bridge/u_fifo_n_29
    SLICE_X61Y80         LUT3 (Prop_lut3_I1_O)        0.299     2.318 r  protection_system_i/protection_ip_axi_lite_0/inst/u_adc_sample_cdc_bridge/destination_data[30]_i_1/O
                         net (fo=1, routed)           0.000     2.318    protection_system_i/protection_ip_axi_lite_0/inst/u_adc_sample_cdc_bridge/destination_data[30]_i_1_n_0
    SLICE_X61Y80         FDCE                                         r  protection_system_i/protection_ip_axi_lite_0/inst/u_adc_sample_cdc_bridge/destination_data_reg[30]/D
  -------------------------------------------------------------------    -------------------

                         max delay                    8.000     8.000    
    SLICE_X61Y80         FDCE (Setup_fdce_C_D)        0.031     8.031    protection_system_i/protection_ip_axi_lite_0/inst/u_adc_sample_cdc_bridge/destination_data_reg[30]
  -------------------------------------------------------------------
                         required time                          8.031    
                         arrival time                          -2.318    
  -------------------------------------------------------------------
                         slack                                  5.713    

Slack (MET) :             5.714ns  (required time - arrival time)
  Source:                 protection_system_i/protection_ip_axi_lite_0/inst/u_adc_sample_cdc_bridge/u_fifo/mem_reg[6][27]/C
                            (rising edge-triggered cell FDRE clocked by clk_fpga_1  {rise@0.000ns fall@4.000ns period=8.000ns})
  Destination:            protection_system_i/protection_ip_axi_lite_0/inst/u_adc_sample_cdc_bridge/destination_data_reg[27]/D
                            (rising edge-triggered cell FDCE clocked by clk_fpga_0  {rise@0.000ns fall@5.000ns period=10.000ns})
  Path Group:             clk_fpga_0
  Path Type:              Setup (Max at Slow Process Corner)
  Requirement:            8.000ns  (MaxDelay Path 8.000ns)
  Data Path Delay:        2.315ns  (logic 1.158ns (50.018%)  route 1.157ns (49.982%))
  Logic Levels:           3  (LUT3=1 LUT6=1 MUXF7=1)
  Timing Exception:       MaxDelay Path 8.000ns -datapath_only

    Location             Delay type                Incr(ns)  Path(ns)    Netlist Resource(s)
  -------------------------------------------------------------------    -------------------
    SLICE_X66Y77                                      0.000     0.000 r  protection_system_i/protection_ip_axi_lite_0/inst/u_adc_sample_cdc_bridge/u_fifo/mem_reg[6][27]/C
    SLICE_X66Y77         FDRE (Prop_fdre_C_Q)         0.518     0.518 r  protection_system_i/protection_ip_axi_lite_0/inst/u_adc_sample_cdc_bridge/u_fifo/mem_reg[6][27]/Q
                         net (fo=1, routed)           0.410     0.928    protection_system_i/protection_ip_axi_lite_0/inst/u_adc_sample_cdc_bridge/u_fifo/mem_reg[6][27]
    SLICE_X64Y77         LUT6 (Prop_lut6_I1_O)        0.124     1.052 r  protection_system_i/protection_ip_axi_lite_0/inst/u_adc_sample_cdc_bridge/u_fifo/rd_data[27]_INST_0_i_2/O
                         net (fo=1, routed)           0.000     1.052    protection_system_i/protection_ip_axi_lite_0/inst/u_adc_sample_cdc_bridge/u_fifo/rd_data[27]_INST_0_i_2_n_0
    SLICE_X64Y77         MUXF7 (Prop_muxf7_I1_O)      0.217     1.269 r  protection_system_i/protection_ip_axi_lite_0/inst/u_adc_sample_cdc_bridge/u_fifo/rd_data[27]_INST_0/O
                         net (fo=1, routed)           0.747     2.016    protection_system_i/protection_ip_axi_lite_0/inst/u_adc_sample_cdc_bridge/u_fifo_n_32
    SLICE_X64Y79         LUT3 (Prop_lut3_I1_O)        0.299     2.315 r  protection_system_i/protection_ip_axi_lite_0/inst/u_adc_sample_cdc_bridge/destination_data[27]_i_1/O
                         net (fo=1, routed)           0.000     2.315    protection_system_i/protection_ip_axi_lite_0/inst/u_adc_sample_cdc_bridge/destination_data[27]_i_1_n_0
    SLICE_X64Y79         FDCE                                         r  protection_system_i/protection_ip_axi_lite_0/inst/u_adc_sample_cdc_bridge/destination_data_reg[27]/D
  -------------------------------------------------------------------    -------------------

                         max delay                    8.000     8.000    
    SLICE_X64Y79         FDCE (Setup_fdce_C_D)        0.029     8.029    protection_system_i/protection_ip_axi_lite_0/inst/u_adc_sample_cdc_bridge/destination_data_reg[27]
  -------------------------------------------------------------------
                         required time                          8.029    
                         arrival time                          -2.315    
  -------------------------------------------------------------------
                         slack                                  5.714    

Slack (MET) :             5.718ns  (required time - arrival time)
  Source:                 protection_system_i/protection_ip_axi_lite_0/inst/u_adc_sample_cdc_bridge/u_fifo/mem_reg[6][21]/C
                            (rising edge-triggered cell FDRE clocked by clk_fpga_1  {rise@0.000ns fall@4.000ns period=8.000ns})
  Destination:            protection_system_i/protection_ip_axi_lite_0/inst/u_adc_sample_cdc_bridge/destination_data_reg[21]/D
                            (rising edge-triggered cell FDCE clocked by clk_fpga_0  {rise@0.000ns fall@5.000ns period=10.000ns})
  Path Group:             clk_fpga_0
  Path Type:              Setup (Max at Slow Process Corner)
  Requirement:            8.000ns  (MaxDelay Path 8.000ns)
  Data Path Delay:        2.359ns  (logic 1.123ns (47.595%)  route 1.236ns (52.405%))
  Logic Levels:           3  (LUT3=1 LUT6=1 MUXF7=1)
  Timing Exception:       MaxDelay Path 8.000ns -datapath_only

    Location             Delay type                Incr(ns)  Path(ns)    Netlist Resource(s)
  -------------------------------------------------------------------    -------------------
    SLICE_X52Y75                                      0.000     0.000 r  protection_system_i/protection_ip_axi_lite_0/inst/u_adc_sample_cdc_bridge/u_fifo/mem_reg[6][21]/C
    SLICE_X52Y75         FDRE (Prop_fdre_C_Q)         0.456     0.456 r  protection_system_i/protection_ip_axi_lite_0/inst/u_adc_sample_cdc_bridge/u_fifo/mem_reg[6][21]/Q
                         net (fo=1, routed)           0.505     0.961    protection_system_i/protection_ip_axi_lite_0/inst/u_adc_sample_cdc_bridge/u_fifo/mem_reg[6][21]
    SLICE_X52Y75         LUT6 (Prop_lut6_I1_O)        0.124     1.085 r  protection_system_i/protection_ip_axi_lite_0/inst/u_adc_sample_cdc_bridge/u_fifo/rd_data[21]_INST_0_i_2/O
                         net (fo=1, routed)           0.000     1.085    protection_system_i/protection_ip_axi_lite_0/inst/u_adc_sample_cdc_bridge/u_fifo/rd_data[21]_INST_0_i_2_n_0
    SLICE_X52Y75         MUXF7 (Prop_muxf7_I1_O)      0.245     1.330 r  protection_system_i/protection_ip_axi_lite_0/inst/u_adc_sample_cdc_bridge/u_fifo/rd_data[21]_INST_0/O
                         net (fo=1, routed)           0.732     2.061    protection_system_i/protection_ip_axi_lite_0/inst/u_adc_sample_cdc_bridge/u_fifo_n_38
    SLICE_X50Y77         LUT3 (Prop_lut3_I1_O)        0.298     2.359 r  protection_system_i/protection_ip_axi_lite_0/inst/u_adc_sample_cdc_bridge/destination_data[21]_i_1/O
                         net (fo=1, routed)           0.000     2.359    protection_system_i/protection_ip_axi_lite_0/inst/u_adc_sample_cdc_bridge/destination_data[21]_i_1_n_0
    SLICE_X50Y77         FDCE                                         r  protection_system_i/protection_ip_axi_lite_0/inst/u_adc_sample_cdc_bridge/destination_data_reg[21]/D
  -------------------------------------------------------------------    -------------------

                         max delay                    8.000     8.000    
    SLICE_X50Y77         FDCE (Setup_fdce_C_D)        0.077     8.077    protection_system_i/protection_ip_axi_lite_0/inst/u_adc_sample_cdc_bridge/destination_data_reg[21]
  -------------------------------------------------------------------
                         required time                          8.077    
                         arrival time                          -2.359    
  -------------------------------------------------------------------
                         slack                                  5.718    

Slack (MET) :             5.720ns  (required time - arrival time)
  Source:                 protection_system_i/protection_ip_axi_lite_0/inst/u_adc_sample_cdc_bridge/u_fifo/mem_reg[6][51]/C
                            (rising edge-triggered cell FDRE clocked by clk_fpga_1  {rise@0.000ns fall@4.000ns period=8.000ns})
  Destination:            protection_system_i/protection_ip_axi_lite_0/inst/u_adc_sample_cdc_bridge/destination_data_reg[51]/D
                            (rising edge-triggered cell FDCE clocked by clk_fpga_0  {rise@0.000ns fall@5.000ns period=10.000ns})
  Path Group:             clk_fpga_0
  Path Type:              Setup (Max at Slow Process Corner)
  Requirement:            8.000ns  (MaxDelay Path 8.000ns)
  Data Path Delay:        2.309ns  (logic 1.096ns (47.468%)  route 1.213ns (52.532%))
  Logic Levels:           3  (LUT3=1 LUT6=1 MUXF7=1)
  Timing Exception:       MaxDelay Path 8.000ns -datapath_only

    Location             Delay type                Incr(ns)  Path(ns)    Netlist Resource(s)
  -------------------------------------------------------------------    -------------------
    SLICE_X59Y100                                     0.000     0.000 r  protection_system_i/protection_ip_axi_lite_0/inst/u_adc_sample_cdc_bridge/u_fifo/mem_reg[6][51]/C
    SLICE_X59Y100        FDRE (Prop_fdre_C_Q)         0.456     0.456 r  protection_system_i/protection_ip_axi_lite_0/inst/u_adc_sample_cdc_bridge/u_fifo/mem_reg[6][51]/Q
                         net (fo=1, routed)           0.707     1.163    protection_system_i/protection_ip_axi_lite_0/inst/u_adc_sample_cdc_bridge/u_fifo/mem_reg[6][51]
    SLICE_X61Y100        LUT6 (Prop_lut6_I1_O)        0.124     1.287 r  protection_system_i/protection_ip_axi_lite_0/inst/u_adc_sample_cdc_bridge/u_fifo/rd_data[51]_INST_0_i_2/O
                         net (fo=1, routed)           0.000     1.287    protection_system_i/protection_ip_axi_lite_0/inst/u_adc_sample_cdc_bridge/u_fifo/rd_data[51]_INST_0_i_2_n_0
    SLICE_X61Y100        MUXF7 (Prop_muxf7_I1_O)      0.217     1.504 r  protection_system_i/protection_ip_axi_lite_0/inst/u_adc_sample_cdc_bridge/u_fifo/rd_data[51]_INST_0/O
                         net (fo=1, routed)           0.506     2.010    protection_system_i/protection_ip_axi_lite_0/inst/u_adc_sample_cdc_bridge/u_fifo_n_8
    SLICE_X61Y95         LUT3 (Prop_lut3_I1_O)        0.299     2.309 r  protection_system_i/protection_ip_axi_lite_0/inst/u_adc_sample_cdc_bridge/destination_data[51]_i_1/O
                         net (fo=1, routed)           0.000     2.309    protection_system_i/protection_ip_axi_lite_0/inst/u_adc_sample_cdc_bridge/destination_data[51]_i_1_n_0
    SLICE_X61Y95         FDCE                                         r  protection_system_i/protection_ip_axi_lite_0/inst/u_adc_sample_cdc_bridge/destination_data_reg[51]/D
  -------------------------------------------------------------------    -------------------

                         max delay                    8.000     8.000    
    SLICE_X61Y95         FDCE (Setup_fdce_C_D)        0.029     8.029    protection_system_i/protection_ip_axi_lite_0/inst/u_adc_sample_cdc_bridge/destination_data_reg[51]
  -------------------------------------------------------------------
                         required time                          8.029    
                         arrival time                          -2.309    
  -------------------------------------------------------------------
                         slack                                  5.720    

Slack (MET) :             5.726ns  (required time - arrival time)
  Source:                 protection_system_i/protection_ip_axi_lite_0/inst/u_adc_sample_cdc_bridge/u_fifo/mem_reg[6][56]/C
                            (rising edge-triggered cell FDRE clocked by clk_fpga_1  {rise@0.000ns fall@4.000ns period=8.000ns})
  Destination:            protection_system_i/protection_ip_axi_lite_0/inst/u_adc_sample_cdc_bridge/destination_data_reg[56]/D
                            (rising edge-triggered cell FDCE clocked by clk_fpga_0  {rise@0.000ns fall@5.000ns period=10.000ns})
  Path Group:             clk_fpga_0
  Path Type:              Setup (Max at Slow Process Corner)
  Requirement:            8.000ns  (MaxDelay Path 8.000ns)
  Data Path Delay:        2.305ns  (logic 1.096ns (47.553%)  route 1.209ns (52.447%))
  Logic Levels:           3  (LUT3=1 LUT6=1 MUXF7=1)
  Timing Exception:       MaxDelay Path 8.000ns -datapath_only

    Location             Delay type                Incr(ns)  Path(ns)    Netlist Resource(s)
  -------------------------------------------------------------------    -------------------
    SLICE_X56Y77                                      0.000     0.000 r  protection_system_i/protection_ip_axi_lite_0/inst/u_adc_sample_cdc_bridge/u_fifo/mem_reg[6][56]/C
    SLICE_X56Y77         FDRE (Prop_fdre_C_Q)         0.456     0.456 r  protection_system_i/protection_ip_axi_lite_0/inst/u_adc_sample_cdc_bridge/u_fifo/mem_reg[6][56]/Q
                         net (fo=1, routed)           0.658     1.114    protection_system_i/protection_ip_axi_lite_0/inst/u_adc_sample_cdc_bridge/u_fifo/mem_reg[6][56]
    SLICE_X56Y77         LUT6 (Prop_lut6_I1_O)        0.124     1.238 r  protection_system_i/protection_ip_axi_lite_0/inst/u_adc_sample_cdc_bridge/u_fifo/rd_data[56]_INST_0_i_2/O
                         net (fo=1, routed)           0.000     1.238    protection_system_i/protection_ip_axi_lite_0/inst/u_adc_sample_cdc_bridge/u_fifo/rd_data[56]_INST_0_i_2_n_0
    SLICE_X56Y77         MUXF7 (Prop_muxf7_I1_O)      0.217     1.455 r  protection_system_i/protection_ip_axi_lite_0/inst/u_adc_sample_cdc_bridge/u_fifo/rd_data[56]_INST_0/O
                         net (fo=1, routed)           0.551     2.006    protection_system_i/protection_ip_axi_lite_0/inst/u_adc_sample_cdc_bridge/u_fifo_n_3
    SLICE_X57Y80         LUT3 (Prop_lut3_I1_O)        0.299     2.305 r  protection_system_i/protection_ip_axi_lite_0/inst/u_adc_sample_cdc_bridge/destination_data[56]_i_1/O
                         net (fo=1, routed)           0.000     2.305    protection_system_i/protection_ip_axi_lite_0/inst/u_adc_sample_cdc_bridge/destination_data[56]_i_1_n_0
    SLICE_X57Y80         FDCE                                         r  protection_system_i/protection_ip_axi_lite_0/inst/u_adc_sample_cdc_bridge/destination_data_reg[56]/D
  -------------------------------------------------------------------    -------------------

                         max delay                    8.000     8.000    
    SLICE_X57Y80         FDCE (Setup_fdce_C_D)        0.031     8.031    protection_system_i/protection_ip_axi_lite_0/inst/u_adc_sample_cdc_bridge/destination_data_reg[56]
  -------------------------------------------------------------------
                         required time                          8.031    
                         arrival time                          -2.305    
  -------------------------------------------------------------------
                         slack                                  5.726    

Slack (MET) :             5.765ns  (required time - arrival time)
  Source:                 protection_system_i/protection_ip_axi_lite_0/inst/u_adc_sample_cdc_bridge/u_fifo/mem_reg[6][12]/C
                            (rising edge-triggered cell FDRE clocked by clk_fpga_1  {rise@0.000ns fall@4.000ns period=8.000ns})
  Destination:            protection_system_i/protection_ip_axi_lite_0/inst/u_adc_sample_cdc_bridge/destination_data_reg[12]/D
                            (rising edge-triggered cell FDCE clocked by clk_fpga_0  {rise@0.000ns fall@5.000ns period=10.000ns})
  Path Group:             clk_fpga_0
  Path Type:              Setup (Max at Slow Process Corner)
  Requirement:            8.000ns  (MaxDelay Path 8.000ns)
  Data Path Delay:        2.264ns  (logic 1.096ns (48.410%)  route 1.168ns (51.590%))
  Logic Levels:           3  (LUT3=1 LUT6=1 MUXF7=1)
  Timing Exception:       MaxDelay Path 8.000ns -datapath_only

    Location             Delay type                Incr(ns)  Path(ns)    Netlist Resource(s)
  -------------------------------------------------------------------    -------------------
    SLICE_X51Y74                                      0.000     0.000 r  protection_system_i/protection_ip_axi_lite_0/inst/u_adc_sample_cdc_bridge/u_fifo/mem_reg[6][12]/C
    SLICE_X51Y74         FDRE (Prop_fdre_C_Q)         0.456     0.456 r  protection_system_i/protection_ip_axi_lite_0/inst/u_adc_sample_cdc_bridge/u_fifo/mem_reg[6][12]/Q
                         net (fo=1, routed)           0.437     0.893    protection_system_i/protection_ip_axi_lite_0/inst/u_adc_sample_cdc_bridge/u_fifo/mem_reg[6][12]
    SLICE_X48Y74         LUT6 (Prop_lut6_I1_O)        0.124     1.017 r  protection_system_i/protection_ip_axi_lite_0/inst/u_adc_sample_cdc_bridge/u_fifo/rd_data[12]_INST_0_i_2/O
                         net (fo=1, routed)           0.000     1.017    protection_system_i/protection_ip_axi_lite_0/inst/u_adc_sample_cdc_bridge/u_fifo/rd_data[12]_INST_0_i_2_n_0
    SLICE_X48Y74         MUXF7 (Prop_muxf7_I1_O)      0.217     1.234 r  protection_system_i/protection_ip_axi_lite_0/inst/u_adc_sample_cdc_bridge/u_fifo/rd_data[12]_INST_0/O
                         net (fo=1, routed)           0.731     1.965    protection_system_i/protection_ip_axi_lite_0/inst/u_adc_sample_cdc_bridge/u_fifo_n_47
    SLICE_X49Y77         LUT3 (Prop_lut3_I1_O)        0.299     2.264 r  protection_system_i/protection_ip_axi_lite_0/inst/u_adc_sample_cdc_bridge/destination_data[12]_i_1/O
                         net (fo=1, routed)           0.000     2.264    protection_system_i/protection_ip_axi_lite_0/inst/u_adc_sample_cdc_bridge/destination_data[12]_i_1_n_0
    SLICE_X49Y77         FDCE                                         r  protection_system_i/protection_ip_axi_lite_0/inst/u_adc_sample_cdc_bridge/destination_data_reg[12]/D
  -------------------------------------------------------------------    -------------------

                         max delay                    8.000     8.000    
    SLICE_X49Y77         FDCE (Setup_fdce_C_D)        0.029     8.029    protection_system_i/protection_ip_axi_lite_0/inst/u_adc_sample_cdc_bridge/destination_data_reg[12]
  -------------------------------------------------------------------
                         required time                          8.029    
                         arrival time                          -2.264    
  -------------------------------------------------------------------
                         slack                                  5.765    

Slack (MET) :             5.777ns  (required time - arrival time)
  Source:                 protection_system_i/protection_ip_axi_lite_0/inst/u_adc_sample_cdc_bridge/u_fifo/mem_reg[6][34]/C
                            (rising edge-triggered cell FDRE clocked by clk_fpga_1  {rise@0.000ns fall@4.000ns period=8.000ns})
  Destination:            protection_system_i/protection_ip_axi_lite_0/inst/u_adc_sample_cdc_bridge/destination_data_reg[34]/D
                            (rising edge-triggered cell FDCE clocked by clk_fpga_0  {rise@0.000ns fall@5.000ns period=10.000ns})
  Path Group:             clk_fpga_0
  Path Type:              Setup (Max at Slow Process Corner)
  Requirement:            8.000ns  (MaxDelay Path 8.000ns)
  Data Path Delay:        2.252ns  (logic 1.125ns (49.962%)  route 1.127ns (50.038%))
  Logic Levels:           3  (LUT3=1 LUT6=1 MUXF7=1)
  Timing Exception:       MaxDelay Path 8.000ns -datapath_only

    Location             Delay type                Incr(ns)  Path(ns)    Netlist Resource(s)
  -------------------------------------------------------------------    -------------------
    SLICE_X83Y82                                      0.000     0.000 r  protection_system_i/protection_ip_axi_lite_0/inst/u_adc_sample_cdc_bridge/u_fifo/mem_reg[6][34]/C
    SLICE_X83Y82         FDRE (Prop_fdre_C_Q)         0.456     0.456 r  protection_system_i/protection_ip_axi_lite_0/inst/u_adc_sample_cdc_bridge/u_fifo/mem_reg[6][34]/Q
                         net (fo=1, routed)           0.161     0.617    protection_system_i/protection_ip_axi_lite_0/inst/u_adc_sample_cdc_bridge/u_fifo/mem_reg[6][34]
    SLICE_X82Y82         LUT6 (Prop_lut6_I1_O)        0.124     0.741 r  protection_system_i/protection_ip_axi_lite_0/inst/u_adc_sample_cdc_bridge/u_fifo/rd_data[34]_INST_0_i_2/O
                         net (fo=1, routed)           0.000     0.741    protection_system_i/protection_ip_axi_lite_0/inst/u_adc_sample_cdc_bridge/u_fifo/rd_data[34]_INST_0_i_2_n_0
    SLICE_X82Y82         MUXF7 (Prop_muxf7_I1_O)      0.247     0.988 r  protection_system_i/protection_ip_axi_lite_0/inst/u_adc_sample_cdc_bridge/u_fifo/rd_data[34]_INST_0/O
                         net (fo=1, routed)           0.966     1.954    protection_system_i/protection_ip_axi_lite_0/inst/u_adc_sample_cdc_bridge/u_fifo_n_25
    SLICE_X67Y81         LUT3 (Prop_lut3_I1_O)        0.298     2.252 r  protection_system_i/protection_ip_axi_lite_0/inst/u_adc_sample_cdc_bridge/destination_data[34]_i_1/O
                         net (fo=1, routed)           0.000     2.252    protection_system_i/protection_ip_axi_lite_0/inst/u_adc_sample_cdc_bridge/destination_data[34]_i_1_n_0
    SLICE_X67Y81         FDCE                                         r  protection_system_i/protection_ip_axi_lite_0/inst/u_adc_sample_cdc_bridge/destination_data_reg[34]/D
  -------------------------------------------------------------------    -------------------

                         max delay                    8.000     8.000    
    SLICE_X67Y81         FDCE (Setup_fdce_C_D)        0.029     8.029    protection_system_i/protection_ip_axi_lite_0/inst/u_adc_sample_cdc_bridge/destination_data_reg[34]
  -------------------------------------------------------------------
                         required time                          8.029    
                         arrival time                          -2.252    
  -------------------------------------------------------------------
                         slack                                  5.777    

Slack (MET) :             5.795ns  (required time - arrival time)
  Source:                 protection_system_i/protection_ip_axi_lite_0/inst/u_adc_sample_cdc_bridge/u_fifo/mem_reg[6][33]/C
                            (rising edge-triggered cell FDRE clocked by clk_fpga_1  {rise@0.000ns fall@4.000ns period=8.000ns})
  Destination:            protection_system_i/protection_ip_axi_lite_0/inst/u_adc_sample_cdc_bridge/destination_data_reg[33]/D
                            (rising edge-triggered cell FDCE clocked by clk_fpga_0  {rise@0.000ns fall@5.000ns period=10.000ns})
  Path Group:             clk_fpga_0
  Path Type:              Setup (Max at Slow Process Corner)
  Requirement:            8.000ns  (MaxDelay Path 8.000ns)
  Data Path Delay:        2.234ns  (logic 1.091ns (48.833%)  route 1.143ns (51.167%))
  Logic Levels:           3  (LUT3=1 LUT6=1 MUXF7=1)
  Timing Exception:       MaxDelay Path 8.000ns -datapath_only

    Location             Delay type                Incr(ns)  Path(ns)    Netlist Resource(s)
  -------------------------------------------------------------------    -------------------
    SLICE_X83Y82                                      0.000     0.000 r  protection_system_i/protection_ip_axi_lite_0/inst/u_adc_sample_cdc_bridge/u_fifo/mem_reg[6][33]/C
    SLICE_X83Y82         FDRE (Prop_fdre_C_Q)         0.456     0.456 r  protection_system_i/protection_ip_axi_lite_0/inst/u_adc_sample_cdc_bridge/u_fifo/mem_reg[6][33]/Q
                         net (fo=1, routed)           0.275     0.731    protection_system_i/protection_ip_axi_lite_0/inst/u_adc_sample_cdc_bridge/u_fifo/mem_reg[6][33]
    SLICE_X82Y82         LUT6 (Prop_lut6_I1_O)        0.124     0.855 r  protection_system_i/protection_ip_axi_lite_0/inst/u_adc_sample_cdc_bridge/u_fifo/rd_data[33]_INST_0_i_2/O
                         net (fo=1, routed)           0.000     0.855    protection_system_i/protection_ip_axi_lite_0/inst/u_adc_sample_cdc_bridge/u_fifo/rd_data[33]_INST_0_i_2_n_0
    SLICE_X82Y82         MUXF7 (Prop_muxf7_I1_O)      0.214     1.069 r  protection_system_i/protection_ip_axi_lite_0/inst/u_adc_sample_cdc_bridge/u_fifo/rd_data[33]_INST_0/O
                         net (fo=1, routed)           0.868     1.937    protection_system_i/protection_ip_axi_lite_0/inst/u_adc_sample_cdc_bridge/u_fifo_n_26
    SLICE_X63Y82         LUT3 (Prop_lut3_I1_O)        0.297     2.234 r  protection_system_i/protection_ip_axi_lite_0/inst/u_adc_sample_cdc_bridge/destination_data[33]_i_1/O
                         net (fo=1, routed)           0.000     2.234    protection_system_i/protection_ip_axi_lite_0/inst/u_adc_sample_cdc_bridge/destination_data[33]_i_1_n_0
    SLICE_X63Y82         FDCE                                         r  protection_system_i/protection_ip_axi_lite_0/inst/u_adc_sample_cdc_bridge/destination_data_reg[33]/D
  -------------------------------------------------------------------    -------------------

                         max delay                    8.000     8.000    
    SLICE_X63Y82         FDCE (Setup_fdce_C_D)        0.029     8.029    protection_system_i/protection_ip_axi_lite_0/inst/u_adc_sample_cdc_bridge/destination_data_reg[33]
  -------------------------------------------------------------------
                         required time                          8.029    
                         arrival time                          -2.234    
  -------------------------------------------------------------------
                         slack                                  5.795    

Slack (MET) :             5.831ns  (required time - arrival time)
  Source:                 protection_system_i/protection_ip_axi_lite_0/inst/u_adc_sample_cdc_bridge/u_fifo/mem_reg[6][24]/C
                            (rising edge-triggered cell FDRE clocked by clk_fpga_1  {rise@0.000ns fall@4.000ns period=8.000ns})
  Destination:            protection_system_i/protection_ip_axi_lite_0/inst/u_adc_sample_cdc_bridge/destination_data_reg[24]/D
                            (rising edge-triggered cell FDCE clocked by clk_fpga_0  {rise@0.000ns fall@5.000ns period=10.000ns})
  Path Group:             clk_fpga_0
  Path Type:              Setup (Max at Slow Process Corner)
  Requirement:            8.000ns  (MaxDelay Path 8.000ns)
  Data Path Delay:        2.198ns  (logic 1.096ns (49.870%)  route 1.102ns (50.130%))
  Logic Levels:           3  (LUT3=1 LUT6=1 MUXF7=1)
  Timing Exception:       MaxDelay Path 8.000ns -datapath_only

    Location             Delay type                Incr(ns)  Path(ns)    Netlist Resource(s)
  -------------------------------------------------------------------    -------------------
    SLICE_X65Y78                                      0.000     0.000 r  protection_system_i/protection_ip_axi_lite_0/inst/u_adc_sample_cdc_bridge/u_fifo/mem_reg[6][24]/C
    SLICE_X65Y78         FDRE (Prop_fdre_C_Q)         0.456     0.456 r  protection_system_i/protection_ip_axi_lite_0/inst/u_adc_sample_cdc_bridge/u_fifo/mem_reg[6][24]/Q
                         net (fo=1, routed)           0.276     0.732    protection_system_i/protection_ip_axi_lite_0/inst/u_adc_sample_cdc_bridge/u_fifo/mem_reg[6][24]
    SLICE_X64Y78         LUT6 (Prop_lut6_I1_O)        0.124     0.856 r  protection_system_i/protection_ip_axi_lite_0/inst/u_adc_sample_cdc_bridge/u_fifo/rd_data[24]_INST_0_i_2/O
                         net (fo=1, routed)           0.000     0.856    protection_system_i/protection_ip_axi_lite_0/inst/u_adc_sample_cdc_bridge/u_fifo/rd_data[24]_INST_0_i_2_n_0
    SLICE_X64Y78         MUXF7 (Prop_muxf7_I1_O)      0.217     1.073 r  protection_system_i/protection_ip_axi_lite_0/inst/u_adc_sample_cdc_bridge/u_fifo/rd_data[24]_INST_0/O
                         net (fo=1, routed)           0.826     1.899    protection_system_i/protection_ip_axi_lite_0/inst/u_adc_sample_cdc_bridge/u_fifo_n_35
    SLICE_X63Y79         LUT3 (Prop_lut3_I1_O)        0.299     2.198 r  protection_system_i/protection_ip_axi_lite_0/inst/u_adc_sample_cdc_bridge/destination_data[24]_i_1/O
                         net (fo=1, routed)           0.000     2.198    protection_system_i/protection_ip_axi_lite_0/inst/u_adc_sample_cdc_bridge/destination_data[24]_i_1_n_0
    SLICE_X63Y79         FDCE                                         r  protection_system_i/protection_ip_axi_lite_0/inst/u_adc_sample_cdc_bridge/destination_data_reg[24]/D
  -------------------------------------------------------------------    -------------------

                         max delay                    8.000     8.000    
    SLICE_X63Y79         FDCE (Setup_fdce_C_D)        0.029     8.029    protection_system_i/protection_ip_axi_lite_0/inst/u_adc_sample_cdc_bridge/destination_data_reg[24]
  -------------------------------------------------------------------
                         required time                          8.029    
                         arrival time                          -2.198    
  -------------------------------------------------------------------
                         slack                                  5.831    

Slack (MET) :             5.873ns  (required time - arrival time)
  Source:                 protection_system_i/protection_ip_axi_lite_0/inst/u_adc_sample_cdc_bridge/u_fifo/mem_reg[6][20]/C
                            (rising edge-triggered cell FDRE clocked by clk_fpga_1  {rise@0.000ns fall@4.000ns period=8.000ns})
  Destination:            protection_system_i/protection_ip_axi_lite_0/inst/u_adc_sample_cdc_bridge/destination_data_reg[20]/D
                            (rising edge-triggered cell FDCE clocked by clk_fpga_0  {rise@0.000ns fall@5.000ns period=10.000ns})
  Path Group:             clk_fpga_0
  Path Type:              Setup (Max at Slow Process Corner)
  Requirement:            8.000ns  (MaxDelay Path 8.000ns)
  Data Path Delay:        2.159ns  (logic 1.091ns (50.539%)  route 1.068ns (49.461%))
  Logic Levels:           3  (LUT3=1 LUT6=1 MUXF7=1)
  Timing Exception:       MaxDelay Path 8.000ns -datapath_only

    Location             Delay type                Incr(ns)  Path(ns)    Netlist Resource(s)
  -------------------------------------------------------------------    -------------------
    SLICE_X51Y74                                      0.000     0.000 r  protection_system_i/protection_ip_axi_lite_0/inst/u_adc_sample_cdc_bridge/u_fifo/mem_reg[6][20]/C
    SLICE_X51Y74         FDRE (Prop_fdre_C_Q)         0.456     0.456 r  protection_system_i/protection_ip_axi_lite_0/inst/u_adc_sample_cdc_bridge/u_fifo/mem_reg[6][20]/Q
                         net (fo=1, routed)           0.165     0.621    protection_system_i/protection_ip_axi_lite_0/inst/u_adc_sample_cdc_bridge/u_fifo/mem_reg[6][20]
    SLICE_X50Y74         LUT6 (Prop_lut6_I1_O)        0.124     0.745 r  protection_system_i/protection_ip_axi_lite_0/inst/u_adc_sample_cdc_bridge/u_fifo/rd_data[20]_INST_0_i_2/O
                         net (fo=1, routed)           0.000     0.745    protection_system_i/protection_ip_axi_lite_0/inst/u_adc_sample_cdc_bridge/u_fifo/rd_data[20]_INST_0_i_2_n_0
    SLICE_X50Y74         MUXF7 (Prop_muxf7_I1_O)      0.214     0.959 r  protection_system_i/protection_ip_axi_lite_0/inst/u_adc_sample_cdc_bridge/u_fifo/rd_data[20]_INST_0/O
                         net (fo=1, routed)           0.903     1.862    protection_system_i/protection_ip_axi_lite_0/inst/u_adc_sample_cdc_bridge/u_fifo_n_39
    SLICE_X49Y77         LUT3 (Prop_lut3_I1_O)        0.297     2.159 r  protection_system_i/protection_ip_axi_lite_0/inst/u_adc_sample_cdc_bridge/destination_data[20]_i_1/O
                         net (fo=1, routed)           0.000     2.159    protection_system_i/protection_ip_axi_lite_0/inst/u_adc_sample_cdc_bridge/destination_data[20]_i_1_n_0
    SLICE_X49Y77         FDCE                                         r  protection_system_i/protection_ip_axi_lite_0/inst/u_adc_sample_cdc_bridge/destination_data_reg[20]/D
  -------------------------------------------------------------------    -------------------

                         max delay                    8.000     8.000    
    SLICE_X49Y77         FDCE (Setup_fdce_C_D)        0.032     8.032    protection_system_i/protection_ip_axi_lite_0/inst/u_adc_sample_cdc_bridge/destination_data_reg[20]
  -------------------------------------------------------------------
                         required time                          8.032    
                         arrival time                          -2.159    
  -------------------------------------------------------------------
                         slack                                  5.873    

Slack (MET) :             5.899ns  (required time - arrival time)
  Source:                 protection_system_i/protection_ip_axi_lite_0/inst/u_adc_sample_cdc_bridge/u_fifo/mem_reg[6][16]/C
                            (rising edge-triggered cell FDRE clocked by clk_fpga_1  {rise@0.000ns fall@4.000ns period=8.000ns})
  Destination:            protection_system_i/protection_ip_axi_lite_0/inst/u_adc_sample_cdc_bridge/destination_data_reg[16]/D
                            (rising edge-triggered cell FDCE clocked by clk_fpga_0  {rise@0.000ns fall@5.000ns period=10.000ns})
  Path Group:             clk_fpga_0
  Path Type:              Setup (Max at Slow Process Corner)
  Requirement:            8.000ns  (MaxDelay Path 8.000ns)
  Data Path Delay:        2.132ns  (logic 1.096ns (51.419%)  route 1.036ns (48.581%))
  Logic Levels:           3  (LUT3=1 LUT6=1 MUXF7=1)
  Timing Exception:       MaxDelay Path 8.000ns -datapath_only

    Location             Delay type                Incr(ns)  Path(ns)    Netlist Resource(s)
  -------------------------------------------------------------------    -------------------
    SLICE_X51Y75                                      0.000     0.000 r  protection_system_i/protection_ip_axi_lite_0/inst/u_adc_sample_cdc_bridge/u_fifo/mem_reg[6][16]/C
    SLICE_X51Y75         FDRE (Prop_fdre_C_Q)         0.456     0.456 r  protection_system_i/protection_ip_axi_lite_0/inst/u_adc_sample_cdc_bridge/u_fifo/mem_reg[6][16]/Q
                         net (fo=1, routed)           0.737     1.193    protection_system_i/protection_ip_axi_lite_0/inst/u_adc_sample_cdc_bridge/u_fifo/mem_reg[6][16]
    SLICE_X49Y75         LUT6 (Prop_lut6_I1_O)        0.124     1.317 r  protection_system_i/protection_ip_axi_lite_0/inst/u_adc_sample_cdc_bridge/u_fifo/rd_data[16]_INST_0_i_2/O
                         net (fo=1, routed)           0.000     1.317    protection_system_i/protection_ip_axi_lite_0/inst/u_adc_sample_cdc_bridge/u_fifo/rd_data[16]_INST_0_i_2_n_0
    SLICE_X49Y75         MUXF7 (Prop_muxf7_I1_O)      0.217     1.534 r  protection_system_i/protection_ip_axi_lite_0/inst/u_adc_sample_cdc_bridge/u_fifo/rd_data[16]_INST_0/O
                         net (fo=1, routed)           0.298     1.833    protection_system_i/protection_ip_axi_lite_0/inst/u_adc_sample_cdc_bridge/u_fifo_n_43
    SLICE_X49Y77         LUT3 (Prop_lut3_I1_O)        0.299     2.132 r  protection_system_i/protection_ip_axi_lite_0/inst/u_adc_sample_cdc_bridge/destination_data[16]_i_1/O
                         net (fo=1, routed)           0.000     2.132    protection_system_i/protection_ip_axi_lite_0/inst/u_adc_sample_cdc_bridge/destination_data[16]_i_1_n_0
    SLICE_X49Y77         FDCE                                         r  protection_system_i/protection_ip_axi_lite_0/inst/u_adc_sample_cdc_bridge/destination_data_reg[16]/D
  -------------------------------------------------------------------    -------------------

                         max delay                    8.000     8.000    
    SLICE_X49Y77         FDCE (Setup_fdce_C_D)        0.031     8.031    protection_system_i/protection_ip_axi_lite_0/inst/u_adc_sample_cdc_bridge/destination_data_reg[16]
  -------------------------------------------------------------------
                         required time                          8.031    
                         arrival time                          -2.132    
  -------------------------------------------------------------------
                         slack                                  5.899    

Slack (MET) :             5.958ns  (required time - arrival time)
  Source:                 protection_system_i/protection_ip_axi_lite_0/inst/u_adc_sample_cdc_bridge/u_fifo/mem_reg[6][28]/C
                            (rising edge-triggered cell FDRE clocked by clk_fpga_1  {rise@0.000ns fall@4.000ns period=8.000ns})
  Destination:            protection_system_i/protection_ip_axi_lite_0/inst/u_adc_sample_cdc_bridge/destination_data_reg[28]/D
                            (rising edge-triggered cell FDCE clocked by clk_fpga_0  {rise@0.000ns fall@5.000ns period=10.000ns})
  Path Group:             clk_fpga_0
  Path Type:              Setup (Max at Slow Process Corner)
  Requirement:            8.000ns  (MaxDelay Path 8.000ns)
  Data Path Delay:        2.073ns  (logic 1.153ns (55.624%)  route 0.920ns (44.376%))
  Logic Levels:           3  (LUT3=1 LUT6=1 MUXF7=1)
  Timing Exception:       MaxDelay Path 8.000ns -datapath_only

    Location             Delay type                Incr(ns)  Path(ns)    Netlist Resource(s)
  -------------------------------------------------------------------    -------------------
    SLICE_X62Y79                                      0.000     0.000 r  protection_system_i/protection_ip_axi_lite_0/inst/u_adc_sample_cdc_bridge/u_fifo/mem_reg[6][28]/C
    SLICE_X62Y79         FDRE (Prop_fdre_C_Q)         0.518     0.518 r  protection_system_i/protection_ip_axi_lite_0/inst/u_adc_sample_cdc_bridge/u_fifo/mem_reg[6][28]/Q
                         net (fo=1, routed)           0.464     0.982    protection_system_i/protection_ip_axi_lite_0/inst/u_adc_sample_cdc_bridge/u_fifo/mem_reg[6][28]
    SLICE_X62Y79         LUT6 (Prop_lut6_I1_O)        0.124     1.106 r  protection_system_i/protection_ip_axi_lite_0/inst/u_adc_sample_cdc_bridge/u_fifo/rd_data[28]_INST_0_i_2/O
                         net (fo=1, routed)           0.000     1.106    protection_system_i/protection_ip_axi_lite_0/inst/u_adc_sample_cdc_bridge/u_fifo/rd_data[28]_INST_0_i_2_n_0
    SLICE_X62Y79         MUXF7 (Prop_muxf7_I1_O)      0.214     1.320 r  protection_system_i/protection_ip_axi_lite_0/inst/u_adc_sample_cdc_bridge/u_fifo/rd_data[28]_INST_0/O
                         net (fo=1, routed)           0.455     1.776    protection_system_i/protection_ip_axi_lite_0/inst/u_adc_sample_cdc_bridge/u_fifo_n_31
    SLICE_X63Y79         LUT3 (Prop_lut3_I1_O)        0.297     2.073 r  protection_system_i/protection_ip_axi_lite_0/inst/u_adc_sample_cdc_bridge/destination_data[28]_i_1/O
                         net (fo=1, routed)           0.000     2.073    protection_system_i/protection_ip_axi_lite_0/inst/u_adc_sample_cdc_bridge/destination_data[28]_i_1_n_0
    SLICE_X63Y79         FDCE                                         r  protection_system_i/protection_ip_axi_lite_0/inst/u_adc_sample_cdc_bridge/destination_data_reg[28]/D
  -------------------------------------------------------------------    -------------------

                         max delay                    8.000     8.000    
    SLICE_X63Y79         FDCE (Setup_fdce_C_D)        0.031     8.031    protection_system_i/protection_ip_axi_lite_0/inst/u_adc_sample_cdc_bridge/destination_data_reg[28]
  -------------------------------------------------------------------
                         required time                          8.031    
                         arrival time                          -2.073    
  -------------------------------------------------------------------
                         slack                                  5.958    

Slack (MET) :             5.986ns  (required time - arrival time)
  Source:                 protection_system_i/protection_ip_axi_lite_0/inst/u_adc_sample_cdc_bridge/u_fifo/mem_reg[6][25]/C
                            (rising edge-triggered cell FDRE clocked by clk_fpga_1  {rise@0.000ns fall@4.000ns period=8.000ns})
  Destination:            protection_system_i/protection_ip_axi_lite_0/inst/u_adc_sample_cdc_bridge/destination_data_reg[25]/D
                            (rising edge-triggered cell FDCE clocked by clk_fpga_0  {rise@0.000ns fall@5.000ns period=10.000ns})
  Path Group:             clk_fpga_0
  Path Type:              Setup (Max at Slow Process Corner)
  Requirement:            8.000ns  (MaxDelay Path 8.000ns)
  Data Path Delay:        2.045ns  (logic 1.158ns (56.618%)  route 0.887ns (43.382%))
  Logic Levels:           3  (LUT3=1 LUT6=1 MUXF7=1)
  Timing Exception:       MaxDelay Path 8.000ns -datapath_only

    Location             Delay type                Incr(ns)  Path(ns)    Netlist Resource(s)
  -------------------------------------------------------------------    -------------------
    SLICE_X62Y77                                      0.000     0.000 r  protection_system_i/protection_ip_axi_lite_0/inst/u_adc_sample_cdc_bridge/u_fifo/mem_reg[6][25]/C
    SLICE_X62Y77         FDRE (Prop_fdre_C_Q)         0.518     0.518 r  protection_system_i/protection_ip_axi_lite_0/inst/u_adc_sample_cdc_bridge/u_fifo/mem_reg[6][25]/Q
                         net (fo=1, routed)           0.433     0.951    protection_system_i/protection_ip_axi_lite_0/inst/u_adc_sample_cdc_bridge/u_fifo/mem_reg[6][25]
    SLICE_X63Y77         LUT6 (Prop_lut6_I1_O)        0.124     1.075 r  protection_system_i/protection_ip_axi_lite_0/inst/u_adc_sample_cdc_bridge/u_fifo/rd_data[25]_INST_0_i_2/O
                         net (fo=1, routed)           0.000     1.075    protection_system_i/protection_ip_axi_lite_0/inst/u_adc_sample_cdc_bridge/u_fifo/rd_data[25]_INST_0_i_2_n_0
    SLICE_X63Y77         MUXF7 (Prop_muxf7_I1_O)      0.217     1.292 r  protection_system_i/protection_ip_axi_lite_0/inst/u_adc_sample_cdc_bridge/u_fifo/rd_data[25]_INST_0/O
                         net (fo=1, routed)           0.454     1.746    protection_system_i/protection_ip_axi_lite_0/inst/u_adc_sample_cdc_bridge/u_fifo_n_34
    SLICE_X63Y79         LUT3 (Prop_lut3_I1_O)        0.299     2.045 r  protection_system_i/protection_ip_axi_lite_0/inst/u_adc_sample_cdc_bridge/destination_data[25]_i_1/O
                         net (fo=1, routed)           0.000     2.045    protection_system_i/protection_ip_axi_lite_0/inst/u_adc_sample_cdc_bridge/destination_data[25]_i_1_n_0
    SLICE_X63Y79         FDCE                                         r  protection_system_i/protection_ip_axi_lite_0/inst/u_adc_sample_cdc_bridge/destination_data_reg[25]/D
  -------------------------------------------------------------------    -------------------

                         max delay                    8.000     8.000    
    SLICE_X63Y79         FDCE (Setup_fdce_C_D)        0.031     8.031    protection_system_i/protection_ip_axi_lite_0/inst/u_adc_sample_cdc_bridge/destination_data_reg[25]
  -------------------------------------------------------------------
                         required time                          8.031    
                         arrival time                          -2.045    
  -------------------------------------------------------------------
                         slack                                  5.986    




