Copyright 1986-2022 Xilinx, Inc. All Rights Reserved. Copyright 2022-2024 Advanced Micro Devices, Inc. All Rights Reserved.
--------------------------------------------------------------------------------------------------------------------------------------------------------------------------------------------------------------------------------------------------------------------------------------------------------------------------------------------------------
| Tool Version : Vivado v.2024.1 (win64) Build 5076996 Wed May 22 18:37:14 MDT 2024
| Date         : Thu Sep 10 11:14:54 2026
| Host         : illusion running 64-bit major release  (build 9200)
| Command      : report_timing -from [get_cells -quiet -hier -regexp {(^|.*/)u_adc_sample_cdc_bridge/u_fifo/mem_reg\[7\]\[[0-9]+\]$}] -to [get_cells -quiet -hier -regexp {(^|.*/)u_adc_sample_cdc_bridge/destination_data_reg\[[0-9]+\]$}] -delay_type max -max_paths 57 -nworst 1 -file <EXTERNAL_BUILD>/fifo-routed-audit/payload_word_7.rpt
| Design       : protection_system_wrapper
| Device       : 7z020-clg400
| Speed File   : -1  PRODUCTION 1.12 2019-11-22
| Design State : Routed
--------------------------------------------------------------------------------------------------------------------------------------------------------------------------------------------------------------------------------------------------------------------------------------------------------------------------------------------------------

Timing Report

Slack (MET) :             4.727ns  (required time - arrival time)
  Source:                 protection_system_i/protection_ip_axi_lite_0/inst/u_adc_sample_cdc_bridge/u_fifo/mem_reg[7][13]/C
                            (rising edge-triggered cell FDRE clocked by clk_fpga_1  {rise@0.000ns fall@4.000ns period=8.000ns})
  Destination:            protection_system_i/protection_ip_axi_lite_0/inst/u_adc_sample_cdc_bridge/destination_data_reg[13]/D
                            (rising edge-triggered cell FDCE clocked by clk_fpga_0  {rise@0.000ns fall@5.000ns period=10.000ns})
  Path Group:             clk_fpga_0
  Path Type:              Setup (Max at Slow Process Corner)
  Requirement:            8.000ns  (MaxDelay Path 8.000ns)
  Data Path Delay:        3.302ns  (logic 1.158ns (35.074%)  route 2.144ns (64.926%))
  Logic Levels:           3  (LUT3=1 LUT6=1 MUXF7=1)
  Timing Exception:       MaxDelay Path 8.000ns -datapath_only

    Location             Delay type                Incr(ns)  Path(ns)    Netlist Resource(s)
  -------------------------------------------------------------------    -------------------
    SLICE_X50Y75                                      0.000     0.000 r  protection_system_i/protection_ip_axi_lite_0/inst/u_adc_sample_cdc_bridge/u_fifo/mem_reg[7][13]/C
    SLICE_X50Y75         FDRE (Prop_fdre_C_Q)         0.518     0.518 r  protection_system_i/protection_ip_axi_lite_0/inst/u_adc_sample_cdc_bridge/u_fifo/mem_reg[7][13]/Q
                         net (fo=1, routed)           1.029     1.547    protection_system_i/protection_ip_axi_lite_0/inst/u_adc_sample_cdc_bridge/u_fifo/mem_reg[7][13]
    SLICE_X51Y76         LUT6 (Prop_lut6_I0_O)        0.124     1.671 r  protection_system_i/protection_ip_axi_lite_0/inst/u_adc_sample_cdc_bridge/u_fifo/rd_data[13]_INST_0_i_2/O
                         net (fo=1, routed)           0.000     1.671    protection_system_i/protection_ip_axi_lite_0/inst/u_adc_sample_cdc_bridge/u_fifo/rd_data[13]_INST_0_i_2_n_0
    SLICE_X51Y76         MUXF7 (Prop_muxf7_I1_O)      0.217     1.888 r  protection_system_i/protection_ip_axi_lite_0/inst/u_adc_sample_cdc_bridge/u_fifo/rd_data[13]_INST_0/O
                         net (fo=1, routed)           1.114     3.003    protection_system_i/protection_ip_axi_lite_0/inst/u_adc_sample_cdc_bridge/u_fifo_n_46
    SLICE_X48Y79         LUT3 (Prop_lut3_I1_O)        0.299     3.302 r  protection_system_i/protection_ip_axi_lite_0/inst/u_adc_sample_cdc_bridge/destination_data[13]_i_1/O
                         net (fo=1, routed)           0.000     3.302    protection_system_i/protection_ip_axi_lite_0/inst/u_adc_sample_cdc_bridge/destination_data[13]_i_1_n_0
    SLICE_X48Y79         FDCE                                         r  protection_system_i/protection_ip_axi_lite_0/inst/u_adc_sample_cdc_bridge/destination_data_reg[13]/D
  -------------------------------------------------------------------    -------------------

                         max delay                    8.000     8.000    
    SLICE_X48Y79         FDCE (Setup_fdce_C_D)        0.029     8.029    protection_system_i/protection_ip_axi_lite_0/inst/u_adc_sample_cdc_bridge/destination_data_reg[13]
  -------------------------------------------------------------------
                         required time                          8.029    
                         arrival time                          -3.302    
  -------------------------------------------------------------------
                         slack                                  4.727    

Slack (MET) :             4.828ns  (required time - arrival time)
  Source:                 protection_system_i/protection_ip_axi_lite_0/inst/u_adc_sample_cdc_bridge/u_fifo/mem_reg[7][18]/C
                            (rising edge-triggered cell FDRE clocked by clk_fpga_1  {rise@0.000ns fall@4.000ns period=8.000ns})
  Destination:            protection_system_i/protection_ip_axi_lite_0/inst/u_adc_sample_cdc_bridge/destination_data_reg[18]/D
                            (rising edge-triggered cell FDCE clocked by clk_fpga_0  {rise@0.000ns fall@5.000ns period=10.000ns})
  Path Group:             clk_fpga_0
  Path Type:              Setup (Max at Slow Process Corner)
  Requirement:            8.000ns  (MaxDelay Path 8.000ns)
  Data Path Delay:        3.203ns  (logic 1.096ns (34.223%)  route 2.107ns (65.777%))
  Logic Levels:           3  (LUT3=1 LUT6=1 MUXF7=1)
  Timing Exception:       MaxDelay Path 8.000ns -datapath_only

    Location             Delay type                Incr(ns)  Path(ns)    Netlist Resource(s)
  -------------------------------------------------------------------    -------------------
    SLICE_X47Y75                                      0.000     0.000 r  protection_system_i/protection_ip_axi_lite_0/inst/u_adc_sample_cdc_bridge/u_fifo/mem_reg[7][18]/C
    SLICE_X47Y75         FDRE (Prop_fdre_C_Q)         0.456     0.456 r  protection_system_i/protection_ip_axi_lite_0/inst/u_adc_sample_cdc_bridge/u_fifo/mem_reg[7][18]/Q
                         net (fo=1, routed)           1.135     1.591    protection_system_i/protection_ip_axi_lite_0/inst/u_adc_sample_cdc_bridge/u_fifo/mem_reg[7][18]
    SLICE_X47Y75         LUT6 (Prop_lut6_I0_O)        0.124     1.715 r  protection_system_i/protection_ip_axi_lite_0/inst/u_adc_sample_cdc_bridge/u_fifo/rd_data[18]_INST_0_i_2/O
                         net (fo=1, routed)           0.000     1.715    protection_system_i/protection_ip_axi_lite_0/inst/u_adc_sample_cdc_bridge/u_fifo/rd_data[18]_INST_0_i_2_n_0
    SLICE_X47Y75         MUXF7 (Prop_muxf7_I1_O)      0.217     1.932 r  protection_system_i/protection_ip_axi_lite_0/inst/u_adc_sample_cdc_bridge/u_fifo/rd_data[18]_INST_0/O
                         net (fo=1, routed)           0.971     2.904    protection_system_i/protection_ip_axi_lite_0/inst/u_adc_sample_cdc_bridge/u_fifo_n_41
    SLICE_X49Y77         LUT3 (Prop_lut3_I1_O)        0.299     3.203 r  protection_system_i/protection_ip_axi_lite_0/inst/u_adc_sample_cdc_bridge/destination_data[18]_i_1/O
                         net (fo=1, routed)           0.000     3.203    protection_system_i/protection_ip_axi_lite_0/inst/u_adc_sample_cdc_bridge/destination_data[18]_i_1_n_0
    SLICE_X49Y77         FDCE                                         r  protection_system_i/protection_ip_axi_lite_0/inst/u_adc_sample_cdc_bridge/destination_data_reg[18]/D
  -------------------------------------------------------------------    -------------------

                         max delay                    8.000     8.000    
    SLICE_X49Y77         FDCE (Setup_fdce_C_D)        0.031     8.031    protection_system_i/protection_ip_axi_lite_0/inst/u_adc_sample_cdc_bridge/destination_data_reg[18]
  -------------------------------------------------------------------
                         required time                          8.031    
                         arrival time                          -3.203    
  -------------------------------------------------------------------
                         slack                                  4.828    

Slack (MET) :             4.898ns  (required time - arrival time)
  Source:                 protection_system_i/protection_ip_axi_lite_0/inst/u_adc_sample_cdc_bridge/u_fifo/mem_reg[7][15]/C
                            (rising edge-triggered cell FDRE clocked by clk_fpga_1  {rise@0.000ns fall@4.000ns period=8.000ns})
  Destination:            protection_system_i/protection_ip_axi_lite_0/inst/u_adc_sample_cdc_bridge/destination_data_reg[15]/D
                            (rising edge-triggered cell FDCE clocked by clk_fpga_0  {rise@0.000ns fall@5.000ns period=10.000ns})
  Path Group:             clk_fpga_0
  Path Type:              Setup (Max at Slow Process Corner)
  Requirement:            8.000ns  (MaxDelay Path 8.000ns)
  Data Path Delay:        3.133ns  (logic 1.096ns (34.988%)  route 2.037ns (65.012%))
  Logic Levels:           3  (LUT3=1 LUT6=1 MUXF7=1)
  Timing Exception:       MaxDelay Path 8.000ns -datapath_only

    Location             Delay type                Incr(ns)  Path(ns)    Netlist Resource(s)
  -------------------------------------------------------------------    -------------------
    SLICE_X51Y73                                      0.000     0.000 r  protection_system_i/protection_ip_axi_lite_0/inst/u_adc_sample_cdc_bridge/u_fifo/mem_reg[7][15]/C
    SLICE_X51Y73         FDRE (Prop_fdre_C_Q)         0.456     0.456 r  protection_system_i/protection_ip_axi_lite_0/inst/u_adc_sample_cdc_bridge/u_fifo/mem_reg[7][15]/Q
                         net (fo=1, routed)           1.205     1.661    protection_system_i/protection_ip_axi_lite_0/inst/u_adc_sample_cdc_bridge/u_fifo/mem_reg[7][15]
    SLICE_X52Y75         LUT6 (Prop_lut6_I0_O)        0.124     1.785 r  protection_system_i/protection_ip_axi_lite_0/inst/u_adc_sample_cdc_bridge/u_fifo/rd_data[15]_INST_0_i_2/O
                         net (fo=1, routed)           0.000     1.785    protection_system_i/protection_ip_axi_lite_0/inst/u_adc_sample_cdc_bridge/u_fifo/rd_data[15]_INST_0_i_2_n_0
    SLICE_X52Y75         MUXF7 (Prop_muxf7_I1_O)      0.217     2.002 r  protection_system_i/protection_ip_axi_lite_0/inst/u_adc_sample_cdc_bridge/u_fifo/rd_data[15]_INST_0/O
                         net (fo=1, routed)           0.832     2.834    protection_system_i/protection_ip_axi_lite_0/inst/u_adc_sample_cdc_bridge/u_fifo_n_44
    SLICE_X48Y79         LUT3 (Prop_lut3_I1_O)        0.299     3.133 r  protection_system_i/protection_ip_axi_lite_0/inst/u_adc_sample_cdc_bridge/destination_data[15]_i_1/O
                         net (fo=1, routed)           0.000     3.133    protection_system_i/protection_ip_axi_lite_0/inst/u_adc_sample_cdc_bridge/destination_data[15]_i_1_n_0
    SLICE_X48Y79         FDCE                                         r  protection_system_i/protection_ip_axi_lite_0/inst/u_adc_sample_cdc_bridge/destination_data_reg[15]/D
  -------------------------------------------------------------------    -------------------

                         max delay                    8.000     8.000    
    SLICE_X48Y79         FDCE (Setup_fdce_C_D)        0.031     8.031    protection_system_i/protection_ip_axi_lite_0/inst/u_adc_sample_cdc_bridge/destination_data_reg[15]
  -------------------------------------------------------------------
                         required time                          8.031    
                         arrival time                          -3.133    
  -------------------------------------------------------------------
                         slack                                  4.898    

Slack (MET) :             4.974ns  (required time - arrival time)
  Source:                 protection_system_i/protection_ip_axi_lite_0/inst/u_adc_sample_cdc_bridge/u_fifo/mem_reg[7][20]/C
                            (rising edge-triggered cell FDRE clocked by clk_fpga_1  {rise@0.000ns fall@4.000ns period=8.000ns})
  Destination:            protection_system_i/protection_ip_axi_lite_0/inst/u_adc_sample_cdc_bridge/destination_data_reg[20]/D
                            (rising edge-triggered cell FDCE clocked by clk_fpga_0  {rise@0.000ns fall@5.000ns period=10.000ns})
  Path Group:             clk_fpga_0
  Path Type:              Setup (Max at Slow Process Corner)
  Requirement:            8.000ns  (MaxDelay Path 8.000ns)
  Data Path Delay:        3.058ns  (logic 1.153ns (37.705%)  route 1.905ns (62.295%))
  Logic Levels:           3  (LUT3=1 LUT6=1 MUXF7=1)
  Timing Exception:       MaxDelay Path 8.000ns -datapath_only

    Location             Delay type                Incr(ns)  Path(ns)    Netlist Resource(s)
  -------------------------------------------------------------------    -------------------
    SLICE_X50Y75                                      0.000     0.000 r  protection_system_i/protection_ip_axi_lite_0/inst/u_adc_sample_cdc_bridge/u_fifo/mem_reg[7][20]/C
    SLICE_X50Y75         FDRE (Prop_fdre_C_Q)         0.518     0.518 r  protection_system_i/protection_ip_axi_lite_0/inst/u_adc_sample_cdc_bridge/u_fifo/mem_reg[7][20]/Q
                         net (fo=1, routed)           1.002     1.520    protection_system_i/protection_ip_axi_lite_0/inst/u_adc_sample_cdc_bridge/u_fifo/mem_reg[7][20]
    SLICE_X50Y74         LUT6 (Prop_lut6_I0_O)        0.124     1.644 r  protection_system_i/protection_ip_axi_lite_0/inst/u_adc_sample_cdc_bridge/u_fifo/rd_data[20]_INST_0_i_2/O
                         net (fo=1, routed)           0.000     1.644    protection_system_i/protection_ip_axi_lite_0/inst/u_adc_sample_cdc_bridge/u_fifo/rd_data[20]_INST_0_i_2_n_0
    SLICE_X50Y74         MUXF7 (Prop_muxf7_I1_O)      0.214     1.858 r  protection_system_i/protection_ip_axi_lite_0/inst/u_adc_sample_cdc_bridge/u_fifo/rd_data[20]_INST_0/O
                         net (fo=1, routed)           0.903     2.761    protection_system_i/protection_ip_axi_lite_0/inst/u_adc_sample_cdc_bridge/u_fifo_n_39
    SLICE_X49Y77         LUT3 (Prop_lut3_I1_O)        0.297     3.058 r  protection_system_i/protection_ip_axi_lite_0/inst/u_adc_sample_cdc_bridge/destination_data[20]_i_1/O
                         net (fo=1, routed)           0.000     3.058    protection_system_i/protection_ip_axi_lite_0/inst/u_adc_sample_cdc_bridge/destination_data[20]_i_1_n_0
    SLICE_X49Y77         FDCE                                         r  protection_system_i/protection_ip_axi_lite_0/inst/u_adc_sample_cdc_bridge/destination_data_reg[20]/D
  -------------------------------------------------------------------    -------------------

                         max delay                    8.000     8.000    
    SLICE_X49Y77         FDCE (Setup_fdce_C_D)        0.032     8.032    protection_system_i/protection_ip_axi_lite_0/inst/u_adc_sample_cdc_bridge/destination_data_reg[20]
  -------------------------------------------------------------------
                         required time                          8.032    
                         arrival time                          -3.058    
  -------------------------------------------------------------------
                         slack                                  4.974    

Slack (MET) :             4.977ns  (required time - arrival time)
  Source:                 protection_system_i/protection_ip_axi_lite_0/inst/u_adc_sample_cdc_bridge/u_fifo/mem_reg[7][38]/C
                            (rising edge-triggered cell FDRE clocked by clk_fpga_1  {rise@0.000ns fall@4.000ns period=8.000ns})
  Destination:            protection_system_i/protection_ip_axi_lite_0/inst/u_adc_sample_cdc_bridge/destination_data_reg[38]/D
                            (rising edge-triggered cell FDCE clocked by clk_fpga_0  {rise@0.000ns fall@5.000ns period=10.000ns})
  Path Group:             clk_fpga_0
  Path Type:              Setup (Max at Slow Process Corner)
  Requirement:            8.000ns  (MaxDelay Path 8.000ns)
  Data Path Delay:        3.100ns  (logic 1.096ns (35.359%)  route 2.004ns (64.641%))
  Logic Levels:           3  (LUT3=1 LUT6=1 MUXF7=1)
  Timing Exception:       MaxDelay Path 8.000ns -datapath_only

    Location             Delay type                Incr(ns)  Path(ns)    Netlist Resource(s)
  -------------------------------------------------------------------    -------------------
    SLICE_X85Y91                                      0.000     0.000 r  protection_system_i/protection_ip_axi_lite_0/inst/u_adc_sample_cdc_bridge/u_fifo/mem_reg[7][38]/C
    SLICE_X85Y91         FDRE (Prop_fdre_C_Q)         0.456     0.456 r  protection_system_i/protection_ip_axi_lite_0/inst/u_adc_sample_cdc_bridge/u_fifo/mem_reg[7][38]/Q
                         net (fo=1, routed)           0.656     1.112    protection_system_i/protection_ip_axi_lite_0/inst/u_adc_sample_cdc_bridge/u_fifo/mem_reg[7][38]
    SLICE_X85Y91         LUT6 (Prop_lut6_I0_O)        0.124     1.236 r  protection_system_i/protection_ip_axi_lite_0/inst/u_adc_sample_cdc_bridge/u_fifo/rd_data[38]_INST_0_i_2/O
                         net (fo=1, routed)           0.000     1.236    protection_system_i/protection_ip_axi_lite_0/inst/u_adc_sample_cdc_bridge/u_fifo/rd_data[38]_INST_0_i_2_n_0
    SLICE_X85Y91         MUXF7 (Prop_muxf7_I1_O)      0.217     1.453 r  protection_system_i/protection_ip_axi_lite_0/inst/u_adc_sample_cdc_bridge/u_fifo/rd_data[38]_INST_0/O
                         net (fo=1, routed)           1.348     2.801    protection_system_i/protection_ip_axi_lite_0/inst/u_adc_sample_cdc_bridge/u_fifo_n_21
    SLICE_X66Y87         LUT3 (Prop_lut3_I1_O)        0.299     3.100 r  protection_system_i/protection_ip_axi_lite_0/inst/u_adc_sample_cdc_bridge/destination_data[38]_i_1/O
                         net (fo=1, routed)           0.000     3.100    protection_system_i/protection_ip_axi_lite_0/inst/u_adc_sample_cdc_bridge/destination_data[38]_i_1_n_0
    SLICE_X66Y87         FDCE                                         r  protection_system_i/protection_ip_axi_lite_0/inst/u_adc_sample_cdc_bridge/destination_data_reg[38]/D
  -------------------------------------------------------------------    -------------------

                         max delay                    8.000     8.000    
    SLICE_X66Y87         FDCE (Setup_fdce_C_D)        0.077     8.077    protection_system_i/protection_ip_axi_lite_0/inst/u_adc_sample_cdc_bridge/destination_data_reg[38]
  -------------------------------------------------------------------
                         required time                          8.077    
                         arrival time                          -3.100    
  -------------------------------------------------------------------
                         slack                                  4.977    

Slack (MET) :             4.996ns  (required time - arrival time)
  Source:                 protection_system_i/protection_ip_axi_lite_0/inst/u_adc_sample_cdc_bridge/u_fifo/mem_reg[7][42]/C
                            (rising edge-triggered cell FDRE clocked by clk_fpga_1  {rise@0.000ns fall@4.000ns period=8.000ns})
  Destination:            protection_system_i/protection_ip_axi_lite_0/inst/u_adc_sample_cdc_bridge/destination_data_reg[42]/D
                            (rising edge-triggered cell FDCE clocked by clk_fpga_0  {rise@0.000ns fall@5.000ns period=10.000ns})
  Path Group:             clk_fpga_0
  Path Type:              Setup (Max at Slow Process Corner)
  Requirement:            8.000ns  (MaxDelay Path 8.000ns)
  Data Path Delay:        3.035ns  (logic 1.158ns (38.155%)  route 1.877ns (61.845%))
  Logic Levels:           3  (LUT3=1 LUT6=1 MUXF7=1)
  Timing Exception:       MaxDelay Path 8.000ns -datapath_only

    Location             Delay type                Incr(ns)  Path(ns)    Netlist Resource(s)
  -------------------------------------------------------------------    -------------------
    SLICE_X82Y92                                      0.000     0.000 r  protection_system_i/protection_ip_axi_lite_0/inst/u_adc_sample_cdc_bridge/u_fifo/mem_reg[7][42]/C
    SLICE_X82Y92         FDRE (Prop_fdre_C_Q)         0.518     0.518 r  protection_system_i/protection_ip_axi_lite_0/inst/u_adc_sample_cdc_bridge/u_fifo/mem_reg[7][42]/Q
                         net (fo=1, routed)           0.790     1.308    protection_system_i/protection_ip_axi_lite_0/inst/u_adc_sample_cdc_bridge/u_fifo/mem_reg[7][42]
    SLICE_X85Y92         LUT6 (Prop_lut6_I0_O)        0.124     1.432 r  protection_system_i/protection_ip_axi_lite_0/inst/u_adc_sample_cdc_bridge/u_fifo/rd_data[42]_INST_0_i_2/O
                         net (fo=1, routed)           0.000     1.432    protection_system_i/protection_ip_axi_lite_0/inst/u_adc_sample_cdc_bridge/u_fifo/rd_data[42]_INST_0_i_2_n_0
    SLICE_X85Y92         MUXF7 (Prop_muxf7_I1_O)      0.217     1.649 r  protection_system_i/protection_ip_axi_lite_0/inst/u_adc_sample_cdc_bridge/u_fifo/rd_data[42]_INST_0/O
                         net (fo=1, routed)           1.087     2.736    protection_system_i/protection_ip_axi_lite_0/inst/u_adc_sample_cdc_bridge/u_fifo_n_17
    SLICE_X65Y92         LUT3 (Prop_lut3_I1_O)        0.299     3.035 r  protection_system_i/protection_ip_axi_lite_0/inst/u_adc_sample_cdc_bridge/destination_data[42]_i_1/O
                         net (fo=1, routed)           0.000     3.035    protection_system_i/protection_ip_axi_lite_0/inst/u_adc_sample_cdc_bridge/destination_data[42]_i_1_n_0
    SLICE_X65Y92         FDCE                                         r  protection_system_i/protection_ip_axi_lite_0/inst/u_adc_sample_cdc_bridge/destination_data_reg[42]/D
  -------------------------------------------------------------------    -------------------

                         max delay                    8.000     8.000    
    SLICE_X65Y92         FDCE (Setup_fdce_C_D)        0.031     8.031    protection_system_i/protection_ip_axi_lite_0/inst/u_adc_sample_cdc_bridge/destination_data_reg[42]
  -------------------------------------------------------------------
                         required time                          8.031    
                         arrival time                          -3.035    
  -------------------------------------------------------------------
                         slack                                  4.996    

Slack (MET) :             5.016ns  (required time - arrival time)
  Source:                 protection_system_i/protection_ip_axi_lite_0/inst/u_adc_sample_cdc_bridge/u_fifo/mem_reg[7][39]/C
                            (rising edge-triggered cell FDRE clocked by clk_fpga_1  {rise@0.000ns fall@4.000ns period=8.000ns})
  Destination:            protection_system_i/protection_ip_axi_lite_0/inst/u_adc_sample_cdc_bridge/destination_data_reg[39]/D
                            (rising edge-triggered cell FDCE clocked by clk_fpga_0  {rise@0.000ns fall@5.000ns period=10.000ns})
  Path Group:             clk_fpga_0
  Path Type:              Setup (Max at Slow Process Corner)
  Requirement:            8.000ns  (MaxDelay Path 8.000ns)
  Data Path Delay:        3.063ns  (logic 1.123ns (36.665%)  route 1.940ns (63.335%))
  Logic Levels:           3  (LUT3=1 LUT6=1 MUXF7=1)
  Timing Exception:       MaxDelay Path 8.000ns -datapath_only

    Location             Delay type                Incr(ns)  Path(ns)    Netlist Resource(s)
  -------------------------------------------------------------------    -------------------
    SLICE_X85Y91                                      0.000     0.000 r  protection_system_i/protection_ip_axi_lite_0/inst/u_adc_sample_cdc_bridge/u_fifo/mem_reg[7][39]/C
    SLICE_X85Y91         FDRE (Prop_fdre_C_Q)         0.456     0.456 r  protection_system_i/protection_ip_axi_lite_0/inst/u_adc_sample_cdc_bridge/u_fifo/mem_reg[7][39]/Q
                         net (fo=1, routed)           0.500     0.956    protection_system_i/protection_ip_axi_lite_0/inst/u_adc_sample_cdc_bridge/u_fifo/mem_reg[7][39]
    SLICE_X85Y91         LUT6 (Prop_lut6_I0_O)        0.124     1.080 r  protection_system_i/protection_ip_axi_lite_0/inst/u_adc_sample_cdc_bridge/u_fifo/rd_data[39]_INST_0_i_2/O
                         net (fo=1, routed)           0.000     1.080    protection_system_i/protection_ip_axi_lite_0/inst/u_adc_sample_cdc_bridge/u_fifo/rd_data[39]_INST_0_i_2_n_0
    SLICE_X85Y91         MUXF7 (Prop_muxf7_I1_O)      0.245     1.325 r  protection_system_i/protection_ip_axi_lite_0/inst/u_adc_sample_cdc_bridge/u_fifo/rd_data[39]_INST_0/O
                         net (fo=1, routed)           1.440     2.765    protection_system_i/protection_ip_axi_lite_0/inst/u_adc_sample_cdc_bridge/u_fifo_n_20
    SLICE_X66Y88         LUT3 (Prop_lut3_I1_O)        0.298     3.063 r  protection_system_i/protection_ip_axi_lite_0/inst/u_adc_sample_cdc_bridge/destination_data[39]_i_1/O
                         net (fo=1, routed)           0.000     3.063    protection_system_i/protection_ip_axi_lite_0/inst/u_adc_sample_cdc_bridge/destination_data[39]_i_1_n_0
    SLICE_X66Y88         FDCE                                         r  protection_system_i/protection_ip_axi_lite_0/inst/u_adc_sample_cdc_bridge/destination_data_reg[39]/D
  -------------------------------------------------------------------    -------------------

                         max delay                    8.000     8.000    
    SLICE_X66Y88         FDCE (Setup_fdce_C_D)        0.079     8.079    protection_system_i/protection_ip_axi_lite_0/inst/u_adc_sample_cdc_bridge/destination_data_reg[39]
  -------------------------------------------------------------------
                         required time                          8.079    
                         arrival time                          -3.063    
  -------------------------------------------------------------------
                         slack                                  5.016    

Slack (MET) :             5.043ns  (required time - arrival time)
  Source:                 protection_system_i/protection_ip_axi_lite_0/inst/u_adc_sample_cdc_bridge/u_fifo/mem_reg[7][37]/C
                            (rising edge-triggered cell FDRE clocked by clk_fpga_1  {rise@0.000ns fall@4.000ns period=8.000ns})
  Destination:            protection_system_i/protection_ip_axi_lite_0/inst/u_adc_sample_cdc_bridge/destination_data_reg[37]/D
                            (rising edge-triggered cell FDCE clocked by clk_fpga_0  {rise@0.000ns fall@5.000ns period=10.000ns})
  Path Group:             clk_fpga_0
  Path Type:              Setup (Max at Slow Process Corner)
  Requirement:            8.000ns  (MaxDelay Path 8.000ns)
  Data Path Delay:        3.038ns  (logic 1.096ns (36.074%)  route 1.942ns (63.926%))
  Logic Levels:           3  (LUT3=1 LUT6=1 MUXF7=1)
  Timing Exception:       MaxDelay Path 8.000ns -datapath_only

    Location             Delay type                Incr(ns)  Path(ns)    Netlist Resource(s)
  -------------------------------------------------------------------    -------------------
    SLICE_X85Y88                                      0.000     0.000 r  protection_system_i/protection_ip_axi_lite_0/inst/u_adc_sample_cdc_bridge/u_fifo/mem_reg[7][37]/C
    SLICE_X85Y88         FDRE (Prop_fdre_C_Q)         0.456     0.456 r  protection_system_i/protection_ip_axi_lite_0/inst/u_adc_sample_cdc_bridge/u_fifo/mem_reg[7][37]/Q
                         net (fo=1, routed)           0.646     1.102    protection_system_i/protection_ip_axi_lite_0/inst/u_adc_sample_cdc_bridge/u_fifo/mem_reg[7][37]
    SLICE_X84Y89         LUT6 (Prop_lut6_I0_O)        0.124     1.226 r  protection_system_i/protection_ip_axi_lite_0/inst/u_adc_sample_cdc_bridge/u_fifo/rd_data[37]_INST_0_i_2/O
                         net (fo=1, routed)           0.000     1.226    protection_system_i/protection_ip_axi_lite_0/inst/u_adc_sample_cdc_bridge/u_fifo/rd_data[37]_INST_0_i_2_n_0
    SLICE_X84Y89         MUXF7 (Prop_muxf7_I1_O)      0.217     1.443 r  protection_system_i/protection_ip_axi_lite_0/inst/u_adc_sample_cdc_bridge/u_fifo/rd_data[37]_INST_0/O
                         net (fo=1, routed)           1.296     2.739    protection_system_i/protection_ip_axi_lite_0/inst/u_adc_sample_cdc_bridge/u_fifo_n_22
    SLICE_X66Y88         LUT3 (Prop_lut3_I1_O)        0.299     3.038 r  protection_system_i/protection_ip_axi_lite_0/inst/u_adc_sample_cdc_bridge/destination_data[37]_i_1/O
                         net (fo=1, routed)           0.000     3.038    protection_system_i/protection_ip_axi_lite_0/inst/u_adc_sample_cdc_bridge/destination_data[37]_i_1_n_0
    SLICE_X66Y88         FDCE                                         r  protection_system_i/protection_ip_axi_lite_0/inst/u_adc_sample_cdc_bridge/destination_data_reg[37]/D
  -------------------------------------------------------------------    -------------------

                         max delay                    8.000     8.000    
    SLICE_X66Y88         FDCE (Setup_fdce_C_D)        0.081     8.081    protection_system_i/protection_ip_axi_lite_0/inst/u_adc_sample_cdc_bridge/destination_data_reg[37]
  -------------------------------------------------------------------
                         required time                          8.081    
                         arrival time                          -3.038    
  -------------------------------------------------------------------
                         slack                                  5.043    

Slack (MET) :             5.071ns  (required time - arrival time)
  Source:                 protection_system_i/protection_ip_axi_lite_0/inst/u_adc_sample_cdc_bridge/u_fifo/mem_reg[7][53]/C
                            (rising edge-triggered cell FDRE clocked by clk_fpga_1  {rise@0.000ns fall@4.000ns period=8.000ns})
  Destination:            protection_system_i/protection_ip_axi_lite_0/inst/u_adc_sample_cdc_bridge/destination_data_reg[53]/D
                            (rising edge-triggered cell FDCE clocked by clk_fpga_0  {rise@0.000ns fall@5.000ns period=10.000ns})
  Path Group:             clk_fpga_0
  Path Type:              Setup (Max at Slow Process Corner)
  Requirement:            8.000ns  (MaxDelay Path 8.000ns)
  Data Path Delay:        2.960ns  (logic 1.096ns (37.025%)  route 1.864ns (62.975%))
  Logic Levels:           3  (LUT3=1 LUT6=1 MUXF7=1)
  Timing Exception:       MaxDelay Path 8.000ns -datapath_only

    Location             Delay type                Incr(ns)  Path(ns)    Netlist Resource(s)
  -------------------------------------------------------------------    -------------------
    SLICE_X63Y101                                     0.000     0.000 r  protection_system_i/protection_ip_axi_lite_0/inst/u_adc_sample_cdc_bridge/u_fifo/mem_reg[7][53]/C
    SLICE_X63Y101        FDRE (Prop_fdre_C_Q)         0.456     0.456 r  protection_system_i/protection_ip_axi_lite_0/inst/u_adc_sample_cdc_bridge/u_fifo/mem_reg[7][53]/Q
                         net (fo=1, routed)           0.656     1.112    protection_system_i/protection_ip_axi_lite_0/inst/u_adc_sample_cdc_bridge/u_fifo/mem_reg[7][53]
    SLICE_X63Y101        LUT6 (Prop_lut6_I0_O)        0.124     1.236 r  protection_system_i/protection_ip_axi_lite_0/inst/u_adc_sample_cdc_bridge/u_fifo/rd_data[53]_INST_0_i_2/O
                         net (fo=1, routed)           0.000     1.236    protection_system_i/protection_ip_axi_lite_0/inst/u_adc_sample_cdc_bridge/u_fifo/rd_data[53]_INST_0_i_2_n_0
    SLICE_X63Y101        MUXF7 (Prop_muxf7_I1_O)      0.217     1.453 r  protection_system_i/protection_ip_axi_lite_0/inst/u_adc_sample_cdc_bridge/u_fifo/rd_data[53]_INST_0/O
                         net (fo=1, routed)           1.208     2.661    protection_system_i/protection_ip_axi_lite_0/inst/u_adc_sample_cdc_bridge/u_fifo_n_6
    SLICE_X63Y94         LUT3 (Prop_lut3_I1_O)        0.299     2.960 r  protection_system_i/protection_ip_axi_lite_0/inst/u_adc_sample_cdc_bridge/destination_data[53]_i_1/O
                         net (fo=1, routed)           0.000     2.960    protection_system_i/protection_ip_axi_lite_0/inst/u_adc_sample_cdc_bridge/destination_data[53]_i_1_n_0
    SLICE_X63Y94         FDCE                                         r  protection_system_i/protection_ip_axi_lite_0/inst/u_adc_sample_cdc_bridge/destination_data_reg[53]/D
  -------------------------------------------------------------------    -------------------

                         max delay                    8.000     8.000    
    SLICE_X63Y94         FDCE (Setup_fdce_C_D)        0.031     8.031    protection_system_i/protection_ip_axi_lite_0/inst/u_adc_sample_cdc_bridge/destination_data_reg[53]
  -------------------------------------------------------------------
                         required time                          8.031    
                         arrival time                          -2.960    
  -------------------------------------------------------------------
                         slack                                  5.071    

Slack (MET) :             5.091ns  (required time - arrival time)
  Source:                 protection_system_i/protection_ip_axi_lite_0/inst/u_adc_sample_cdc_bridge/u_fifo/mem_reg[7][1]/C
                            (rising edge-triggered cell FDRE clocked by clk_fpga_1  {rise@0.000ns fall@4.000ns period=8.000ns})
  Destination:            protection_system_i/protection_ip_axi_lite_0/inst/u_adc_sample_cdc_bridge/destination_data_reg[1]/D
                            (rising edge-triggered cell FDCE clocked by clk_fpga_0  {rise@0.000ns fall@5.000ns period=10.000ns})
  Path Group:             clk_fpga_0
  Path Type:              Setup (Max at Slow Process Corner)
  Requirement:            8.000ns  (MaxDelay Path 8.000ns)
  Data Path Delay:        2.938ns  (logic 1.096ns (37.302%)  route 1.842ns (62.698%))
  Logic Levels:           3  (LUT3=1 LUT6=1 MUXF7=1)
  Timing Exception:       MaxDelay Path 8.000ns -datapath_only

    Location             Delay type                Incr(ns)  Path(ns)    Netlist Resource(s)
  -------------------------------------------------------------------    -------------------
    SLICE_X57Y74                                      0.000     0.000 r  protection_system_i/protection_ip_axi_lite_0/inst/u_adc_sample_cdc_bridge/u_fifo/mem_reg[7][1]/C
    SLICE_X57Y74         FDRE (Prop_fdre_C_Q)         0.456     0.456 r  protection_system_i/protection_ip_axi_lite_0/inst/u_adc_sample_cdc_bridge/u_fifo/mem_reg[7][1]/Q
                         net (fo=1, routed)           0.656     1.112    protection_system_i/protection_ip_axi_lite_0/inst/u_adc_sample_cdc_bridge/u_fifo/mem_reg[7][1]
    SLICE_X57Y74         LUT6 (Prop_lut6_I0_O)        0.124     1.236 r  protection_system_i/protection_ip_axi_lite_0/inst/u_adc_sample_cdc_bridge/u_fifo/rd_data[1]_INST_0_i_2/O
                         net (fo=1, routed)           0.000     1.236    protection_system_i/protection_ip_axi_lite_0/inst/u_adc_sample_cdc_bridge/u_fifo/rd_data[1]_INST_0_i_2_n_0
    SLICE_X57Y74         MUXF7 (Prop_muxf7_I1_O)      0.217     1.453 r  protection_system_i/protection_ip_axi_lite_0/inst/u_adc_sample_cdc_bridge/u_fifo/rd_data[1]_INST_0/O
                         net (fo=1, routed)           1.186     2.639    protection_system_i/protection_ip_axi_lite_0/inst/u_adc_sample_cdc_bridge/u_fifo_n_58
    SLICE_X57Y80         LUT3 (Prop_lut3_I1_O)        0.299     2.938 r  protection_system_i/protection_ip_axi_lite_0/inst/u_adc_sample_cdc_bridge/destination_data[1]_i_1/O
                         net (fo=1, routed)           0.000     2.938    protection_system_i/protection_ip_axi_lite_0/inst/u_adc_sample_cdc_bridge/destination_data[1]_i_1_n_0
    SLICE_X57Y80         FDCE                                         r  protection_system_i/protection_ip_axi_lite_0/inst/u_adc_sample_cdc_bridge/destination_data_reg[1]/D
  -------------------------------------------------------------------    -------------------

                         max delay                    8.000     8.000    
    SLICE_X57Y80         FDCE (Setup_fdce_C_D)        0.029     8.029    protection_system_i/protection_ip_axi_lite_0/inst/u_adc_sample_cdc_bridge/destination_data_reg[1]
  -------------------------------------------------------------------
                         required time                          8.029    
                         arrival time                          -2.938    
  -------------------------------------------------------------------
                         slack                                  5.091    

Slack (MET) :             5.093ns  (required time - arrival time)
  Source:                 protection_system_i/protection_ip_axi_lite_0/inst/u_adc_sample_cdc_bridge/u_fifo/mem_reg[7][44]/C
                            (rising edge-triggered cell FDRE clocked by clk_fpga_1  {rise@0.000ns fall@4.000ns period=8.000ns})
  Destination:            protection_system_i/protection_ip_axi_lite_0/inst/u_adc_sample_cdc_bridge/destination_data_reg[44]/D
                            (rising edge-triggered cell FDCE clocked by clk_fpga_0  {rise@0.000ns fall@5.000ns period=10.000ns})
  Path Group:             clk_fpga_0
  Path Type:              Setup (Max at Slow Process Corner)
  Requirement:            8.000ns  (MaxDelay Path 8.000ns)
  Data Path Delay:        2.936ns  (logic 1.096ns (37.328%)  route 1.840ns (62.672%))
  Logic Levels:           3  (LUT3=1 LUT6=1 MUXF7=1)
  Timing Exception:       MaxDelay Path 8.000ns -datapath_only

    Location             Delay type                Incr(ns)  Path(ns)    Netlist Resource(s)
  -------------------------------------------------------------------    -------------------
    SLICE_X64Y99                                      0.000     0.000 r  protection_system_i/protection_ip_axi_lite_0/inst/u_adc_sample_cdc_bridge/u_fifo/mem_reg[7][44]/C
    SLICE_X64Y99         FDRE (Prop_fdre_C_Q)         0.456     0.456 r  protection_system_i/protection_ip_axi_lite_0/inst/u_adc_sample_cdc_bridge/u_fifo/mem_reg[7][44]/Q
                         net (fo=1, routed)           0.867     1.323    protection_system_i/protection_ip_axi_lite_0/inst/u_adc_sample_cdc_bridge/u_fifo/mem_reg[7][44]
    SLICE_X64Y98         LUT6 (Prop_lut6_I0_O)        0.124     1.447 r  protection_system_i/protection_ip_axi_lite_0/inst/u_adc_sample_cdc_bridge/u_fifo/rd_data[44]_INST_0_i_2/O
                         net (fo=1, routed)           0.000     1.447    protection_system_i/protection_ip_axi_lite_0/inst/u_adc_sample_cdc_bridge/u_fifo/rd_data[44]_INST_0_i_2_n_0
    SLICE_X64Y98         MUXF7 (Prop_muxf7_I1_O)      0.217     1.664 r  protection_system_i/protection_ip_axi_lite_0/inst/u_adc_sample_cdc_bridge/u_fifo/rd_data[44]_INST_0/O
                         net (fo=1, routed)           0.973     2.637    protection_system_i/protection_ip_axi_lite_0/inst/u_adc_sample_cdc_bridge/u_fifo_n_15
    SLICE_X63Y95         LUT3 (Prop_lut3_I1_O)        0.299     2.936 r  protection_system_i/protection_ip_axi_lite_0/inst/u_adc_sample_cdc_bridge/destination_data[44]_i_1/O
                         net (fo=1, routed)           0.000     2.936    protection_system_i/protection_ip_axi_lite_0/inst/u_adc_sample_cdc_bridge/destination_data[44]_i_1_n_0
    SLICE_X63Y95         FDCE                                         r  protection_system_i/protection_ip_axi_lite_0/inst/u_adc_sample_cdc_bridge/destination_data_reg[44]/D
  -------------------------------------------------------------------    -------------------

                         max delay                    8.000     8.000    
    SLICE_X63Y95         FDCE (Setup_fdce_C_D)        0.029     8.029    protection_system_i/protection_ip_axi_lite_0/inst/u_adc_sample_cdc_bridge/destination_data_reg[44]
  -------------------------------------------------------------------
                         required time                          8.029    
                         arrival time                          -2.936    
  -------------------------------------------------------------------
                         slack                                  5.093    

Slack (MET) :             5.136ns  (required time - arrival time)
  Source:                 protection_system_i/protection_ip_axi_lite_0/inst/u_adc_sample_cdc_bridge/u_fifo/mem_reg[7][14]/C
                            (rising edge-triggered cell FDRE clocked by clk_fpga_1  {rise@0.000ns fall@4.000ns period=8.000ns})
  Destination:            protection_system_i/protection_ip_axi_lite_0/inst/u_adc_sample_cdc_bridge/destination_data_reg[14]/D
                            (rising edge-triggered cell FDCE clocked by clk_fpga_0  {rise@0.000ns fall@5.000ns period=10.000ns})
  Path Group:             clk_fpga_0
  Path Type:              Setup (Max at Slow Process Corner)
  Requirement:            8.000ns  (MaxDelay Path 8.000ns)
  Data Path Delay:        2.893ns  (logic 1.153ns (39.849%)  route 1.740ns (60.151%))
  Logic Levels:           3  (LUT3=1 LUT6=1 MUXF7=1)
  Timing Exception:       MaxDelay Path 8.000ns -datapath_only

    Location             Delay type                Incr(ns)  Path(ns)    Netlist Resource(s)
  -------------------------------------------------------------------    -------------------
    SLICE_X54Y73                                      0.000     0.000 r  protection_system_i/protection_ip_axi_lite_0/inst/u_adc_sample_cdc_bridge/u_fifo/mem_reg[7][14]/C
    SLICE_X54Y73         FDRE (Prop_fdre_C_Q)         0.518     0.518 r  protection_system_i/protection_ip_axi_lite_0/inst/u_adc_sample_cdc_bridge/u_fifo/mem_reg[7][14]/Q
                         net (fo=1, routed)           0.661     1.179    protection_system_i/protection_ip_axi_lite_0/inst/u_adc_sample_cdc_bridge/u_fifo/mem_reg[7][14]
    SLICE_X54Y73         LUT6 (Prop_lut6_I0_O)        0.124     1.303 r  protection_system_i/protection_ip_axi_lite_0/inst/u_adc_sample_cdc_bridge/u_fifo/rd_data[14]_INST_0_i_2/O
                         net (fo=1, routed)           0.000     1.303    protection_system_i/protection_ip_axi_lite_0/inst/u_adc_sample_cdc_bridge/u_fifo/rd_data[14]_INST_0_i_2_n_0
    SLICE_X54Y73         MUXF7 (Prop_muxf7_I1_O)      0.214     1.517 r  protection_system_i/protection_ip_axi_lite_0/inst/u_adc_sample_cdc_bridge/u_fifo/rd_data[14]_INST_0/O
                         net (fo=1, routed)           1.079     2.596    protection_system_i/protection_ip_axi_lite_0/inst/u_adc_sample_cdc_bridge/u_fifo_n_45
    SLICE_X48Y78         LUT3 (Prop_lut3_I1_O)        0.297     2.893 r  protection_system_i/protection_ip_axi_lite_0/inst/u_adc_sample_cdc_bridge/destination_data[14]_i_1/O
                         net (fo=1, routed)           0.000     2.893    protection_system_i/protection_ip_axi_lite_0/inst/u_adc_sample_cdc_bridge/destination_data[14]_i_1_n_0
    SLICE_X48Y78         FDCE                                         r  protection_system_i/protection_ip_axi_lite_0/inst/u_adc_sample_cdc_bridge/destination_data_reg[14]/D
  -------------------------------------------------------------------    -------------------

                         max delay                    8.000     8.000    
    SLICE_X48Y78         FDCE (Setup_fdce_C_D)        0.029     8.029    protection_system_i/protection_ip_axi_lite_0/inst/u_adc_sample_cdc_bridge/destination_data_reg[14]
  -------------------------------------------------------------------
                         required time                          8.029    
                         arrival time                          -2.893    
  -------------------------------------------------------------------
                         slack                                  5.136    

Slack (MET) :             5.138ns  (required time - arrival time)
  Source:                 protection_system_i/protection_ip_axi_lite_0/inst/u_adc_sample_cdc_bridge/u_fifo/mem_reg[7][4]/C
                            (rising edge-triggered cell FDRE clocked by clk_fpga_1  {rise@0.000ns fall@4.000ns period=8.000ns})
  Destination:            protection_system_i/protection_ip_axi_lite_0/inst/u_adc_sample_cdc_bridge/destination_data_reg[4]/D
                            (rising edge-triggered cell FDCE clocked by clk_fpga_0  {rise@0.000ns fall@5.000ns period=10.000ns})
  Path Group:             clk_fpga_0
  Path Type:              Setup (Max at Slow Process Corner)
  Requirement:            8.000ns  (MaxDelay Path 8.000ns)
  Data Path Delay:        2.893ns  (logic 1.096ns (37.879%)  route 1.797ns (62.121%))
  Logic Levels:           3  (LUT3=1 LUT6=1 MUXF7=1)
  Timing Exception:       MaxDelay Path 8.000ns -datapath_only

    Location             Delay type                Incr(ns)  Path(ns)    Netlist Resource(s)
  -------------------------------------------------------------------    -------------------
    SLICE_X51Y73                                      0.000     0.000 r  protection_system_i/protection_ip_axi_lite_0/inst/u_adc_sample_cdc_bridge/u_fifo/mem_reg[7][4]/C
    SLICE_X51Y73         FDRE (Prop_fdre_C_Q)         0.456     0.456 r  protection_system_i/protection_ip_axi_lite_0/inst/u_adc_sample_cdc_bridge/u_fifo/mem_reg[7][4]/Q
                         net (fo=1, routed)           0.575     1.031    protection_system_i/protection_ip_axi_lite_0/inst/u_adc_sample_cdc_bridge/u_fifo/mem_reg[7][4]
    SLICE_X51Y74         LUT6 (Prop_lut6_I0_O)        0.124     1.155 r  protection_system_i/protection_ip_axi_lite_0/inst/u_adc_sample_cdc_bridge/u_fifo/rd_data[4]_INST_0_i_2/O
                         net (fo=1, routed)           0.000     1.155    protection_system_i/protection_ip_axi_lite_0/inst/u_adc_sample_cdc_bridge/u_fifo/rd_data[4]_INST_0_i_2_n_0
    SLICE_X51Y74         MUXF7 (Prop_muxf7_I1_O)      0.217     1.372 r  protection_system_i/protection_ip_axi_lite_0/inst/u_adc_sample_cdc_bridge/u_fifo/rd_data[4]_INST_0/O
                         net (fo=1, routed)           1.222     2.594    protection_system_i/protection_ip_axi_lite_0/inst/u_adc_sample_cdc_bridge/u_fifo_n_55
    SLICE_X53Y78         LUT3 (Prop_lut3_I1_O)        0.299     2.893 r  protection_system_i/protection_ip_axi_lite_0/inst/u_adc_sample_cdc_bridge/destination_data[4]_i_1/O
                         net (fo=1, routed)           0.000     2.893    protection_system_i/protection_ip_axi_lite_0/inst/u_adc_sample_cdc_bridge/destination_data[4]_i_1_n_0
    SLICE_X53Y78         FDCE                                         r  protection_system_i/protection_ip_axi_lite_0/inst/u_adc_sample_cdc_bridge/destination_data_reg[4]/D
  -------------------------------------------------------------------    -------------------

                         max delay                    8.000     8.000    
    SLICE_X53Y78         FDCE (Setup_fdce_C_D)        0.031     8.031    protection_system_i/protection_ip_axi_lite_0/inst/u_adc_sample_cdc_bridge/destination_data_reg[4]
  -------------------------------------------------------------------
                         required time                          8.031    
                         arrival time                          -2.893    
  -------------------------------------------------------------------
                         slack                                  5.138    

Slack (MET) :             5.149ns  (required time - arrival time)
  Source:                 protection_system_i/protection_ip_axi_lite_0/inst/u_adc_sample_cdc_bridge/u_fifo/mem_reg[7][46]/C
                            (rising edge-triggered cell FDRE clocked by clk_fpga_1  {rise@0.000ns fall@4.000ns period=8.000ns})
  Destination:            protection_system_i/protection_ip_axi_lite_0/inst/u_adc_sample_cdc_bridge/destination_data_reg[46]/D
                            (rising edge-triggered cell FDCE clocked by clk_fpga_0  {rise@0.000ns fall@5.000ns period=10.000ns})
  Path Group:             clk_fpga_0
  Path Type:              Setup (Max at Slow Process Corner)
  Requirement:            8.000ns  (MaxDelay Path 8.000ns)
  Data Path Delay:        2.932ns  (logic 1.158ns (39.489%)  route 1.774ns (60.511%))
  Logic Levels:           3  (LUT3=1 LUT6=1 MUXF7=1)
  Timing Exception:       MaxDelay Path 8.000ns -datapath_only

    Location             Delay type                Incr(ns)  Path(ns)    Netlist Resource(s)
  -------------------------------------------------------------------    -------------------
    SLICE_X66Y100                                     0.000     0.000 r  protection_system_i/protection_ip_axi_lite_0/inst/u_adc_sample_cdc_bridge/u_fifo/mem_reg[7][46]/C
    SLICE_X66Y100        FDRE (Prop_fdre_C_Q)         0.518     0.518 r  protection_system_i/protection_ip_axi_lite_0/inst/u_adc_sample_cdc_bridge/u_fifo/mem_reg[7][46]/Q
                         net (fo=1, routed)           0.630     1.148    protection_system_i/protection_ip_axi_lite_0/inst/u_adc_sample_cdc_bridge/u_fifo/mem_reg[7][46]
    SLICE_X65Y100        LUT6 (Prop_lut6_I0_O)        0.124     1.272 r  protection_system_i/protection_ip_axi_lite_0/inst/u_adc_sample_cdc_bridge/u_fifo/rd_data[46]_INST_0_i_2/O
                         net (fo=1, routed)           0.000     1.272    protection_system_i/protection_ip_axi_lite_0/inst/u_adc_sample_cdc_bridge/u_fifo/rd_data[46]_INST_0_i_2_n_0
    SLICE_X65Y100        MUXF7 (Prop_muxf7_I1_O)      0.217     1.489 r  protection_system_i/protection_ip_axi_lite_0/inst/u_adc_sample_cdc_bridge/u_fifo/rd_data[46]_INST_0/O
                         net (fo=1, routed)           1.145     2.633    protection_system_i/protection_ip_axi_lite_0/inst/u_adc_sample_cdc_bridge/u_fifo_n_13
    SLICE_X62Y94         LUT3 (Prop_lut3_I1_O)        0.299     2.932 r  protection_system_i/protection_ip_axi_lite_0/inst/u_adc_sample_cdc_bridge/destination_data[46]_i_1/O
                         net (fo=1, routed)           0.000     2.932    protection_system_i/protection_ip_axi_lite_0/inst/u_adc_sample_cdc_bridge/destination_data[46]_i_1_n_0
    SLICE_X62Y94         FDCE                                         r  protection_system_i/protection_ip_axi_lite_0/inst/u_adc_sample_cdc_bridge/destination_data_reg[46]/D
  -------------------------------------------------------------------    -------------------

                         max delay                    8.000     8.000    
    SLICE_X62Y94         FDCE (Setup_fdce_C_D)        0.081     8.081    protection_system_i/protection_ip_axi_lite_0/inst/u_adc_sample_cdc_bridge/destination_data_reg[46]
  -------------------------------------------------------------------
                         required time                          8.081    
                         arrival time                          -2.932    
  -------------------------------------------------------------------
                         slack                                  5.149    

Slack (MET) :             5.219ns  (required time - arrival time)
  Source:                 protection_system_i/protection_ip_axi_lite_0/inst/u_adc_sample_cdc_bridge/u_fifo/mem_reg[7][34]/C
                            (rising edge-triggered cell FDRE clocked by clk_fpga_1  {rise@0.000ns fall@4.000ns period=8.000ns})
  Destination:            protection_system_i/protection_ip_axi_lite_0/inst/u_adc_sample_cdc_bridge/destination_data_reg[34]/D
                            (rising edge-triggered cell FDCE clocked by clk_fpga_0  {rise@0.000ns fall@5.000ns period=10.000ns})
  Path Group:             clk_fpga_0
  Path Type:              Setup (Max at Slow Process Corner)
  Requirement:            8.000ns  (MaxDelay Path 8.000ns)
  Data Path Delay:        2.810ns  (logic 1.125ns (40.031%)  route 1.685ns (59.969%))
  Logic Levels:           3  (LUT3=1 LUT6=1 MUXF7=1)
  Timing Exception:       MaxDelay Path 8.000ns -datapath_only

    Location             Delay type                Incr(ns)  Path(ns)    Netlist Resource(s)
  -------------------------------------------------------------------    -------------------
    SLICE_X81Y82                                      0.000     0.000 r  protection_system_i/protection_ip_axi_lite_0/inst/u_adc_sample_cdc_bridge/u_fifo/mem_reg[7][34]/C
    SLICE_X81Y82         FDRE (Prop_fdre_C_Q)         0.456     0.456 r  protection_system_i/protection_ip_axi_lite_0/inst/u_adc_sample_cdc_bridge/u_fifo/mem_reg[7][34]/Q
                         net (fo=1, routed)           0.720     1.176    protection_system_i/protection_ip_axi_lite_0/inst/u_adc_sample_cdc_bridge/u_fifo/mem_reg[7][34]
    SLICE_X82Y82         LUT6 (Prop_lut6_I0_O)        0.124     1.300 r  protection_system_i/protection_ip_axi_lite_0/inst/u_adc_sample_cdc_bridge/u_fifo/rd_data[34]_INST_0_i_2/O
                         net (fo=1, routed)           0.000     1.300    protection_system_i/protection_ip_axi_lite_0/inst/u_adc_sample_cdc_bridge/u_fifo/rd_data[34]_INST_0_i_2_n_0
    SLICE_X82Y82         MUXF7 (Prop_muxf7_I1_O)      0.247     1.547 r  protection_system_i/protection_ip_axi_lite_0/inst/u_adc_sample_cdc_bridge/u_fifo/rd_data[34]_INST_0/O
                         net (fo=1, routed)           0.966     2.512    protection_system_i/protection_ip_axi_lite_0/inst/u_adc_sample_cdc_bridge/u_fifo_n_25
    SLICE_X67Y81         LUT3 (Prop_lut3_I1_O)        0.298     2.810 r  protection_system_i/protection_ip_axi_lite_0/inst/u_adc_sample_cdc_bridge/destination_data[34]_i_1/O
                         net (fo=1, routed)           0.000     2.810    protection_system_i/protection_ip_axi_lite_0/inst/u_adc_sample_cdc_bridge/destination_data[34]_i_1_n_0
    SLICE_X67Y81         FDCE                                         r  protection_system_i/protection_ip_axi_lite_0/inst/u_adc_sample_cdc_bridge/destination_data_reg[34]/D
  -------------------------------------------------------------------    -------------------

                         max delay                    8.000     8.000    
    SLICE_X67Y81         FDCE (Setup_fdce_C_D)        0.029     8.029    protection_system_i/protection_ip_axi_lite_0/inst/u_adc_sample_cdc_bridge/destination_data_reg[34]
  -------------------------------------------------------------------
                         required time                          8.029    
                         arrival time                          -2.810    
  -------------------------------------------------------------------
                         slack                                  5.219    

Slack (MET) :             5.222ns  (required time - arrival time)
  Source:                 protection_system_i/protection_ip_axi_lite_0/inst/u_adc_sample_cdc_bridge/u_fifo/mem_reg[7][19]/C
                            (rising edge-triggered cell FDRE clocked by clk_fpga_1  {rise@0.000ns fall@4.000ns period=8.000ns})
  Destination:            protection_system_i/protection_ip_axi_lite_0/inst/u_adc_sample_cdc_bridge/destination_data_reg[19]/D
                            (rising edge-triggered cell FDCE clocked by clk_fpga_0  {rise@0.000ns fall@5.000ns period=10.000ns})
  Path Group:             clk_fpga_0
  Path Type:              Setup (Max at Slow Process Corner)
  Requirement:            8.000ns  (MaxDelay Path 8.000ns)
  Data Path Delay:        2.809ns  (logic 1.187ns (42.260%)  route 1.622ns (57.740%))
  Logic Levels:           3  (LUT3=1 LUT6=1 MUXF7=1)
  Timing Exception:       MaxDelay Path 8.000ns -datapath_only

    Location             Delay type                Incr(ns)  Path(ns)    Netlist Resource(s)
  -------------------------------------------------------------------    -------------------
    SLICE_X54Y73                                      0.000     0.000 r  protection_system_i/protection_ip_axi_lite_0/inst/u_adc_sample_cdc_bridge/u_fifo/mem_reg[7][19]/C
    SLICE_X54Y73         FDRE (Prop_fdre_C_Q)         0.518     0.518 r  protection_system_i/protection_ip_axi_lite_0/inst/u_adc_sample_cdc_bridge/u_fifo/mem_reg[7][19]/Q
                         net (fo=1, routed)           0.517     1.035    protection_system_i/protection_ip_axi_lite_0/inst/u_adc_sample_cdc_bridge/u_fifo/mem_reg[7][19]
    SLICE_X54Y73         LUT6 (Prop_lut6_I0_O)        0.124     1.159 r  protection_system_i/protection_ip_axi_lite_0/inst/u_adc_sample_cdc_bridge/u_fifo/rd_data[19]_INST_0_i_2/O
                         net (fo=1, routed)           0.000     1.159    protection_system_i/protection_ip_axi_lite_0/inst/u_adc_sample_cdc_bridge/u_fifo/rd_data[19]_INST_0_i_2_n_0
    SLICE_X54Y73         MUXF7 (Prop_muxf7_I1_O)      0.247     1.406 r  protection_system_i/protection_ip_axi_lite_0/inst/u_adc_sample_cdc_bridge/u_fifo/rd_data[19]_INST_0/O
                         net (fo=1, routed)           1.105     2.511    protection_system_i/protection_ip_axi_lite_0/inst/u_adc_sample_cdc_bridge/u_fifo_n_40
    SLICE_X48Y78         LUT3 (Prop_lut3_I1_O)        0.298     2.809 r  protection_system_i/protection_ip_axi_lite_0/inst/u_adc_sample_cdc_bridge/destination_data[19]_i_1/O
                         net (fo=1, routed)           0.000     2.809    protection_system_i/protection_ip_axi_lite_0/inst/u_adc_sample_cdc_bridge/destination_data[19]_i_1_n_0
    SLICE_X48Y78         FDCE                                         r  protection_system_i/protection_ip_axi_lite_0/inst/u_adc_sample_cdc_bridge/destination_data_reg[19]/D
  -------------------------------------------------------------------    -------------------

                         max delay                    8.000     8.000    
    SLICE_X48Y78         FDCE (Setup_fdce_C_D)        0.031     8.031    protection_system_i/protection_ip_axi_lite_0/inst/u_adc_sample_cdc_bridge/destination_data_reg[19]
  -------------------------------------------------------------------
                         required time                          8.031    
                         arrival time                          -2.809    
  -------------------------------------------------------------------
                         slack                                  5.222    

Slack (MET) :             5.230ns  (required time - arrival time)
  Source:                 protection_system_i/protection_ip_axi_lite_0/inst/u_adc_sample_cdc_bridge/u_fifo/mem_reg[7][35]/C
                            (rising edge-triggered cell FDRE clocked by clk_fpga_1  {rise@0.000ns fall@4.000ns period=8.000ns})
  Destination:            protection_system_i/protection_ip_axi_lite_0/inst/u_adc_sample_cdc_bridge/destination_data_reg[35]/D
                            (rising edge-triggered cell FDCE clocked by clk_fpga_0  {rise@0.000ns fall@5.000ns period=10.000ns})
  Path Group:             clk_fpga_0
  Path Type:              Setup (Max at Slow Process Corner)
  Requirement:            8.000ns  (MaxDelay Path 8.000ns)
  Data Path Delay:        2.847ns  (logic 1.096ns (38.497%)  route 1.751ns (61.503%))
  Logic Levels:           3  (LUT3=1 LUT6=1 MUXF7=1)
  Timing Exception:       MaxDelay Path 8.000ns -datapath_only

    Location             Delay type                Incr(ns)  Path(ns)    Netlist Resource(s)
  -------------------------------------------------------------------    -------------------
    SLICE_X85Y88                                      0.000     0.000 r  protection_system_i/protection_ip_axi_lite_0/inst/u_adc_sample_cdc_bridge/u_fifo/mem_reg[7][35]/C
    SLICE_X85Y88         FDRE (Prop_fdre_C_Q)         0.456     0.456 r  protection_system_i/protection_ip_axi_lite_0/inst/u_adc_sample_cdc_bridge/u_fifo/mem_reg[7][35]/Q
                         net (fo=1, routed)           0.403     0.859    protection_system_i/protection_ip_axi_lite_0/inst/u_adc_sample_cdc_bridge/u_fifo/mem_reg[7][35]
    SLICE_X85Y90         LUT6 (Prop_lut6_I0_O)        0.124     0.983 r  protection_system_i/protection_ip_axi_lite_0/inst/u_adc_sample_cdc_bridge/u_fifo/rd_data[35]_INST_0_i_2/O
                         net (fo=1, routed)           0.000     0.983    protection_system_i/protection_ip_axi_lite_0/inst/u_adc_sample_cdc_bridge/u_fifo/rd_data[35]_INST_0_i_2_n_0
    SLICE_X85Y90         MUXF7 (Prop_muxf7_I1_O)      0.217     1.200 r  protection_system_i/protection_ip_axi_lite_0/inst/u_adc_sample_cdc_bridge/u_fifo/rd_data[35]_INST_0/O
                         net (fo=1, routed)           1.348     2.548    protection_system_i/protection_ip_axi_lite_0/inst/u_adc_sample_cdc_bridge/u_fifo_n_24
    SLICE_X66Y86         LUT3 (Prop_lut3_I1_O)        0.299     2.847 r  protection_system_i/protection_ip_axi_lite_0/inst/u_adc_sample_cdc_bridge/destination_data[35]_i_1/O
                         net (fo=1, routed)           0.000     2.847    protection_system_i/protection_ip_axi_lite_0/inst/u_adc_sample_cdc_bridge/destination_data[35]_i_1_n_0
    SLICE_X66Y86         FDCE                                         r  protection_system_i/protection_ip_axi_lite_0/inst/u_adc_sample_cdc_bridge/destination_data_reg[35]/D
  -------------------------------------------------------------------    -------------------

                         max delay                    8.000     8.000    
    SLICE_X66Y86         FDCE (Setup_fdce_C_D)        0.077     8.077    protection_system_i/protection_ip_axi_lite_0/inst/u_adc_sample_cdc_bridge/destination_data_reg[35]
  -------------------------------------------------------------------
                         required time                          8.077    
                         arrival time                          -2.847    
  -------------------------------------------------------------------
                         slack                                  5.230    

Slack (MET) :             5.264ns  (required time - arrival time)
  Source:                 protection_system_i/protection_ip_axi_lite_0/inst/u_adc_sample_cdc_bridge/u_fifo/mem_reg[7][12]/C
                            (rising edge-triggered cell FDRE clocked by clk_fpga_1  {rise@0.000ns fall@4.000ns period=8.000ns})
  Destination:            protection_system_i/protection_ip_axi_lite_0/inst/u_adc_sample_cdc_bridge/destination_data_reg[12]/D
                            (rising edge-triggered cell FDCE clocked by clk_fpga_0  {rise@0.000ns fall@5.000ns period=10.000ns})
  Path Group:             clk_fpga_0
  Path Type:              Setup (Max at Slow Process Corner)
  Requirement:            8.000ns  (MaxDelay Path 8.000ns)
  Data Path Delay:        2.765ns  (logic 1.096ns (39.642%)  route 1.669ns (60.358%))
  Logic Levels:           3  (LUT3=1 LUT6=1 MUXF7=1)
  Timing Exception:       MaxDelay Path 8.000ns -datapath_only

    Location             Delay type                Incr(ns)  Path(ns)    Netlist Resource(s)
  -------------------------------------------------------------------    -------------------
    SLICE_X48Y73                                      0.000     0.000 r  protection_system_i/protection_ip_axi_lite_0/inst/u_adc_sample_cdc_bridge/u_fifo/mem_reg[7][12]/C
    SLICE_X48Y73         FDRE (Prop_fdre_C_Q)         0.456     0.456 r  protection_system_i/protection_ip_axi_lite_0/inst/u_adc_sample_cdc_bridge/u_fifo/mem_reg[7][12]/Q
                         net (fo=1, routed)           0.938     1.394    protection_system_i/protection_ip_axi_lite_0/inst/u_adc_sample_cdc_bridge/u_fifo/mem_reg[7][12]
    SLICE_X48Y74         LUT6 (Prop_lut6_I0_O)        0.124     1.518 r  protection_system_i/protection_ip_axi_lite_0/inst/u_adc_sample_cdc_bridge/u_fifo/rd_data[12]_INST_0_i_2/O
                         net (fo=1, routed)           0.000     1.518    protection_system_i/protection_ip_axi_lite_0/inst/u_adc_sample_cdc_bridge/u_fifo/rd_data[12]_INST_0_i_2_n_0
    SLICE_X48Y74         MUXF7 (Prop_muxf7_I1_O)      0.217     1.735 r  protection_system_i/protection_ip_axi_lite_0/inst/u_adc_sample_cdc_bridge/u_fifo/rd_data[12]_INST_0/O
                         net (fo=1, routed)           0.731     2.466    protection_system_i/protection_ip_axi_lite_0/inst/u_adc_sample_cdc_bridge/u_fifo_n_47
    SLICE_X49Y77         LUT3 (Prop_lut3_I1_O)        0.299     2.765 r  protection_system_i/protection_ip_axi_lite_0/inst/u_adc_sample_cdc_bridge/destination_data[12]_i_1/O
                         net (fo=1, routed)           0.000     2.765    protection_system_i/protection_ip_axi_lite_0/inst/u_adc_sample_cdc_bridge/destination_data[12]_i_1_n_0
    SLICE_X49Y77         FDCE                                         r  protection_system_i/protection_ip_axi_lite_0/inst/u_adc_sample_cdc_bridge/destination_data_reg[12]/D
  -------------------------------------------------------------------    -------------------

                         max delay                    8.000     8.000    
    SLICE_X49Y77         FDCE (Setup_fdce_C_D)        0.029     8.029    protection_system_i/protection_ip_axi_lite_0/inst/u_adc_sample_cdc_bridge/destination_data_reg[12]
  -------------------------------------------------------------------
                         required time                          8.029    
                         arrival time                          -2.765    
  -------------------------------------------------------------------
                         slack                                  5.264    

Slack (MET) :             5.265ns  (required time - arrival time)
  Source:                 protection_system_i/protection_ip_axi_lite_0/inst/u_adc_sample_cdc_bridge/u_fifo/mem_reg[7][29]/C
                            (rising edge-triggered cell FDRE clocked by clk_fpga_1  {rise@0.000ns fall@4.000ns period=8.000ns})
  Destination:            protection_system_i/protection_ip_axi_lite_0/inst/u_adc_sample_cdc_bridge/destination_data_reg[29]/D
                            (rising edge-triggered cell FDCE clocked by clk_fpga_0  {rise@0.000ns fall@5.000ns period=10.000ns})
  Path Group:             clk_fpga_0
  Path Type:              Setup (Max at Slow Process Corner)
  Requirement:            8.000ns  (MaxDelay Path 8.000ns)
  Data Path Delay:        2.764ns  (logic 1.091ns (39.465%)  route 1.673ns (60.535%))
  Logic Levels:           3  (LUT3=1 LUT6=1 MUXF7=1)
  Timing Exception:       MaxDelay Path 8.000ns -datapath_only

    Location             Delay type                Incr(ns)  Path(ns)    Netlist Resource(s)
  -------------------------------------------------------------------    -------------------
    SLICE_X60Y77                                      0.000     0.000 r  protection_system_i/protection_ip_axi_lite_0/inst/u_adc_sample_cdc_bridge/u_fifo/mem_reg[7][29]/C
    SLICE_X60Y77         FDRE (Prop_fdre_C_Q)         0.456     0.456 r  protection_system_i/protection_ip_axi_lite_0/inst/u_adc_sample_cdc_bridge/u_fifo/mem_reg[7][29]/Q
                         net (fo=1, routed)           0.808     1.264    protection_system_i/protection_ip_axi_lite_0/inst/u_adc_sample_cdc_bridge/u_fifo/mem_reg[7][29]
    SLICE_X62Y77         LUT6 (Prop_lut6_I0_O)        0.124     1.388 r  protection_system_i/protection_ip_axi_lite_0/inst/u_adc_sample_cdc_bridge/u_fifo/rd_data[29]_INST_0_i_2/O
                         net (fo=1, routed)           0.000     1.388    protection_system_i/protection_ip_axi_lite_0/inst/u_adc_sample_cdc_bridge/u_fifo/rd_data[29]_INST_0_i_2_n_0
    SLICE_X62Y77         MUXF7 (Prop_muxf7_I1_O)      0.214     1.602 r  protection_system_i/protection_ip_axi_lite_0/inst/u_adc_sample_cdc_bridge/u_fifo/rd_data[29]_INST_0/O
                         net (fo=1, routed)           0.866     2.467    protection_system_i/protection_ip_axi_lite_0/inst/u_adc_sample_cdc_bridge/u_fifo_n_30
    SLICE_X61Y80         LUT3 (Prop_lut3_I1_O)        0.297     2.764 r  protection_system_i/protection_ip_axi_lite_0/inst/u_adc_sample_cdc_bridge/destination_data[29]_i_1/O
                         net (fo=1, routed)           0.000     2.764    protection_system_i/protection_ip_axi_lite_0/inst/u_adc_sample_cdc_bridge/destination_data[29]_i_1_n_0
    SLICE_X61Y80         FDCE                                         r  protection_system_i/protection_ip_axi_lite_0/inst/u_adc_sample_cdc_bridge/destination_data_reg[29]/D
  -------------------------------------------------------------------    -------------------

                         max delay                    8.000     8.000    
    SLICE_X61Y80         FDCE (Setup_fdce_C_D)        0.029     8.029    protection_system_i/protection_ip_axi_lite_0/inst/u_adc_sample_cdc_bridge/destination_data_reg[29]
  -------------------------------------------------------------------
                         required time                          8.029    
                         arrival time                          -2.764    
  -------------------------------------------------------------------
                         slack                                  5.265    

Slack (MET) :             5.322ns  (required time - arrival time)
  Source:                 protection_system_i/protection_ip_axi_lite_0/inst/u_adc_sample_cdc_bridge/u_fifo/mem_reg[7][41]/C
                            (rising edge-triggered cell FDRE clocked by clk_fpga_1  {rise@0.000ns fall@4.000ns period=8.000ns})
  Destination:            protection_system_i/protection_ip_axi_lite_0/inst/u_adc_sample_cdc_bridge/destination_data_reg[41]/D
                            (rising edge-triggered cell FDCE clocked by clk_fpga_0  {rise@0.000ns fall@5.000ns period=10.000ns})
  Path Group:             clk_fpga_0
  Path Type:              Setup (Max at Slow Process Corner)
  Requirement:            8.000ns  (MaxDelay Path 8.000ns)
  Data Path Delay:        2.707ns  (logic 1.123ns (41.486%)  route 1.584ns (58.514%))
  Logic Levels:           3  (LUT3=1 LUT6=1 MUXF7=1)
  Timing Exception:       MaxDelay Path 8.000ns -datapath_only

    Location             Delay type                Incr(ns)  Path(ns)    Netlist Resource(s)
  -------------------------------------------------------------------    -------------------
    SLICE_X81Y93                                      0.000     0.000 r  protection_system_i/protection_ip_axi_lite_0/inst/u_adc_sample_cdc_bridge/u_fifo/mem_reg[7][41]/C
    SLICE_X81Y93         FDRE (Prop_fdre_C_Q)         0.456     0.456 r  protection_system_i/protection_ip_axi_lite_0/inst/u_adc_sample_cdc_bridge/u_fifo/mem_reg[7][41]/Q
                         net (fo=1, routed)           1.008     1.464    protection_system_i/protection_ip_axi_lite_0/inst/u_adc_sample_cdc_bridge/u_fifo/mem_reg[7][41]
    SLICE_X84Y93         LUT6 (Prop_lut6_I0_O)        0.124     1.588 r  protection_system_i/protection_ip_axi_lite_0/inst/u_adc_sample_cdc_bridge/u_fifo/rd_data[41]_INST_0_i_2/O
                         net (fo=1, routed)           0.000     1.588    protection_system_i/protection_ip_axi_lite_0/inst/u_adc_sample_cdc_bridge/u_fifo/rd_data[41]_INST_0_i_2_n_0
    SLICE_X84Y93         MUXF7 (Prop_muxf7_I1_O)      0.245     1.833 r  protection_system_i/protection_ip_axi_lite_0/inst/u_adc_sample_cdc_bridge/u_fifo/rd_data[41]_INST_0/O
                         net (fo=1, routed)           0.576     2.409    protection_system_i/protection_ip_axi_lite_0/inst/u_adc_sample_cdc_bridge/u_fifo_n_18
    SLICE_X65Y92         LUT3 (Prop_lut3_I1_O)        0.298     2.707 r  protection_system_i/protection_ip_axi_lite_0/inst/u_adc_sample_cdc_bridge/destination_data[41]_i_1/O
                         net (fo=1, routed)           0.000     2.707    protection_system_i/protection_ip_axi_lite_0/inst/u_adc_sample_cdc_bridge/destination_data[41]_i_1_n_0
    SLICE_X65Y92         FDCE                                         r  protection_system_i/protection_ip_axi_lite_0/inst/u_adc_sample_cdc_bridge/destination_data_reg[41]/D
  -------------------------------------------------------------------    -------------------

                         max delay                    8.000     8.000    
    SLICE_X65Y92         FDCE (Setup_fdce_C_D)        0.029     8.029    protection_system_i/protection_ip_axi_lite_0/inst/u_adc_sample_cdc_bridge/destination_data_reg[41]
  -------------------------------------------------------------------
                         required time                          8.029    
                         arrival time                          -2.707    
  -------------------------------------------------------------------
                         slack                                  5.322    

Slack (MET) :             5.342ns  (required time - arrival time)
  Source:                 protection_system_i/protection_ip_axi_lite_0/inst/u_adc_sample_cdc_bridge/u_fifo/mem_reg[7][43]/C
                            (rising edge-triggered cell FDRE clocked by clk_fpga_1  {rise@0.000ns fall@4.000ns period=8.000ns})
  Destination:            protection_system_i/protection_ip_axi_lite_0/inst/u_adc_sample_cdc_bridge/destination_data_reg[43]/D
                            (rising edge-triggered cell FDCE clocked by clk_fpga_0  {rise@0.000ns fall@5.000ns period=10.000ns})
  Path Group:             clk_fpga_0
  Path Type:              Setup (Max at Slow Process Corner)
  Requirement:            8.000ns  (MaxDelay Path 8.000ns)
  Data Path Delay:        2.735ns  (logic 1.091ns (39.894%)  route 1.644ns (60.106%))
  Logic Levels:           3  (LUT3=1 LUT6=1 MUXF7=1)
  Timing Exception:       MaxDelay Path 8.000ns -datapath_only

    Location             Delay type                Incr(ns)  Path(ns)    Netlist Resource(s)
  -------------------------------------------------------------------    -------------------
    SLICE_X60Y96                                      0.000     0.000 r  protection_system_i/protection_ip_axi_lite_0/inst/u_adc_sample_cdc_bridge/u_fifo/mem_reg[7][43]/C
    SLICE_X60Y96         FDRE (Prop_fdre_C_Q)         0.456     0.456 r  protection_system_i/protection_ip_axi_lite_0/inst/u_adc_sample_cdc_bridge/u_fifo/mem_reg[7][43]/Q
                         net (fo=1, routed)           0.669     1.125    protection_system_i/protection_ip_axi_lite_0/inst/u_adc_sample_cdc_bridge/u_fifo/mem_reg[7][43]
    SLICE_X62Y97         LUT6 (Prop_lut6_I0_O)        0.124     1.249 r  protection_system_i/protection_ip_axi_lite_0/inst/u_adc_sample_cdc_bridge/u_fifo/rd_data[43]_INST_0_i_2/O
                         net (fo=1, routed)           0.000     1.249    protection_system_i/protection_ip_axi_lite_0/inst/u_adc_sample_cdc_bridge/u_fifo/rd_data[43]_INST_0_i_2_n_0
    SLICE_X62Y97         MUXF7 (Prop_muxf7_I1_O)      0.214     1.463 r  protection_system_i/protection_ip_axi_lite_0/inst/u_adc_sample_cdc_bridge/u_fifo/rd_data[43]_INST_0/O
                         net (fo=1, routed)           0.975     2.438    protection_system_i/protection_ip_axi_lite_0/inst/u_adc_sample_cdc_bridge/u_fifo_n_16
    SLICE_X62Y94         LUT3 (Prop_lut3_I1_O)        0.297     2.735 r  protection_system_i/protection_ip_axi_lite_0/inst/u_adc_sample_cdc_bridge/destination_data[43]_i_1/O
                         net (fo=1, routed)           0.000     2.735    protection_system_i/protection_ip_axi_lite_0/inst/u_adc_sample_cdc_bridge/destination_data[43]_i_1_n_0
    SLICE_X62Y94         FDCE                                         r  protection_system_i/protection_ip_axi_lite_0/inst/u_adc_sample_cdc_bridge/destination_data_reg[43]/D
  -------------------------------------------------------------------    -------------------

                         max delay                    8.000     8.000    
    SLICE_X62Y94         FDCE (Setup_fdce_C_D)        0.077     8.077    protection_system_i/protection_ip_axi_lite_0/inst/u_adc_sample_cdc_bridge/destination_data_reg[43]
  -------------------------------------------------------------------
                         required time                          8.077    
                         arrival time                          -2.735    
  -------------------------------------------------------------------
                         slack                                  5.342    

Slack (MET) :             5.348ns  (required time - arrival time)
  Source:                 protection_system_i/protection_ip_axi_lite_0/inst/u_adc_sample_cdc_bridge/u_fifo/mem_reg[7][26]/C
                            (rising edge-triggered cell FDRE clocked by clk_fpga_1  {rise@0.000ns fall@4.000ns period=8.000ns})
  Destination:            protection_system_i/protection_ip_axi_lite_0/inst/u_adc_sample_cdc_bridge/destination_data_reg[26]/D
                            (rising edge-triggered cell FDCE clocked by clk_fpga_0  {rise@0.000ns fall@5.000ns period=10.000ns})
  Path Group:             clk_fpga_0
  Path Type:              Setup (Max at Slow Process Corner)
  Requirement:            8.000ns  (MaxDelay Path 8.000ns)
  Data Path Delay:        2.729ns  (logic 1.096ns (40.158%)  route 1.633ns (59.842%))
  Logic Levels:           3  (LUT3=1 LUT6=1 MUXF7=1)
  Timing Exception:       MaxDelay Path 8.000ns -datapath_only

    Location             Delay type                Incr(ns)  Path(ns)    Netlist Resource(s)
  -------------------------------------------------------------------    -------------------
    SLICE_X60Y77                                      0.000     0.000 r  protection_system_i/protection_ip_axi_lite_0/inst/u_adc_sample_cdc_bridge/u_fifo/mem_reg[7][26]/C
    SLICE_X60Y77         FDRE (Prop_fdre_C_Q)         0.456     0.456 r  protection_system_i/protection_ip_axi_lite_0/inst/u_adc_sample_cdc_bridge/u_fifo/mem_reg[7][26]/Q
                         net (fo=1, routed)           0.658     1.114    protection_system_i/protection_ip_axi_lite_0/inst/u_adc_sample_cdc_bridge/u_fifo/mem_reg[7][26]
    SLICE_X60Y77         LUT6 (Prop_lut6_I0_O)        0.124     1.238 r  protection_system_i/protection_ip_axi_lite_0/inst/u_adc_sample_cdc_bridge/u_fifo/rd_data[26]_INST_0_i_2/O
                         net (fo=1, routed)           0.000     1.238    protection_system_i/protection_ip_axi_lite_0/inst/u_adc_sample_cdc_bridge/u_fifo/rd_data[26]_INST_0_i_2_n_0
    SLICE_X60Y77         MUXF7 (Prop_muxf7_I1_O)      0.217     1.455 r  protection_system_i/protection_ip_axi_lite_0/inst/u_adc_sample_cdc_bridge/u_fifo/rd_data[26]_INST_0/O
                         net (fo=1, routed)           0.975     2.430    protection_system_i/protection_ip_axi_lite_0/inst/u_adc_sample_cdc_bridge/u_fifo_n_33
    SLICE_X58Y79         LUT3 (Prop_lut3_I1_O)        0.299     2.729 r  protection_system_i/protection_ip_axi_lite_0/inst/u_adc_sample_cdc_bridge/destination_data[26]_i_1/O
                         net (fo=1, routed)           0.000     2.729    protection_system_i/protection_ip_axi_lite_0/inst/u_adc_sample_cdc_bridge/destination_data[26]_i_1_n_0
    SLICE_X58Y79         FDCE                                         r  protection_system_i/protection_ip_axi_lite_0/inst/u_adc_sample_cdc_bridge/destination_data_reg[26]/D
  -------------------------------------------------------------------    -------------------

                         max delay                    8.000     8.000    
    SLICE_X58Y79         FDCE (Setup_fdce_C_D)        0.077     8.077    protection_system_i/protection_ip_axi_lite_0/inst/u_adc_sample_cdc_bridge/destination_data_reg[26]
  -------------------------------------------------------------------
                         required time                          8.077    
                         arrival time                          -2.729    
  -------------------------------------------------------------------
                         slack                                  5.348    

Slack (MET) :             5.356ns  (required time - arrival time)
  Source:                 protection_system_i/protection_ip_axi_lite_0/inst/u_adc_sample_cdc_bridge/u_fifo/mem_reg[7][45]/C
                            (rising edge-triggered cell FDRE clocked by clk_fpga_1  {rise@0.000ns fall@4.000ns period=8.000ns})
  Destination:            protection_system_i/protection_ip_axi_lite_0/inst/u_adc_sample_cdc_bridge/destination_data_reg[45]/D
                            (rising edge-triggered cell FDCE clocked by clk_fpga_0  {rise@0.000ns fall@5.000ns period=10.000ns})
  Path Group:             clk_fpga_0
  Path Type:              Setup (Max at Slow Process Corner)
  Requirement:            8.000ns  (MaxDelay Path 8.000ns)
  Data Path Delay:        2.675ns  (logic 1.096ns (40.975%)  route 1.579ns (59.025%))
  Logic Levels:           3  (LUT3=1 LUT6=1 MUXF7=1)
  Timing Exception:       MaxDelay Path 8.000ns -datapath_only

    Location             Delay type                Incr(ns)  Path(ns)    Netlist Resource(s)
  -------------------------------------------------------------------    -------------------
    SLICE_X63Y100                                     0.000     0.000 r  protection_system_i/protection_ip_axi_lite_0/inst/u_adc_sample_cdc_bridge/u_fifo/mem_reg[7][45]/C
    SLICE_X63Y100        FDRE (Prop_fdre_C_Q)         0.456     0.456 r  protection_system_i/protection_ip_axi_lite_0/inst/u_adc_sample_cdc_bridge/u_fifo/mem_reg[7][45]/Q
                         net (fo=1, routed)           0.656     1.112    protection_system_i/protection_ip_axi_lite_0/inst/u_adc_sample_cdc_bridge/u_fifo/mem_reg[7][45]
    SLICE_X63Y100        LUT6 (Prop_lut6_I0_O)        0.124     1.236 r  protection_system_i/protection_ip_axi_lite_0/inst/u_adc_sample_cdc_bridge/u_fifo/rd_data[45]_INST_0_i_2/O
                         net (fo=1, routed)           0.000     1.236    protection_system_i/protection_ip_axi_lite_0/inst/u_adc_sample_cdc_bridge/u_fifo/rd_data[45]_INST_0_i_2_n_0
    SLICE_X63Y100        MUXF7 (Prop_muxf7_I1_O)      0.217     1.453 r  protection_system_i/protection_ip_axi_lite_0/inst/u_adc_sample_cdc_bridge/u_fifo/rd_data[45]_INST_0/O
                         net (fo=1, routed)           0.923     2.376    protection_system_i/protection_ip_axi_lite_0/inst/u_adc_sample_cdc_bridge/u_fifo_n_14
    SLICE_X63Y95         LUT3 (Prop_lut3_I1_O)        0.299     2.675 r  protection_system_i/protection_ip_axi_lite_0/inst/u_adc_sample_cdc_bridge/destination_data[45]_i_1/O
                         net (fo=1, routed)           0.000     2.675    protection_system_i/protection_ip_axi_lite_0/inst/u_adc_sample_cdc_bridge/destination_data[45]_i_1_n_0
    SLICE_X63Y95         FDCE                                         r  protection_system_i/protection_ip_axi_lite_0/inst/u_adc_sample_cdc_bridge/destination_data_reg[45]/D
  -------------------------------------------------------------------    -------------------

                         max delay                    8.000     8.000    
    SLICE_X63Y95         FDCE (Setup_fdce_C_D)        0.031     8.031    protection_system_i/protection_ip_axi_lite_0/inst/u_adc_sample_cdc_bridge/destination_data_reg[45]
  -------------------------------------------------------------------
                         required time                          8.031    
                         arrival time                          -2.675    
  -------------------------------------------------------------------
                         slack                                  5.356    

Slack (MET) :             5.374ns  (required time - arrival time)
  Source:                 protection_system_i/protection_ip_axi_lite_0/inst/u_adc_sample_cdc_bridge/u_fifo/mem_reg[7][5]/C
                            (rising edge-triggered cell FDRE clocked by clk_fpga_1  {rise@0.000ns fall@4.000ns period=8.000ns})
  Destination:            protection_system_i/protection_ip_axi_lite_0/inst/u_adc_sample_cdc_bridge/destination_data_reg[5]/D
                            (rising edge-triggered cell FDCE clocked by clk_fpga_0  {rise@0.000ns fall@5.000ns period=10.000ns})
  Path Group:             clk_fpga_0
  Path Type:              Setup (Max at Slow Process Corner)
  Requirement:            8.000ns  (MaxDelay Path 8.000ns)
  Data Path Delay:        2.655ns  (logic 1.096ns (41.284%)  route 1.559ns (58.716%))
  Logic Levels:           3  (LUT3=1 LUT6=1 MUXF7=1)
  Timing Exception:       MaxDelay Path 8.000ns -datapath_only

    Location             Delay type                Incr(ns)  Path(ns)    Netlist Resource(s)
  -------------------------------------------------------------------    -------------------
    SLICE_X57Y77                                      0.000     0.000 r  protection_system_i/protection_ip_axi_lite_0/inst/u_adc_sample_cdc_bridge/u_fifo/mem_reg[7][5]/C
    SLICE_X57Y77         FDRE (Prop_fdre_C_Q)         0.456     0.456 r  protection_system_i/protection_ip_axi_lite_0/inst/u_adc_sample_cdc_bridge/u_fifo/mem_reg[7][5]/Q
                         net (fo=1, routed)           0.576     1.032    protection_system_i/protection_ip_axi_lite_0/inst/u_adc_sample_cdc_bridge/u_fifo/mem_reg[7][5]
    SLICE_X56Y76         LUT6 (Prop_lut6_I0_O)        0.124     1.156 r  protection_system_i/protection_ip_axi_lite_0/inst/u_adc_sample_cdc_bridge/u_fifo/rd_data[5]_INST_0_i_2/O
                         net (fo=1, routed)           0.000     1.156    protection_system_i/protection_ip_axi_lite_0/inst/u_adc_sample_cdc_bridge/u_fifo/rd_data[5]_INST_0_i_2_n_0
    SLICE_X56Y76         MUXF7 (Prop_muxf7_I1_O)      0.217     1.373 r  protection_system_i/protection_ip_axi_lite_0/inst/u_adc_sample_cdc_bridge/u_fifo/rd_data[5]_INST_0/O
                         net (fo=1, routed)           0.983     2.356    protection_system_i/protection_ip_axi_lite_0/inst/u_adc_sample_cdc_bridge/u_fifo_n_54
    SLICE_X52Y78         LUT3 (Prop_lut3_I1_O)        0.299     2.655 r  protection_system_i/protection_ip_axi_lite_0/inst/u_adc_sample_cdc_bridge/destination_data[5]_i_1/O
                         net (fo=1, routed)           0.000     2.655    protection_system_i/protection_ip_axi_lite_0/inst/u_adc_sample_cdc_bridge/destination_data[5]_i_1_n_0
    SLICE_X52Y78         FDCE                                         r  protection_system_i/protection_ip_axi_lite_0/inst/u_adc_sample_cdc_bridge/destination_data_reg[5]/D
  -------------------------------------------------------------------    -------------------

                         max delay                    8.000     8.000    
    SLICE_X52Y78         FDCE (Setup_fdce_C_D)        0.029     8.029    protection_system_i/protection_ip_axi_lite_0/inst/u_adc_sample_cdc_bridge/destination_data_reg[5]
  -------------------------------------------------------------------
                         required time                          8.029    
                         arrival time                          -2.655    
  -------------------------------------------------------------------
                         slack                                  5.374    

Slack (MET) :             5.386ns  (required time - arrival time)
  Source:                 protection_system_i/protection_ip_axi_lite_0/inst/u_adc_sample_cdc_bridge/u_fifo/mem_reg[7][55]/C
                            (rising edge-triggered cell FDRE clocked by clk_fpga_1  {rise@0.000ns fall@4.000ns period=8.000ns})
  Destination:            protection_system_i/protection_ip_axi_lite_0/inst/u_adc_sample_cdc_bridge/destination_data_reg[55]/D
                            (rising edge-triggered cell FDCE clocked by clk_fpga_0  {rise@0.000ns fall@5.000ns period=10.000ns})
  Path Group:             clk_fpga_0
  Path Type:              Setup (Max at Slow Process Corner)
  Requirement:            8.000ns  (MaxDelay Path 8.000ns)
  Data Path Delay:        2.646ns  (logic 1.123ns (42.448%)  route 1.523ns (57.552%))
  Logic Levels:           3  (LUT3=1 LUT6=1 MUXF7=1)
  Timing Exception:       MaxDelay Path 8.000ns -datapath_only

    Location             Delay type                Incr(ns)  Path(ns)    Netlist Resource(s)
  -------------------------------------------------------------------    -------------------
    SLICE_X63Y101                                     0.000     0.000 r  protection_system_i/protection_ip_axi_lite_0/inst/u_adc_sample_cdc_bridge/u_fifo/mem_reg[7][55]/C
    SLICE_X63Y101        FDRE (Prop_fdre_C_Q)         0.456     0.456 r  protection_system_i/protection_ip_axi_lite_0/inst/u_adc_sample_cdc_bridge/u_fifo/mem_reg[7][55]/Q
                         net (fo=1, routed)           0.500     0.956    protection_system_i/protection_ip_axi_lite_0/inst/u_adc_sample_cdc_bridge/u_fifo/mem_reg[7][55]
    SLICE_X63Y101        LUT6 (Prop_lut6_I0_O)        0.124     1.080 r  protection_system_i/protection_ip_axi_lite_0/inst/u_adc_sample_cdc_bridge/u_fifo/rd_data[55]_INST_0_i_2/O
                         net (fo=1, routed)           0.000     1.080    protection_system_i/protection_ip_axi_lite_0/inst/u_adc_sample_cdc_bridge/u_fifo/rd_data[55]_INST_0_i_2_n_0
    SLICE_X63Y101        MUXF7 (Prop_muxf7_I1_O)      0.245     1.325 r  protection_system_i/protection_ip_axi_lite_0/inst/u_adc_sample_cdc_bridge/u_fifo/rd_data[55]_INST_0/O
                         net (fo=1, routed)           1.023     2.348    protection_system_i/protection_ip_axi_lite_0/inst/u_adc_sample_cdc_bridge/u_fifo_n_4
    SLICE_X63Y94         LUT3 (Prop_lut3_I1_O)        0.298     2.646 r  protection_system_i/protection_ip_axi_lite_0/inst/u_adc_sample_cdc_bridge/destination_data[55]_i_1/O
                         net (fo=1, routed)           0.000     2.646    protection_system_i/protection_ip_axi_lite_0/inst/u_adc_sample_cdc_bridge/destination_data[55]_i_1_n_0
    SLICE_X63Y94         FDCE                                         r  protection_system_i/protection_ip_axi_lite_0/inst/u_adc_sample_cdc_bridge/destination_data_reg[55]/D
  -------------------------------------------------------------------    -------------------

                         max delay                    8.000     8.000    
    SLICE_X63Y94         FDCE (Setup_fdce_C_D)        0.032     8.032    protection_system_i/protection_ip_axi_lite_0/inst/u_adc_sample_cdc_bridge/destination_data_reg[55]
  -------------------------------------------------------------------
                         required time                          8.032    
                         arrival time                          -2.646    
  -------------------------------------------------------------------
                         slack                                  5.386    

Slack (MET) :             5.413ns  (required time - arrival time)
  Source:                 protection_system_i/protection_ip_axi_lite_0/inst/u_adc_sample_cdc_bridge/u_fifo/mem_reg[7][36]/C
                            (rising edge-triggered cell FDRE clocked by clk_fpga_1  {rise@0.000ns fall@4.000ns period=8.000ns})
  Destination:            protection_system_i/protection_ip_axi_lite_0/inst/u_adc_sample_cdc_bridge/destination_data_reg[36]/D
                            (rising edge-triggered cell FDCE clocked by clk_fpga_0  {rise@0.000ns fall@5.000ns period=10.000ns})
  Path Group:             clk_fpga_0
  Path Type:              Setup (Max at Slow Process Corner)
  Requirement:            8.000ns  (MaxDelay Path 8.000ns)
  Data Path Delay:        2.664ns  (logic 1.123ns (42.153%)  route 1.541ns (57.847%))
  Logic Levels:           3  (LUT3=1 LUT6=1 MUXF7=1)
  Timing Exception:       MaxDelay Path 8.000ns -datapath_only

    Location             Delay type                Incr(ns)  Path(ns)    Netlist Resource(s)
  -------------------------------------------------------------------    -------------------
    SLICE_X85Y88                                      0.000     0.000 r  protection_system_i/protection_ip_axi_lite_0/inst/u_adc_sample_cdc_bridge/u_fifo/mem_reg[7][36]/C
    SLICE_X85Y88         FDRE (Prop_fdre_C_Q)         0.456     0.456 r  protection_system_i/protection_ip_axi_lite_0/inst/u_adc_sample_cdc_bridge/u_fifo/mem_reg[7][36]/Q
                         net (fo=1, routed)           0.291     0.747    protection_system_i/protection_ip_axi_lite_0/inst/u_adc_sample_cdc_bridge/u_fifo/mem_reg[7][36]
    SLICE_X85Y90         LUT6 (Prop_lut6_I0_O)        0.124     0.871 r  protection_system_i/protection_ip_axi_lite_0/inst/u_adc_sample_cdc_bridge/u_fifo/rd_data[36]_INST_0_i_2/O
                         net (fo=1, routed)           0.000     0.871    protection_system_i/protection_ip_axi_lite_0/inst/u_adc_sample_cdc_bridge/u_fifo/rd_data[36]_INST_0_i_2_n_0
    SLICE_X85Y90         MUXF7 (Prop_muxf7_I1_O)      0.245     1.116 r  protection_system_i/protection_ip_axi_lite_0/inst/u_adc_sample_cdc_bridge/u_fifo/rd_data[36]_INST_0/O
                         net (fo=1, routed)           1.250     2.366    protection_system_i/protection_ip_axi_lite_0/inst/u_adc_sample_cdc_bridge/u_fifo_n_23
    SLICE_X66Y88         LUT3 (Prop_lut3_I1_O)        0.298     2.664 r  protection_system_i/protection_ip_axi_lite_0/inst/u_adc_sample_cdc_bridge/destination_data[36]_i_1/O
                         net (fo=1, routed)           0.000     2.664    protection_system_i/protection_ip_axi_lite_0/inst/u_adc_sample_cdc_bridge/destination_data[36]_i_1_n_0
    SLICE_X66Y88         FDCE                                         r  protection_system_i/protection_ip_axi_lite_0/inst/u_adc_sample_cdc_bridge/destination_data_reg[36]/D
  -------------------------------------------------------------------    -------------------

                         max delay                    8.000     8.000    
    SLICE_X66Y88         FDCE (Setup_fdce_C_D)        0.077     8.077    protection_system_i/protection_ip_axi_lite_0/inst/u_adc_sample_cdc_bridge/destination_data_reg[36]
  -------------------------------------------------------------------
                         required time                          8.077    
                         arrival time                          -2.664    
  -------------------------------------------------------------------
                         slack                                  5.413    

Slack (MET) :             5.426ns  (required time - arrival time)
  Source:                 protection_system_i/protection_ip_axi_lite_0/inst/u_adc_sample_cdc_bridge/u_fifo/mem_reg[7][2]/C
                            (rising edge-triggered cell FDRE clocked by clk_fpga_1  {rise@0.000ns fall@4.000ns period=8.000ns})
  Destination:            protection_system_i/protection_ip_axi_lite_0/inst/u_adc_sample_cdc_bridge/destination_data_reg[2]/D
                            (rising edge-triggered cell FDCE clocked by clk_fpga_0  {rise@0.000ns fall@5.000ns period=10.000ns})
  Path Group:             clk_fpga_0
  Path Type:              Setup (Max at Slow Process Corner)
  Requirement:            8.000ns  (MaxDelay Path 8.000ns)
  Data Path Delay:        2.655ns  (logic 1.123ns (42.304%)  route 1.532ns (57.696%))
  Logic Levels:           3  (LUT3=1 LUT6=1 MUXF7=1)
  Timing Exception:       MaxDelay Path 8.000ns -datapath_only

    Location             Delay type                Incr(ns)  Path(ns)    Netlist Resource(s)
  -------------------------------------------------------------------    -------------------
    SLICE_X57Y74                                      0.000     0.000 r  protection_system_i/protection_ip_axi_lite_0/inst/u_adc_sample_cdc_bridge/u_fifo/mem_reg[7][2]/C
    SLICE_X57Y74         FDRE (Prop_fdre_C_Q)         0.456     0.456 r  protection_system_i/protection_ip_axi_lite_0/inst/u_adc_sample_cdc_bridge/u_fifo/mem_reg[7][2]/Q
                         net (fo=1, routed)           0.500     0.956    protection_system_i/protection_ip_axi_lite_0/inst/u_adc_sample_cdc_bridge/u_fifo/mem_reg[7][2]
    SLICE_X57Y74         LUT6 (Prop_lut6_I0_O)        0.124     1.080 r  protection_system_i/protection_ip_axi_lite_0/inst/u_adc_sample_cdc_bridge/u_fifo/rd_data[2]_INST_0_i_2/O
                         net (fo=1, routed)           0.000     1.080    protection_system_i/protection_ip_axi_lite_0/inst/u_adc_sample_cdc_bridge/u_fifo/rd_data[2]_INST_0_i_2_n_0
    SLICE_X57Y74         MUXF7 (Prop_muxf7_I1_O)      0.245     1.325 r  protection_system_i/protection_ip_axi_lite_0/inst/u_adc_sample_cdc_bridge/u_fifo/rd_data[2]_INST_0/O
                         net (fo=1, routed)           1.031     2.357    protection_system_i/protection_ip_axi_lite_0/inst/u_adc_sample_cdc_bridge/u_fifo_n_57
    SLICE_X58Y79         LUT3 (Prop_lut3_I1_O)        0.298     2.655 r  protection_system_i/protection_ip_axi_lite_0/inst/u_adc_sample_cdc_bridge/destination_data[2]_i_1/O
                         net (fo=1, routed)           0.000     2.655    protection_system_i/protection_ip_axi_lite_0/inst/u_adc_sample_cdc_bridge/destination_data[2]_i_1_n_0
    SLICE_X58Y79         FDCE                                         r  protection_system_i/protection_ip_axi_lite_0/inst/u_adc_sample_cdc_bridge/destination_data_reg[2]/D
  -------------------------------------------------------------------    -------------------

                         max delay                    8.000     8.000    
    SLICE_X58Y79         FDCE (Setup_fdce_C_D)        0.081     8.081    protection_system_i/protection_ip_axi_lite_0/inst/u_adc_sample_cdc_bridge/destination_data_reg[2]
  -------------------------------------------------------------------
                         required time                          8.081    
                         arrival time                          -2.655    
  -------------------------------------------------------------------
                         slack                                  5.426    

Slack (MET) :             5.433ns  (required time - arrival time)
  Source:                 protection_system_i/protection_ip_axi_lite_0/inst/u_adc_sample_cdc_bridge/u_fifo/mem_reg[7][40]/C
                            (rising edge-triggered cell FDRE clocked by clk_fpga_1  {rise@0.000ns fall@4.000ns period=8.000ns})
  Destination:            protection_system_i/protection_ip_axi_lite_0/inst/u_adc_sample_cdc_bridge/destination_data_reg[40]/D
                            (rising edge-triggered cell FDCE clocked by clk_fpga_0  {rise@0.000ns fall@5.000ns period=10.000ns})
  Path Group:             clk_fpga_0
  Path Type:              Setup (Max at Slow Process Corner)
  Requirement:            8.000ns  (MaxDelay Path 8.000ns)
  Data Path Delay:        2.596ns  (logic 1.096ns (42.214%)  route 1.500ns (57.786%))
  Logic Levels:           3  (LUT3=1 LUT6=1 MUXF7=1)
  Timing Exception:       MaxDelay Path 8.000ns -datapath_only

    Location             Delay type                Incr(ns)  Path(ns)    Netlist Resource(s)
  -------------------------------------------------------------------    -------------------
    SLICE_X81Y93                                      0.000     0.000 r  protection_system_i/protection_ip_axi_lite_0/inst/u_adc_sample_cdc_bridge/u_fifo/mem_reg[7][40]/C
    SLICE_X81Y93         FDRE (Prop_fdre_C_Q)         0.456     0.456 r  protection_system_i/protection_ip_axi_lite_0/inst/u_adc_sample_cdc_bridge/u_fifo/mem_reg[7][40]/Q
                         net (fo=1, routed)           0.580     1.036    protection_system_i/protection_ip_axi_lite_0/inst/u_adc_sample_cdc_bridge/u_fifo/mem_reg[7][40]
    SLICE_X84Y93         LUT6 (Prop_lut6_I0_O)        0.124     1.160 r  protection_system_i/protection_ip_axi_lite_0/inst/u_adc_sample_cdc_bridge/u_fifo/rd_data[40]_INST_0_i_2/O
                         net (fo=1, routed)           0.000     1.160    protection_system_i/protection_ip_axi_lite_0/inst/u_adc_sample_cdc_bridge/u_fifo/rd_data[40]_INST_0_i_2_n_0
    SLICE_X84Y93         MUXF7 (Prop_muxf7_I1_O)      0.217     1.377 r  protection_system_i/protection_ip_axi_lite_0/inst/u_adc_sample_cdc_bridge/u_fifo/rd_data[40]_INST_0/O
                         net (fo=1, routed)           0.920     2.297    protection_system_i/protection_ip_axi_lite_0/inst/u_adc_sample_cdc_bridge/u_fifo_n_19
    SLICE_X63Y90         LUT3 (Prop_lut3_I1_O)        0.299     2.596 r  protection_system_i/protection_ip_axi_lite_0/inst/u_adc_sample_cdc_bridge/destination_data[40]_i_1/O
                         net (fo=1, routed)           0.000     2.596    protection_system_i/protection_ip_axi_lite_0/inst/u_adc_sample_cdc_bridge/destination_data[40]_i_1_n_0
    SLICE_X63Y90         FDCE                                         r  protection_system_i/protection_ip_axi_lite_0/inst/u_adc_sample_cdc_bridge/destination_data_reg[40]/D
  -------------------------------------------------------------------    -------------------

                         max delay                    8.000     8.000    
    SLICE_X63Y90         FDCE (Setup_fdce_C_D)        0.029     8.029    protection_system_i/protection_ip_axi_lite_0/inst/u_adc_sample_cdc_bridge/destination_data_reg[40]
  -------------------------------------------------------------------
                         required time                          8.029    
                         arrival time                          -2.596    
  -------------------------------------------------------------------
                         slack                                  5.433    

Slack (MET) :             5.438ns  (required time - arrival time)
  Source:                 protection_system_i/protection_ip_axi_lite_0/inst/u_adc_sample_cdc_bridge/u_fifo/mem_reg[7][8]/C
                            (rising edge-triggered cell FDRE clocked by clk_fpga_1  {rise@0.000ns fall@4.000ns period=8.000ns})
  Destination:            protection_system_i/protection_ip_axi_lite_0/inst/u_adc_sample_cdc_bridge/destination_data_reg[8]/D
                            (rising edge-triggered cell FDCE clocked by clk_fpga_0  {rise@0.000ns fall@5.000ns period=10.000ns})
  Path Group:             clk_fpga_0
  Path Type:              Setup (Max at Slow Process Corner)
  Requirement:            8.000ns  (MaxDelay Path 8.000ns)
  Data Path Delay:        2.593ns  (logic 1.123ns (43.308%)  route 1.470ns (56.692%))
  Logic Levels:           3  (LUT3=1 LUT6=1 MUXF7=1)
  Timing Exception:       MaxDelay Path 8.000ns -datapath_only

    Location             Delay type                Incr(ns)  Path(ns)    Netlist Resource(s)
  -------------------------------------------------------------------    -------------------
    SLICE_X63Y77                                      0.000     0.000 r  protection_system_i/protection_ip_axi_lite_0/inst/u_adc_sample_cdc_bridge/u_fifo/mem_reg[7][8]/C
    SLICE_X63Y77         FDRE (Prop_fdre_C_Q)         0.456     0.456 r  protection_system_i/protection_ip_axi_lite_0/inst/u_adc_sample_cdc_bridge/u_fifo/mem_reg[7][8]/Q
                         net (fo=1, routed)           0.500     0.956    protection_system_i/protection_ip_axi_lite_0/inst/u_adc_sample_cdc_bridge/u_fifo/mem_reg[7][8]
    SLICE_X63Y77         LUT6 (Prop_lut6_I0_O)        0.124     1.080 r  protection_system_i/protection_ip_axi_lite_0/inst/u_adc_sample_cdc_bridge/u_fifo/rd_data[8]_INST_0_i_2/O
                         net (fo=1, routed)           0.000     1.080    protection_system_i/protection_ip_axi_lite_0/inst/u_adc_sample_cdc_bridge/u_fifo/rd_data[8]_INST_0_i_2_n_0
    SLICE_X63Y77         MUXF7 (Prop_muxf7_I1_O)      0.245     1.325 r  protection_system_i/protection_ip_axi_lite_0/inst/u_adc_sample_cdc_bridge/u_fifo/rd_data[8]_INST_0/O
                         net (fo=1, routed)           0.970     2.295    protection_system_i/protection_ip_axi_lite_0/inst/u_adc_sample_cdc_bridge/u_fifo_n_51
    SLICE_X57Y78         LUT3 (Prop_lut3_I1_O)        0.298     2.593 r  protection_system_i/protection_ip_axi_lite_0/inst/u_adc_sample_cdc_bridge/destination_data[8]_i_1/O
                         net (fo=1, routed)           0.000     2.593    protection_system_i/protection_ip_axi_lite_0/inst/u_adc_sample_cdc_bridge/destination_data[8]_i_1_n_0
    SLICE_X57Y78         FDCE                                         r  protection_system_i/protection_ip_axi_lite_0/inst/u_adc_sample_cdc_bridge/destination_data_reg[8]/D
  -------------------------------------------------------------------    -------------------

                         max delay                    8.000     8.000    
    SLICE_X57Y78         FDCE (Setup_fdce_C_D)        0.031     8.031    protection_system_i/protection_ip_axi_lite_0/inst/u_adc_sample_cdc_bridge/destination_data_reg[8]
  -------------------------------------------------------------------
                         required time                          8.031    
                         arrival time                          -2.593    
  -------------------------------------------------------------------
                         slack                                  5.438    

Slack (MET) :             5.449ns  (required time - arrival time)
  Source:                 protection_system_i/protection_ip_axi_lite_0/inst/u_adc_sample_cdc_bridge/u_fifo/mem_reg[7][24]/C
                            (rising edge-triggered cell FDRE clocked by clk_fpga_1  {rise@0.000ns fall@4.000ns period=8.000ns})
  Destination:            protection_system_i/protection_ip_axi_lite_0/inst/u_adc_sample_cdc_bridge/destination_data_reg[24]/D
                            (rising edge-triggered cell FDCE clocked by clk_fpga_0  {rise@0.000ns fall@5.000ns period=10.000ns})
  Path Group:             clk_fpga_0
  Path Type:              Setup (Max at Slow Process Corner)
  Requirement:            8.000ns  (MaxDelay Path 8.000ns)
  Data Path Delay:        2.580ns  (logic 1.096ns (42.484%)  route 1.484ns (57.516%))
  Logic Levels:           3  (LUT3=1 LUT6=1 MUXF7=1)
  Timing Exception:       MaxDelay Path 8.000ns -datapath_only

    Location             Delay type                Incr(ns)  Path(ns)    Netlist Resource(s)
  -------------------------------------------------------------------    -------------------
    SLICE_X64Y78                                      0.000     0.000 r  protection_system_i/protection_ip_axi_lite_0/inst/u_adc_sample_cdc_bridge/u_fifo/mem_reg[7][24]/C
    SLICE_X64Y78         FDRE (Prop_fdre_C_Q)         0.456     0.456 r  protection_system_i/protection_ip_axi_lite_0/inst/u_adc_sample_cdc_bridge/u_fifo/mem_reg[7][24]/Q
                         net (fo=1, routed)           0.658     1.114    protection_system_i/protection_ip_axi_lite_0/inst/u_adc_sample_cdc_bridge/u_fifo/mem_reg[7][24]
    SLICE_X64Y78         LUT6 (Prop_lut6_I0_O)        0.124     1.238 r  protection_system_i/protection_ip_axi_lite_0/inst/u_adc_sample_cdc_bridge/u_fifo/rd_data[24]_INST_0_i_2/O
                         net (fo=1, routed)           0.000     1.238    protection_system_i/protection_ip_axi_lite_0/inst/u_adc_sample_cdc_bridge/u_fifo/rd_data[24]_INST_0_i_2_n_0
    SLICE_X64Y78         MUXF7 (Prop_muxf7_I1_O)      0.217     1.455 r  protection_system_i/protection_ip_axi_lite_0/inst/u_adc_sample_cdc_bridge/u_fifo/rd_data[24]_INST_0/O
                         net (fo=1, routed)           0.826     2.281    protection_system_i/protection_ip_axi_lite_0/inst/u_adc_sample_cdc_bridge/u_fifo_n_35
    SLICE_X63Y79         LUT3 (Prop_lut3_I1_O)        0.299     2.580 r  protection_system_i/protection_ip_axi_lite_0/inst/u_adc_sample_cdc_bridge/destination_data[24]_i_1/O
                         net (fo=1, routed)           0.000     2.580    protection_system_i/protection_ip_axi_lite_0/inst/u_adc_sample_cdc_bridge/destination_data[24]_i_1_n_0
    SLICE_X63Y79         FDCE                                         r  protection_system_i/protection_ip_axi_lite_0/inst/u_adc_sample_cdc_bridge/destination_data_reg[24]/D
  -------------------------------------------------------------------    -------------------

                         max delay                    8.000     8.000    
    SLICE_X63Y79         FDCE (Setup_fdce_C_D)        0.029     8.029    protection_system_i/protection_ip_axi_lite_0/inst/u_adc_sample_cdc_bridge/destination_data_reg[24]
  -------------------------------------------------------------------
                         required time                          8.029    
                         arrival time                          -2.580    
  -------------------------------------------------------------------
                         slack                                  5.449    

Slack (MET) :             5.477ns  (required time - arrival time)
  Source:                 protection_system_i/protection_ip_axi_lite_0/inst/u_adc_sample_cdc_bridge/u_fifo/mem_reg[7][21]/C
                            (rising edge-triggered cell FDRE clocked by clk_fpga_1  {rise@0.000ns fall@4.000ns period=8.000ns})
  Destination:            protection_system_i/protection_ip_axi_lite_0/inst/u_adc_sample_cdc_bridge/destination_data_reg[21]/D
                            (rising edge-triggered cell FDCE clocked by clk_fpga_0  {rise@0.000ns fall@5.000ns period=10.000ns})
  Path Group:             clk_fpga_0
  Path Type:              Setup (Max at Slow Process Corner)
  Requirement:            8.000ns  (MaxDelay Path 8.000ns)
  Data Path Delay:        2.600ns  (logic 1.185ns (45.575%)  route 1.415ns (54.425%))
  Logic Levels:           3  (LUT3=1 LUT6=1 MUXF7=1)
  Timing Exception:       MaxDelay Path 8.000ns -datapath_only

    Location             Delay type                Incr(ns)  Path(ns)    Netlist Resource(s)
  -------------------------------------------------------------------    -------------------
    SLICE_X50Y75                                      0.000     0.000 r  protection_system_i/protection_ip_axi_lite_0/inst/u_adc_sample_cdc_bridge/u_fifo/mem_reg[7][21]/C
    SLICE_X50Y75         FDRE (Prop_fdre_C_Q)         0.518     0.518 r  protection_system_i/protection_ip_axi_lite_0/inst/u_adc_sample_cdc_bridge/u_fifo/mem_reg[7][21]/Q
                         net (fo=1, routed)           0.683     1.201    protection_system_i/protection_ip_axi_lite_0/inst/u_adc_sample_cdc_bridge/u_fifo/mem_reg[7][21]
    SLICE_X52Y75         LUT6 (Prop_lut6_I0_O)        0.124     1.325 r  protection_system_i/protection_ip_axi_lite_0/inst/u_adc_sample_cdc_bridge/u_fifo/rd_data[21]_INST_0_i_2/O
                         net (fo=1, routed)           0.000     1.325    protection_system_i/protection_ip_axi_lite_0/inst/u_adc_sample_cdc_bridge/u_fifo/rd_data[21]_INST_0_i_2_n_0
    SLICE_X52Y75         MUXF7 (Prop_muxf7_I1_O)      0.245     1.570 r  protection_system_i/protection_ip_axi_lite_0/inst/u_adc_sample_cdc_bridge/u_fifo/rd_data[21]_INST_0/O
                         net (fo=1, routed)           0.732     2.302    protection_system_i/protection_ip_axi_lite_0/inst/u_adc_sample_cdc_bridge/u_fifo_n_38
    SLICE_X50Y77         LUT3 (Prop_lut3_I1_O)        0.298     2.600 r  protection_system_i/protection_ip_axi_lite_0/inst/u_adc_sample_cdc_bridge/destination_data[21]_i_1/O
                         net (fo=1, routed)           0.000     2.600    protection_system_i/protection_ip_axi_lite_0/inst/u_adc_sample_cdc_bridge/destination_data[21]_i_1_n_0
    SLICE_X50Y77         FDCE                                         r  protection_system_i/protection_ip_axi_lite_0/inst/u_adc_sample_cdc_bridge/destination_data_reg[21]/D
  -------------------------------------------------------------------    -------------------

                         max delay                    8.000     8.000    
    SLICE_X50Y77         FDCE (Setup_fdce_C_D)        0.077     8.077    protection_system_i/protection_ip_axi_lite_0/inst/u_adc_sample_cdc_bridge/destination_data_reg[21]
  -------------------------------------------------------------------
                         required time                          8.077    
                         arrival time                          -2.600    
  -------------------------------------------------------------------
                         slack                                  5.477    

Slack (MET) :             5.497ns  (required time - arrival time)
  Source:                 protection_system_i/protection_ip_axi_lite_0/inst/u_adc_sample_cdc_bridge/u_fifo/mem_reg[7][30]/C
                            (rising edge-triggered cell FDRE clocked by clk_fpga_1  {rise@0.000ns fall@4.000ns period=8.000ns})
  Destination:            protection_system_i/protection_ip_axi_lite_0/inst/u_adc_sample_cdc_bridge/destination_data_reg[30]/D
                            (rising edge-triggered cell FDCE clocked by clk_fpga_0  {rise@0.000ns fall@5.000ns period=10.000ns})
  Path Group:             clk_fpga_0
  Path Type:              Setup (Max at Slow Process Corner)
  Requirement:            8.000ns  (MaxDelay Path 8.000ns)
  Data Path Delay:        2.534ns  (logic 1.096ns (43.256%)  route 1.438ns (56.744%))
  Logic Levels:           3  (LUT3=1 LUT6=1 MUXF7=1)
  Timing Exception:       MaxDelay Path 8.000ns -datapath_only

    Location             Delay type                Incr(ns)  Path(ns)    Netlist Resource(s)
  -------------------------------------------------------------------    -------------------
    SLICE_X61Y78                                      0.000     0.000 r  protection_system_i/protection_ip_axi_lite_0/inst/u_adc_sample_cdc_bridge/u_fifo/mem_reg[7][30]/C
    SLICE_X61Y78         FDRE (Prop_fdre_C_Q)         0.456     0.456 r  protection_system_i/protection_ip_axi_lite_0/inst/u_adc_sample_cdc_bridge/u_fifo/mem_reg[7][30]/Q
                         net (fo=1, routed)           0.656     1.112    protection_system_i/protection_ip_axi_lite_0/inst/u_adc_sample_cdc_bridge/u_fifo/mem_reg[7][30]
    SLICE_X61Y78         LUT6 (Prop_lut6_I0_O)        0.124     1.236 r  protection_system_i/protection_ip_axi_lite_0/inst/u_adc_sample_cdc_bridge/u_fifo/rd_data[30]_INST_0_i_2/O
                         net (fo=1, routed)           0.000     1.236    protection_system_i/protection_ip_axi_lite_0/inst/u_adc_sample_cdc_bridge/u_fifo/rd_data[30]_INST_0_i_2_n_0
    SLICE_X61Y78         MUXF7 (Prop_muxf7_I1_O)      0.217     1.453 r  protection_system_i/protection_ip_axi_lite_0/inst/u_adc_sample_cdc_bridge/u_fifo/rd_data[30]_INST_0/O
                         net (fo=1, routed)           0.782     2.235    protection_system_i/protection_ip_axi_lite_0/inst/u_adc_sample_cdc_bridge/u_fifo_n_29
    SLICE_X61Y80         LUT3 (Prop_lut3_I1_O)        0.299     2.534 r  protection_system_i/protection_ip_axi_lite_0/inst/u_adc_sample_cdc_bridge/destination_data[30]_i_1/O
                         net (fo=1, routed)           0.000     2.534    protection_system_i/protection_ip_axi_lite_0/inst/u_adc_sample_cdc_bridge/destination_data[30]_i_1_n_0
    SLICE_X61Y80         FDCE                                         r  protection_system_i/protection_ip_axi_lite_0/inst/u_adc_sample_cdc_bridge/destination_data_reg[30]/D
  -------------------------------------------------------------------    -------------------

                         max delay                    8.000     8.000    
    SLICE_X61Y80         FDCE (Setup_fdce_C_D)        0.031     8.031    protection_system_i/protection_ip_axi_lite_0/inst/u_adc_sample_cdc_bridge/destination_data_reg[30]
  -------------------------------------------------------------------
                         required time                          8.031    
                         arrival time                          -2.534    
  -------------------------------------------------------------------
                         slack                                  5.497    

Slack (MET) :             5.520ns  (required time - arrival time)
  Source:                 protection_system_i/protection_ip_axi_lite_0/inst/u_adc_sample_cdc_bridge/u_fifo/mem_reg[7][23]/C
                            (rising edge-triggered cell FDRE clocked by clk_fpga_1  {rise@0.000ns fall@4.000ns period=8.000ns})
  Destination:            protection_system_i/protection_ip_axi_lite_0/inst/u_adc_sample_cdc_bridge/destination_data_reg[23]/D
                            (rising edge-triggered cell FDCE clocked by clk_fpga_0  {rise@0.000ns fall@5.000ns period=10.000ns})
  Path Group:             clk_fpga_0
  Path Type:              Setup (Max at Slow Process Corner)
  Requirement:            8.000ns  (MaxDelay Path 8.000ns)
  Data Path Delay:        2.511ns  (logic 1.096ns (43.652%)  route 1.415ns (56.348%))
  Logic Levels:           3  (LUT3=1 LUT6=1 MUXF7=1)
  Timing Exception:       MaxDelay Path 8.000ns -datapath_only

    Location             Delay type                Incr(ns)  Path(ns)    Netlist Resource(s)
  -------------------------------------------------------------------    -------------------
    SLICE_X48Y73                                      0.000     0.000 r  protection_system_i/protection_ip_axi_lite_0/inst/u_adc_sample_cdc_bridge/u_fifo/mem_reg[7][23]/C
    SLICE_X48Y73         FDRE (Prop_fdre_C_Q)         0.456     0.456 r  protection_system_i/protection_ip_axi_lite_0/inst/u_adc_sample_cdc_bridge/u_fifo/mem_reg[7][23]/Q
                         net (fo=1, routed)           0.830     1.286    protection_system_i/protection_ip_axi_lite_0/inst/u_adc_sample_cdc_bridge/u_fifo/mem_reg[7][23]
    SLICE_X48Y75         LUT6 (Prop_lut6_I0_O)        0.124     1.410 r  protection_system_i/protection_ip_axi_lite_0/inst/u_adc_sample_cdc_bridge/u_fifo/rd_data[23]_INST_0_i_2/O
                         net (fo=1, routed)           0.000     1.410    protection_system_i/protection_ip_axi_lite_0/inst/u_adc_sample_cdc_bridge/u_fifo/rd_data[23]_INST_0_i_2_n_0
    SLICE_X48Y75         MUXF7 (Prop_muxf7_I1_O)      0.217     1.627 r  protection_system_i/protection_ip_axi_lite_0/inst/u_adc_sample_cdc_bridge/u_fifo/rd_data[23]_INST_0/O
                         net (fo=1, routed)           0.585     2.212    protection_system_i/protection_ip_axi_lite_0/inst/u_adc_sample_cdc_bridge/u_fifo_n_36
    SLICE_X48Y78         LUT3 (Prop_lut3_I1_O)        0.299     2.511 r  protection_system_i/protection_ip_axi_lite_0/inst/u_adc_sample_cdc_bridge/destination_data[23]_i_1/O
                         net (fo=1, routed)           0.000     2.511    protection_system_i/protection_ip_axi_lite_0/inst/u_adc_sample_cdc_bridge/destination_data[23]_i_1_n_0
    SLICE_X48Y78         FDCE                                         r  protection_system_i/protection_ip_axi_lite_0/inst/u_adc_sample_cdc_bridge/destination_data_reg[23]/D
  -------------------------------------------------------------------    -------------------

                         max delay                    8.000     8.000    
    SLICE_X48Y78         FDCE (Setup_fdce_C_D)        0.031     8.031    protection_system_i/protection_ip_axi_lite_0/inst/u_adc_sample_cdc_bridge/destination_data_reg[23]
  -------------------------------------------------------------------
                         required time                          8.031    
                         arrival time                          -2.511    
  -------------------------------------------------------------------
                         slack                                  5.520    

Slack (MET) :             5.528ns  (required time - arrival time)
  Source:                 protection_system_i/protection_ip_axi_lite_0/inst/u_adc_sample_cdc_bridge/u_fifo/mem_reg[7][10]/C
                            (rising edge-triggered cell FDRE clocked by clk_fpga_1  {rise@0.000ns fall@4.000ns period=8.000ns})
  Destination:            protection_system_i/protection_ip_axi_lite_0/inst/u_adc_sample_cdc_bridge/destination_data_reg[10]/D
                            (rising edge-triggered cell FDCE clocked by clk_fpga_0  {rise@0.000ns fall@5.000ns period=10.000ns})
  Path Group:             clk_fpga_0
  Path Type:              Setup (Max at Slow Process Corner)
  Requirement:            8.000ns  (MaxDelay Path 8.000ns)
  Data Path Delay:        2.501ns  (logic 1.096ns (43.823%)  route 1.405ns (56.177%))
  Logic Levels:           3  (LUT3=1 LUT6=1 MUXF7=1)
  Timing Exception:       MaxDelay Path 8.000ns -datapath_only

    Location             Delay type                Incr(ns)  Path(ns)    Netlist Resource(s)
  -------------------------------------------------------------------    -------------------
    SLICE_X61Y74                                      0.000     0.000 r  protection_system_i/protection_ip_axi_lite_0/inst/u_adc_sample_cdc_bridge/u_fifo/mem_reg[7][10]/C
    SLICE_X61Y74         FDRE (Prop_fdre_C_Q)         0.456     0.456 r  protection_system_i/protection_ip_axi_lite_0/inst/u_adc_sample_cdc_bridge/u_fifo/mem_reg[7][10]/Q
                         net (fo=1, routed)           0.276     0.732    protection_system_i/protection_ip_axi_lite_0/inst/u_adc_sample_cdc_bridge/u_fifo/mem_reg[7][10]
    SLICE_X60Y74         LUT6 (Prop_lut6_I0_O)        0.124     0.856 r  protection_system_i/protection_ip_axi_lite_0/inst/u_adc_sample_cdc_bridge/u_fifo/rd_data[10]_INST_0_i_2/O
                         net (fo=1, routed)           0.000     0.856    protection_system_i/protection_ip_axi_lite_0/inst/u_adc_sample_cdc_bridge/u_fifo/rd_data[10]_INST_0_i_2_n_0
    SLICE_X60Y74         MUXF7 (Prop_muxf7_I1_O)      0.217     1.073 r  protection_system_i/protection_ip_axi_lite_0/inst/u_adc_sample_cdc_bridge/u_fifo/rd_data[10]_INST_0/O
                         net (fo=1, routed)           1.129     2.202    protection_system_i/protection_ip_axi_lite_0/inst/u_adc_sample_cdc_bridge/u_fifo_n_49
    SLICE_X57Y78         LUT3 (Prop_lut3_I1_O)        0.299     2.501 r  protection_system_i/protection_ip_axi_lite_0/inst/u_adc_sample_cdc_bridge/destination_data[10]_i_1/O
                         net (fo=1, routed)           0.000     2.501    protection_system_i/protection_ip_axi_lite_0/inst/u_adc_sample_cdc_bridge/destination_data[10]_i_1_n_0
    SLICE_X57Y78         FDCE                                         r  protection_system_i/protection_ip_axi_lite_0/inst/u_adc_sample_cdc_bridge/destination_data_reg[10]/D
  -------------------------------------------------------------------    -------------------

                         max delay                    8.000     8.000    
    SLICE_X57Y78         FDCE (Setup_fdce_C_D)        0.029     8.029    protection_system_i/protection_ip_axi_lite_0/inst/u_adc_sample_cdc_bridge/destination_data_reg[10]
  -------------------------------------------------------------------
                         required time                          8.029    
                         arrival time                          -2.501    
  -------------------------------------------------------------------
                         slack                                  5.528    

Slack (MET) :             5.531ns  (required time - arrival time)
  Source:                 protection_system_i/protection_ip_axi_lite_0/inst/u_adc_sample_cdc_bridge/u_fifo/mem_reg[7][3]/C
                            (rising edge-triggered cell FDRE clocked by clk_fpga_1  {rise@0.000ns fall@4.000ns period=8.000ns})
  Destination:            protection_system_i/protection_ip_axi_lite_0/inst/u_adc_sample_cdc_bridge/destination_data_reg[3]/D
                            (rising edge-triggered cell FDCE clocked by clk_fpga_0  {rise@0.000ns fall@5.000ns period=10.000ns})
  Path Group:             clk_fpga_0
  Path Type:              Setup (Max at Slow Process Corner)
  Requirement:            8.000ns  (MaxDelay Path 8.000ns)
  Data Path Delay:        2.498ns  (logic 1.158ns (46.355%)  route 1.340ns (53.645%))
  Logic Levels:           3  (LUT3=1 LUT6=1 MUXF7=1)
  Timing Exception:       MaxDelay Path 8.000ns -datapath_only

    Location             Delay type                Incr(ns)  Path(ns)    Netlist Resource(s)
  -------------------------------------------------------------------    -------------------
    SLICE_X54Y75                                      0.000     0.000 r  protection_system_i/protection_ip_axi_lite_0/inst/u_adc_sample_cdc_bridge/u_fifo/mem_reg[7][3]/C
    SLICE_X54Y75         FDRE (Prop_fdre_C_Q)         0.518     0.518 r  protection_system_i/protection_ip_axi_lite_0/inst/u_adc_sample_cdc_bridge/u_fifo/mem_reg[7][3]/Q
                         net (fo=1, routed)           0.620     1.138    protection_system_i/protection_ip_axi_lite_0/inst/u_adc_sample_cdc_bridge/u_fifo/mem_reg[7][3]
    SLICE_X53Y75         LUT6 (Prop_lut6_I0_O)        0.124     1.262 r  protection_system_i/protection_ip_axi_lite_0/inst/u_adc_sample_cdc_bridge/u_fifo/rd_data[3]_INST_0_i_2/O
                         net (fo=1, routed)           0.000     1.262    protection_system_i/protection_ip_axi_lite_0/inst/u_adc_sample_cdc_bridge/u_fifo/rd_data[3]_INST_0_i_2_n_0
    SLICE_X53Y75         MUXF7 (Prop_muxf7_I1_O)      0.217     1.479 r  protection_system_i/protection_ip_axi_lite_0/inst/u_adc_sample_cdc_bridge/u_fifo/rd_data[3]_INST_0/O
                         net (fo=1, routed)           0.720     2.199    protection_system_i/protection_ip_axi_lite_0/inst/u_adc_sample_cdc_bridge/u_fifo_n_56
    SLICE_X53Y78         LUT3 (Prop_lut3_I1_O)        0.299     2.498 r  protection_system_i/protection_ip_axi_lite_0/inst/u_adc_sample_cdc_bridge/destination_data[3]_i_1/O
                         net (fo=1, routed)           0.000     2.498    protection_system_i/protection_ip_axi_lite_0/inst/u_adc_sample_cdc_bridge/destination_data[3]_i_1_n_0
    SLICE_X53Y78         FDCE                                         r  protection_system_i/protection_ip_axi_lite_0/inst/u_adc_sample_cdc_bridge/destination_data_reg[3]/D
  -------------------------------------------------------------------    -------------------

                         max delay                    8.000     8.000    
    SLICE_X53Y78         FDCE (Setup_fdce_C_D)        0.029     8.029    protection_system_i/protection_ip_axi_lite_0/inst/u_adc_sample_cdc_bridge/destination_data_reg[3]
  -------------------------------------------------------------------
                         required time                          8.029    
                         arrival time                          -2.498    
  -------------------------------------------------------------------
                         slack                                  5.531    

Slack (MET) :             5.538ns  (required time - arrival time)
  Source:                 protection_system_i/protection_ip_axi_lite_0/inst/u_adc_sample_cdc_bridge/u_fifo/mem_reg[7][11]/C
                            (rising edge-triggered cell FDRE clocked by clk_fpga_1  {rise@0.000ns fall@4.000ns period=8.000ns})
  Destination:            protection_system_i/protection_ip_axi_lite_0/inst/u_adc_sample_cdc_bridge/destination_data_reg[11]/D
                            (rising edge-triggered cell FDCE clocked by clk_fpga_0  {rise@0.000ns fall@5.000ns period=10.000ns})
  Path Group:             clk_fpga_0
  Path Type:              Setup (Max at Slow Process Corner)
  Requirement:            8.000ns  (MaxDelay Path 8.000ns)
  Data Path Delay:        2.491ns  (logic 1.158ns (46.485%)  route 1.333ns (53.515%))
  Logic Levels:           3  (LUT3=1 LUT6=1 MUXF7=1)
  Timing Exception:       MaxDelay Path 8.000ns -datapath_only

    Location             Delay type                Incr(ns)  Path(ns)    Netlist Resource(s)
  -------------------------------------------------------------------    -------------------
    SLICE_X54Y75                                      0.000     0.000 r  protection_system_i/protection_ip_axi_lite_0/inst/u_adc_sample_cdc_bridge/u_fifo/mem_reg[7][11]/C
    SLICE_X54Y75         FDRE (Prop_fdre_C_Q)         0.518     0.518 r  protection_system_i/protection_ip_axi_lite_0/inst/u_adc_sample_cdc_bridge/u_fifo/mem_reg[7][11]/Q
                         net (fo=1, routed)           0.312     0.830    protection_system_i/protection_ip_axi_lite_0/inst/u_adc_sample_cdc_bridge/u_fifo/mem_reg[7][11]
    SLICE_X56Y75         LUT6 (Prop_lut6_I0_O)        0.124     0.954 r  protection_system_i/protection_ip_axi_lite_0/inst/u_adc_sample_cdc_bridge/u_fifo/rd_data[11]_INST_0_i_2/O
                         net (fo=1, routed)           0.000     0.954    protection_system_i/protection_ip_axi_lite_0/inst/u_adc_sample_cdc_bridge/u_fifo/rd_data[11]_INST_0_i_2_n_0
    SLICE_X56Y75         MUXF7 (Prop_muxf7_I1_O)      0.217     1.171 r  protection_system_i/protection_ip_axi_lite_0/inst/u_adc_sample_cdc_bridge/u_fifo/rd_data[11]_INST_0/O
                         net (fo=1, routed)           1.021     2.192    protection_system_i/protection_ip_axi_lite_0/inst/u_adc_sample_cdc_bridge/u_fifo_n_48
    SLICE_X55Y81         LUT3 (Prop_lut3_I1_O)        0.299     2.491 r  protection_system_i/protection_ip_axi_lite_0/inst/u_adc_sample_cdc_bridge/destination_data[11]_i_1/O
                         net (fo=1, routed)           0.000     2.491    protection_system_i/protection_ip_axi_lite_0/inst/u_adc_sample_cdc_bridge/destination_data[11]_i_1_n_0
    SLICE_X55Y81         FDCE                                         r  protection_system_i/protection_ip_axi_lite_0/inst/u_adc_sample_cdc_bridge/destination_data_reg[11]/D
  -------------------------------------------------------------------    -------------------

                         max delay                    8.000     8.000    
    SLICE_X55Y81         FDCE (Setup_fdce_C_D)        0.029     8.029    protection_system_i/protection_ip_axi_lite_0/inst/u_adc_sample_cdc_bridge/destination_data_reg[11]
  -------------------------------------------------------------------
                         required time                          8.029    
                         arrival time                          -2.491    
  -------------------------------------------------------------------
                         slack                                  5.538    

Slack (MET) :             5.557ns  (required time - arrival time)
  Source:                 protection_system_i/protection_ip_axi_lite_0/inst/u_adc_sample_cdc_bridge/u_fifo/mem_reg[7][17]/C
                            (rising edge-triggered cell FDRE clocked by clk_fpga_1  {rise@0.000ns fall@4.000ns period=8.000ns})
  Destination:            protection_system_i/protection_ip_axi_lite_0/inst/u_adc_sample_cdc_bridge/destination_data_reg[17]/D
                            (rising edge-triggered cell FDCE clocked by clk_fpga_0  {rise@0.000ns fall@5.000ns period=10.000ns})
  Path Group:             clk_fpga_0
  Path Type:              Setup (Max at Slow Process Corner)
  Requirement:            8.000ns  (MaxDelay Path 8.000ns)
  Data Path Delay:        2.474ns  (logic 1.158ns (46.811%)  route 1.316ns (53.189%))
  Logic Levels:           3  (LUT3=1 LUT6=1 MUXF7=1)
  Timing Exception:       MaxDelay Path 8.000ns -datapath_only

    Location             Delay type                Incr(ns)  Path(ns)    Netlist Resource(s)
  -------------------------------------------------------------------    -------------------
    SLICE_X50Y75                                      0.000     0.000 r  protection_system_i/protection_ip_axi_lite_0/inst/u_adc_sample_cdc_bridge/u_fifo/mem_reg[7][17]/C
    SLICE_X50Y75         FDRE (Prop_fdre_C_Q)         0.518     0.518 r  protection_system_i/protection_ip_axi_lite_0/inst/u_adc_sample_cdc_bridge/u_fifo/mem_reg[7][17]/Q
                         net (fo=1, routed)           0.433     0.951    protection_system_i/protection_ip_axi_lite_0/inst/u_adc_sample_cdc_bridge/u_fifo/mem_reg[7][17]
    SLICE_X51Y75         LUT6 (Prop_lut6_I0_O)        0.124     1.075 r  protection_system_i/protection_ip_axi_lite_0/inst/u_adc_sample_cdc_bridge/u_fifo/rd_data[17]_INST_0_i_2/O
                         net (fo=1, routed)           0.000     1.075    protection_system_i/protection_ip_axi_lite_0/inst/u_adc_sample_cdc_bridge/u_fifo/rd_data[17]_INST_0_i_2_n_0
    SLICE_X51Y75         MUXF7 (Prop_muxf7_I1_O)      0.217     1.292 r  protection_system_i/protection_ip_axi_lite_0/inst/u_adc_sample_cdc_bridge/u_fifo/rd_data[17]_INST_0/O
                         net (fo=1, routed)           0.883     2.175    protection_system_i/protection_ip_axi_lite_0/inst/u_adc_sample_cdc_bridge/u_fifo_n_42
    SLICE_X48Y79         LUT3 (Prop_lut3_I1_O)        0.299     2.474 r  protection_system_i/protection_ip_axi_lite_0/inst/u_adc_sample_cdc_bridge/destination_data[17]_i_1/O
                         net (fo=1, routed)           0.000     2.474    protection_system_i/protection_ip_axi_lite_0/inst/u_adc_sample_cdc_bridge/destination_data[17]_i_1_n_0
    SLICE_X48Y79         FDCE                                         r  protection_system_i/protection_ip_axi_lite_0/inst/u_adc_sample_cdc_bridge/destination_data_reg[17]/D
  -------------------------------------------------------------------    -------------------

                         max delay                    8.000     8.000    
    SLICE_X48Y79         FDCE (Setup_fdce_C_D)        0.031     8.031    protection_system_i/protection_ip_axi_lite_0/inst/u_adc_sample_cdc_bridge/destination_data_reg[17]
  -------------------------------------------------------------------
                         required time                          8.031    
                         arrival time                          -2.474    
  -------------------------------------------------------------------
                         slack                                  5.557    

Slack (MET) :             5.563ns  (required time - arrival time)
  Source:                 protection_system_i/protection_ip_axi_lite_0/inst/u_adc_sample_cdc_bridge/u_fifo/mem_reg[7][50]/C
                            (rising edge-triggered cell FDRE clocked by clk_fpga_1  {rise@0.000ns fall@4.000ns period=8.000ns})
  Destination:            protection_system_i/protection_ip_axi_lite_0/inst/u_adc_sample_cdc_bridge/destination_data_reg[50]/D
                            (rising edge-triggered cell FDCE clocked by clk_fpga_0  {rise@0.000ns fall@5.000ns period=10.000ns})
  Path Group:             clk_fpga_0
  Path Type:              Setup (Max at Slow Process Corner)
  Requirement:            8.000ns  (MaxDelay Path 8.000ns)
  Data Path Delay:        2.516ns  (logic 1.153ns (45.826%)  route 1.363ns (54.174%))
  Logic Levels:           3  (LUT3=1 LUT6=1 MUXF7=1)
  Timing Exception:       MaxDelay Path 8.000ns -datapath_only

    Location             Delay type                Incr(ns)  Path(ns)    Netlist Resource(s)
  -------------------------------------------------------------------    -------------------
    SLICE_X62Y98                                      0.000     0.000 r  protection_system_i/protection_ip_axi_lite_0/inst/u_adc_sample_cdc_bridge/u_fifo/mem_reg[7][50]/C
    SLICE_X62Y98         FDRE (Prop_fdre_C_Q)         0.518     0.518 r  protection_system_i/protection_ip_axi_lite_0/inst/u_adc_sample_cdc_bridge/u_fifo/mem_reg[7][50]/Q
                         net (fo=1, routed)           0.641     1.159    protection_system_i/protection_ip_axi_lite_0/inst/u_adc_sample_cdc_bridge/u_fifo/mem_reg[7][50]
    SLICE_X62Y98         LUT6 (Prop_lut6_I0_O)        0.124     1.283 r  protection_system_i/protection_ip_axi_lite_0/inst/u_adc_sample_cdc_bridge/u_fifo/rd_data[50]_INST_0_i_2/O
                         net (fo=1, routed)           0.000     1.283    protection_system_i/protection_ip_axi_lite_0/inst/u_adc_sample_cdc_bridge/u_fifo/rd_data[50]_INST_0_i_2_n_0
    SLICE_X62Y98         MUXF7 (Prop_muxf7_I1_O)      0.214     1.497 r  protection_system_i/protection_ip_axi_lite_0/inst/u_adc_sample_cdc_bridge/u_fifo/rd_data[50]_INST_0/O
                         net (fo=1, routed)           0.722     2.219    protection_system_i/protection_ip_axi_lite_0/inst/u_adc_sample_cdc_bridge/u_fifo_n_9
    SLICE_X62Y94         LUT3 (Prop_lut3_I1_O)        0.297     2.516 r  protection_system_i/protection_ip_axi_lite_0/inst/u_adc_sample_cdc_bridge/destination_data[50]_i_1/O
                         net (fo=1, routed)           0.000     2.516    protection_system_i/protection_ip_axi_lite_0/inst/u_adc_sample_cdc_bridge/destination_data[50]_i_1_n_0
    SLICE_X62Y94         FDCE                                         r  protection_system_i/protection_ip_axi_lite_0/inst/u_adc_sample_cdc_bridge/destination_data_reg[50]/D
  -------------------------------------------------------------------    -------------------

                         max delay                    8.000     8.000    
    SLICE_X62Y94         FDCE (Setup_fdce_C_D)        0.079     8.079    protection_system_i/protection_ip_axi_lite_0/inst/u_adc_sample_cdc_bridge/destination_data_reg[50]
  -------------------------------------------------------------------
                         required time                          8.079    
                         arrival time                          -2.516    
  -------------------------------------------------------------------
                         slack                                  5.563    

Slack (MET) :             5.580ns  (required time - arrival time)
  Source:                 protection_system_i/protection_ip_axi_lite_0/inst/u_adc_sample_cdc_bridge/u_fifo/mem_reg[7][49]/C
                            (rising edge-triggered cell FDRE clocked by clk_fpga_1  {rise@0.000ns fall@4.000ns period=8.000ns})
  Destination:            protection_system_i/protection_ip_axi_lite_0/inst/u_adc_sample_cdc_bridge/destination_data_reg[49]/D
                            (rising edge-triggered cell FDCE clocked by clk_fpga_0  {rise@0.000ns fall@5.000ns period=10.000ns})
  Path Group:             clk_fpga_0
  Path Type:              Setup (Max at Slow Process Corner)
  Requirement:            8.000ns  (MaxDelay Path 8.000ns)
  Data Path Delay:        2.499ns  (logic 1.096ns (43.852%)  route 1.403ns (56.148%))
  Logic Levels:           3  (LUT3=1 LUT6=1 MUXF7=1)
  Timing Exception:       MaxDelay Path 8.000ns -datapath_only

    Location             Delay type                Incr(ns)  Path(ns)    Netlist Resource(s)
  -------------------------------------------------------------------    -------------------
    SLICE_X67Y97                                      0.000     0.000 r  protection_system_i/protection_ip_axi_lite_0/inst/u_adc_sample_cdc_bridge/u_fifo/mem_reg[7][49]/C
    SLICE_X67Y97         FDRE (Prop_fdre_C_Q)         0.456     0.456 r  protection_system_i/protection_ip_axi_lite_0/inst/u_adc_sample_cdc_bridge/u_fifo/mem_reg[7][49]/Q
                         net (fo=1, routed)           0.578     1.034    protection_system_i/protection_ip_axi_lite_0/inst/u_adc_sample_cdc_bridge/u_fifo/mem_reg[7][49]
    SLICE_X64Y97         LUT6 (Prop_lut6_I0_O)        0.124     1.158 r  protection_system_i/protection_ip_axi_lite_0/inst/u_adc_sample_cdc_bridge/u_fifo/rd_data[49]_INST_0_i_2/O
                         net (fo=1, routed)           0.000     1.158    protection_system_i/protection_ip_axi_lite_0/inst/u_adc_sample_cdc_bridge/u_fifo/rd_data[49]_INST_0_i_2_n_0
    SLICE_X64Y97         MUXF7 (Prop_muxf7_I1_O)      0.217     1.375 r  protection_system_i/protection_ip_axi_lite_0/inst/u_adc_sample_cdc_bridge/u_fifo/rd_data[49]_INST_0/O
                         net (fo=1, routed)           0.825     2.200    protection_system_i/protection_ip_axi_lite_0/inst/u_adc_sample_cdc_bridge/u_fifo_n_10
    SLICE_X62Y94         LUT3 (Prop_lut3_I1_O)        0.299     2.499 r  protection_system_i/protection_ip_axi_lite_0/inst/u_adc_sample_cdc_bridge/destination_data[49]_i_1/O
                         net (fo=1, routed)           0.000     2.499    protection_system_i/protection_ip_axi_lite_0/inst/u_adc_sample_cdc_bridge/destination_data[49]_i_1_n_0
    SLICE_X62Y94         FDCE                                         r  protection_system_i/protection_ip_axi_lite_0/inst/u_adc_sample_cdc_bridge/destination_data_reg[49]/D
  -------------------------------------------------------------------    -------------------

                         max delay                    8.000     8.000    
    SLICE_X62Y94         FDCE (Setup_fdce_C_D)        0.079     8.079    protection_system_i/protection_ip_axi_lite_0/inst/u_adc_sample_cdc_bridge/destination_data_reg[49]
  -------------------------------------------------------------------
                         required time                          8.079    
                         arrival time                          -2.499    
  -------------------------------------------------------------------
                         slack                                  5.580    

Slack (MET) :             5.606ns  (required time - arrival time)
  Source:                 protection_system_i/protection_ip_axi_lite_0/inst/u_adc_sample_cdc_bridge/u_fifo/mem_reg[7][52]/C
                            (rising edge-triggered cell FDRE clocked by clk_fpga_1  {rise@0.000ns fall@4.000ns period=8.000ns})
  Destination:            protection_system_i/protection_ip_axi_lite_0/inst/u_adc_sample_cdc_bridge/destination_data_reg[52]/D
                            (rising edge-triggered cell FDCE clocked by clk_fpga_0  {rise@0.000ns fall@5.000ns period=10.000ns})
  Path Group:             clk_fpga_0
  Path Type:              Setup (Max at Slow Process Corner)
  Requirement:            8.000ns  (MaxDelay Path 8.000ns)
  Data Path Delay:        2.423ns  (logic 1.153ns (47.579%)  route 1.270ns (52.421%))
  Logic Levels:           3  (LUT3=1 LUT6=1 MUXF7=1)
  Timing Exception:       MaxDelay Path 8.000ns -datapath_only

    Location             Delay type                Incr(ns)  Path(ns)    Netlist Resource(s)
  -------------------------------------------------------------------    -------------------
    SLICE_X58Y99                                      0.000     0.000 r  protection_system_i/protection_ip_axi_lite_0/inst/u_adc_sample_cdc_bridge/u_fifo/mem_reg[7][52]/C
    SLICE_X58Y99         FDRE (Prop_fdre_C_Q)         0.518     0.518 r  protection_system_i/protection_ip_axi_lite_0/inst/u_adc_sample_cdc_bridge/u_fifo/mem_reg[7][52]/Q
                         net (fo=1, routed)           0.661     1.179    protection_system_i/protection_ip_axi_lite_0/inst/u_adc_sample_cdc_bridge/u_fifo/mem_reg[7][52]
    SLICE_X58Y99         LUT6 (Prop_lut6_I0_O)        0.124     1.303 r  protection_system_i/protection_ip_axi_lite_0/inst/u_adc_sample_cdc_bridge/u_fifo/rd_data[52]_INST_0_i_2/O
                         net (fo=1, routed)           0.000     1.303    protection_system_i/protection_ip_axi_lite_0/inst/u_adc_sample_cdc_bridge/u_fifo/rd_data[52]_INST_0_i_2_n_0
    SLICE_X58Y99         MUXF7 (Prop_muxf7_I1_O)      0.214     1.517 r  protection_system_i/protection_ip_axi_lite_0/inst/u_adc_sample_cdc_bridge/u_fifo/rd_data[52]_INST_0/O
                         net (fo=1, routed)           0.609     2.126    protection_system_i/protection_ip_axi_lite_0/inst/u_adc_sample_cdc_bridge/u_fifo_n_7
    SLICE_X60Y94         LUT3 (Prop_lut3_I1_O)        0.297     2.423 r  protection_system_i/protection_ip_axi_lite_0/inst/u_adc_sample_cdc_bridge/destination_data[52]_i_1/O
                         net (fo=1, routed)           0.000     2.423    protection_system_i/protection_ip_axi_lite_0/inst/u_adc_sample_cdc_bridge/destination_data[52]_i_1_n_0
    SLICE_X60Y94         FDCE                                         r  protection_system_i/protection_ip_axi_lite_0/inst/u_adc_sample_cdc_bridge/destination_data_reg[52]/D
  -------------------------------------------------------------------    -------------------

                         max delay                    8.000     8.000    
    SLICE_X60Y94         FDCE (Setup_fdce_C_D)        0.029     8.029    protection_system_i/protection_ip_axi_lite_0/inst/u_adc_sample_cdc_bridge/destination_data_reg[52]
  -------------------------------------------------------------------
                         required time                          8.029    
                         arrival time                          -2.423    
  -------------------------------------------------------------------
                         slack                                  5.606    

Slack (MET) :             5.629ns  (required time - arrival time)
  Source:                 protection_system_i/protection_ip_axi_lite_0/inst/u_adc_sample_cdc_bridge/u_fifo/mem_reg[7][0]/C
                            (rising edge-triggered cell FDRE clocked by clk_fpga_1  {rise@0.000ns fall@4.000ns period=8.000ns})
  Destination:            protection_system_i/protection_ip_axi_lite_0/inst/u_adc_sample_cdc_bridge/destination_data_reg[0]/D
                            (rising edge-triggered cell FDCE clocked by clk_fpga_0  {rise@0.000ns fall@5.000ns period=10.000ns})
  Path Group:             clk_fpga_0
  Path Type:              Setup (Max at Slow Process Corner)
  Requirement:            8.000ns  (MaxDelay Path 8.000ns)
  Data Path Delay:        2.402ns  (logic 1.158ns (48.212%)  route 1.244ns (51.788%))
  Logic Levels:           3  (LUT3=1 LUT6=1 MUXF7=1)
  Timing Exception:       MaxDelay Path 8.000ns -datapath_only

    Location             Delay type                Incr(ns)  Path(ns)    Netlist Resource(s)
  -------------------------------------------------------------------    -------------------
    SLICE_X54Y76                                      0.000     0.000 r  protection_system_i/protection_ip_axi_lite_0/inst/u_adc_sample_cdc_bridge/u_fifo/mem_reg[7][0]/C
    SLICE_X54Y76         FDRE (Prop_fdre_C_Q)         0.518     0.518 r  protection_system_i/protection_ip_axi_lite_0/inst/u_adc_sample_cdc_bridge/u_fifo/mem_reg[7][0]/Q
                         net (fo=1, routed)           0.667     1.185    protection_system_i/protection_ip_axi_lite_0/inst/u_adc_sample_cdc_bridge/u_fifo/mem_reg[7][0]
    SLICE_X53Y76         LUT6 (Prop_lut6_I0_O)        0.124     1.309 r  protection_system_i/protection_ip_axi_lite_0/inst/u_adc_sample_cdc_bridge/u_fifo/rd_data[0]_INST_0_i_2/O
                         net (fo=1, routed)           0.000     1.309    protection_system_i/protection_ip_axi_lite_0/inst/u_adc_sample_cdc_bridge/u_fifo/rd_data[0]_INST_0_i_2_n_0
    SLICE_X53Y76         MUXF7 (Prop_muxf7_I1_O)      0.217     1.526 r  protection_system_i/protection_ip_axi_lite_0/inst/u_adc_sample_cdc_bridge/u_fifo/rd_data[0]_INST_0/O
                         net (fo=1, routed)           0.577     2.103    protection_system_i/protection_ip_axi_lite_0/inst/u_adc_sample_cdc_bridge/u_fifo_n_59
    SLICE_X53Y78         LUT3 (Prop_lut3_I1_O)        0.299     2.402 r  protection_system_i/protection_ip_axi_lite_0/inst/u_adc_sample_cdc_bridge/destination_data[0]_i_1/O
                         net (fo=1, routed)           0.000     2.402    protection_system_i/protection_ip_axi_lite_0/inst/u_adc_sample_cdc_bridge/destination_data[0]_i_1_n_0
    SLICE_X53Y78         FDCE                                         r  protection_system_i/protection_ip_axi_lite_0/inst/u_adc_sample_cdc_bridge/destination_data_reg[0]/D
  -------------------------------------------------------------------    -------------------

                         max delay                    8.000     8.000    
    SLICE_X53Y78         FDCE (Setup_fdce_C_D)        0.031     8.031    protection_system_i/protection_ip_axi_lite_0/inst/u_adc_sample_cdc_bridge/destination_data_reg[0]
  -------------------------------------------------------------------
                         required time                          8.031    
                         arrival time                          -2.402    
  -------------------------------------------------------------------
                         slack                                  5.629    

Slack (MET) :             5.633ns  (required time - arrival time)
  Source:                 protection_system_i/protection_ip_axi_lite_0/inst/u_adc_sample_cdc_bridge/u_fifo/mem_reg[7][54]/C
                            (rising edge-triggered cell FDRE clocked by clk_fpga_1  {rise@0.000ns fall@4.000ns period=8.000ns})
  Destination:            protection_system_i/protection_ip_axi_lite_0/inst/u_adc_sample_cdc_bridge/destination_data_reg[54]/D
                            (rising edge-triggered cell FDCE clocked by clk_fpga_0  {rise@0.000ns fall@5.000ns period=10.000ns})
  Path Group:             clk_fpga_0
  Path Type:              Setup (Max at Slow Process Corner)
  Requirement:            8.000ns  (MaxDelay Path 8.000ns)
  Data Path Delay:        2.398ns  (logic 1.158ns (48.285%)  route 1.240ns (51.715%))
  Logic Levels:           3  (LUT3=1 LUT6=1 MUXF7=1)
  Timing Exception:       MaxDelay Path 8.000ns -datapath_only

    Location             Delay type                Incr(ns)  Path(ns)    Netlist Resource(s)
  -------------------------------------------------------------------    -------------------
    SLICE_X66Y100                                     0.000     0.000 r  protection_system_i/protection_ip_axi_lite_0/inst/u_adc_sample_cdc_bridge/u_fifo/mem_reg[7][54]/C
    SLICE_X66Y100        FDRE (Prop_fdre_C_Q)         0.518     0.518 r  protection_system_i/protection_ip_axi_lite_0/inst/u_adc_sample_cdc_bridge/u_fifo/mem_reg[7][54]/Q
                         net (fo=1, routed)           0.436     0.954    protection_system_i/protection_ip_axi_lite_0/inst/u_adc_sample_cdc_bridge/u_fifo/mem_reg[7][54]
    SLICE_X64Y101        LUT6 (Prop_lut6_I0_O)        0.124     1.078 r  protection_system_i/protection_ip_axi_lite_0/inst/u_adc_sample_cdc_bridge/u_fifo/rd_data[54]_INST_0_i_2/O
                         net (fo=1, routed)           0.000     1.078    protection_system_i/protection_ip_axi_lite_0/inst/u_adc_sample_cdc_bridge/u_fifo/rd_data[54]_INST_0_i_2_n_0
    SLICE_X64Y101        MUXF7 (Prop_muxf7_I1_O)      0.217     1.295 r  protection_system_i/protection_ip_axi_lite_0/inst/u_adc_sample_cdc_bridge/u_fifo/rd_data[54]_INST_0/O
                         net (fo=1, routed)           0.804     2.099    protection_system_i/protection_ip_axi_lite_0/inst/u_adc_sample_cdc_bridge/u_fifo_n_5
    SLICE_X63Y94         LUT3 (Prop_lut3_I1_O)        0.299     2.398 r  protection_system_i/protection_ip_axi_lite_0/inst/u_adc_sample_cdc_bridge/destination_data[54]_i_1/O
                         net (fo=1, routed)           0.000     2.398    protection_system_i/protection_ip_axi_lite_0/inst/u_adc_sample_cdc_bridge/destination_data[54]_i_1_n_0
    SLICE_X63Y94         FDCE                                         r  protection_system_i/protection_ip_axi_lite_0/inst/u_adc_sample_cdc_bridge/destination_data_reg[54]/D
  -------------------------------------------------------------------    -------------------

                         max delay                    8.000     8.000    
    SLICE_X63Y94         FDCE (Setup_fdce_C_D)        0.031     8.031    protection_system_i/protection_ip_axi_lite_0/inst/u_adc_sample_cdc_bridge/destination_data_reg[54]
  -------------------------------------------------------------------
                         required time                          8.031    
                         arrival time                          -2.398    
  -------------------------------------------------------------------
                         slack                                  5.633    

Slack (MET) :             5.708ns  (required time - arrival time)
  Source:                 protection_system_i/protection_ip_axi_lite_0/inst/u_adc_sample_cdc_bridge/u_fifo/mem_reg[7][48]/C
                            (rising edge-triggered cell FDRE clocked by clk_fpga_1  {rise@0.000ns fall@4.000ns period=8.000ns})
  Destination:            protection_system_i/protection_ip_axi_lite_0/inst/u_adc_sample_cdc_bridge/destination_data_reg[48]/D
                            (rising edge-triggered cell FDCE clocked by clk_fpga_0  {rise@0.000ns fall@5.000ns period=10.000ns})
  Path Group:             clk_fpga_0
  Path Type:              Setup (Max at Slow Process Corner)
  Requirement:            8.000ns  (MaxDelay Path 8.000ns)
  Data Path Delay:        2.321ns  (logic 1.123ns (48.376%)  route 1.198ns (51.624%))
  Logic Levels:           3  (LUT3=1 LUT6=1 MUXF7=1)
  Timing Exception:       MaxDelay Path 8.000ns -datapath_only

    Location             Delay type                Incr(ns)  Path(ns)    Netlist Resource(s)
  -------------------------------------------------------------------    -------------------
    SLICE_X63Y100                                     0.000     0.000 r  protection_system_i/protection_ip_axi_lite_0/inst/u_adc_sample_cdc_bridge/u_fifo/mem_reg[7][48]/C
    SLICE_X63Y100        FDRE (Prop_fdre_C_Q)         0.456     0.456 r  protection_system_i/protection_ip_axi_lite_0/inst/u_adc_sample_cdc_bridge/u_fifo/mem_reg[7][48]/Q
                         net (fo=1, routed)           0.500     0.956    protection_system_i/protection_ip_axi_lite_0/inst/u_adc_sample_cdc_bridge/u_fifo/mem_reg[7][48]
    SLICE_X63Y100        LUT6 (Prop_lut6_I0_O)        0.124     1.080 r  protection_system_i/protection_ip_axi_lite_0/inst/u_adc_sample_cdc_bridge/u_fifo/rd_data[48]_INST_0_i_2/O
                         net (fo=1, routed)           0.000     1.080    protection_system_i/protection_ip_axi_lite_0/inst/u_adc_sample_cdc_bridge/u_fifo/rd_data[48]_INST_0_i_2_n_0
    SLICE_X63Y100        MUXF7 (Prop_muxf7_I1_O)      0.245     1.325 r  protection_system_i/protection_ip_axi_lite_0/inst/u_adc_sample_cdc_bridge/u_fifo/rd_data[48]_INST_0/O
                         net (fo=1, routed)           0.698     2.023    protection_system_i/protection_ip_axi_lite_0/inst/u_adc_sample_cdc_bridge/u_fifo_n_11
    SLICE_X63Y94         LUT3 (Prop_lut3_I1_O)        0.298     2.321 r  protection_system_i/protection_ip_axi_lite_0/inst/u_adc_sample_cdc_bridge/destination_data[48]_i_1/O
                         net (fo=1, routed)           0.000     2.321    protection_system_i/protection_ip_axi_lite_0/inst/u_adc_sample_cdc_bridge/destination_data[48]_i_1_n_0
    SLICE_X63Y94         FDCE                                         r  protection_system_i/protection_ip_axi_lite_0/inst/u_adc_sample_cdc_bridge/destination_data_reg[48]/D
  -------------------------------------------------------------------    -------------------

                         max delay                    8.000     8.000    
    SLICE_X63Y94         FDCE (Setup_fdce_C_D)        0.029     8.029    protection_system_i/protection_ip_axi_lite_0/inst/u_adc_sample_cdc_bridge/destination_data_reg[48]
  -------------------------------------------------------------------
                         required time                          8.029    
                         arrival time                          -2.321    
  -------------------------------------------------------------------
                         slack                                  5.708    

Slack (MET) :             5.718ns  (required time - arrival time)
  Source:                 protection_system_i/protection_ip_axi_lite_0/inst/u_adc_sample_cdc_bridge/u_fifo/mem_reg[7][6]/C
                            (rising edge-triggered cell FDRE clocked by clk_fpga_1  {rise@0.000ns fall@4.000ns period=8.000ns})
  Destination:            protection_system_i/protection_ip_axi_lite_0/inst/u_adc_sample_cdc_bridge/destination_data_reg[6]/D
                            (rising edge-triggered cell FDCE clocked by clk_fpga_0  {rise@0.000ns fall@5.000ns period=10.000ns})
  Path Group:             clk_fpga_0
  Path Type:              Setup (Max at Slow Process Corner)
  Requirement:            8.000ns  (MaxDelay Path 8.000ns)
  Data Path Delay:        2.313ns  (logic 1.123ns (48.555%)  route 1.190ns (51.445%))
  Logic Levels:           3  (LUT3=1 LUT6=1 MUXF7=1)
  Timing Exception:       MaxDelay Path 8.000ns -datapath_only

    Location             Delay type                Incr(ns)  Path(ns)    Netlist Resource(s)
  -------------------------------------------------------------------    -------------------
    SLICE_X61Y74                                      0.000     0.000 r  protection_system_i/protection_ip_axi_lite_0/inst/u_adc_sample_cdc_bridge/u_fifo/mem_reg[7][6]/C
    SLICE_X61Y74         FDRE (Prop_fdre_C_Q)         0.456     0.456 r  protection_system_i/protection_ip_axi_lite_0/inst/u_adc_sample_cdc_bridge/u_fifo/mem_reg[7][6]/Q
                         net (fo=1, routed)           0.158     0.614    protection_system_i/protection_ip_axi_lite_0/inst/u_adc_sample_cdc_bridge/u_fifo/mem_reg[7][6]
    SLICE_X60Y74         LUT6 (Prop_lut6_I0_O)        0.124     0.738 r  protection_system_i/protection_ip_axi_lite_0/inst/u_adc_sample_cdc_bridge/u_fifo/rd_data[6]_INST_0_i_2/O
                         net (fo=1, routed)           0.000     0.738    protection_system_i/protection_ip_axi_lite_0/inst/u_adc_sample_cdc_bridge/u_fifo/rd_data[6]_INST_0_i_2_n_0
    SLICE_X60Y74         MUXF7 (Prop_muxf7_I1_O)      0.245     0.983 r  protection_system_i/protection_ip_axi_lite_0/inst/u_adc_sample_cdc_bridge/u_fifo/rd_data[6]_INST_0/O
                         net (fo=1, routed)           1.031     2.015    protection_system_i/protection_ip_axi_lite_0/inst/u_adc_sample_cdc_bridge/u_fifo_n_53
    SLICE_X57Y78         LUT3 (Prop_lut3_I1_O)        0.298     2.313 r  protection_system_i/protection_ip_axi_lite_0/inst/u_adc_sample_cdc_bridge/destination_data[6]_i_1/O
                         net (fo=1, routed)           0.000     2.313    protection_system_i/protection_ip_axi_lite_0/inst/u_adc_sample_cdc_bridge/destination_data[6]_i_1_n_0
    SLICE_X57Y78         FDCE                                         r  protection_system_i/protection_ip_axi_lite_0/inst/u_adc_sample_cdc_bridge/destination_data_reg[6]/D
  -------------------------------------------------------------------    -------------------

                         max delay                    8.000     8.000    
    SLICE_X57Y78         FDCE (Setup_fdce_C_D)        0.031     8.031    protection_system_i/protection_ip_axi_lite_0/inst/u_adc_sample_cdc_bridge/destination_data_reg[6]
  -------------------------------------------------------------------
                         required time                          8.031    
                         arrival time                          -2.313    
  -------------------------------------------------------------------
                         slack                                  5.718    

Slack (MET) :             5.722ns  (required time - arrival time)
  Source:                 protection_system_i/protection_ip_axi_lite_0/inst/u_adc_sample_cdc_bridge/u_fifo/mem_reg[7][32]/C
                            (rising edge-triggered cell FDRE clocked by clk_fpga_1  {rise@0.000ns fall@4.000ns period=8.000ns})
  Destination:            protection_system_i/protection_ip_axi_lite_0/inst/u_adc_sample_cdc_bridge/destination_data_reg[32]/D
                            (rising edge-triggered cell FDCE clocked by clk_fpga_0  {rise@0.000ns fall@5.000ns period=10.000ns})
  Path Group:             clk_fpga_0
  Path Type:              Setup (Max at Slow Process Corner)
  Requirement:            8.000ns  (MaxDelay Path 8.000ns)
  Data Path Delay:        2.307ns  (logic 1.125ns (48.759%)  route 1.182ns (51.241%))
  Logic Levels:           3  (LUT3=1 LUT6=1 MUXF7=1)
  Timing Exception:       MaxDelay Path 8.000ns -datapath_only

    Location             Delay type                Incr(ns)  Path(ns)    Netlist Resource(s)
  -------------------------------------------------------------------    -------------------
    SLICE_X67Y79                                      0.000     0.000 r  protection_system_i/protection_ip_axi_lite_0/inst/u_adc_sample_cdc_bridge/u_fifo/mem_reg[7][32]/C
    SLICE_X67Y79         FDRE (Prop_fdre_C_Q)         0.456     0.456 r  protection_system_i/protection_ip_axi_lite_0/inst/u_adc_sample_cdc_bridge/u_fifo/mem_reg[7][32]/Q
                         net (fo=1, routed)           0.449     0.905    protection_system_i/protection_ip_axi_lite_0/inst/u_adc_sample_cdc_bridge/u_fifo/mem_reg[7][32]
    SLICE_X66Y79         LUT6 (Prop_lut6_I0_O)        0.124     1.029 r  protection_system_i/protection_ip_axi_lite_0/inst/u_adc_sample_cdc_bridge/u_fifo/rd_data[32]_INST_0_i_2/O
                         net (fo=1, routed)           0.000     1.029    protection_system_i/protection_ip_axi_lite_0/inst/u_adc_sample_cdc_bridge/u_fifo/rd_data[32]_INST_0_i_2_n_0
    SLICE_X66Y79         MUXF7 (Prop_muxf7_I1_O)      0.247     1.276 r  protection_system_i/protection_ip_axi_lite_0/inst/u_adc_sample_cdc_bridge/u_fifo/rd_data[32]_INST_0/O
                         net (fo=1, routed)           0.733     2.009    protection_system_i/protection_ip_axi_lite_0/inst/u_adc_sample_cdc_bridge/u_fifo_n_27
    SLICE_X63Y80         LUT3 (Prop_lut3_I1_O)        0.298     2.307 r  protection_system_i/protection_ip_axi_lite_0/inst/u_adc_sample_cdc_bridge/destination_data[32]_i_1/O
                         net (fo=1, routed)           0.000     2.307    protection_system_i/protection_ip_axi_lite_0/inst/u_adc_sample_cdc_bridge/destination_data[32]_i_1_n_0
    SLICE_X63Y80         FDCE                                         r  protection_system_i/protection_ip_axi_lite_0/inst/u_adc_sample_cdc_bridge/destination_data_reg[32]/D
  -------------------------------------------------------------------    -------------------

                         max delay                    8.000     8.000    
    SLICE_X63Y80         FDCE (Setup_fdce_C_D)        0.029     8.029    protection_system_i/protection_ip_axi_lite_0/inst/u_adc_sample_cdc_bridge/destination_data_reg[32]
  -------------------------------------------------------------------
                         required time                          8.029    
                         arrival time                          -2.307    
  -------------------------------------------------------------------
                         slack                                  5.722    

Slack (MET) :             5.756ns  (required time - arrival time)
  Source:                 protection_system_i/protection_ip_axi_lite_0/inst/u_adc_sample_cdc_bridge/u_fifo/mem_reg[7][33]/C
                            (rising edge-triggered cell FDRE clocked by clk_fpga_1  {rise@0.000ns fall@4.000ns period=8.000ns})
  Destination:            protection_system_i/protection_ip_axi_lite_0/inst/u_adc_sample_cdc_bridge/destination_data_reg[33]/D
                            (rising edge-triggered cell FDCE clocked by clk_fpga_0  {rise@0.000ns fall@5.000ns period=10.000ns})
  Path Group:             clk_fpga_0
  Path Type:              Setup (Max at Slow Process Corner)
  Requirement:            8.000ns  (MaxDelay Path 8.000ns)
  Data Path Delay:        2.273ns  (logic 1.091ns (47.999%)  route 1.182ns (52.001%))
  Logic Levels:           3  (LUT3=1 LUT6=1 MUXF7=1)
  Timing Exception:       MaxDelay Path 8.000ns -datapath_only

    Location             Delay type                Incr(ns)  Path(ns)    Netlist Resource(s)
  -------------------------------------------------------------------    -------------------
    SLICE_X81Y82                                      0.000     0.000 r  protection_system_i/protection_ip_axi_lite_0/inst/u_adc_sample_cdc_bridge/u_fifo/mem_reg[7][33]/C
    SLICE_X81Y82         FDRE (Prop_fdre_C_Q)         0.456     0.456 r  protection_system_i/protection_ip_axi_lite_0/inst/u_adc_sample_cdc_bridge/u_fifo/mem_reg[7][33]/Q
                         net (fo=1, routed)           0.314     0.770    protection_system_i/protection_ip_axi_lite_0/inst/u_adc_sample_cdc_bridge/u_fifo/mem_reg[7][33]
    SLICE_X82Y82         LUT6 (Prop_lut6_I0_O)        0.124     0.894 r  protection_system_i/protection_ip_axi_lite_0/inst/u_adc_sample_cdc_bridge/u_fifo/rd_data[33]_INST_0_i_2/O
                         net (fo=1, routed)           0.000     0.894    protection_system_i/protection_ip_axi_lite_0/inst/u_adc_sample_cdc_bridge/u_fifo/rd_data[33]_INST_0_i_2_n_0
    SLICE_X82Y82         MUXF7 (Prop_muxf7_I1_O)      0.214     1.108 r  protection_system_i/protection_ip_axi_lite_0/inst/u_adc_sample_cdc_bridge/u_fifo/rd_data[33]_INST_0/O
                         net (fo=1, routed)           0.868     1.976    protection_system_i/protection_ip_axi_lite_0/inst/u_adc_sample_cdc_bridge/u_fifo_n_26
    SLICE_X63Y82         LUT3 (Prop_lut3_I1_O)        0.297     2.273 r  protection_system_i/protection_ip_axi_lite_0/inst/u_adc_sample_cdc_bridge/destination_data[33]_i_1/O
                         net (fo=1, routed)           0.000     2.273    protection_system_i/protection_ip_axi_lite_0/inst/u_adc_sample_cdc_bridge/destination_data[33]_i_1_n_0
    SLICE_X63Y82         FDCE                                         r  protection_system_i/protection_ip_axi_lite_0/inst/u_adc_sample_cdc_bridge/destination_data_reg[33]/D
  -------------------------------------------------------------------    -------------------

                         max delay                    8.000     8.000    
    SLICE_X63Y82         FDCE (Setup_fdce_C_D)        0.029     8.029    protection_system_i/protection_ip_axi_lite_0/inst/u_adc_sample_cdc_bridge/destination_data_reg[33]
  -------------------------------------------------------------------
                         required time                          8.029    
                         arrival time                          -2.273    
  -------------------------------------------------------------------
                         slack                                  5.756    

Slack (MET) :             5.810ns  (required time - arrival time)
  Source:                 protection_system_i/protection_ip_axi_lite_0/inst/u_adc_sample_cdc_bridge/u_fifo/mem_reg[7][28]/C
                            (rising edge-triggered cell FDRE clocked by clk_fpga_1  {rise@0.000ns fall@4.000ns period=8.000ns})
  Destination:            protection_system_i/protection_ip_axi_lite_0/inst/u_adc_sample_cdc_bridge/destination_data_reg[28]/D
                            (rising edge-triggered cell FDCE clocked by clk_fpga_0  {rise@0.000ns fall@5.000ns period=10.000ns})
  Path Group:             clk_fpga_0
  Path Type:              Setup (Max at Slow Process Corner)
  Requirement:            8.000ns  (MaxDelay Path 8.000ns)
  Data Path Delay:        2.221ns  (logic 1.091ns (49.125%)  route 1.130ns (50.875%))
  Logic Levels:           3  (LUT3=1 LUT6=1 MUXF7=1)
  Timing Exception:       MaxDelay Path 8.000ns -datapath_only

    Location             Delay type                Incr(ns)  Path(ns)    Netlist Resource(s)
  -------------------------------------------------------------------    -------------------
    SLICE_X67Y79                                      0.000     0.000 r  protection_system_i/protection_ip_axi_lite_0/inst/u_adc_sample_cdc_bridge/u_fifo/mem_reg[7][28]/C
    SLICE_X67Y79         FDRE (Prop_fdre_C_Q)         0.456     0.456 r  protection_system_i/protection_ip_axi_lite_0/inst/u_adc_sample_cdc_bridge/u_fifo/mem_reg[7][28]/Q
                         net (fo=1, routed)           0.674     1.130    protection_system_i/protection_ip_axi_lite_0/inst/u_adc_sample_cdc_bridge/u_fifo/mem_reg[7][28]
    SLICE_X62Y79         LUT6 (Prop_lut6_I0_O)        0.124     1.254 r  protection_system_i/protection_ip_axi_lite_0/inst/u_adc_sample_cdc_bridge/u_fifo/rd_data[28]_INST_0_i_2/O
                         net (fo=1, routed)           0.000     1.254    protection_system_i/protection_ip_axi_lite_0/inst/u_adc_sample_cdc_bridge/u_fifo/rd_data[28]_INST_0_i_2_n_0
    SLICE_X62Y79         MUXF7 (Prop_muxf7_I1_O)      0.214     1.468 r  protection_system_i/protection_ip_axi_lite_0/inst/u_adc_sample_cdc_bridge/u_fifo/rd_data[28]_INST_0/O
                         net (fo=1, routed)           0.455     1.924    protection_system_i/protection_ip_axi_lite_0/inst/u_adc_sample_cdc_bridge/u_fifo_n_31
    SLICE_X63Y79         LUT3 (Prop_lut3_I1_O)        0.297     2.221 r  protection_system_i/protection_ip_axi_lite_0/inst/u_adc_sample_cdc_bridge/destination_data[28]_i_1/O
                         net (fo=1, routed)           0.000     2.221    protection_system_i/protection_ip_axi_lite_0/inst/u_adc_sample_cdc_bridge/destination_data[28]_i_1_n_0
    SLICE_X63Y79         FDCE                                         r  protection_system_i/protection_ip_axi_lite_0/inst/u_adc_sample_cdc_bridge/destination_data_reg[28]/D
  -------------------------------------------------------------------    -------------------

                         max delay                    8.000     8.000    
    SLICE_X63Y79         FDCE (Setup_fdce_C_D)        0.031     8.031    protection_system_i/protection_ip_axi_lite_0/inst/u_adc_sample_cdc_bridge/destination_data_reg[28]
  -------------------------------------------------------------------
                         required time                          8.031    
                         arrival time                          -2.221    
  -------------------------------------------------------------------
                         slack                                  5.810    

Slack (MET) :             5.824ns  (required time - arrival time)
  Source:                 protection_system_i/protection_ip_axi_lite_0/inst/u_adc_sample_cdc_bridge/u_fifo/mem_reg[7][22]/C
                            (rising edge-triggered cell FDRE clocked by clk_fpga_1  {rise@0.000ns fall@4.000ns period=8.000ns})
  Destination:            protection_system_i/protection_ip_axi_lite_0/inst/u_adc_sample_cdc_bridge/destination_data_reg[22]/D
                            (rising edge-triggered cell FDCE clocked by clk_fpga_0  {rise@0.000ns fall@5.000ns period=10.000ns})
  Path Group:             clk_fpga_0
  Path Type:              Setup (Max at Slow Process Corner)
  Requirement:            8.000ns  (MaxDelay Path 8.000ns)
  Data Path Delay:        2.205ns  (logic 1.096ns (49.702%)  route 1.109ns (50.298%))
  Logic Levels:           3  (LUT3=1 LUT6=1 MUXF7=1)
  Timing Exception:       MaxDelay Path 8.000ns -datapath_only

    Location             Delay type                Incr(ns)  Path(ns)    Netlist Resource(s)
  -------------------------------------------------------------------    -------------------
    SLICE_X49Y73                                      0.000     0.000 r  protection_system_i/protection_ip_axi_lite_0/inst/u_adc_sample_cdc_bridge/u_fifo/mem_reg[7][22]/C
    SLICE_X49Y73         FDRE (Prop_fdre_C_Q)         0.456     0.456 r  protection_system_i/protection_ip_axi_lite_0/inst/u_adc_sample_cdc_bridge/u_fifo/mem_reg[7][22]/Q
                         net (fo=1, routed)           0.635     1.091    protection_system_i/protection_ip_axi_lite_0/inst/u_adc_sample_cdc_bridge/u_fifo/mem_reg[7][22]
    SLICE_X49Y74         LUT6 (Prop_lut6_I0_O)        0.124     1.215 r  protection_system_i/protection_ip_axi_lite_0/inst/u_adc_sample_cdc_bridge/u_fifo/rd_data[22]_INST_0_i_2/O
                         net (fo=1, routed)           0.000     1.215    protection_system_i/protection_ip_axi_lite_0/inst/u_adc_sample_cdc_bridge/u_fifo/rd_data[22]_INST_0_i_2_n_0
    SLICE_X49Y74         MUXF7 (Prop_muxf7_I1_O)      0.217     1.432 r  protection_system_i/protection_ip_axi_lite_0/inst/u_adc_sample_cdc_bridge/u_fifo/rd_data[22]_INST_0/O
                         net (fo=1, routed)           0.474     1.906    protection_system_i/protection_ip_axi_lite_0/inst/u_adc_sample_cdc_bridge/u_fifo_n_37
    SLICE_X49Y78         LUT3 (Prop_lut3_I1_O)        0.299     2.205 r  protection_system_i/protection_ip_axi_lite_0/inst/u_adc_sample_cdc_bridge/destination_data[22]_i_1/O
                         net (fo=1, routed)           0.000     2.205    protection_system_i/protection_ip_axi_lite_0/inst/u_adc_sample_cdc_bridge/destination_data[22]_i_1_n_0
    SLICE_X49Y78         FDCE                                         r  protection_system_i/protection_ip_axi_lite_0/inst/u_adc_sample_cdc_bridge/destination_data_reg[22]/D
  -------------------------------------------------------------------    -------------------

                         max delay                    8.000     8.000    
    SLICE_X49Y78         FDCE (Setup_fdce_C_D)        0.029     8.029    protection_system_i/protection_ip_axi_lite_0/inst/u_adc_sample_cdc_bridge/destination_data_reg[22]
  -------------------------------------------------------------------
                         required time                          8.029    
                         arrival time                          -2.205    
  -------------------------------------------------------------------
                         slack                                  5.824    

Slack (MET) :             5.825ns  (required time - arrival time)
  Source:                 protection_system_i/protection_ip_axi_lite_0/inst/u_adc_sample_cdc_bridge/u_fifo/mem_reg[7][25]/C
                            (rising edge-triggered cell FDRE clocked by clk_fpga_1  {rise@0.000ns fall@4.000ns period=8.000ns})
  Destination:            protection_system_i/protection_ip_axi_lite_0/inst/u_adc_sample_cdc_bridge/destination_data_reg[25]/D
                            (rising edge-triggered cell FDCE clocked by clk_fpga_0  {rise@0.000ns fall@5.000ns period=10.000ns})
  Path Group:             clk_fpga_0
  Path Type:              Setup (Max at Slow Process Corner)
  Requirement:            8.000ns  (MaxDelay Path 8.000ns)
  Data Path Delay:        2.206ns  (logic 1.096ns (49.677%)  route 1.110ns (50.323%))
  Logic Levels:           3  (LUT3=1 LUT6=1 MUXF7=1)
  Timing Exception:       MaxDelay Path 8.000ns -datapath_only

    Location             Delay type                Incr(ns)  Path(ns)    Netlist Resource(s)
  -------------------------------------------------------------------    -------------------
    SLICE_X63Y77                                      0.000     0.000 r  protection_system_i/protection_ip_axi_lite_0/inst/u_adc_sample_cdc_bridge/u_fifo/mem_reg[7][25]/C
    SLICE_X63Y77         FDRE (Prop_fdre_C_Q)         0.456     0.456 r  protection_system_i/protection_ip_axi_lite_0/inst/u_adc_sample_cdc_bridge/u_fifo/mem_reg[7][25]/Q
                         net (fo=1, routed)           0.656     1.112    protection_system_i/protection_ip_axi_lite_0/inst/u_adc_sample_cdc_bridge/u_fifo/mem_reg[7][25]
    SLICE_X63Y77         LUT6 (Prop_lut6_I0_O)        0.124     1.236 r  protection_system_i/protection_ip_axi_lite_0/inst/u_adc_sample_cdc_bridge/u_fifo/rd_data[25]_INST_0_i_2/O
                         net (fo=1, routed)           0.000     1.236    protection_system_i/protection_ip_axi_lite_0/inst/u_adc_sample_cdc_bridge/u_fifo/rd_data[25]_INST_0_i_2_n_0
    SLICE_X63Y77         MUXF7 (Prop_muxf7_I1_O)      0.217     1.453 r  protection_system_i/protection_ip_axi_lite_0/inst/u_adc_sample_cdc_bridge/u_fifo/rd_data[25]_INST_0/O
                         net (fo=1, routed)           0.454     1.907    protection_system_i/protection_ip_axi_lite_0/inst/u_adc_sample_cdc_bridge/u_fifo_n_34
    SLICE_X63Y79         LUT3 (Prop_lut3_I1_O)        0.299     2.206 r  protection_system_i/protection_ip_axi_lite_0/inst/u_adc_sample_cdc_bridge/destination_data[25]_i_1/O
                         net (fo=1, routed)           0.000     2.206    protection_system_i/protection_ip_axi_lite_0/inst/u_adc_sample_cdc_bridge/destination_data[25]_i_1_n_0
    SLICE_X63Y79         FDCE                                         r  protection_system_i/protection_ip_axi_lite_0/inst/u_adc_sample_cdc_bridge/destination_data_reg[25]/D
  -------------------------------------------------------------------    -------------------

                         max delay                    8.000     8.000    
    SLICE_X63Y79         FDCE (Setup_fdce_C_D)        0.031     8.031    protection_system_i/protection_ip_axi_lite_0/inst/u_adc_sample_cdc_bridge/destination_data_reg[25]
  -------------------------------------------------------------------
                         required time                          8.031    
                         arrival time                          -2.206    
  -------------------------------------------------------------------
                         slack                                  5.825    

Slack (MET) :             5.880ns  (required time - arrival time)
  Source:                 protection_system_i/protection_ip_axi_lite_0/inst/u_adc_sample_cdc_bridge/u_fifo/mem_reg[7][27]/C
                            (rising edge-triggered cell FDRE clocked by clk_fpga_1  {rise@0.000ns fall@4.000ns period=8.000ns})
  Destination:            protection_system_i/protection_ip_axi_lite_0/inst/u_adc_sample_cdc_bridge/destination_data_reg[27]/D
                            (rising edge-triggered cell FDCE clocked by clk_fpga_0  {rise@0.000ns fall@5.000ns period=10.000ns})
  Path Group:             clk_fpga_0
  Path Type:              Setup (Max at Slow Process Corner)
  Requirement:            8.000ns  (MaxDelay Path 8.000ns)
  Data Path Delay:        2.149ns  (logic 1.096ns (51.009%)  route 1.053ns (48.991%))
  Logic Levels:           3  (LUT3=1 LUT6=1 MUXF7=1)
  Timing Exception:       MaxDelay Path 8.000ns -datapath_only

    Location             Delay type                Incr(ns)  Path(ns)    Netlist Resource(s)
  -------------------------------------------------------------------    -------------------
    SLICE_X64Y78                                      0.000     0.000 r  protection_system_i/protection_ip_axi_lite_0/inst/u_adc_sample_cdc_bridge/u_fifo/mem_reg[7][27]/C
    SLICE_X64Y78         FDRE (Prop_fdre_C_Q)         0.456     0.456 r  protection_system_i/protection_ip_axi_lite_0/inst/u_adc_sample_cdc_bridge/u_fifo/mem_reg[7][27]/Q
                         net (fo=1, routed)           0.305     0.761    protection_system_i/protection_ip_axi_lite_0/inst/u_adc_sample_cdc_bridge/u_fifo/mem_reg[7][27]
    SLICE_X64Y77         LUT6 (Prop_lut6_I0_O)        0.124     0.885 r  protection_system_i/protection_ip_axi_lite_0/inst/u_adc_sample_cdc_bridge/u_fifo/rd_data[27]_INST_0_i_2/O
                         net (fo=1, routed)           0.000     0.885    protection_system_i/protection_ip_axi_lite_0/inst/u_adc_sample_cdc_bridge/u_fifo/rd_data[27]_INST_0_i_2_n_0
    SLICE_X64Y77         MUXF7 (Prop_muxf7_I1_O)      0.217     1.102 r  protection_system_i/protection_ip_axi_lite_0/inst/u_adc_sample_cdc_bridge/u_fifo/rd_data[27]_INST_0/O
                         net (fo=1, routed)           0.747     1.850    protection_system_i/protection_ip_axi_lite_0/inst/u_adc_sample_cdc_bridge/u_fifo_n_32
    SLICE_X64Y79         LUT3 (Prop_lut3_I1_O)        0.299     2.149 r  protection_system_i/protection_ip_axi_lite_0/inst/u_adc_sample_cdc_bridge/destination_data[27]_i_1/O
                         net (fo=1, routed)           0.000     2.149    protection_system_i/protection_ip_axi_lite_0/inst/u_adc_sample_cdc_bridge/destination_data[27]_i_1_n_0
    SLICE_X64Y79         FDCE                                         r  protection_system_i/protection_ip_axi_lite_0/inst/u_adc_sample_cdc_bridge/destination_data_reg[27]/D
  -------------------------------------------------------------------    -------------------

                         max delay                    8.000     8.000    
    SLICE_X64Y79         FDCE (Setup_fdce_C_D)        0.029     8.029    protection_system_i/protection_ip_axi_lite_0/inst/u_adc_sample_cdc_bridge/destination_data_reg[27]
  -------------------------------------------------------------------
                         required time                          8.029    
                         arrival time                          -2.149    
  -------------------------------------------------------------------
                         slack                                  5.880    

Slack (MET) :             5.894ns  (required time - arrival time)
  Source:                 protection_system_i/protection_ip_axi_lite_0/inst/u_adc_sample_cdc_bridge/u_fifo/mem_reg[7][9]/C
                            (rising edge-triggered cell FDRE clocked by clk_fpga_1  {rise@0.000ns fall@4.000ns period=8.000ns})
  Destination:            protection_system_i/protection_ip_axi_lite_0/inst/u_adc_sample_cdc_bridge/destination_data_reg[9]/D
                            (rising edge-triggered cell FDCE clocked by clk_fpga_0  {rise@0.000ns fall@5.000ns period=10.000ns})
  Path Group:             clk_fpga_0
  Path Type:              Setup (Max at Slow Process Corner)
  Requirement:            8.000ns  (MaxDelay Path 8.000ns)
  Data Path Delay:        2.185ns  (logic 1.091ns (49.933%)  route 1.094ns (50.067%))
  Logic Levels:           3  (LUT3=1 LUT6=1 MUXF7=1)
  Timing Exception:       MaxDelay Path 8.000ns -datapath_only

    Location             Delay type                Incr(ns)  Path(ns)    Netlist Resource(s)
  -------------------------------------------------------------------    -------------------
    SLICE_X63Y73                                      0.000     0.000 r  protection_system_i/protection_ip_axi_lite_0/inst/u_adc_sample_cdc_bridge/u_fifo/mem_reg[7][9]/C
    SLICE_X63Y73         FDRE (Prop_fdre_C_Q)         0.456     0.456 r  protection_system_i/protection_ip_axi_lite_0/inst/u_adc_sample_cdc_bridge/u_fifo/mem_reg[7][9]/Q
                         net (fo=1, routed)           0.275     0.731    protection_system_i/protection_ip_axi_lite_0/inst/u_adc_sample_cdc_bridge/u_fifo/mem_reg[7][9]
    SLICE_X62Y73         LUT6 (Prop_lut6_I0_O)        0.124     0.855 r  protection_system_i/protection_ip_axi_lite_0/inst/u_adc_sample_cdc_bridge/u_fifo/rd_data[9]_INST_0_i_2/O
                         net (fo=1, routed)           0.000     0.855    protection_system_i/protection_ip_axi_lite_0/inst/u_adc_sample_cdc_bridge/u_fifo/rd_data[9]_INST_0_i_2_n_0
    SLICE_X62Y73         MUXF7 (Prop_muxf7_I1_O)      0.214     1.069 r  protection_system_i/protection_ip_axi_lite_0/inst/u_adc_sample_cdc_bridge/u_fifo/rd_data[9]_INST_0/O
                         net (fo=1, routed)           0.819     1.888    protection_system_i/protection_ip_axi_lite_0/inst/u_adc_sample_cdc_bridge/u_fifo_n_50
    SLICE_X58Y79         LUT3 (Prop_lut3_I1_O)        0.297     2.185 r  protection_system_i/protection_ip_axi_lite_0/inst/u_adc_sample_cdc_bridge/destination_data[9]_i_1/O
                         net (fo=1, routed)           0.000     2.185    protection_system_i/protection_ip_axi_lite_0/inst/u_adc_sample_cdc_bridge/destination_data[9]_i_1_n_0
    SLICE_X58Y79         FDCE                                         r  protection_system_i/protection_ip_axi_lite_0/inst/u_adc_sample_cdc_bridge/destination_data_reg[9]/D
  -------------------------------------------------------------------    -------------------

                         max delay                    8.000     8.000    
    SLICE_X58Y79         FDCE (Setup_fdce_C_D)        0.079     8.079    protection_system_i/protection_ip_axi_lite_0/inst/u_adc_sample_cdc_bridge/destination_data_reg[9]
  -------------------------------------------------------------------
                         required time                          8.079    
                         arrival time                          -2.185    
  -------------------------------------------------------------------
                         slack                                  5.894    

Slack (MET) :             5.900ns  (required time - arrival time)
  Source:                 protection_system_i/protection_ip_axi_lite_0/inst/u_adc_sample_cdc_bridge/u_fifo/mem_reg[7][31]/C
                            (rising edge-triggered cell FDRE clocked by clk_fpga_1  {rise@0.000ns fall@4.000ns period=8.000ns})
  Destination:            protection_system_i/protection_ip_axi_lite_0/inst/u_adc_sample_cdc_bridge/destination_data_reg[31]/D
                            (rising edge-triggered cell FDCE clocked by clk_fpga_0  {rise@0.000ns fall@5.000ns period=10.000ns})
  Path Group:             clk_fpga_0
  Path Type:              Setup (Max at Slow Process Corner)
  Requirement:            8.000ns  (MaxDelay Path 8.000ns)
  Data Path Delay:        2.132ns  (logic 1.091ns (51.173%)  route 1.041ns (48.827%))
  Logic Levels:           3  (LUT3=1 LUT6=1 MUXF7=1)
  Timing Exception:       MaxDelay Path 8.000ns -datapath_only

    Location             Delay type                Incr(ns)  Path(ns)    Netlist Resource(s)
  -------------------------------------------------------------------    -------------------
    SLICE_X67Y79                                      0.000     0.000 r  protection_system_i/protection_ip_axi_lite_0/inst/u_adc_sample_cdc_bridge/u_fifo/mem_reg[7][31]/C
    SLICE_X67Y79         FDRE (Prop_fdre_C_Q)         0.456     0.456 r  protection_system_i/protection_ip_axi_lite_0/inst/u_adc_sample_cdc_bridge/u_fifo/mem_reg[7][31]/Q
                         net (fo=1, routed)           0.452     0.908    protection_system_i/protection_ip_axi_lite_0/inst/u_adc_sample_cdc_bridge/u_fifo/mem_reg[7][31]
    SLICE_X66Y79         LUT6 (Prop_lut6_I0_O)        0.124     1.032 r  protection_system_i/protection_ip_axi_lite_0/inst/u_adc_sample_cdc_bridge/u_fifo/rd_data[31]_INST_0_i_2/O
                         net (fo=1, routed)           0.000     1.032    protection_system_i/protection_ip_axi_lite_0/inst/u_adc_sample_cdc_bridge/u_fifo/rd_data[31]_INST_0_i_2_n_0
    SLICE_X66Y79         MUXF7 (Prop_muxf7_I1_O)      0.214     1.246 r  protection_system_i/protection_ip_axi_lite_0/inst/u_adc_sample_cdc_bridge/u_fifo/rd_data[31]_INST_0/O
                         net (fo=1, routed)           0.589     1.835    protection_system_i/protection_ip_axi_lite_0/inst/u_adc_sample_cdc_bridge/u_fifo_n_28
    SLICE_X63Y79         LUT3 (Prop_lut3_I1_O)        0.297     2.132 r  protection_system_i/protection_ip_axi_lite_0/inst/u_adc_sample_cdc_bridge/destination_data[31]_i_1/O
                         net (fo=1, routed)           0.000     2.132    protection_system_i/protection_ip_axi_lite_0/inst/u_adc_sample_cdc_bridge/destination_data[31]_i_1_n_0
    SLICE_X63Y79         FDCE                                         r  protection_system_i/protection_ip_axi_lite_0/inst/u_adc_sample_cdc_bridge/destination_data_reg[31]/D
  -------------------------------------------------------------------    -------------------

                         max delay                    8.000     8.000    
    SLICE_X63Y79         FDCE (Setup_fdce_C_D)        0.032     8.032    protection_system_i/protection_ip_axi_lite_0/inst/u_adc_sample_cdc_bridge/destination_data_reg[31]
  -------------------------------------------------------------------
                         required time                          8.032    
                         arrival time                          -2.132    
  -------------------------------------------------------------------
                         slack                                  5.900    

Slack (MET) :             5.923ns  (required time - arrival time)
  Source:                 protection_system_i/protection_ip_axi_lite_0/inst/u_adc_sample_cdc_bridge/u_fifo/mem_reg[7][51]/C
                            (rising edge-triggered cell FDRE clocked by clk_fpga_1  {rise@0.000ns fall@4.000ns period=8.000ns})
  Destination:            protection_system_i/protection_ip_axi_lite_0/inst/u_adc_sample_cdc_bridge/destination_data_reg[51]/D
                            (rising edge-triggered cell FDCE clocked by clk_fpga_0  {rise@0.000ns fall@5.000ns period=10.000ns})
  Path Group:             clk_fpga_0
  Path Type:              Setup (Max at Slow Process Corner)
  Requirement:            8.000ns  (MaxDelay Path 8.000ns)
  Data Path Delay:        2.106ns  (logic 1.158ns (54.995%)  route 0.948ns (45.005%))
  Logic Levels:           3  (LUT3=1 LUT6=1 MUXF7=1)
  Timing Exception:       MaxDelay Path 8.000ns -datapath_only

    Location             Delay type                Incr(ns)  Path(ns)    Netlist Resource(s)
  -------------------------------------------------------------------    -------------------
    SLICE_X58Y101                                     0.000     0.000 r  protection_system_i/protection_ip_axi_lite_0/inst/u_adc_sample_cdc_bridge/u_fifo/mem_reg[7][51]/C
    SLICE_X58Y101        FDRE (Prop_fdre_C_Q)         0.518     0.518 r  protection_system_i/protection_ip_axi_lite_0/inst/u_adc_sample_cdc_bridge/u_fifo/mem_reg[7][51]/Q
                         net (fo=1, routed)           0.442     0.960    protection_system_i/protection_ip_axi_lite_0/inst/u_adc_sample_cdc_bridge/u_fifo/mem_reg[7][51]
    SLICE_X61Y100        LUT6 (Prop_lut6_I0_O)        0.124     1.084 r  protection_system_i/protection_ip_axi_lite_0/inst/u_adc_sample_cdc_bridge/u_fifo/rd_data[51]_INST_0_i_2/O
                         net (fo=1, routed)           0.000     1.084    protection_system_i/protection_ip_axi_lite_0/inst/u_adc_sample_cdc_bridge/u_fifo/rd_data[51]_INST_0_i_2_n_0
    SLICE_X61Y100        MUXF7 (Prop_muxf7_I1_O)      0.217     1.301 r  protection_system_i/protection_ip_axi_lite_0/inst/u_adc_sample_cdc_bridge/u_fifo/rd_data[51]_INST_0/O
                         net (fo=1, routed)           0.506     1.807    protection_system_i/protection_ip_axi_lite_0/inst/u_adc_sample_cdc_bridge/u_fifo_n_8
    SLICE_X61Y95         LUT3 (Prop_lut3_I1_O)        0.299     2.106 r  protection_system_i/protection_ip_axi_lite_0/inst/u_adc_sample_cdc_bridge/destination_data[51]_i_1/O
                         net (fo=1, routed)           0.000     2.106    protection_system_i/protection_ip_axi_lite_0/inst/u_adc_sample_cdc_bridge/destination_data[51]_i_1_n_0
    SLICE_X61Y95         FDCE                                         r  protection_system_i/protection_ip_axi_lite_0/inst/u_adc_sample_cdc_bridge/destination_data_reg[51]/D
  -------------------------------------------------------------------    -------------------

                         max delay                    8.000     8.000    
    SLICE_X61Y95         FDCE (Setup_fdce_C_D)        0.029     8.029    protection_system_i/protection_ip_axi_lite_0/inst/u_adc_sample_cdc_bridge/destination_data_reg[51]
  -------------------------------------------------------------------
                         required time                          8.029    
                         arrival time                          -2.106    
  -------------------------------------------------------------------
                         slack                                  5.923    

Slack (MET) :             5.994ns  (required time - arrival time)
  Source:                 protection_system_i/protection_ip_axi_lite_0/inst/u_adc_sample_cdc_bridge/u_fifo/mem_reg[7][47]/C
                            (rising edge-triggered cell FDRE clocked by clk_fpga_1  {rise@0.000ns fall@4.000ns period=8.000ns})
  Destination:            protection_system_i/protection_ip_axi_lite_0/inst/u_adc_sample_cdc_bridge/destination_data_reg[47]/D
                            (rising edge-triggered cell FDCE clocked by clk_fpga_0  {rise@0.000ns fall@5.000ns period=10.000ns})
  Path Group:             clk_fpga_0
  Path Type:              Setup (Max at Slow Process Corner)
  Requirement:            8.000ns  (MaxDelay Path 8.000ns)
  Data Path Delay:        2.037ns  (logic 1.158ns (56.842%)  route 0.879ns (43.158%))
  Logic Levels:           3  (LUT3=1 LUT6=1 MUXF7=1)
  Timing Exception:       MaxDelay Path 8.000ns -datapath_only

    Location             Delay type                Incr(ns)  Path(ns)    Netlist Resource(s)
  -------------------------------------------------------------------    -------------------
    SLICE_X62Y98                                      0.000     0.000 r  protection_system_i/protection_ip_axi_lite_0/inst/u_adc_sample_cdc_bridge/u_fifo/mem_reg[7][47]/C
    SLICE_X62Y98         FDRE (Prop_fdre_C_Q)         0.518     0.518 r  protection_system_i/protection_ip_axi_lite_0/inst/u_adc_sample_cdc_bridge/u_fifo/mem_reg[7][47]/Q
                         net (fo=1, routed)           0.304     0.822    protection_system_i/protection_ip_axi_lite_0/inst/u_adc_sample_cdc_bridge/u_fifo/mem_reg[7][47]
    SLICE_X63Y97         LUT6 (Prop_lut6_I0_O)        0.124     0.946 r  protection_system_i/protection_ip_axi_lite_0/inst/u_adc_sample_cdc_bridge/u_fifo/rd_data[47]_INST_0_i_2/O
                         net (fo=1, routed)           0.000     0.946    protection_system_i/protection_ip_axi_lite_0/inst/u_adc_sample_cdc_bridge/u_fifo/rd_data[47]_INST_0_i_2_n_0
    SLICE_X63Y97         MUXF7 (Prop_muxf7_I1_O)      0.217     1.163 r  protection_system_i/protection_ip_axi_lite_0/inst/u_adc_sample_cdc_bridge/u_fifo/rd_data[47]_INST_0/O
                         net (fo=1, routed)           0.575     1.738    protection_system_i/protection_ip_axi_lite_0/inst/u_adc_sample_cdc_bridge/u_fifo_n_12
    SLICE_X63Y95         LUT3 (Prop_lut3_I1_O)        0.299     2.037 r  protection_system_i/protection_ip_axi_lite_0/inst/u_adc_sample_cdc_bridge/destination_data[47]_i_1/O
                         net (fo=1, routed)           0.000     2.037    protection_system_i/protection_ip_axi_lite_0/inst/u_adc_sample_cdc_bridge/destination_data[47]_i_1_n_0
    SLICE_X63Y95         FDCE                                         r  protection_system_i/protection_ip_axi_lite_0/inst/u_adc_sample_cdc_bridge/destination_data_reg[47]/D
  -------------------------------------------------------------------    -------------------

                         max delay                    8.000     8.000    
    SLICE_X63Y95         FDCE (Setup_fdce_C_D)        0.031     8.031    protection_system_i/protection_ip_axi_lite_0/inst/u_adc_sample_cdc_bridge/destination_data_reg[47]
  -------------------------------------------------------------------
                         required time                          8.031    
                         arrival time                          -2.037    
  -------------------------------------------------------------------
                         slack                                  5.994    

Slack (MET) :             6.052ns  (required time - arrival time)
  Source:                 protection_system_i/protection_ip_axi_lite_0/inst/u_adc_sample_cdc_bridge/u_fifo/mem_reg[7][7]/C
                            (rising edge-triggered cell FDRE clocked by clk_fpga_1  {rise@0.000ns fall@4.000ns period=8.000ns})
  Destination:            protection_system_i/protection_ip_axi_lite_0/inst/u_adc_sample_cdc_bridge/destination_data_reg[7]/D
                            (rising edge-triggered cell FDCE clocked by clk_fpga_0  {rise@0.000ns fall@5.000ns period=10.000ns})
  Path Group:             clk_fpga_0
  Path Type:              Setup (Max at Slow Process Corner)
  Requirement:            8.000ns  (MaxDelay Path 8.000ns)
  Data Path Delay:        1.979ns  (logic 1.158ns (58.522%)  route 0.821ns (41.478%))
  Logic Levels:           3  (LUT3=1 LUT6=1 MUXF7=1)
  Timing Exception:       MaxDelay Path 8.000ns -datapath_only

    Location             Delay type                Incr(ns)  Path(ns)    Netlist Resource(s)
  -------------------------------------------------------------------    -------------------
    SLICE_X54Y75                                      0.000     0.000 r  protection_system_i/protection_ip_axi_lite_0/inst/u_adc_sample_cdc_bridge/u_fifo/mem_reg[7][7]/C
    SLICE_X54Y75         FDRE (Prop_fdre_C_Q)         0.518     0.518 r  protection_system_i/protection_ip_axi_lite_0/inst/u_adc_sample_cdc_bridge/u_fifo/mem_reg[7][7]/Q
                         net (fo=1, routed)           0.154     0.672    protection_system_i/protection_ip_axi_lite_0/inst/u_adc_sample_cdc_bridge/u_fifo/mem_reg[7][7]
    SLICE_X55Y75         LUT6 (Prop_lut6_I0_O)        0.124     0.796 r  protection_system_i/protection_ip_axi_lite_0/inst/u_adc_sample_cdc_bridge/u_fifo/rd_data[7]_INST_0_i_2/O
                         net (fo=1, routed)           0.000     0.796    protection_system_i/protection_ip_axi_lite_0/inst/u_adc_sample_cdc_bridge/u_fifo/rd_data[7]_INST_0_i_2_n_0
    SLICE_X55Y75         MUXF7 (Prop_muxf7_I1_O)      0.217     1.013 r  protection_system_i/protection_ip_axi_lite_0/inst/u_adc_sample_cdc_bridge/u_fifo/rd_data[7]_INST_0/O
                         net (fo=1, routed)           0.667     1.680    protection_system_i/protection_ip_axi_lite_0/inst/u_adc_sample_cdc_bridge/u_fifo_n_52
    SLICE_X55Y81         LUT3 (Prop_lut3_I1_O)        0.299     1.979 r  protection_system_i/protection_ip_axi_lite_0/inst/u_adc_sample_cdc_bridge/destination_data[7]_i_1/O
                         net (fo=1, routed)           0.000     1.979    protection_system_i/protection_ip_axi_lite_0/inst/u_adc_sample_cdc_bridge/destination_data[7]_i_1_n_0
    SLICE_X55Y81         FDCE                                         r  protection_system_i/protection_ip_axi_lite_0/inst/u_adc_sample_cdc_bridge/destination_data_reg[7]/D
  -------------------------------------------------------------------    -------------------

                         max delay                    8.000     8.000    
    SLICE_X55Y81         FDCE (Setup_fdce_C_D)        0.031     8.031    protection_system_i/protection_ip_axi_lite_0/inst/u_adc_sample_cdc_bridge/destination_data_reg[7]
  -------------------------------------------------------------------
                         required time                          8.031    
                         arrival time                          -1.979    
  -------------------------------------------------------------------
                         slack                                  6.052    

Slack (MET) :             6.108ns  (required time - arrival time)
  Source:                 protection_system_i/protection_ip_axi_lite_0/inst/u_adc_sample_cdc_bridge/u_fifo/mem_reg[7][56]/C
                            (rising edge-triggered cell FDRE clocked by clk_fpga_1  {rise@0.000ns fall@4.000ns period=8.000ns})
  Destination:            protection_system_i/protection_ip_axi_lite_0/inst/u_adc_sample_cdc_bridge/destination_data_reg[56]/D
                            (rising edge-triggered cell FDCE clocked by clk_fpga_0  {rise@0.000ns fall@5.000ns period=10.000ns})
  Path Group:             clk_fpga_0
  Path Type:              Setup (Max at Slow Process Corner)
  Requirement:            8.000ns  (MaxDelay Path 8.000ns)
  Data Path Delay:        1.923ns  (logic 1.096ns (57.001%)  route 0.827ns (42.999%))
  Logic Levels:           3  (LUT3=1 LUT6=1 MUXF7=1)
  Timing Exception:       MaxDelay Path 8.000ns -datapath_only

    Location             Delay type                Incr(ns)  Path(ns)    Netlist Resource(s)
  -------------------------------------------------------------------    -------------------
    SLICE_X57Y77                                      0.000     0.000 r  protection_system_i/protection_ip_axi_lite_0/inst/u_adc_sample_cdc_bridge/u_fifo/mem_reg[7][56]/C
    SLICE_X57Y77         FDRE (Prop_fdre_C_Q)         0.456     0.456 r  protection_system_i/protection_ip_axi_lite_0/inst/u_adc_sample_cdc_bridge/u_fifo/mem_reg[7][56]/Q
                         net (fo=1, routed)           0.276     0.732    protection_system_i/protection_ip_axi_lite_0/inst/u_adc_sample_cdc_bridge/u_fifo/mem_reg[7][56]
    SLICE_X56Y77         LUT6 (Prop_lut6_I0_O)        0.124     0.856 r  protection_system_i/protection_ip_axi_lite_0/inst/u_adc_sample_cdc_bridge/u_fifo/rd_data[56]_INST_0_i_2/O
                         net (fo=1, routed)           0.000     0.856    protection_system_i/protection_ip_axi_lite_0/inst/u_adc_sample_cdc_bridge/u_fifo/rd_data[56]_INST_0_i_2_n_0
    SLICE_X56Y77         MUXF7 (Prop_muxf7_I1_O)      0.217     1.073 r  protection_system_i/protection_ip_axi_lite_0/inst/u_adc_sample_cdc_bridge/u_fifo/rd_data[56]_INST_0/O
                         net (fo=1, routed)           0.551     1.624    protection_system_i/protection_ip_axi_lite_0/inst/u_adc_sample_cdc_bridge/u_fifo_n_3
    SLICE_X57Y80         LUT3 (Prop_lut3_I1_O)        0.299     1.923 r  protection_system_i/protection_ip_axi_lite_0/inst/u_adc_sample_cdc_bridge/destination_data[56]_i_1/O
                         net (fo=1, routed)           0.000     1.923    protection_system_i/protection_ip_axi_lite_0/inst/u_adc_sample_cdc_bridge/destination_data[56]_i_1_n_0
    SLICE_X57Y80         FDCE                                         r  protection_system_i/protection_ip_axi_lite_0/inst/u_adc_sample_cdc_bridge/destination_data_reg[56]/D
  -------------------------------------------------------------------    -------------------

                         max delay                    8.000     8.000    
    SLICE_X57Y80         FDCE (Setup_fdce_C_D)        0.031     8.031    protection_system_i/protection_ip_axi_lite_0/inst/u_adc_sample_cdc_bridge/destination_data_reg[56]
  -------------------------------------------------------------------
                         required time                          8.031    
                         arrival time                          -1.923    
  -------------------------------------------------------------------
                         slack                                  6.108    

Slack (MET) :             6.201ns  (required time - arrival time)
  Source:                 protection_system_i/protection_ip_axi_lite_0/inst/u_adc_sample_cdc_bridge/u_fifo/mem_reg[7][16]/C
                            (rising edge-triggered cell FDRE clocked by clk_fpga_1  {rise@0.000ns fall@4.000ns period=8.000ns})
  Destination:            protection_system_i/protection_ip_axi_lite_0/inst/u_adc_sample_cdc_bridge/destination_data_reg[16]/D
                            (rising edge-triggered cell FDCE clocked by clk_fpga_0  {rise@0.000ns fall@5.000ns period=10.000ns})
  Path Group:             clk_fpga_0
  Path Type:              Setup (Max at Slow Process Corner)
  Requirement:            8.000ns  (MaxDelay Path 8.000ns)
  Data Path Delay:        1.830ns  (logic 1.096ns (59.898%)  route 0.734ns (40.102%))
  Logic Levels:           3  (LUT3=1 LUT6=1 MUXF7=1)
  Timing Exception:       MaxDelay Path 8.000ns -datapath_only

    Location             Delay type                Incr(ns)  Path(ns)    Netlist Resource(s)
  -------------------------------------------------------------------    -------------------
    SLICE_X47Y75                                      0.000     0.000 r  protection_system_i/protection_ip_axi_lite_0/inst/u_adc_sample_cdc_bridge/u_fifo/mem_reg[7][16]/C
    SLICE_X47Y75         FDRE (Prop_fdre_C_Q)         0.456     0.456 r  protection_system_i/protection_ip_axi_lite_0/inst/u_adc_sample_cdc_bridge/u_fifo/mem_reg[7][16]/Q
                         net (fo=1, routed)           0.436     0.892    protection_system_i/protection_ip_axi_lite_0/inst/u_adc_sample_cdc_bridge/u_fifo/mem_reg[7][16]
    SLICE_X49Y75         LUT6 (Prop_lut6_I0_O)        0.124     1.016 r  protection_system_i/protection_ip_axi_lite_0/inst/u_adc_sample_cdc_bridge/u_fifo/rd_data[16]_INST_0_i_2/O
                         net (fo=1, routed)           0.000     1.016    protection_system_i/protection_ip_axi_lite_0/inst/u_adc_sample_cdc_bridge/u_fifo/rd_data[16]_INST_0_i_2_n_0
    SLICE_X49Y75         MUXF7 (Prop_muxf7_I1_O)      0.217     1.233 r  protection_system_i/protection_ip_axi_lite_0/inst/u_adc_sample_cdc_bridge/u_fifo/rd_data[16]_INST_0/O
                         net (fo=1, routed)           0.298     1.531    protection_system_i/protection_ip_axi_lite_0/inst/u_adc_sample_cdc_bridge/u_fifo_n_43
    SLICE_X49Y77         LUT3 (Prop_lut3_I1_O)        0.299     1.830 r  protection_system_i/protection_ip_axi_lite_0/inst/u_adc_sample_cdc_bridge/destination_data[16]_i_1/O
                         net (fo=1, routed)           0.000     1.830    protection_system_i/protection_ip_axi_lite_0/inst/u_adc_sample_cdc_bridge/destination_data[16]_i_1_n_0
    SLICE_X49Y77         FDCE                                         r  protection_system_i/protection_ip_axi_lite_0/inst/u_adc_sample_cdc_bridge/destination_data_reg[16]/D
  -------------------------------------------------------------------    -------------------

                         max delay                    8.000     8.000    
    SLICE_X49Y77         FDCE (Setup_fdce_C_D)        0.031     8.031    protection_system_i/protection_ip_axi_lite_0/inst/u_adc_sample_cdc_bridge/destination_data_reg[16]
  -------------------------------------------------------------------
                         required time                          8.031    
                         arrival time                          -1.830    
  -------------------------------------------------------------------
                         slack                                  6.201    




