Copyright 1986-2022 Xilinx, Inc. All Rights Reserved. Copyright 2022-2024 Advanced Micro Devices, Inc. All Rights Reserved.
--------------------------------------------------------------------------------------------------------------------------------------------------------------------------------------------------------------------------------------------------------------------------------------------------------------------------------------------------------------------------
| Tool Version : Vivado v.2024.1 (win64) Build 5076996 Wed May 22 18:37:14 MDT 2024
| Date         : Wed Sep  9 17:18:43 2026
| Host         : illusion running 64-bit major release  (build 9200)
| Command      : report_timing -from [get_cells -quiet -hier -regexp {(^|.*/)u_adc_sample_cdc_bridge/u_fifo/mem_reg\[2\]\[[0-9]+\]$}] -to [get_cells -quiet -hier -regexp {(^|.*/)u_adc_sample_cdc_bridge/destination_data_reg\[[0-9]+\]$}] -delay_type max -max_paths 57 -nworst 1 -file <EXTERNAL_BUILD>/fifo-routed-audit/payload_word_2.rpt
| Design       : protection_system_wrapper
| Device       : 7z020-clg400
| Speed File   : -1  PRODUCTION 1.12 2019-11-22
| Design State : Routed
--------------------------------------------------------------------------------------------------------------------------------------------------------------------------------------------------------------------------------------------------------------------------------------------------------------------------------------------------------------------------

Timing Report

Slack (MET) :             4.599ns  (required time - arrival time)
  Source:                 protection_system_i/protection_ip_axi_lite_0/inst/u_adc_sample_cdc_bridge/u_fifo/mem_reg[2][37]/C
                            (rising edge-triggered cell FDRE clocked by clk_fpga_1  {rise@0.000ns fall@4.000ns period=8.000ns})
  Destination:            protection_system_i/protection_ip_axi_lite_0/inst/u_adc_sample_cdc_bridge/destination_data_reg[37]/D
                            (rising edge-triggered cell FDCE clocked by clk_fpga_0  {rise@0.000ns fall@5.000ns period=10.000ns})
  Path Group:             clk_fpga_0
  Path Type:              Setup (Max at Slow Process Corner)
  Requirement:            8.000ns  (MaxDelay Path 8.000ns)
  Data Path Delay:        3.482ns  (logic 1.091ns (31.334%)  route 2.391ns (68.666%))
  Logic Levels:           3  (LUT3=1 LUT6=1 MUXF7=1)
  Timing Exception:       MaxDelay Path 8.000ns -datapath_only

    Location             Delay type                Incr(ns)  Path(ns)    Netlist Resource(s)
  -------------------------------------------------------------------    -------------------
    SLICE_X84Y92                                      0.000     0.000 r  protection_system_i/protection_ip_axi_lite_0/inst/u_adc_sample_cdc_bridge/u_fifo/mem_reg[2][37]/C
    SLICE_X84Y92         FDRE (Prop_fdre_C_Q)         0.456     0.456 r  protection_system_i/protection_ip_axi_lite_0/inst/u_adc_sample_cdc_bridge/u_fifo/mem_reg[2][37]/Q
                         net (fo=1, routed)           1.095     1.551    protection_system_i/protection_ip_axi_lite_0/inst/u_adc_sample_cdc_bridge/u_fifo/mem_reg[2][37]
    SLICE_X84Y89         LUT6 (Prop_lut6_I1_O)        0.124     1.675 r  protection_system_i/protection_ip_axi_lite_0/inst/u_adc_sample_cdc_bridge/u_fifo/rd_data[37]_INST_0_i_1/O
                         net (fo=1, routed)           0.000     1.675    protection_system_i/protection_ip_axi_lite_0/inst/u_adc_sample_cdc_bridge/u_fifo/rd_data[37]_INST_0_i_1_n_0
    SLICE_X84Y89         MUXF7 (Prop_muxf7_I0_O)      0.212     1.887 r  protection_system_i/protection_ip_axi_lite_0/inst/u_adc_sample_cdc_bridge/u_fifo/rd_data[37]_INST_0/O
                         net (fo=1, routed)           1.296     3.183    protection_system_i/protection_ip_axi_lite_0/inst/u_adc_sample_cdc_bridge/u_fifo_n_22
    SLICE_X66Y88         LUT3 (Prop_lut3_I1_O)        0.299     3.482 r  protection_system_i/protection_ip_axi_lite_0/inst/u_adc_sample_cdc_bridge/destination_data[37]_i_1/O
                         net (fo=1, routed)           0.000     3.482    protection_system_i/protection_ip_axi_lite_0/inst/u_adc_sample_cdc_bridge/destination_data[37]_i_1_n_0
    SLICE_X66Y88         FDCE                                         r  protection_system_i/protection_ip_axi_lite_0/inst/u_adc_sample_cdc_bridge/destination_data_reg[37]/D
  -------------------------------------------------------------------    -------------------

                         max delay                    8.000     8.000    
    SLICE_X66Y88         FDCE (Setup_fdce_C_D)        0.081     8.081    protection_system_i/protection_ip_axi_lite_0/inst/u_adc_sample_cdc_bridge/destination_data_reg[37]
  -------------------------------------------------------------------
                         required time                          8.081    
                         arrival time                          -3.482    
  -------------------------------------------------------------------
                         slack                                  4.599    

Slack (MET) :             4.760ns  (required time - arrival time)
  Source:                 protection_system_i/protection_ip_axi_lite_0/inst/u_adc_sample_cdc_bridge/u_fifo/mem_reg[2][36]/C
                            (rising edge-triggered cell FDRE clocked by clk_fpga_1  {rise@0.000ns fall@4.000ns period=8.000ns})
  Destination:            protection_system_i/protection_ip_axi_lite_0/inst/u_adc_sample_cdc_bridge/destination_data_reg[36]/D
                            (rising edge-triggered cell FDCE clocked by clk_fpga_0  {rise@0.000ns fall@5.000ns period=10.000ns})
  Path Group:             clk_fpga_0
  Path Type:              Setup (Max at Slow Process Corner)
  Requirement:            8.000ns  (MaxDelay Path 8.000ns)
  Data Path Delay:        3.317ns  (logic 1.116ns (33.649%)  route 2.201ns (66.351%))
  Logic Levels:           3  (LUT3=1 LUT6=1 MUXF7=1)
  Timing Exception:       MaxDelay Path 8.000ns -datapath_only

    Location             Delay type                Incr(ns)  Path(ns)    Netlist Resource(s)
  -------------------------------------------------------------------    -------------------
    SLICE_X84Y92                                      0.000     0.000 r  protection_system_i/protection_ip_axi_lite_0/inst/u_adc_sample_cdc_bridge/u_fifo/mem_reg[2][36]/C
    SLICE_X84Y92         FDRE (Prop_fdre_C_Q)         0.456     0.456 r  protection_system_i/protection_ip_axi_lite_0/inst/u_adc_sample_cdc_bridge/u_fifo/mem_reg[2][36]/Q
                         net (fo=1, routed)           0.951     1.407    protection_system_i/protection_ip_axi_lite_0/inst/u_adc_sample_cdc_bridge/u_fifo/mem_reg[2][36]
    SLICE_X85Y90         LUT6 (Prop_lut6_I1_O)        0.124     1.531 r  protection_system_i/protection_ip_axi_lite_0/inst/u_adc_sample_cdc_bridge/u_fifo/rd_data[36]_INST_0_i_1/O
                         net (fo=1, routed)           0.000     1.531    protection_system_i/protection_ip_axi_lite_0/inst/u_adc_sample_cdc_bridge/u_fifo/rd_data[36]_INST_0_i_1_n_0
    SLICE_X85Y90         MUXF7 (Prop_muxf7_I0_O)      0.238     1.769 r  protection_system_i/protection_ip_axi_lite_0/inst/u_adc_sample_cdc_bridge/u_fifo/rd_data[36]_INST_0/O
                         net (fo=1, routed)           1.250     3.019    protection_system_i/protection_ip_axi_lite_0/inst/u_adc_sample_cdc_bridge/u_fifo_n_23
    SLICE_X66Y88         LUT3 (Prop_lut3_I1_O)        0.298     3.317 r  protection_system_i/protection_ip_axi_lite_0/inst/u_adc_sample_cdc_bridge/destination_data[36]_i_1/O
                         net (fo=1, routed)           0.000     3.317    protection_system_i/protection_ip_axi_lite_0/inst/u_adc_sample_cdc_bridge/destination_data[36]_i_1_n_0
    SLICE_X66Y88         FDCE                                         r  protection_system_i/protection_ip_axi_lite_0/inst/u_adc_sample_cdc_bridge/destination_data_reg[36]/D
  -------------------------------------------------------------------    -------------------

                         max delay                    8.000     8.000    
    SLICE_X66Y88         FDCE (Setup_fdce_C_D)        0.077     8.077    protection_system_i/protection_ip_axi_lite_0/inst/u_adc_sample_cdc_bridge/destination_data_reg[36]
  -------------------------------------------------------------------
                         required time                          8.077    
                         arrival time                          -3.317    
  -------------------------------------------------------------------
                         slack                                  4.760    

Slack (MET) :             4.883ns  (required time - arrival time)
  Source:                 protection_system_i/protection_ip_axi_lite_0/inst/u_adc_sample_cdc_bridge/u_fifo/mem_reg[2][55]/C
                            (rising edge-triggered cell FDRE clocked by clk_fpga_1  {rise@0.000ns fall@4.000ns period=8.000ns})
  Destination:            protection_system_i/protection_ip_axi_lite_0/inst/u_adc_sample_cdc_bridge/destination_data_reg[55]/D
                            (rising edge-triggered cell FDCE clocked by clk_fpga_0  {rise@0.000ns fall@5.000ns period=10.000ns})
  Path Group:             clk_fpga_0
  Path Type:              Setup (Max at Slow Process Corner)
  Requirement:            8.000ns  (MaxDelay Path 8.000ns)
  Data Path Delay:        3.149ns  (logic 1.310ns (41.599%)  route 1.839ns (58.401%))
  Logic Levels:           3  (LUT3=1 LUT6=1 MUXF7=1)
  Timing Exception:       MaxDelay Path 8.000ns -datapath_only

    Location             Delay type                Incr(ns)  Path(ns)    Netlist Resource(s)
  -------------------------------------------------------------------    -------------------
    SLICE_X62Y100                                     0.000     0.000 r  protection_system_i/protection_ip_axi_lite_0/inst/u_adc_sample_cdc_bridge/u_fifo/mem_reg[2][55]/C
    SLICE_X62Y100        FDRE (Prop_fdre_C_Q)         0.478     0.478 r  protection_system_i/protection_ip_axi_lite_0/inst/u_adc_sample_cdc_bridge/u_fifo/mem_reg[2][55]/Q
                         net (fo=1, routed)           0.817     1.295    protection_system_i/protection_ip_axi_lite_0/inst/u_adc_sample_cdc_bridge/u_fifo/mem_reg[2][55]
    SLICE_X63Y101        LUT6 (Prop_lut6_I1_O)        0.296     1.591 r  protection_system_i/protection_ip_axi_lite_0/inst/u_adc_sample_cdc_bridge/u_fifo/rd_data[55]_INST_0_i_1/O
                         net (fo=1, routed)           0.000     1.591    protection_system_i/protection_ip_axi_lite_0/inst/u_adc_sample_cdc_bridge/u_fifo/rd_data[55]_INST_0_i_1_n_0
    SLICE_X63Y101        MUXF7 (Prop_muxf7_I0_O)      0.238     1.829 r  protection_system_i/protection_ip_axi_lite_0/inst/u_adc_sample_cdc_bridge/u_fifo/rd_data[55]_INST_0/O
                         net (fo=1, routed)           1.023     2.851    protection_system_i/protection_ip_axi_lite_0/inst/u_adc_sample_cdc_bridge/u_fifo_n_4
    SLICE_X63Y94         LUT3 (Prop_lut3_I1_O)        0.298     3.149 r  protection_system_i/protection_ip_axi_lite_0/inst/u_adc_sample_cdc_bridge/destination_data[55]_i_1/O
                         net (fo=1, routed)           0.000     3.149    protection_system_i/protection_ip_axi_lite_0/inst/u_adc_sample_cdc_bridge/destination_data[55]_i_1_n_0
    SLICE_X63Y94         FDCE                                         r  protection_system_i/protection_ip_axi_lite_0/inst/u_adc_sample_cdc_bridge/destination_data_reg[55]/D
  -------------------------------------------------------------------    -------------------

                         max delay                    8.000     8.000    
    SLICE_X63Y94         FDCE (Setup_fdce_C_D)        0.032     8.032    protection_system_i/protection_ip_axi_lite_0/inst/u_adc_sample_cdc_bridge/destination_data_reg[55]
  -------------------------------------------------------------------
                         required time                          8.032    
                         arrival time                          -3.149    
  -------------------------------------------------------------------
                         slack                                  4.883    

Slack (MET) :             4.925ns  (required time - arrival time)
  Source:                 protection_system_i/protection_ip_axi_lite_0/inst/u_adc_sample_cdc_bridge/u_fifo/mem_reg[2][18]/C
                            (rising edge-triggered cell FDRE clocked by clk_fpga_1  {rise@0.000ns fall@4.000ns period=8.000ns})
  Destination:            protection_system_i/protection_ip_axi_lite_0/inst/u_adc_sample_cdc_bridge/destination_data_reg[18]/D
                            (rising edge-triggered cell FDCE clocked by clk_fpga_0  {rise@0.000ns fall@5.000ns period=10.000ns})
  Path Group:             clk_fpga_0
  Path Type:              Setup (Max at Slow Process Corner)
  Requirement:            8.000ns  (MaxDelay Path 8.000ns)
  Data Path Delay:        3.106ns  (logic 1.091ns (35.127%)  route 2.015ns (64.873%))
  Logic Levels:           3  (LUT3=1 LUT6=1 MUXF7=1)
  Timing Exception:       MaxDelay Path 8.000ns -datapath_only

    Location             Delay type                Incr(ns)  Path(ns)    Netlist Resource(s)
  -------------------------------------------------------------------    -------------------
    SLICE_X48Y75                                      0.000     0.000 r  protection_system_i/protection_ip_axi_lite_0/inst/u_adc_sample_cdc_bridge/u_fifo/mem_reg[2][18]/C
    SLICE_X48Y75         FDRE (Prop_fdre_C_Q)         0.456     0.456 r  protection_system_i/protection_ip_axi_lite_0/inst/u_adc_sample_cdc_bridge/u_fifo/mem_reg[2][18]/Q
                         net (fo=1, routed)           1.044     1.500    protection_system_i/protection_ip_axi_lite_0/inst/u_adc_sample_cdc_bridge/u_fifo/mem_reg[2][18]
    SLICE_X47Y75         LUT6 (Prop_lut6_I1_O)        0.124     1.624 r  protection_system_i/protection_ip_axi_lite_0/inst/u_adc_sample_cdc_bridge/u_fifo/rd_data[18]_INST_0_i_1/O
                         net (fo=1, routed)           0.000     1.624    protection_system_i/protection_ip_axi_lite_0/inst/u_adc_sample_cdc_bridge/u_fifo/rd_data[18]_INST_0_i_1_n_0
    SLICE_X47Y75         MUXF7 (Prop_muxf7_I0_O)      0.212     1.836 r  protection_system_i/protection_ip_axi_lite_0/inst/u_adc_sample_cdc_bridge/u_fifo/rd_data[18]_INST_0/O
                         net (fo=1, routed)           0.971     2.807    protection_system_i/protection_ip_axi_lite_0/inst/u_adc_sample_cdc_bridge/u_fifo_n_41
    SLICE_X49Y77         LUT3 (Prop_lut3_I1_O)        0.299     3.106 r  protection_system_i/protection_ip_axi_lite_0/inst/u_adc_sample_cdc_bridge/destination_data[18]_i_1/O
                         net (fo=1, routed)           0.000     3.106    protection_system_i/protection_ip_axi_lite_0/inst/u_adc_sample_cdc_bridge/destination_data[18]_i_1_n_0
    SLICE_X49Y77         FDCE                                         r  protection_system_i/protection_ip_axi_lite_0/inst/u_adc_sample_cdc_bridge/destination_data_reg[18]/D
  -------------------------------------------------------------------    -------------------

                         max delay                    8.000     8.000    
    SLICE_X49Y77         FDCE (Setup_fdce_C_D)        0.031     8.031    protection_system_i/protection_ip_axi_lite_0/inst/u_adc_sample_cdc_bridge/destination_data_reg[18]
  -------------------------------------------------------------------
                         required time                          8.031    
                         arrival time                          -3.106    
  -------------------------------------------------------------------
                         slack                                  4.925    

Slack (MET) :             4.936ns  (required time - arrival time)
  Source:                 protection_system_i/protection_ip_axi_lite_0/inst/u_adc_sample_cdc_bridge/u_fifo/mem_reg[2][39]/C
                            (rising edge-triggered cell FDRE clocked by clk_fpga_1  {rise@0.000ns fall@4.000ns period=8.000ns})
  Destination:            protection_system_i/protection_ip_axi_lite_0/inst/u_adc_sample_cdc_bridge/destination_data_reg[39]/D
                            (rising edge-triggered cell FDCE clocked by clk_fpga_0  {rise@0.000ns fall@5.000ns period=10.000ns})
  Path Group:             clk_fpga_0
  Path Type:              Setup (Max at Slow Process Corner)
  Requirement:            8.000ns  (MaxDelay Path 8.000ns)
  Data Path Delay:        3.143ns  (logic 1.254ns (39.893%)  route 1.889ns (60.107%))
  Logic Levels:           3  (LUT3=1 LUT6=1 MUXF7=1)
  Timing Exception:       MaxDelay Path 8.000ns -datapath_only

    Location             Delay type                Incr(ns)  Path(ns)    Netlist Resource(s)
  -------------------------------------------------------------------    -------------------
    SLICE_X84Y92                                      0.000     0.000 r  protection_system_i/protection_ip_axi_lite_0/inst/u_adc_sample_cdc_bridge/u_fifo/mem_reg[2][39]/C
    SLICE_X84Y92         FDRE (Prop_fdre_C_Q)         0.419     0.419 r  protection_system_i/protection_ip_axi_lite_0/inst/u_adc_sample_cdc_bridge/u_fifo/mem_reg[2][39]/Q
                         net (fo=1, routed)           0.450     0.869    protection_system_i/protection_ip_axi_lite_0/inst/u_adc_sample_cdc_bridge/u_fifo/mem_reg[2][39]
    SLICE_X85Y91         LUT6 (Prop_lut6_I1_O)        0.299     1.168 r  protection_system_i/protection_ip_axi_lite_0/inst/u_adc_sample_cdc_bridge/u_fifo/rd_data[39]_INST_0_i_1/O
                         net (fo=1, routed)           0.000     1.168    protection_system_i/protection_ip_axi_lite_0/inst/u_adc_sample_cdc_bridge/u_fifo/rd_data[39]_INST_0_i_1_n_0
    SLICE_X85Y91         MUXF7 (Prop_muxf7_I0_O)      0.238     1.406 r  protection_system_i/protection_ip_axi_lite_0/inst/u_adc_sample_cdc_bridge/u_fifo/rd_data[39]_INST_0/O
                         net (fo=1, routed)           1.440     2.845    protection_system_i/protection_ip_axi_lite_0/inst/u_adc_sample_cdc_bridge/u_fifo_n_20
    SLICE_X66Y88         LUT3 (Prop_lut3_I1_O)        0.298     3.143 r  protection_system_i/protection_ip_axi_lite_0/inst/u_adc_sample_cdc_bridge/destination_data[39]_i_1/O
                         net (fo=1, routed)           0.000     3.143    protection_system_i/protection_ip_axi_lite_0/inst/u_adc_sample_cdc_bridge/destination_data[39]_i_1_n_0
    SLICE_X66Y88         FDCE                                         r  protection_system_i/protection_ip_axi_lite_0/inst/u_adc_sample_cdc_bridge/destination_data_reg[39]/D
  -------------------------------------------------------------------    -------------------

                         max delay                    8.000     8.000    
    SLICE_X66Y88         FDCE (Setup_fdce_C_D)        0.079     8.079    protection_system_i/protection_ip_axi_lite_0/inst/u_adc_sample_cdc_bridge/destination_data_reg[39]
  -------------------------------------------------------------------
                         required time                          8.079    
                         arrival time                          -3.143    
  -------------------------------------------------------------------
                         slack                                  4.936    

Slack (MET) :             4.954ns  (required time - arrival time)
  Source:                 protection_system_i/protection_ip_axi_lite_0/inst/u_adc_sample_cdc_bridge/u_fifo/mem_reg[2][10]/C
                            (rising edge-triggered cell FDRE clocked by clk_fpga_1  {rise@0.000ns fall@4.000ns period=8.000ns})
  Destination:            protection_system_i/protection_ip_axi_lite_0/inst/u_adc_sample_cdc_bridge/destination_data_reg[10]/D
                            (rising edge-triggered cell FDCE clocked by clk_fpga_0  {rise@0.000ns fall@5.000ns period=10.000ns})
  Path Group:             clk_fpga_0
  Path Type:              Setup (Max at Slow Process Corner)
  Requirement:            8.000ns  (MaxDelay Path 8.000ns)
  Data Path Delay:        3.075ns  (logic 1.153ns (37.496%)  route 1.922ns (62.504%))
  Logic Levels:           3  (LUT3=1 LUT6=1 MUXF7=1)
  Timing Exception:       MaxDelay Path 8.000ns -datapath_only

    Location             Delay type                Incr(ns)  Path(ns)    Netlist Resource(s)
  -------------------------------------------------------------------    -------------------
    SLICE_X62Y74                                      0.000     0.000 r  protection_system_i/protection_ip_axi_lite_0/inst/u_adc_sample_cdc_bridge/u_fifo/mem_reg[2][10]/C
    SLICE_X62Y74         FDRE (Prop_fdre_C_Q)         0.518     0.518 r  protection_system_i/protection_ip_axi_lite_0/inst/u_adc_sample_cdc_bridge/u_fifo/mem_reg[2][10]/Q
                         net (fo=1, routed)           0.793     1.311    protection_system_i/protection_ip_axi_lite_0/inst/u_adc_sample_cdc_bridge/u_fifo/mem_reg[2][10]
    SLICE_X60Y74         LUT6 (Prop_lut6_I1_O)        0.124     1.435 r  protection_system_i/protection_ip_axi_lite_0/inst/u_adc_sample_cdc_bridge/u_fifo/rd_data[10]_INST_0_i_1/O
                         net (fo=1, routed)           0.000     1.435    protection_system_i/protection_ip_axi_lite_0/inst/u_adc_sample_cdc_bridge/u_fifo/rd_data[10]_INST_0_i_1_n_0
    SLICE_X60Y74         MUXF7 (Prop_muxf7_I0_O)      0.212     1.647 r  protection_system_i/protection_ip_axi_lite_0/inst/u_adc_sample_cdc_bridge/u_fifo/rd_data[10]_INST_0/O
                         net (fo=1, routed)           1.129     2.776    protection_system_i/protection_ip_axi_lite_0/inst/u_adc_sample_cdc_bridge/u_fifo_n_49
    SLICE_X57Y78         LUT3 (Prop_lut3_I1_O)        0.299     3.075 r  protection_system_i/protection_ip_axi_lite_0/inst/u_adc_sample_cdc_bridge/destination_data[10]_i_1/O
                         net (fo=1, routed)           0.000     3.075    protection_system_i/protection_ip_axi_lite_0/inst/u_adc_sample_cdc_bridge/destination_data[10]_i_1_n_0
    SLICE_X57Y78         FDCE                                         r  protection_system_i/protection_ip_axi_lite_0/inst/u_adc_sample_cdc_bridge/destination_data_reg[10]/D
  -------------------------------------------------------------------    -------------------

                         max delay                    8.000     8.000    
    SLICE_X57Y78         FDCE (Setup_fdce_C_D)        0.029     8.029    protection_system_i/protection_ip_axi_lite_0/inst/u_adc_sample_cdc_bridge/destination_data_reg[10]
  -------------------------------------------------------------------
                         required time                          8.029    
                         arrival time                          -3.075    
  -------------------------------------------------------------------
                         slack                                  4.954    

Slack (MET) :             4.963ns  (required time - arrival time)
  Source:                 protection_system_i/protection_ip_axi_lite_0/inst/u_adc_sample_cdc_bridge/u_fifo/mem_reg[2][11]/C
                            (rising edge-triggered cell FDRE clocked by clk_fpga_1  {rise@0.000ns fall@4.000ns period=8.000ns})
  Destination:            protection_system_i/protection_ip_axi_lite_0/inst/u_adc_sample_cdc_bridge/destination_data_reg[11]/D
                            (rising edge-triggered cell FDCE clocked by clk_fpga_0  {rise@0.000ns fall@5.000ns period=10.000ns})
  Path Group:             clk_fpga_0
  Path Type:              Setup (Max at Slow Process Corner)
  Requirement:            8.000ns  (MaxDelay Path 8.000ns)
  Data Path Delay:        3.066ns  (logic 1.091ns (35.587%)  route 1.975ns (64.413%))
  Logic Levels:           3  (LUT3=1 LUT6=1 MUXF7=1)
  Timing Exception:       MaxDelay Path 8.000ns -datapath_only

    Location             Delay type                Incr(ns)  Path(ns)    Netlist Resource(s)
  -------------------------------------------------------------------    -------------------
    SLICE_X56Y74                                      0.000     0.000 r  protection_system_i/protection_ip_axi_lite_0/inst/u_adc_sample_cdc_bridge/u_fifo/mem_reg[2][11]/C
    SLICE_X56Y74         FDRE (Prop_fdre_C_Q)         0.456     0.456 r  protection_system_i/protection_ip_axi_lite_0/inst/u_adc_sample_cdc_bridge/u_fifo/mem_reg[2][11]/Q
                         net (fo=1, routed)           0.954     1.410    protection_system_i/protection_ip_axi_lite_0/inst/u_adc_sample_cdc_bridge/u_fifo/mem_reg[2][11]
    SLICE_X56Y75         LUT6 (Prop_lut6_I1_O)        0.124     1.534 r  protection_system_i/protection_ip_axi_lite_0/inst/u_adc_sample_cdc_bridge/u_fifo/rd_data[11]_INST_0_i_1/O
                         net (fo=1, routed)           0.000     1.534    protection_system_i/protection_ip_axi_lite_0/inst/u_adc_sample_cdc_bridge/u_fifo/rd_data[11]_INST_0_i_1_n_0
    SLICE_X56Y75         MUXF7 (Prop_muxf7_I0_O)      0.212     1.746 r  protection_system_i/protection_ip_axi_lite_0/inst/u_adc_sample_cdc_bridge/u_fifo/rd_data[11]_INST_0/O
                         net (fo=1, routed)           1.021     2.767    protection_system_i/protection_ip_axi_lite_0/inst/u_adc_sample_cdc_bridge/u_fifo_n_48
    SLICE_X55Y81         LUT3 (Prop_lut3_I1_O)        0.299     3.066 r  protection_system_i/protection_ip_axi_lite_0/inst/u_adc_sample_cdc_bridge/destination_data[11]_i_1/O
                         net (fo=1, routed)           0.000     3.066    protection_system_i/protection_ip_axi_lite_0/inst/u_adc_sample_cdc_bridge/destination_data[11]_i_1_n_0
    SLICE_X55Y81         FDCE                                         r  protection_system_i/protection_ip_axi_lite_0/inst/u_adc_sample_cdc_bridge/destination_data_reg[11]/D
  -------------------------------------------------------------------    -------------------

                         max delay                    8.000     8.000    
    SLICE_X55Y81         FDCE (Setup_fdce_C_D)        0.029     8.029    protection_system_i/protection_ip_axi_lite_0/inst/u_adc_sample_cdc_bridge/destination_data_reg[11]
  -------------------------------------------------------------------
                         required time                          8.029    
                         arrival time                          -3.066    
  -------------------------------------------------------------------
                         slack                                  4.963    

Slack (MET) :             4.969ns  (required time - arrival time)
  Source:                 protection_system_i/protection_ip_axi_lite_0/inst/u_adc_sample_cdc_bridge/u_fifo/mem_reg[2][46]/C
                            (rising edge-triggered cell FDRE clocked by clk_fpga_1  {rise@0.000ns fall@4.000ns period=8.000ns})
  Destination:            protection_system_i/protection_ip_axi_lite_0/inst/u_adc_sample_cdc_bridge/destination_data_reg[46]/D
                            (rising edge-triggered cell FDCE clocked by clk_fpga_0  {rise@0.000ns fall@5.000ns period=10.000ns})
  Path Group:             clk_fpga_0
  Path Type:              Setup (Max at Slow Process Corner)
  Requirement:            8.000ns  (MaxDelay Path 8.000ns)
  Data Path Delay:        3.112ns  (logic 1.153ns (37.052%)  route 1.959ns (62.948%))
  Logic Levels:           3  (LUT3=1 LUT6=1 MUXF7=1)
  Timing Exception:       MaxDelay Path 8.000ns -datapath_only

    Location             Delay type                Incr(ns)  Path(ns)    Netlist Resource(s)
  -------------------------------------------------------------------    -------------------
    SLICE_X62Y100                                     0.000     0.000 r  protection_system_i/protection_ip_axi_lite_0/inst/u_adc_sample_cdc_bridge/u_fifo/mem_reg[2][46]/C
    SLICE_X62Y100        FDRE (Prop_fdre_C_Q)         0.518     0.518 r  protection_system_i/protection_ip_axi_lite_0/inst/u_adc_sample_cdc_bridge/u_fifo/mem_reg[2][46]/Q
                         net (fo=1, routed)           0.814     1.332    protection_system_i/protection_ip_axi_lite_0/inst/u_adc_sample_cdc_bridge/u_fifo/mem_reg[2][46]
    SLICE_X65Y100        LUT6 (Prop_lut6_I1_O)        0.124     1.456 r  protection_system_i/protection_ip_axi_lite_0/inst/u_adc_sample_cdc_bridge/u_fifo/rd_data[46]_INST_0_i_1/O
                         net (fo=1, routed)           0.000     1.456    protection_system_i/protection_ip_axi_lite_0/inst/u_adc_sample_cdc_bridge/u_fifo/rd_data[46]_INST_0_i_1_n_0
    SLICE_X65Y100        MUXF7 (Prop_muxf7_I0_O)      0.212     1.668 r  protection_system_i/protection_ip_axi_lite_0/inst/u_adc_sample_cdc_bridge/u_fifo/rd_data[46]_INST_0/O
                         net (fo=1, routed)           1.145     2.813    protection_system_i/protection_ip_axi_lite_0/inst/u_adc_sample_cdc_bridge/u_fifo_n_13
    SLICE_X62Y94         LUT3 (Prop_lut3_I1_O)        0.299     3.112 r  protection_system_i/protection_ip_axi_lite_0/inst/u_adc_sample_cdc_bridge/destination_data[46]_i_1/O
                         net (fo=1, routed)           0.000     3.112    protection_system_i/protection_ip_axi_lite_0/inst/u_adc_sample_cdc_bridge/destination_data[46]_i_1_n_0
    SLICE_X62Y94         FDCE                                         r  protection_system_i/protection_ip_axi_lite_0/inst/u_adc_sample_cdc_bridge/destination_data_reg[46]/D
  -------------------------------------------------------------------    -------------------

                         max delay                    8.000     8.000    
    SLICE_X62Y94         FDCE (Setup_fdce_C_D)        0.081     8.081    protection_system_i/protection_ip_axi_lite_0/inst/u_adc_sample_cdc_bridge/destination_data_reg[46]
  -------------------------------------------------------------------
                         required time                          8.081    
                         arrival time                          -3.112    
  -------------------------------------------------------------------
                         slack                                  4.969    

Slack (MET) :             4.970ns  (required time - arrival time)
  Source:                 protection_system_i/protection_ip_axi_lite_0/inst/u_adc_sample_cdc_bridge/u_fifo/mem_reg[2][19]/C
                            (rising edge-triggered cell FDRE clocked by clk_fpga_1  {rise@0.000ns fall@4.000ns period=8.000ns})
  Destination:            protection_system_i/protection_ip_axi_lite_0/inst/u_adc_sample_cdc_bridge/destination_data_reg[19]/D
                            (rising edge-triggered cell FDCE clocked by clk_fpga_0  {rise@0.000ns fall@5.000ns period=10.000ns})
  Path Group:             clk_fpga_0
  Path Type:              Setup (Max at Slow Process Corner)
  Requirement:            8.000ns  (MaxDelay Path 8.000ns)
  Data Path Delay:        3.061ns  (logic 1.119ns (36.558%)  route 1.942ns (63.442%))
  Logic Levels:           3  (LUT3=1 LUT6=1 MUXF7=1)
  Timing Exception:       MaxDelay Path 8.000ns -datapath_only

    Location             Delay type                Incr(ns)  Path(ns)    Netlist Resource(s)
  -------------------------------------------------------------------    -------------------
    SLICE_X56Y74                                      0.000     0.000 r  protection_system_i/protection_ip_axi_lite_0/inst/u_adc_sample_cdc_bridge/u_fifo/mem_reg[2][19]/C
    SLICE_X56Y74         FDRE (Prop_fdre_C_Q)         0.456     0.456 r  protection_system_i/protection_ip_axi_lite_0/inst/u_adc_sample_cdc_bridge/u_fifo/mem_reg[2][19]/Q
                         net (fo=1, routed)           0.837     1.293    protection_system_i/protection_ip_axi_lite_0/inst/u_adc_sample_cdc_bridge/u_fifo/mem_reg[2][19]
    SLICE_X54Y73         LUT6 (Prop_lut6_I1_O)        0.124     1.417 r  protection_system_i/protection_ip_axi_lite_0/inst/u_adc_sample_cdc_bridge/u_fifo/rd_data[19]_INST_0_i_1/O
                         net (fo=1, routed)           0.000     1.417    protection_system_i/protection_ip_axi_lite_0/inst/u_adc_sample_cdc_bridge/u_fifo/rd_data[19]_INST_0_i_1_n_0
    SLICE_X54Y73         MUXF7 (Prop_muxf7_I0_O)      0.241     1.658 r  protection_system_i/protection_ip_axi_lite_0/inst/u_adc_sample_cdc_bridge/u_fifo/rd_data[19]_INST_0/O
                         net (fo=1, routed)           1.105     2.763    protection_system_i/protection_ip_axi_lite_0/inst/u_adc_sample_cdc_bridge/u_fifo_n_40
    SLICE_X48Y78         LUT3 (Prop_lut3_I1_O)        0.298     3.061 r  protection_system_i/protection_ip_axi_lite_0/inst/u_adc_sample_cdc_bridge/destination_data[19]_i_1/O
                         net (fo=1, routed)           0.000     3.061    protection_system_i/protection_ip_axi_lite_0/inst/u_adc_sample_cdc_bridge/destination_data[19]_i_1_n_0
    SLICE_X48Y78         FDCE                                         r  protection_system_i/protection_ip_axi_lite_0/inst/u_adc_sample_cdc_bridge/destination_data_reg[19]/D
  -------------------------------------------------------------------    -------------------

                         max delay                    8.000     8.000    
    SLICE_X48Y78         FDCE (Setup_fdce_C_D)        0.031     8.031    protection_system_i/protection_ip_axi_lite_0/inst/u_adc_sample_cdc_bridge/destination_data_reg[19]
  -------------------------------------------------------------------
                         required time                          8.031    
                         arrival time                          -3.061    
  -------------------------------------------------------------------
                         slack                                  4.970    

Slack (MET) :             4.996ns  (required time - arrival time)
  Source:                 protection_system_i/protection_ip_axi_lite_0/inst/u_adc_sample_cdc_bridge/u_fifo/mem_reg[2][38]/C
                            (rising edge-triggered cell FDRE clocked by clk_fpga_1  {rise@0.000ns fall@4.000ns period=8.000ns})
  Destination:            protection_system_i/protection_ip_axi_lite_0/inst/u_adc_sample_cdc_bridge/destination_data_reg[38]/D
                            (rising edge-triggered cell FDCE clocked by clk_fpga_0  {rise@0.000ns fall@5.000ns period=10.000ns})
  Path Group:             clk_fpga_0
  Path Type:              Setup (Max at Slow Process Corner)
  Requirement:            8.000ns  (MaxDelay Path 8.000ns)
  Data Path Delay:        3.081ns  (logic 1.091ns (35.413%)  route 1.990ns (64.587%))
  Logic Levels:           3  (LUT3=1 LUT6=1 MUXF7=1)
  Timing Exception:       MaxDelay Path 8.000ns -datapath_only

    Location             Delay type                Incr(ns)  Path(ns)    Netlist Resource(s)
  -------------------------------------------------------------------    -------------------
    SLICE_X84Y92                                      0.000     0.000 r  protection_system_i/protection_ip_axi_lite_0/inst/u_adc_sample_cdc_bridge/u_fifo/mem_reg[2][38]/C
    SLICE_X84Y92         FDRE (Prop_fdre_C_Q)         0.456     0.456 r  protection_system_i/protection_ip_axi_lite_0/inst/u_adc_sample_cdc_bridge/u_fifo/mem_reg[2][38]/Q
                         net (fo=1, routed)           0.642     1.098    protection_system_i/protection_ip_axi_lite_0/inst/u_adc_sample_cdc_bridge/u_fifo/mem_reg[2][38]
    SLICE_X85Y91         LUT6 (Prop_lut6_I1_O)        0.124     1.222 r  protection_system_i/protection_ip_axi_lite_0/inst/u_adc_sample_cdc_bridge/u_fifo/rd_data[38]_INST_0_i_1/O
                         net (fo=1, routed)           0.000     1.222    protection_system_i/protection_ip_axi_lite_0/inst/u_adc_sample_cdc_bridge/u_fifo/rd_data[38]_INST_0_i_1_n_0
    SLICE_X85Y91         MUXF7 (Prop_muxf7_I0_O)      0.212     1.434 r  protection_system_i/protection_ip_axi_lite_0/inst/u_adc_sample_cdc_bridge/u_fifo/rd_data[38]_INST_0/O
                         net (fo=1, routed)           1.348     2.782    protection_system_i/protection_ip_axi_lite_0/inst/u_adc_sample_cdc_bridge/u_fifo_n_21
    SLICE_X66Y87         LUT3 (Prop_lut3_I1_O)        0.299     3.081 r  protection_system_i/protection_ip_axi_lite_0/inst/u_adc_sample_cdc_bridge/destination_data[38]_i_1/O
                         net (fo=1, routed)           0.000     3.081    protection_system_i/protection_ip_axi_lite_0/inst/u_adc_sample_cdc_bridge/destination_data[38]_i_1_n_0
    SLICE_X66Y87         FDCE                                         r  protection_system_i/protection_ip_axi_lite_0/inst/u_adc_sample_cdc_bridge/destination_data_reg[38]/D
  -------------------------------------------------------------------    -------------------

                         max delay                    8.000     8.000    
    SLICE_X66Y87         FDCE (Setup_fdce_C_D)        0.077     8.077    protection_system_i/protection_ip_axi_lite_0/inst/u_adc_sample_cdc_bridge/destination_data_reg[38]
  -------------------------------------------------------------------
                         required time                          8.077    
                         arrival time                          -3.081    
  -------------------------------------------------------------------
                         slack                                  4.996    

Slack (MET) :             5.007ns  (required time - arrival time)
  Source:                 protection_system_i/protection_ip_axi_lite_0/inst/u_adc_sample_cdc_bridge/u_fifo/mem_reg[2][26]/C
                            (rising edge-triggered cell FDRE clocked by clk_fpga_1  {rise@0.000ns fall@4.000ns period=8.000ns})
  Destination:            protection_system_i/protection_ip_axi_lite_0/inst/u_adc_sample_cdc_bridge/destination_data_reg[26]/D
                            (rising edge-triggered cell FDCE clocked by clk_fpga_0  {rise@0.000ns fall@5.000ns period=10.000ns})
  Path Group:             clk_fpga_0
  Path Type:              Setup (Max at Slow Process Corner)
  Requirement:            8.000ns  (MaxDelay Path 8.000ns)
  Data Path Delay:        3.070ns  (logic 1.153ns (37.553%)  route 1.917ns (62.447%))
  Logic Levels:           3  (LUT3=1 LUT6=1 MUXF7=1)
  Timing Exception:       MaxDelay Path 8.000ns -datapath_only

    Location             Delay type                Incr(ns)  Path(ns)    Netlist Resource(s)
  -------------------------------------------------------------------    -------------------
    SLICE_X58Y77                                      0.000     0.000 r  protection_system_i/protection_ip_axi_lite_0/inst/u_adc_sample_cdc_bridge/u_fifo/mem_reg[2][26]/C
    SLICE_X58Y77         FDRE (Prop_fdre_C_Q)         0.518     0.518 r  protection_system_i/protection_ip_axi_lite_0/inst/u_adc_sample_cdc_bridge/u_fifo/mem_reg[2][26]/Q
                         net (fo=1, routed)           0.942     1.460    protection_system_i/protection_ip_axi_lite_0/inst/u_adc_sample_cdc_bridge/u_fifo/mem_reg[2][26]
    SLICE_X60Y77         LUT6 (Prop_lut6_I1_O)        0.124     1.584 r  protection_system_i/protection_ip_axi_lite_0/inst/u_adc_sample_cdc_bridge/u_fifo/rd_data[26]_INST_0_i_1/O
                         net (fo=1, routed)           0.000     1.584    protection_system_i/protection_ip_axi_lite_0/inst/u_adc_sample_cdc_bridge/u_fifo/rd_data[26]_INST_0_i_1_n_0
    SLICE_X60Y77         MUXF7 (Prop_muxf7_I0_O)      0.212     1.796 r  protection_system_i/protection_ip_axi_lite_0/inst/u_adc_sample_cdc_bridge/u_fifo/rd_data[26]_INST_0/O
                         net (fo=1, routed)           0.975     2.771    protection_system_i/protection_ip_axi_lite_0/inst/u_adc_sample_cdc_bridge/u_fifo_n_33
    SLICE_X58Y79         LUT3 (Prop_lut3_I1_O)        0.299     3.070 r  protection_system_i/protection_ip_axi_lite_0/inst/u_adc_sample_cdc_bridge/destination_data[26]_i_1/O
                         net (fo=1, routed)           0.000     3.070    protection_system_i/protection_ip_axi_lite_0/inst/u_adc_sample_cdc_bridge/destination_data[26]_i_1_n_0
    SLICE_X58Y79         FDCE                                         r  protection_system_i/protection_ip_axi_lite_0/inst/u_adc_sample_cdc_bridge/destination_data_reg[26]/D
  -------------------------------------------------------------------    -------------------

                         max delay                    8.000     8.000    
    SLICE_X58Y79         FDCE (Setup_fdce_C_D)        0.077     8.077    protection_system_i/protection_ip_axi_lite_0/inst/u_adc_sample_cdc_bridge/destination_data_reg[26]
  -------------------------------------------------------------------
                         required time                          8.077    
                         arrival time                          -3.070    
  -------------------------------------------------------------------
                         slack                                  5.007    

Slack (MET) :             5.054ns  (required time - arrival time)
  Source:                 protection_system_i/protection_ip_axi_lite_0/inst/u_adc_sample_cdc_bridge/u_fifo/mem_reg[2][42]/C
                            (rising edge-triggered cell FDRE clocked by clk_fpga_1  {rise@0.000ns fall@4.000ns period=8.000ns})
  Destination:            protection_system_i/protection_ip_axi_lite_0/inst/u_adc_sample_cdc_bridge/destination_data_reg[42]/D
                            (rising edge-triggered cell FDCE clocked by clk_fpga_0  {rise@0.000ns fall@5.000ns period=10.000ns})
  Path Group:             clk_fpga_0
  Path Type:              Setup (Max at Slow Process Corner)
  Requirement:            8.000ns  (MaxDelay Path 8.000ns)
  Data Path Delay:        2.977ns  (logic 1.229ns (41.289%)  route 1.748ns (58.711%))
  Logic Levels:           3  (LUT3=1 LUT6=1 MUXF7=1)
  Timing Exception:       MaxDelay Path 8.000ns -datapath_only

    Location             Delay type                Incr(ns)  Path(ns)    Netlist Resource(s)
  -------------------------------------------------------------------    -------------------
    SLICE_X84Y92                                      0.000     0.000 r  protection_system_i/protection_ip_axi_lite_0/inst/u_adc_sample_cdc_bridge/u_fifo/mem_reg[2][42]/C
    SLICE_X84Y92         FDRE (Prop_fdre_C_Q)         0.419     0.419 r  protection_system_i/protection_ip_axi_lite_0/inst/u_adc_sample_cdc_bridge/u_fifo/mem_reg[2][42]/Q
                         net (fo=1, routed)           0.661     1.080    protection_system_i/protection_ip_axi_lite_0/inst/u_adc_sample_cdc_bridge/u_fifo/mem_reg[2][42]
    SLICE_X85Y92         LUT6 (Prop_lut6_I1_O)        0.299     1.379 r  protection_system_i/protection_ip_axi_lite_0/inst/u_adc_sample_cdc_bridge/u_fifo/rd_data[42]_INST_0_i_1/O
                         net (fo=1, routed)           0.000     1.379    protection_system_i/protection_ip_axi_lite_0/inst/u_adc_sample_cdc_bridge/u_fifo/rd_data[42]_INST_0_i_1_n_0
    SLICE_X85Y92         MUXF7 (Prop_muxf7_I0_O)      0.212     1.591 r  protection_system_i/protection_ip_axi_lite_0/inst/u_adc_sample_cdc_bridge/u_fifo/rd_data[42]_INST_0/O
                         net (fo=1, routed)           1.087     2.678    protection_system_i/protection_ip_axi_lite_0/inst/u_adc_sample_cdc_bridge/u_fifo_n_17
    SLICE_X65Y92         LUT3 (Prop_lut3_I1_O)        0.299     2.977 r  protection_system_i/protection_ip_axi_lite_0/inst/u_adc_sample_cdc_bridge/destination_data[42]_i_1/O
                         net (fo=1, routed)           0.000     2.977    protection_system_i/protection_ip_axi_lite_0/inst/u_adc_sample_cdc_bridge/destination_data[42]_i_1_n_0
    SLICE_X65Y92         FDCE                                         r  protection_system_i/protection_ip_axi_lite_0/inst/u_adc_sample_cdc_bridge/destination_data_reg[42]/D
  -------------------------------------------------------------------    -------------------

                         max delay                    8.000     8.000    
    SLICE_X65Y92         FDCE (Setup_fdce_C_D)        0.031     8.031    protection_system_i/protection_ip_axi_lite_0/inst/u_adc_sample_cdc_bridge/destination_data_reg[42]
  -------------------------------------------------------------------
                         required time                          8.031    
                         arrival time                          -2.977    
  -------------------------------------------------------------------
                         slack                                  5.054    

Slack (MET) :             5.122ns  (required time - arrival time)
  Source:                 protection_system_i/protection_ip_axi_lite_0/inst/u_adc_sample_cdc_bridge/u_fifo/mem_reg[2][8]/C
                            (rising edge-triggered cell FDRE clocked by clk_fpga_1  {rise@0.000ns fall@4.000ns period=8.000ns})
  Destination:            protection_system_i/protection_ip_axi_lite_0/inst/u_adc_sample_cdc_bridge/destination_data_reg[8]/D
                            (rising edge-triggered cell FDCE clocked by clk_fpga_0  {rise@0.000ns fall@5.000ns period=10.000ns})
  Path Group:             clk_fpga_0
  Path Type:              Setup (Max at Slow Process Corner)
  Requirement:            8.000ns  (MaxDelay Path 8.000ns)
  Data Path Delay:        2.909ns  (logic 1.252ns (43.033%)  route 1.657ns (56.967%))
  Logic Levels:           3  (LUT3=1 LUT6=1 MUXF7=1)
  Timing Exception:       MaxDelay Path 8.000ns -datapath_only

    Location             Delay type                Incr(ns)  Path(ns)    Netlist Resource(s)
  -------------------------------------------------------------------    -------------------
    SLICE_X63Y78                                      0.000     0.000 r  protection_system_i/protection_ip_axi_lite_0/inst/u_adc_sample_cdc_bridge/u_fifo/mem_reg[2][8]/C
    SLICE_X63Y78         FDRE (Prop_fdre_C_Q)         0.419     0.419 r  protection_system_i/protection_ip_axi_lite_0/inst/u_adc_sample_cdc_bridge/u_fifo/mem_reg[2][8]/Q
                         net (fo=1, routed)           0.687     1.106    protection_system_i/protection_ip_axi_lite_0/inst/u_adc_sample_cdc_bridge/u_fifo/mem_reg[2][8]
    SLICE_X63Y77         LUT6 (Prop_lut6_I1_O)        0.297     1.403 r  protection_system_i/protection_ip_axi_lite_0/inst/u_adc_sample_cdc_bridge/u_fifo/rd_data[8]_INST_0_i_1/O
                         net (fo=1, routed)           0.000     1.403    protection_system_i/protection_ip_axi_lite_0/inst/u_adc_sample_cdc_bridge/u_fifo/rd_data[8]_INST_0_i_1_n_0
    SLICE_X63Y77         MUXF7 (Prop_muxf7_I0_O)      0.238     1.641 r  protection_system_i/protection_ip_axi_lite_0/inst/u_adc_sample_cdc_bridge/u_fifo/rd_data[8]_INST_0/O
                         net (fo=1, routed)           0.970     2.611    protection_system_i/protection_ip_axi_lite_0/inst/u_adc_sample_cdc_bridge/u_fifo_n_51
    SLICE_X57Y78         LUT3 (Prop_lut3_I1_O)        0.298     2.909 r  protection_system_i/protection_ip_axi_lite_0/inst/u_adc_sample_cdc_bridge/destination_data[8]_i_1/O
                         net (fo=1, routed)           0.000     2.909    protection_system_i/protection_ip_axi_lite_0/inst/u_adc_sample_cdc_bridge/destination_data[8]_i_1_n_0
    SLICE_X57Y78         FDCE                                         r  protection_system_i/protection_ip_axi_lite_0/inst/u_adc_sample_cdc_bridge/destination_data_reg[8]/D
  -------------------------------------------------------------------    -------------------

                         max delay                    8.000     8.000    
    SLICE_X57Y78         FDCE (Setup_fdce_C_D)        0.031     8.031    protection_system_i/protection_ip_axi_lite_0/inst/u_adc_sample_cdc_bridge/destination_data_reg[8]
  -------------------------------------------------------------------
                         required time                          8.031    
                         arrival time                          -2.909    
  -------------------------------------------------------------------
                         slack                                  5.122    

Slack (MET) :             5.126ns  (required time - arrival time)
  Source:                 protection_system_i/protection_ip_axi_lite_0/inst/u_adc_sample_cdc_bridge/u_fifo/mem_reg[2][54]/C
                            (rising edge-triggered cell FDRE clocked by clk_fpga_1  {rise@0.000ns fall@4.000ns period=8.000ns})
  Destination:            protection_system_i/protection_ip_axi_lite_0/inst/u_adc_sample_cdc_bridge/destination_data_reg[54]/D
                            (rising edge-triggered cell FDCE clocked by clk_fpga_0  {rise@0.000ns fall@5.000ns period=10.000ns})
  Path Group:             clk_fpga_0
  Path Type:              Setup (Max at Slow Process Corner)
  Requirement:            8.000ns  (MaxDelay Path 8.000ns)
  Data Path Delay:        2.905ns  (logic 1.290ns (44.399%)  route 1.615ns (55.601%))
  Logic Levels:           3  (LUT3=1 LUT6=1 MUXF7=1)
  Timing Exception:       MaxDelay Path 8.000ns -datapath_only

    Location             Delay type                Incr(ns)  Path(ns)    Netlist Resource(s)
  -------------------------------------------------------------------    -------------------
    SLICE_X62Y100                                     0.000     0.000 r  protection_system_i/protection_ip_axi_lite_0/inst/u_adc_sample_cdc_bridge/u_fifo/mem_reg[2][54]/C
    SLICE_X62Y100        FDRE (Prop_fdre_C_Q)         0.478     0.478 r  protection_system_i/protection_ip_axi_lite_0/inst/u_adc_sample_cdc_bridge/u_fifo/mem_reg[2][54]/Q
                         net (fo=1, routed)           0.812     1.290    protection_system_i/protection_ip_axi_lite_0/inst/u_adc_sample_cdc_bridge/u_fifo/mem_reg[2][54]
    SLICE_X64Y101        LUT6 (Prop_lut6_I1_O)        0.301     1.591 r  protection_system_i/protection_ip_axi_lite_0/inst/u_adc_sample_cdc_bridge/u_fifo/rd_data[54]_INST_0_i_1/O
                         net (fo=1, routed)           0.000     1.591    protection_system_i/protection_ip_axi_lite_0/inst/u_adc_sample_cdc_bridge/u_fifo/rd_data[54]_INST_0_i_1_n_0
    SLICE_X64Y101        MUXF7 (Prop_muxf7_I0_O)      0.212     1.803 r  protection_system_i/protection_ip_axi_lite_0/inst/u_adc_sample_cdc_bridge/u_fifo/rd_data[54]_INST_0/O
                         net (fo=1, routed)           0.804     2.606    protection_system_i/protection_ip_axi_lite_0/inst/u_adc_sample_cdc_bridge/u_fifo_n_5
    SLICE_X63Y94         LUT3 (Prop_lut3_I1_O)        0.299     2.905 r  protection_system_i/protection_ip_axi_lite_0/inst/u_adc_sample_cdc_bridge/destination_data[54]_i_1/O
                         net (fo=1, routed)           0.000     2.905    protection_system_i/protection_ip_axi_lite_0/inst/u_adc_sample_cdc_bridge/destination_data[54]_i_1_n_0
    SLICE_X63Y94         FDCE                                         r  protection_system_i/protection_ip_axi_lite_0/inst/u_adc_sample_cdc_bridge/destination_data_reg[54]/D
  -------------------------------------------------------------------    -------------------

                         max delay                    8.000     8.000    
    SLICE_X63Y94         FDCE (Setup_fdce_C_D)        0.031     8.031    protection_system_i/protection_ip_axi_lite_0/inst/u_adc_sample_cdc_bridge/destination_data_reg[54]
  -------------------------------------------------------------------
                         required time                          8.031    
                         arrival time                          -2.905    
  -------------------------------------------------------------------
                         slack                                  5.126    

Slack (MET) :             5.130ns  (required time - arrival time)
  Source:                 protection_system_i/protection_ip_axi_lite_0/inst/u_adc_sample_cdc_bridge/u_fifo/mem_reg[2][53]/C
                            (rising edge-triggered cell FDRE clocked by clk_fpga_1  {rise@0.000ns fall@4.000ns period=8.000ns})
  Destination:            protection_system_i/protection_ip_axi_lite_0/inst/u_adc_sample_cdc_bridge/destination_data_reg[53]/D
                            (rising edge-triggered cell FDCE clocked by clk_fpga_0  {rise@0.000ns fall@5.000ns period=10.000ns})
  Path Group:             clk_fpga_0
  Path Type:              Setup (Max at Slow Process Corner)
  Requirement:            8.000ns  (MaxDelay Path 8.000ns)
  Data Path Delay:        2.901ns  (logic 1.284ns (44.265%)  route 1.617ns (55.735%))
  Logic Levels:           3  (LUT3=1 LUT6=1 MUXF7=1)
  Timing Exception:       MaxDelay Path 8.000ns -datapath_only

    Location             Delay type                Incr(ns)  Path(ns)    Netlist Resource(s)
  -------------------------------------------------------------------    -------------------
    SLICE_X62Y100                                     0.000     0.000 r  protection_system_i/protection_ip_axi_lite_0/inst/u_adc_sample_cdc_bridge/u_fifo/mem_reg[2][53]/C
    SLICE_X62Y100        FDRE (Prop_fdre_C_Q)         0.478     0.478 r  protection_system_i/protection_ip_axi_lite_0/inst/u_adc_sample_cdc_bridge/u_fifo/mem_reg[2][53]/Q
                         net (fo=1, routed)           0.409     0.887    protection_system_i/protection_ip_axi_lite_0/inst/u_adc_sample_cdc_bridge/u_fifo/mem_reg[2][53]
    SLICE_X63Y101        LUT6 (Prop_lut6_I1_O)        0.295     1.182 r  protection_system_i/protection_ip_axi_lite_0/inst/u_adc_sample_cdc_bridge/u_fifo/rd_data[53]_INST_0_i_1/O
                         net (fo=1, routed)           0.000     1.182    protection_system_i/protection_ip_axi_lite_0/inst/u_adc_sample_cdc_bridge/u_fifo/rd_data[53]_INST_0_i_1_n_0
    SLICE_X63Y101        MUXF7 (Prop_muxf7_I0_O)      0.212     1.394 r  protection_system_i/protection_ip_axi_lite_0/inst/u_adc_sample_cdc_bridge/u_fifo/rd_data[53]_INST_0/O
                         net (fo=1, routed)           1.208     2.602    protection_system_i/protection_ip_axi_lite_0/inst/u_adc_sample_cdc_bridge/u_fifo_n_6
    SLICE_X63Y94         LUT3 (Prop_lut3_I1_O)        0.299     2.901 r  protection_system_i/protection_ip_axi_lite_0/inst/u_adc_sample_cdc_bridge/destination_data[53]_i_1/O
                         net (fo=1, routed)           0.000     2.901    protection_system_i/protection_ip_axi_lite_0/inst/u_adc_sample_cdc_bridge/destination_data[53]_i_1_n_0
    SLICE_X63Y94         FDCE                                         r  protection_system_i/protection_ip_axi_lite_0/inst/u_adc_sample_cdc_bridge/destination_data_reg[53]/D
  -------------------------------------------------------------------    -------------------

                         max delay                    8.000     8.000    
    SLICE_X63Y94         FDCE (Setup_fdce_C_D)        0.031     8.031    protection_system_i/protection_ip_axi_lite_0/inst/u_adc_sample_cdc_bridge/destination_data_reg[53]
  -------------------------------------------------------------------
                         required time                          8.031    
                         arrival time                          -2.901    
  -------------------------------------------------------------------
                         slack                                  5.130    

Slack (MET) :             5.134ns  (required time - arrival time)
  Source:                 protection_system_i/protection_ip_axi_lite_0/inst/u_adc_sample_cdc_bridge/u_fifo/mem_reg[2][2]/C
                            (rising edge-triggered cell FDRE clocked by clk_fpga_1  {rise@0.000ns fall@4.000ns period=8.000ns})
  Destination:            protection_system_i/protection_ip_axi_lite_0/inst/u_adc_sample_cdc_bridge/destination_data_reg[2]/D
                            (rising edge-triggered cell FDCE clocked by clk_fpga_0  {rise@0.000ns fall@5.000ns period=10.000ns})
  Path Group:             clk_fpga_0
  Path Type:              Setup (Max at Slow Process Corner)
  Requirement:            8.000ns  (MaxDelay Path 8.000ns)
  Data Path Delay:        2.947ns  (logic 1.254ns (42.553%)  route 1.693ns (57.447%))
  Logic Levels:           3  (LUT3=1 LUT6=1 MUXF7=1)
  Timing Exception:       MaxDelay Path 8.000ns -datapath_only

    Location             Delay type                Incr(ns)  Path(ns)    Netlist Resource(s)
  -------------------------------------------------------------------    -------------------
    SLICE_X56Y74                                      0.000     0.000 r  protection_system_i/protection_ip_axi_lite_0/inst/u_adc_sample_cdc_bridge/u_fifo/mem_reg[2][2]/C
    SLICE_X56Y74         FDRE (Prop_fdre_C_Q)         0.419     0.419 r  protection_system_i/protection_ip_axi_lite_0/inst/u_adc_sample_cdc_bridge/u_fifo/mem_reg[2][2]/Q
                         net (fo=1, routed)           0.661     1.080    protection_system_i/protection_ip_axi_lite_0/inst/u_adc_sample_cdc_bridge/u_fifo/mem_reg[2][2]
    SLICE_X57Y74         LUT6 (Prop_lut6_I1_O)        0.299     1.379 r  protection_system_i/protection_ip_axi_lite_0/inst/u_adc_sample_cdc_bridge/u_fifo/rd_data[2]_INST_0_i_1/O
                         net (fo=1, routed)           0.000     1.379    protection_system_i/protection_ip_axi_lite_0/inst/u_adc_sample_cdc_bridge/u_fifo/rd_data[2]_INST_0_i_1_n_0
    SLICE_X57Y74         MUXF7 (Prop_muxf7_I0_O)      0.238     1.617 r  protection_system_i/protection_ip_axi_lite_0/inst/u_adc_sample_cdc_bridge/u_fifo/rd_data[2]_INST_0/O
                         net (fo=1, routed)           1.031     2.649    protection_system_i/protection_ip_axi_lite_0/inst/u_adc_sample_cdc_bridge/u_fifo_n_57
    SLICE_X58Y79         LUT3 (Prop_lut3_I1_O)        0.298     2.947 r  protection_system_i/protection_ip_axi_lite_0/inst/u_adc_sample_cdc_bridge/destination_data[2]_i_1/O
                         net (fo=1, routed)           0.000     2.947    protection_system_i/protection_ip_axi_lite_0/inst/u_adc_sample_cdc_bridge/destination_data[2]_i_1_n_0
    SLICE_X58Y79         FDCE                                         r  protection_system_i/protection_ip_axi_lite_0/inst/u_adc_sample_cdc_bridge/destination_data_reg[2]/D
  -------------------------------------------------------------------    -------------------

                         max delay                    8.000     8.000    
    SLICE_X58Y79         FDCE (Setup_fdce_C_D)        0.081     8.081    protection_system_i/protection_ip_axi_lite_0/inst/u_adc_sample_cdc_bridge/destination_data_reg[2]
  -------------------------------------------------------------------
                         required time                          8.081    
                         arrival time                          -2.947    
  -------------------------------------------------------------------
                         slack                                  5.134    

Slack (MET) :             5.158ns  (required time - arrival time)
  Source:                 protection_system_i/protection_ip_axi_lite_0/inst/u_adc_sample_cdc_bridge/u_fifo/mem_reg[2][40]/C
                            (rising edge-triggered cell FDRE clocked by clk_fpga_1  {rise@0.000ns fall@4.000ns period=8.000ns})
  Destination:            protection_system_i/protection_ip_axi_lite_0/inst/u_adc_sample_cdc_bridge/destination_data_reg[40]/D
                            (rising edge-triggered cell FDCE clocked by clk_fpga_0  {rise@0.000ns fall@5.000ns period=10.000ns})
  Path Group:             clk_fpga_0
  Path Type:              Setup (Max at Slow Process Corner)
  Requirement:            8.000ns  (MaxDelay Path 8.000ns)
  Data Path Delay:        2.871ns  (logic 1.226ns (42.710%)  route 1.645ns (57.290%))
  Logic Levels:           3  (LUT3=1 LUT6=1 MUXF7=1)
  Timing Exception:       MaxDelay Path 8.000ns -datapath_only

    Location             Delay type                Incr(ns)  Path(ns)    Netlist Resource(s)
  -------------------------------------------------------------------    -------------------
    SLICE_X84Y92                                      0.000     0.000 r  protection_system_i/protection_ip_axi_lite_0/inst/u_adc_sample_cdc_bridge/u_fifo/mem_reg[2][40]/C
    SLICE_X84Y92         FDRE (Prop_fdre_C_Q)         0.419     0.419 r  protection_system_i/protection_ip_axi_lite_0/inst/u_adc_sample_cdc_bridge/u_fifo/mem_reg[2][40]/Q
                         net (fo=1, routed)           0.724     1.143    protection_system_i/protection_ip_axi_lite_0/inst/u_adc_sample_cdc_bridge/u_fifo/mem_reg[2][40]
    SLICE_X84Y93         LUT6 (Prop_lut6_I1_O)        0.296     1.439 r  protection_system_i/protection_ip_axi_lite_0/inst/u_adc_sample_cdc_bridge/u_fifo/rd_data[40]_INST_0_i_1/O
                         net (fo=1, routed)           0.000     1.439    protection_system_i/protection_ip_axi_lite_0/inst/u_adc_sample_cdc_bridge/u_fifo/rd_data[40]_INST_0_i_1_n_0
    SLICE_X84Y93         MUXF7 (Prop_muxf7_I0_O)      0.212     1.651 r  protection_system_i/protection_ip_axi_lite_0/inst/u_adc_sample_cdc_bridge/u_fifo/rd_data[40]_INST_0/O
                         net (fo=1, routed)           0.920     2.572    protection_system_i/protection_ip_axi_lite_0/inst/u_adc_sample_cdc_bridge/u_fifo_n_19
    SLICE_X63Y90         LUT3 (Prop_lut3_I1_O)        0.299     2.871 r  protection_system_i/protection_ip_axi_lite_0/inst/u_adc_sample_cdc_bridge/destination_data[40]_i_1/O
                         net (fo=1, routed)           0.000     2.871    protection_system_i/protection_ip_axi_lite_0/inst/u_adc_sample_cdc_bridge/destination_data[40]_i_1_n_0
    SLICE_X63Y90         FDCE                                         r  protection_system_i/protection_ip_axi_lite_0/inst/u_adc_sample_cdc_bridge/destination_data_reg[40]/D
  -------------------------------------------------------------------    -------------------

                         max delay                    8.000     8.000    
    SLICE_X63Y90         FDCE (Setup_fdce_C_D)        0.029     8.029    protection_system_i/protection_ip_axi_lite_0/inst/u_adc_sample_cdc_bridge/destination_data_reg[40]
  -------------------------------------------------------------------
                         required time                          8.029    
                         arrival time                          -2.871    
  -------------------------------------------------------------------
                         slack                                  5.158    

Slack (MET) :             5.176ns  (required time - arrival time)
  Source:                 protection_system_i/protection_ip_axi_lite_0/inst/u_adc_sample_cdc_bridge/u_fifo/mem_reg[2][1]/C
                            (rising edge-triggered cell FDRE clocked by clk_fpga_1  {rise@0.000ns fall@4.000ns period=8.000ns})
  Destination:            protection_system_i/protection_ip_axi_lite_0/inst/u_adc_sample_cdc_bridge/destination_data_reg[1]/D
                            (rising edge-triggered cell FDCE clocked by clk_fpga_0  {rise@0.000ns fall@5.000ns period=10.000ns})
  Path Group:             clk_fpga_0
  Path Type:              Setup (Max at Slow Process Corner)
  Requirement:            8.000ns  (MaxDelay Path 8.000ns)
  Data Path Delay:        2.853ns  (logic 1.091ns (38.239%)  route 1.762ns (61.761%))
  Logic Levels:           3  (LUT3=1 LUT6=1 MUXF7=1)
  Timing Exception:       MaxDelay Path 8.000ns -datapath_only

    Location             Delay type                Incr(ns)  Path(ns)    Netlist Resource(s)
  -------------------------------------------------------------------    -------------------
    SLICE_X56Y74                                      0.000     0.000 r  protection_system_i/protection_ip_axi_lite_0/inst/u_adc_sample_cdc_bridge/u_fifo/mem_reg[2][1]/C
    SLICE_X56Y74         FDRE (Prop_fdre_C_Q)         0.456     0.456 r  protection_system_i/protection_ip_axi_lite_0/inst/u_adc_sample_cdc_bridge/u_fifo/mem_reg[2][1]/Q
                         net (fo=1, routed)           0.576     1.032    protection_system_i/protection_ip_axi_lite_0/inst/u_adc_sample_cdc_bridge/u_fifo/mem_reg[2][1]
    SLICE_X57Y74         LUT6 (Prop_lut6_I1_O)        0.124     1.156 r  protection_system_i/protection_ip_axi_lite_0/inst/u_adc_sample_cdc_bridge/u_fifo/rd_data[1]_INST_0_i_1/O
                         net (fo=1, routed)           0.000     1.156    protection_system_i/protection_ip_axi_lite_0/inst/u_adc_sample_cdc_bridge/u_fifo/rd_data[1]_INST_0_i_1_n_0
    SLICE_X57Y74         MUXF7 (Prop_muxf7_I0_O)      0.212     1.368 r  protection_system_i/protection_ip_axi_lite_0/inst/u_adc_sample_cdc_bridge/u_fifo/rd_data[1]_INST_0/O
                         net (fo=1, routed)           1.186     2.554    protection_system_i/protection_ip_axi_lite_0/inst/u_adc_sample_cdc_bridge/u_fifo_n_58
    SLICE_X57Y80         LUT3 (Prop_lut3_I1_O)        0.299     2.853 r  protection_system_i/protection_ip_axi_lite_0/inst/u_adc_sample_cdc_bridge/destination_data[1]_i_1/O
                         net (fo=1, routed)           0.000     2.853    protection_system_i/protection_ip_axi_lite_0/inst/u_adc_sample_cdc_bridge/destination_data[1]_i_1_n_0
    SLICE_X57Y80         FDCE                                         r  protection_system_i/protection_ip_axi_lite_0/inst/u_adc_sample_cdc_bridge/destination_data_reg[1]/D
  -------------------------------------------------------------------    -------------------

                         max delay                    8.000     8.000    
    SLICE_X57Y80         FDCE (Setup_fdce_C_D)        0.029     8.029    protection_system_i/protection_ip_axi_lite_0/inst/u_adc_sample_cdc_bridge/destination_data_reg[1]
  -------------------------------------------------------------------
                         required time                          8.029    
                         arrival time                          -2.853    
  -------------------------------------------------------------------
                         slack                                  5.176    

Slack (MET) :             5.185ns  (required time - arrival time)
  Source:                 protection_system_i/protection_ip_axi_lite_0/inst/u_adc_sample_cdc_bridge/u_fifo/mem_reg[2][13]/C
                            (rising edge-triggered cell FDRE clocked by clk_fpga_1  {rise@0.000ns fall@4.000ns period=8.000ns})
  Destination:            protection_system_i/protection_ip_axi_lite_0/inst/u_adc_sample_cdc_bridge/destination_data_reg[13]/D
                            (rising edge-triggered cell FDCE clocked by clk_fpga_0  {rise@0.000ns fall@5.000ns period=10.000ns})
  Path Group:             clk_fpga_0
  Path Type:              Setup (Max at Slow Process Corner)
  Requirement:            8.000ns  (MaxDelay Path 8.000ns)
  Data Path Delay:        2.844ns  (logic 1.091ns (38.356%)  route 1.753ns (61.644%))
  Logic Levels:           3  (LUT3=1 LUT6=1 MUXF7=1)
  Timing Exception:       MaxDelay Path 8.000ns -datapath_only

    Location             Delay type                Incr(ns)  Path(ns)    Netlist Resource(s)
  -------------------------------------------------------------------    -------------------
    SLICE_X51Y77                                      0.000     0.000 r  protection_system_i/protection_ip_axi_lite_0/inst/u_adc_sample_cdc_bridge/u_fifo/mem_reg[2][13]/C
    SLICE_X51Y77         FDRE (Prop_fdre_C_Q)         0.456     0.456 r  protection_system_i/protection_ip_axi_lite_0/inst/u_adc_sample_cdc_bridge/u_fifo/mem_reg[2][13]/Q
                         net (fo=1, routed)           0.639     1.095    protection_system_i/protection_ip_axi_lite_0/inst/u_adc_sample_cdc_bridge/u_fifo/mem_reg[2][13]
    SLICE_X51Y76         LUT6 (Prop_lut6_I1_O)        0.124     1.219 r  protection_system_i/protection_ip_axi_lite_0/inst/u_adc_sample_cdc_bridge/u_fifo/rd_data[13]_INST_0_i_1/O
                         net (fo=1, routed)           0.000     1.219    protection_system_i/protection_ip_axi_lite_0/inst/u_adc_sample_cdc_bridge/u_fifo/rd_data[13]_INST_0_i_1_n_0
    SLICE_X51Y76         MUXF7 (Prop_muxf7_I0_O)      0.212     1.431 r  protection_system_i/protection_ip_axi_lite_0/inst/u_adc_sample_cdc_bridge/u_fifo/rd_data[13]_INST_0/O
                         net (fo=1, routed)           1.114     2.545    protection_system_i/protection_ip_axi_lite_0/inst/u_adc_sample_cdc_bridge/u_fifo_n_46
    SLICE_X48Y79         LUT3 (Prop_lut3_I1_O)        0.299     2.844 r  protection_system_i/protection_ip_axi_lite_0/inst/u_adc_sample_cdc_bridge/destination_data[13]_i_1/O
                         net (fo=1, routed)           0.000     2.844    protection_system_i/protection_ip_axi_lite_0/inst/u_adc_sample_cdc_bridge/destination_data[13]_i_1_n_0
    SLICE_X48Y79         FDCE                                         r  protection_system_i/protection_ip_axi_lite_0/inst/u_adc_sample_cdc_bridge/destination_data_reg[13]/D
  -------------------------------------------------------------------    -------------------

                         max delay                    8.000     8.000    
    SLICE_X48Y79         FDCE (Setup_fdce_C_D)        0.029     8.029    protection_system_i/protection_ip_axi_lite_0/inst/u_adc_sample_cdc_bridge/destination_data_reg[13]
  -------------------------------------------------------------------
                         required time                          8.029    
                         arrival time                          -2.844    
  -------------------------------------------------------------------
                         slack                                  5.185    

Slack (MET) :             5.225ns  (required time - arrival time)
  Source:                 protection_system_i/protection_ip_axi_lite_0/inst/u_adc_sample_cdc_bridge/u_fifo/mem_reg[2][35]/C
                            (rising edge-triggered cell FDRE clocked by clk_fpga_1  {rise@0.000ns fall@4.000ns period=8.000ns})
  Destination:            protection_system_i/protection_ip_axi_lite_0/inst/u_adc_sample_cdc_bridge/destination_data_reg[35]/D
                            (rising edge-triggered cell FDCE clocked by clk_fpga_0  {rise@0.000ns fall@5.000ns period=10.000ns})
  Path Group:             clk_fpga_0
  Path Type:              Setup (Max at Slow Process Corner)
  Requirement:            8.000ns  (MaxDelay Path 8.000ns)
  Data Path Delay:        2.852ns  (logic 1.091ns (38.260%)  route 1.761ns (61.740%))
  Logic Levels:           3  (LUT3=1 LUT6=1 MUXF7=1)
  Timing Exception:       MaxDelay Path 8.000ns -datapath_only

    Location             Delay type                Incr(ns)  Path(ns)    Netlist Resource(s)
  -------------------------------------------------------------------    -------------------
    SLICE_X84Y92                                      0.000     0.000 r  protection_system_i/protection_ip_axi_lite_0/inst/u_adc_sample_cdc_bridge/u_fifo/mem_reg[2][35]/C
    SLICE_X84Y92         FDRE (Prop_fdre_C_Q)         0.456     0.456 r  protection_system_i/protection_ip_axi_lite_0/inst/u_adc_sample_cdc_bridge/u_fifo/mem_reg[2][35]/Q
                         net (fo=1, routed)           0.413     0.869    protection_system_i/protection_ip_axi_lite_0/inst/u_adc_sample_cdc_bridge/u_fifo/mem_reg[2][35]
    SLICE_X85Y90         LUT6 (Prop_lut6_I1_O)        0.124     0.993 r  protection_system_i/protection_ip_axi_lite_0/inst/u_adc_sample_cdc_bridge/u_fifo/rd_data[35]_INST_0_i_1/O
                         net (fo=1, routed)           0.000     0.993    protection_system_i/protection_ip_axi_lite_0/inst/u_adc_sample_cdc_bridge/u_fifo/rd_data[35]_INST_0_i_1_n_0
    SLICE_X85Y90         MUXF7 (Prop_muxf7_I0_O)      0.212     1.205 r  protection_system_i/protection_ip_axi_lite_0/inst/u_adc_sample_cdc_bridge/u_fifo/rd_data[35]_INST_0/O
                         net (fo=1, routed)           1.348     2.553    protection_system_i/protection_ip_axi_lite_0/inst/u_adc_sample_cdc_bridge/u_fifo_n_24
    SLICE_X66Y86         LUT3 (Prop_lut3_I1_O)        0.299     2.852 r  protection_system_i/protection_ip_axi_lite_0/inst/u_adc_sample_cdc_bridge/destination_data[35]_i_1/O
                         net (fo=1, routed)           0.000     2.852    protection_system_i/protection_ip_axi_lite_0/inst/u_adc_sample_cdc_bridge/destination_data[35]_i_1_n_0
    SLICE_X66Y86         FDCE                                         r  protection_system_i/protection_ip_axi_lite_0/inst/u_adc_sample_cdc_bridge/destination_data_reg[35]/D
  -------------------------------------------------------------------    -------------------

                         max delay                    8.000     8.000    
    SLICE_X66Y86         FDCE (Setup_fdce_C_D)        0.077     8.077    protection_system_i/protection_ip_axi_lite_0/inst/u_adc_sample_cdc_bridge/destination_data_reg[35]
  -------------------------------------------------------------------
                         required time                          8.077    
                         arrival time                          -2.852    
  -------------------------------------------------------------------
                         slack                                  5.225    

Slack (MET) :             5.255ns  (required time - arrival time)
  Source:                 protection_system_i/protection_ip_axi_lite_0/inst/u_adc_sample_cdc_bridge/u_fifo/mem_reg[2][6]/C
                            (rising edge-triggered cell FDRE clocked by clk_fpga_1  {rise@0.000ns fall@4.000ns period=8.000ns})
  Destination:            protection_system_i/protection_ip_axi_lite_0/inst/u_adc_sample_cdc_bridge/destination_data_reg[6]/D
                            (rising edge-triggered cell FDCE clocked by clk_fpga_0  {rise@0.000ns fall@5.000ns period=10.000ns})
  Path Group:             clk_fpga_0
  Path Type:              Setup (Max at Slow Process Corner)
  Requirement:            8.000ns  (MaxDelay Path 8.000ns)
  Data Path Delay:        2.776ns  (logic 1.178ns (42.440%)  route 1.598ns (57.560%))
  Logic Levels:           3  (LUT3=1 LUT6=1 MUXF7=1)
  Timing Exception:       MaxDelay Path 8.000ns -datapath_only

    Location             Delay type                Incr(ns)  Path(ns)    Netlist Resource(s)
  -------------------------------------------------------------------    -------------------
    SLICE_X62Y74                                      0.000     0.000 r  protection_system_i/protection_ip_axi_lite_0/inst/u_adc_sample_cdc_bridge/u_fifo/mem_reg[2][6]/C
    SLICE_X62Y74         FDRE (Prop_fdre_C_Q)         0.518     0.518 r  protection_system_i/protection_ip_axi_lite_0/inst/u_adc_sample_cdc_bridge/u_fifo/mem_reg[2][6]/Q
                         net (fo=1, routed)           0.566     1.084    protection_system_i/protection_ip_axi_lite_0/inst/u_adc_sample_cdc_bridge/u_fifo/mem_reg[2][6]
    SLICE_X60Y74         LUT6 (Prop_lut6_I1_O)        0.124     1.208 r  protection_system_i/protection_ip_axi_lite_0/inst/u_adc_sample_cdc_bridge/u_fifo/rd_data[6]_INST_0_i_1/O
                         net (fo=1, routed)           0.000     1.208    protection_system_i/protection_ip_axi_lite_0/inst/u_adc_sample_cdc_bridge/u_fifo/rd_data[6]_INST_0_i_1_n_0
    SLICE_X60Y74         MUXF7 (Prop_muxf7_I0_O)      0.238     1.446 r  protection_system_i/protection_ip_axi_lite_0/inst/u_adc_sample_cdc_bridge/u_fifo/rd_data[6]_INST_0/O
                         net (fo=1, routed)           1.031     2.478    protection_system_i/protection_ip_axi_lite_0/inst/u_adc_sample_cdc_bridge/u_fifo_n_53
    SLICE_X57Y78         LUT3 (Prop_lut3_I1_O)        0.298     2.776 r  protection_system_i/protection_ip_axi_lite_0/inst/u_adc_sample_cdc_bridge/destination_data[6]_i_1/O
                         net (fo=1, routed)           0.000     2.776    protection_system_i/protection_ip_axi_lite_0/inst/u_adc_sample_cdc_bridge/destination_data[6]_i_1_n_0
    SLICE_X57Y78         FDCE                                         r  protection_system_i/protection_ip_axi_lite_0/inst/u_adc_sample_cdc_bridge/destination_data_reg[6]/D
  -------------------------------------------------------------------    -------------------

                         max delay                    8.000     8.000    
    SLICE_X57Y78         FDCE (Setup_fdce_C_D)        0.031     8.031    protection_system_i/protection_ip_axi_lite_0/inst/u_adc_sample_cdc_bridge/destination_data_reg[6]
  -------------------------------------------------------------------
                         required time                          8.031    
                         arrival time                          -2.776    
  -------------------------------------------------------------------
                         slack                                  5.255    

Slack (MET) :             5.260ns  (required time - arrival time)
  Source:                 protection_system_i/protection_ip_axi_lite_0/inst/u_adc_sample_cdc_bridge/u_fifo/mem_reg[2][33]/C
                            (rising edge-triggered cell FDRE clocked by clk_fpga_1  {rise@0.000ns fall@4.000ns period=8.000ns})
  Destination:            protection_system_i/protection_ip_axi_lite_0/inst/u_adc_sample_cdc_bridge/destination_data_reg[33]/D
                            (rising edge-triggered cell FDCE clocked by clk_fpga_0  {rise@0.000ns fall@5.000ns period=10.000ns})
  Path Group:             clk_fpga_0
  Path Type:              Setup (Max at Slow Process Corner)
  Requirement:            8.000ns  (MaxDelay Path 8.000ns)
  Data Path Delay:        2.769ns  (logic 1.086ns (39.218%)  route 1.683ns (60.782%))
  Logic Levels:           3  (LUT3=1 LUT6=1 MUXF7=1)
  Timing Exception:       MaxDelay Path 8.000ns -datapath_only

    Location             Delay type                Incr(ns)  Path(ns)    Netlist Resource(s)
  -------------------------------------------------------------------    -------------------
    SLICE_X81Y83                                      0.000     0.000 r  protection_system_i/protection_ip_axi_lite_0/inst/u_adc_sample_cdc_bridge/u_fifo/mem_reg[2][33]/C
    SLICE_X81Y83         FDRE (Prop_fdre_C_Q)         0.456     0.456 r  protection_system_i/protection_ip_axi_lite_0/inst/u_adc_sample_cdc_bridge/u_fifo/mem_reg[2][33]/Q
                         net (fo=1, routed)           0.815     1.271    protection_system_i/protection_ip_axi_lite_0/inst/u_adc_sample_cdc_bridge/u_fifo/mem_reg[2][33]
    SLICE_X82Y82         LUT6 (Prop_lut6_I1_O)        0.124     1.395 r  protection_system_i/protection_ip_axi_lite_0/inst/u_adc_sample_cdc_bridge/u_fifo/rd_data[33]_INST_0_i_1/O
                         net (fo=1, routed)           0.000     1.395    protection_system_i/protection_ip_axi_lite_0/inst/u_adc_sample_cdc_bridge/u_fifo/rd_data[33]_INST_0_i_1_n_0
    SLICE_X82Y82         MUXF7 (Prop_muxf7_I0_O)      0.209     1.604 r  protection_system_i/protection_ip_axi_lite_0/inst/u_adc_sample_cdc_bridge/u_fifo/rd_data[33]_INST_0/O
                         net (fo=1, routed)           0.868     2.472    protection_system_i/protection_ip_axi_lite_0/inst/u_adc_sample_cdc_bridge/u_fifo_n_26
    SLICE_X63Y82         LUT3 (Prop_lut3_I1_O)        0.297     2.769 r  protection_system_i/protection_ip_axi_lite_0/inst/u_adc_sample_cdc_bridge/destination_data[33]_i_1/O
                         net (fo=1, routed)           0.000     2.769    protection_system_i/protection_ip_axi_lite_0/inst/u_adc_sample_cdc_bridge/destination_data[33]_i_1_n_0
    SLICE_X63Y82         FDCE                                         r  protection_system_i/protection_ip_axi_lite_0/inst/u_adc_sample_cdc_bridge/destination_data_reg[33]/D
  -------------------------------------------------------------------    -------------------

                         max delay                    8.000     8.000    
    SLICE_X63Y82         FDCE (Setup_fdce_C_D)        0.029     8.029    protection_system_i/protection_ip_axi_lite_0/inst/u_adc_sample_cdc_bridge/destination_data_reg[33]
  -------------------------------------------------------------------
                         required time                          8.029    
                         arrival time                          -2.769    
  -------------------------------------------------------------------
                         slack                                  5.260    

Slack (MET) :             5.267ns  (required time - arrival time)
  Source:                 protection_system_i/protection_ip_axi_lite_0/inst/u_adc_sample_cdc_bridge/u_fifo/mem_reg[2][56]/C
                            (rising edge-triggered cell FDRE clocked by clk_fpga_1  {rise@0.000ns fall@4.000ns period=8.000ns})
  Destination:            protection_system_i/protection_ip_axi_lite_0/inst/u_adc_sample_cdc_bridge/destination_data_reg[56]/D
                            (rising edge-triggered cell FDCE clocked by clk_fpga_0  {rise@0.000ns fall@5.000ns period=10.000ns})
  Path Group:             clk_fpga_0
  Path Type:              Setup (Max at Slow Process Corner)
  Requirement:            8.000ns  (MaxDelay Path 8.000ns)
  Data Path Delay:        2.764ns  (logic 1.226ns (44.357%)  route 1.538ns (55.643%))
  Logic Levels:           3  (LUT3=1 LUT6=1 MUXF7=1)
  Timing Exception:       MaxDelay Path 8.000ns -datapath_only

    Location             Delay type                Incr(ns)  Path(ns)    Netlist Resource(s)
  -------------------------------------------------------------------    -------------------
    SLICE_X56Y74                                      0.000     0.000 r  protection_system_i/protection_ip_axi_lite_0/inst/u_adc_sample_cdc_bridge/u_fifo/mem_reg[2][56]/C
    SLICE_X56Y74         FDRE (Prop_fdre_C_Q)         0.419     0.419 r  protection_system_i/protection_ip_axi_lite_0/inst/u_adc_sample_cdc_bridge/u_fifo/mem_reg[2][56]/Q
                         net (fo=1, routed)           0.987     1.406    protection_system_i/protection_ip_axi_lite_0/inst/u_adc_sample_cdc_bridge/u_fifo/mem_reg[2][56]
    SLICE_X56Y77         LUT6 (Prop_lut6_I1_O)        0.296     1.702 r  protection_system_i/protection_ip_axi_lite_0/inst/u_adc_sample_cdc_bridge/u_fifo/rd_data[56]_INST_0_i_1/O
                         net (fo=1, routed)           0.000     1.702    protection_system_i/protection_ip_axi_lite_0/inst/u_adc_sample_cdc_bridge/u_fifo/rd_data[56]_INST_0_i_1_n_0
    SLICE_X56Y77         MUXF7 (Prop_muxf7_I0_O)      0.212     1.914 r  protection_system_i/protection_ip_axi_lite_0/inst/u_adc_sample_cdc_bridge/u_fifo/rd_data[56]_INST_0/O
                         net (fo=1, routed)           0.551     2.465    protection_system_i/protection_ip_axi_lite_0/inst/u_adc_sample_cdc_bridge/u_fifo_n_3
    SLICE_X57Y80         LUT3 (Prop_lut3_I1_O)        0.299     2.764 r  protection_system_i/protection_ip_axi_lite_0/inst/u_adc_sample_cdc_bridge/destination_data[56]_i_1/O
                         net (fo=1, routed)           0.000     2.764    protection_system_i/protection_ip_axi_lite_0/inst/u_adc_sample_cdc_bridge/destination_data[56]_i_1_n_0
    SLICE_X57Y80         FDCE                                         r  protection_system_i/protection_ip_axi_lite_0/inst/u_adc_sample_cdc_bridge/destination_data_reg[56]/D
  -------------------------------------------------------------------    -------------------

                         max delay                    8.000     8.000    
    SLICE_X57Y80         FDCE (Setup_fdce_C_D)        0.031     8.031    protection_system_i/protection_ip_axi_lite_0/inst/u_adc_sample_cdc_bridge/destination_data_reg[56]
  -------------------------------------------------------------------
                         required time                          8.031    
                         arrival time                          -2.764    
  -------------------------------------------------------------------
                         slack                                  5.267    

Slack (MET) :             5.286ns  (required time - arrival time)
  Source:                 protection_system_i/protection_ip_axi_lite_0/inst/u_adc_sample_cdc_bridge/u_fifo/mem_reg[2][7]/C
                            (rising edge-triggered cell FDRE clocked by clk_fpga_1  {rise@0.000ns fall@4.000ns period=8.000ns})
  Destination:            protection_system_i/protection_ip_axi_lite_0/inst/u_adc_sample_cdc_bridge/destination_data_reg[7]/D
                            (rising edge-triggered cell FDCE clocked by clk_fpga_0  {rise@0.000ns fall@5.000ns period=10.000ns})
  Path Group:             clk_fpga_0
  Path Type:              Setup (Max at Slow Process Corner)
  Requirement:            8.000ns  (MaxDelay Path 8.000ns)
  Data Path Delay:        2.745ns  (logic 1.229ns (44.774%)  route 1.516ns (55.226%))
  Logic Levels:           3  (LUT3=1 LUT6=1 MUXF7=1)
  Timing Exception:       MaxDelay Path 8.000ns -datapath_only

    Location             Delay type                Incr(ns)  Path(ns)    Netlist Resource(s)
  -------------------------------------------------------------------    -------------------
    SLICE_X56Y74                                      0.000     0.000 r  protection_system_i/protection_ip_axi_lite_0/inst/u_adc_sample_cdc_bridge/u_fifo/mem_reg[2][7]/C
    SLICE_X56Y74         FDRE (Prop_fdre_C_Q)         0.419     0.419 r  protection_system_i/protection_ip_axi_lite_0/inst/u_adc_sample_cdc_bridge/u_fifo/mem_reg[2][7]/Q
                         net (fo=1, routed)           0.849     1.268    protection_system_i/protection_ip_axi_lite_0/inst/u_adc_sample_cdc_bridge/u_fifo/mem_reg[2][7]
    SLICE_X55Y75         LUT6 (Prop_lut6_I1_O)        0.299     1.567 r  protection_system_i/protection_ip_axi_lite_0/inst/u_adc_sample_cdc_bridge/u_fifo/rd_data[7]_INST_0_i_1/O
                         net (fo=1, routed)           0.000     1.567    protection_system_i/protection_ip_axi_lite_0/inst/u_adc_sample_cdc_bridge/u_fifo/rd_data[7]_INST_0_i_1_n_0
    SLICE_X55Y75         MUXF7 (Prop_muxf7_I0_O)      0.212     1.779 r  protection_system_i/protection_ip_axi_lite_0/inst/u_adc_sample_cdc_bridge/u_fifo/rd_data[7]_INST_0/O
                         net (fo=1, routed)           0.667     2.446    protection_system_i/protection_ip_axi_lite_0/inst/u_adc_sample_cdc_bridge/u_fifo_n_52
    SLICE_X55Y81         LUT3 (Prop_lut3_I1_O)        0.299     2.745 r  protection_system_i/protection_ip_axi_lite_0/inst/u_adc_sample_cdc_bridge/destination_data[7]_i_1/O
                         net (fo=1, routed)           0.000     2.745    protection_system_i/protection_ip_axi_lite_0/inst/u_adc_sample_cdc_bridge/destination_data[7]_i_1_n_0
    SLICE_X55Y81         FDCE                                         r  protection_system_i/protection_ip_axi_lite_0/inst/u_adc_sample_cdc_bridge/destination_data_reg[7]/D
  -------------------------------------------------------------------    -------------------

                         max delay                    8.000     8.000    
    SLICE_X55Y81         FDCE (Setup_fdce_C_D)        0.031     8.031    protection_system_i/protection_ip_axi_lite_0/inst/u_adc_sample_cdc_bridge/destination_data_reg[7]
  -------------------------------------------------------------------
                         required time                          8.031    
                         arrival time                          -2.745    
  -------------------------------------------------------------------
                         slack                                  5.286    

Slack (MET) :             5.289ns  (required time - arrival time)
  Source:                 protection_system_i/protection_ip_axi_lite_0/inst/u_adc_sample_cdc_bridge/u_fifo/mem_reg[2][4]/C
                            (rising edge-triggered cell FDRE clocked by clk_fpga_1  {rise@0.000ns fall@4.000ns period=8.000ns})
  Destination:            protection_system_i/protection_ip_axi_lite_0/inst/u_adc_sample_cdc_bridge/destination_data_reg[4]/D
                            (rising edge-triggered cell FDCE clocked by clk_fpga_0  {rise@0.000ns fall@5.000ns period=10.000ns})
  Path Group:             clk_fpga_0
  Path Type:              Setup (Max at Slow Process Corner)
  Requirement:            8.000ns  (MaxDelay Path 8.000ns)
  Data Path Delay:        2.742ns  (logic 1.226ns (44.716%)  route 1.516ns (55.284%))
  Logic Levels:           3  (LUT3=1 LUT6=1 MUXF7=1)
  Timing Exception:       MaxDelay Path 8.000ns -datapath_only

    Location             Delay type                Incr(ns)  Path(ns)    Netlist Resource(s)
  -------------------------------------------------------------------    -------------------
    SLICE_X52Y74                                      0.000     0.000 r  protection_system_i/protection_ip_axi_lite_0/inst/u_adc_sample_cdc_bridge/u_fifo/mem_reg[2][4]/C
    SLICE_X52Y74         FDRE (Prop_fdre_C_Q)         0.419     0.419 r  protection_system_i/protection_ip_axi_lite_0/inst/u_adc_sample_cdc_bridge/u_fifo/mem_reg[2][4]/Q
                         net (fo=1, routed)           0.293     0.712    protection_system_i/protection_ip_axi_lite_0/inst/u_adc_sample_cdc_bridge/u_fifo/mem_reg[2][4]
    SLICE_X51Y74         LUT6 (Prop_lut6_I1_O)        0.296     1.008 r  protection_system_i/protection_ip_axi_lite_0/inst/u_adc_sample_cdc_bridge/u_fifo/rd_data[4]_INST_0_i_1/O
                         net (fo=1, routed)           0.000     1.008    protection_system_i/protection_ip_axi_lite_0/inst/u_adc_sample_cdc_bridge/u_fifo/rd_data[4]_INST_0_i_1_n_0
    SLICE_X51Y74         MUXF7 (Prop_muxf7_I0_O)      0.212     1.220 r  protection_system_i/protection_ip_axi_lite_0/inst/u_adc_sample_cdc_bridge/u_fifo/rd_data[4]_INST_0/O
                         net (fo=1, routed)           1.222     2.443    protection_system_i/protection_ip_axi_lite_0/inst/u_adc_sample_cdc_bridge/u_fifo_n_55
    SLICE_X53Y78         LUT3 (Prop_lut3_I1_O)        0.299     2.742 r  protection_system_i/protection_ip_axi_lite_0/inst/u_adc_sample_cdc_bridge/destination_data[4]_i_1/O
                         net (fo=1, routed)           0.000     2.742    protection_system_i/protection_ip_axi_lite_0/inst/u_adc_sample_cdc_bridge/destination_data[4]_i_1_n_0
    SLICE_X53Y78         FDCE                                         r  protection_system_i/protection_ip_axi_lite_0/inst/u_adc_sample_cdc_bridge/destination_data_reg[4]/D
  -------------------------------------------------------------------    -------------------

                         max delay                    8.000     8.000    
    SLICE_X53Y78         FDCE (Setup_fdce_C_D)        0.031     8.031    protection_system_i/protection_ip_axi_lite_0/inst/u_adc_sample_cdc_bridge/destination_data_reg[4]
  -------------------------------------------------------------------
                         required time                          8.031    
                         arrival time                          -2.742    
  -------------------------------------------------------------------
                         slack                                  5.289    

Slack (MET) :             5.364ns  (required time - arrival time)
  Source:                 protection_system_i/protection_ip_axi_lite_0/inst/u_adc_sample_cdc_bridge/u_fifo/mem_reg[2][5]/C
                            (rising edge-triggered cell FDRE clocked by clk_fpga_1  {rise@0.000ns fall@4.000ns period=8.000ns})
  Destination:            protection_system_i/protection_ip_axi_lite_0/inst/u_adc_sample_cdc_bridge/destination_data_reg[5]/D
                            (rising edge-triggered cell FDCE clocked by clk_fpga_0  {rise@0.000ns fall@5.000ns period=10.000ns})
  Path Group:             clk_fpga_0
  Path Type:              Setup (Max at Slow Process Corner)
  Requirement:            8.000ns  (MaxDelay Path 8.000ns)
  Data Path Delay:        2.665ns  (logic 1.227ns (46.037%)  route 1.438ns (53.963%))
  Logic Levels:           3  (LUT3=1 LUT6=1 MUXF7=1)
  Timing Exception:       MaxDelay Path 8.000ns -datapath_only

    Location             Delay type                Incr(ns)  Path(ns)    Netlist Resource(s)
  -------------------------------------------------------------------    -------------------
    SLICE_X56Y74                                      0.000     0.000 r  protection_system_i/protection_ip_axi_lite_0/inst/u_adc_sample_cdc_bridge/u_fifo/mem_reg[2][5]/C
    SLICE_X56Y74         FDRE (Prop_fdre_C_Q)         0.419     0.419 r  protection_system_i/protection_ip_axi_lite_0/inst/u_adc_sample_cdc_bridge/u_fifo/mem_reg[2][5]/Q
                         net (fo=1, routed)           0.455     0.874    protection_system_i/protection_ip_axi_lite_0/inst/u_adc_sample_cdc_bridge/u_fifo/mem_reg[2][5]
    SLICE_X56Y76         LUT6 (Prop_lut6_I1_O)        0.297     1.171 r  protection_system_i/protection_ip_axi_lite_0/inst/u_adc_sample_cdc_bridge/u_fifo/rd_data[5]_INST_0_i_1/O
                         net (fo=1, routed)           0.000     1.171    protection_system_i/protection_ip_axi_lite_0/inst/u_adc_sample_cdc_bridge/u_fifo/rd_data[5]_INST_0_i_1_n_0
    SLICE_X56Y76         MUXF7 (Prop_muxf7_I0_O)      0.212     1.383 r  protection_system_i/protection_ip_axi_lite_0/inst/u_adc_sample_cdc_bridge/u_fifo/rd_data[5]_INST_0/O
                         net (fo=1, routed)           0.983     2.366    protection_system_i/protection_ip_axi_lite_0/inst/u_adc_sample_cdc_bridge/u_fifo_n_54
    SLICE_X52Y78         LUT3 (Prop_lut3_I1_O)        0.299     2.665 r  protection_system_i/protection_ip_axi_lite_0/inst/u_adc_sample_cdc_bridge/destination_data[5]_i_1/O
                         net (fo=1, routed)           0.000     2.665    protection_system_i/protection_ip_axi_lite_0/inst/u_adc_sample_cdc_bridge/destination_data[5]_i_1_n_0
    SLICE_X52Y78         FDCE                                         r  protection_system_i/protection_ip_axi_lite_0/inst/u_adc_sample_cdc_bridge/destination_data_reg[5]/D
  -------------------------------------------------------------------    -------------------

                         max delay                    8.000     8.000    
    SLICE_X52Y78         FDCE (Setup_fdce_C_D)        0.029     8.029    protection_system_i/protection_ip_axi_lite_0/inst/u_adc_sample_cdc_bridge/destination_data_reg[5]
  -------------------------------------------------------------------
                         required time                          8.029    
                         arrival time                          -2.665    
  -------------------------------------------------------------------
                         slack                                  5.364    

Slack (MET) :             5.399ns  (required time - arrival time)
  Source:                 protection_system_i/protection_ip_axi_lite_0/inst/u_adc_sample_cdc_bridge/u_fifo/mem_reg[2][14]/C
                            (rising edge-triggered cell FDRE clocked by clk_fpga_1  {rise@0.000ns fall@4.000ns period=8.000ns})
  Destination:            protection_system_i/protection_ip_axi_lite_0/inst/u_adc_sample_cdc_bridge/destination_data_reg[14]/D
                            (rising edge-triggered cell FDCE clocked by clk_fpga_0  {rise@0.000ns fall@5.000ns period=10.000ns})
  Path Group:             clk_fpga_0
  Path Type:              Setup (Max at Slow Process Corner)
  Requirement:            8.000ns  (MaxDelay Path 8.000ns)
  Data Path Delay:        2.630ns  (logic 1.086ns (41.296%)  route 1.544ns (58.704%))
  Logic Levels:           3  (LUT3=1 LUT6=1 MUXF7=1)
  Timing Exception:       MaxDelay Path 8.000ns -datapath_only

    Location             Delay type                Incr(ns)  Path(ns)    Netlist Resource(s)
  -------------------------------------------------------------------    -------------------
    SLICE_X56Y74                                      0.000     0.000 r  protection_system_i/protection_ip_axi_lite_0/inst/u_adc_sample_cdc_bridge/u_fifo/mem_reg[2][14]/C
    SLICE_X56Y74         FDRE (Prop_fdre_C_Q)         0.456     0.456 r  protection_system_i/protection_ip_axi_lite_0/inst/u_adc_sample_cdc_bridge/u_fifo/mem_reg[2][14]/Q
                         net (fo=1, routed)           0.464     0.920    protection_system_i/protection_ip_axi_lite_0/inst/u_adc_sample_cdc_bridge/u_fifo/mem_reg[2][14]
    SLICE_X54Y73         LUT6 (Prop_lut6_I1_O)        0.124     1.044 r  protection_system_i/protection_ip_axi_lite_0/inst/u_adc_sample_cdc_bridge/u_fifo/rd_data[14]_INST_0_i_1/O
                         net (fo=1, routed)           0.000     1.044    protection_system_i/protection_ip_axi_lite_0/inst/u_adc_sample_cdc_bridge/u_fifo/rd_data[14]_INST_0_i_1_n_0
    SLICE_X54Y73         MUXF7 (Prop_muxf7_I0_O)      0.209     1.253 r  protection_system_i/protection_ip_axi_lite_0/inst/u_adc_sample_cdc_bridge/u_fifo/rd_data[14]_INST_0/O
                         net (fo=1, routed)           1.079     2.333    protection_system_i/protection_ip_axi_lite_0/inst/u_adc_sample_cdc_bridge/u_fifo_n_45
    SLICE_X48Y78         LUT3 (Prop_lut3_I1_O)        0.297     2.630 r  protection_system_i/protection_ip_axi_lite_0/inst/u_adc_sample_cdc_bridge/destination_data[14]_i_1/O
                         net (fo=1, routed)           0.000     2.630    protection_system_i/protection_ip_axi_lite_0/inst/u_adc_sample_cdc_bridge/destination_data[14]_i_1_n_0
    SLICE_X48Y78         FDCE                                         r  protection_system_i/protection_ip_axi_lite_0/inst/u_adc_sample_cdc_bridge/destination_data_reg[14]/D
  -------------------------------------------------------------------    -------------------

                         max delay                    8.000     8.000    
    SLICE_X48Y78         FDCE (Setup_fdce_C_D)        0.029     8.029    protection_system_i/protection_ip_axi_lite_0/inst/u_adc_sample_cdc_bridge/destination_data_reg[14]
  -------------------------------------------------------------------
                         required time                          8.029    
                         arrival time                          -2.630    
  -------------------------------------------------------------------
                         slack                                  5.399    

Slack (MET) :             5.445ns  (required time - arrival time)
  Source:                 protection_system_i/protection_ip_axi_lite_0/inst/u_adc_sample_cdc_bridge/u_fifo/mem_reg[2][21]/C
                            (rising edge-triggered cell FDRE clocked by clk_fpga_1  {rise@0.000ns fall@4.000ns period=8.000ns})
  Destination:            protection_system_i/protection_ip_axi_lite_0/inst/u_adc_sample_cdc_bridge/destination_data_reg[21]/D
                            (rising edge-triggered cell FDCE clocked by clk_fpga_0  {rise@0.000ns fall@5.000ns period=10.000ns})
  Path Group:             clk_fpga_0
  Path Type:              Setup (Max at Slow Process Corner)
  Requirement:            8.000ns  (MaxDelay Path 8.000ns)
  Data Path Delay:        2.632ns  (logic 1.116ns (42.409%)  route 1.516ns (57.591%))
  Logic Levels:           3  (LUT3=1 LUT6=1 MUXF7=1)
  Timing Exception:       MaxDelay Path 8.000ns -datapath_only

    Location             Delay type                Incr(ns)  Path(ns)    Netlist Resource(s)
  -------------------------------------------------------------------    -------------------
    SLICE_X52Y74                                      0.000     0.000 r  protection_system_i/protection_ip_axi_lite_0/inst/u_adc_sample_cdc_bridge/u_fifo/mem_reg[2][21]/C
    SLICE_X52Y74         FDRE (Prop_fdre_C_Q)         0.456     0.456 r  protection_system_i/protection_ip_axi_lite_0/inst/u_adc_sample_cdc_bridge/u_fifo/mem_reg[2][21]/Q
                         net (fo=1, routed)           0.784     1.240    protection_system_i/protection_ip_axi_lite_0/inst/u_adc_sample_cdc_bridge/u_fifo/mem_reg[2][21]
    SLICE_X52Y75         LUT6 (Prop_lut6_I1_O)        0.124     1.364 r  protection_system_i/protection_ip_axi_lite_0/inst/u_adc_sample_cdc_bridge/u_fifo/rd_data[21]_INST_0_i_1/O
                         net (fo=1, routed)           0.000     1.364    protection_system_i/protection_ip_axi_lite_0/inst/u_adc_sample_cdc_bridge/u_fifo/rd_data[21]_INST_0_i_1_n_0
    SLICE_X52Y75         MUXF7 (Prop_muxf7_I0_O)      0.238     1.602 r  protection_system_i/protection_ip_axi_lite_0/inst/u_adc_sample_cdc_bridge/u_fifo/rd_data[21]_INST_0/O
                         net (fo=1, routed)           0.732     2.334    protection_system_i/protection_ip_axi_lite_0/inst/u_adc_sample_cdc_bridge/u_fifo_n_38
    SLICE_X50Y77         LUT3 (Prop_lut3_I1_O)        0.298     2.632 r  protection_system_i/protection_ip_axi_lite_0/inst/u_adc_sample_cdc_bridge/destination_data[21]_i_1/O
                         net (fo=1, routed)           0.000     2.632    protection_system_i/protection_ip_axi_lite_0/inst/u_adc_sample_cdc_bridge/destination_data[21]_i_1_n_0
    SLICE_X50Y77         FDCE                                         r  protection_system_i/protection_ip_axi_lite_0/inst/u_adc_sample_cdc_bridge/destination_data_reg[21]/D
  -------------------------------------------------------------------    -------------------

                         max delay                    8.000     8.000    
    SLICE_X50Y77         FDCE (Setup_fdce_C_D)        0.077     8.077    protection_system_i/protection_ip_axi_lite_0/inst/u_adc_sample_cdc_bridge/destination_data_reg[21]
  -------------------------------------------------------------------
                         required time                          8.077    
                         arrival time                          -2.632    
  -------------------------------------------------------------------
                         slack                                  5.445    

Slack (MET) :             5.471ns  (required time - arrival time)
  Source:                 protection_system_i/protection_ip_axi_lite_0/inst/u_adc_sample_cdc_bridge/u_fifo/mem_reg[2][27]/C
                            (rising edge-triggered cell FDRE clocked by clk_fpga_1  {rise@0.000ns fall@4.000ns period=8.000ns})
  Destination:            protection_system_i/protection_ip_axi_lite_0/inst/u_adc_sample_cdc_bridge/destination_data_reg[27]/D
                            (rising edge-triggered cell FDCE clocked by clk_fpga_0  {rise@0.000ns fall@5.000ns period=10.000ns})
  Path Group:             clk_fpga_0
  Path Type:              Setup (Max at Slow Process Corner)
  Requirement:            8.000ns  (MaxDelay Path 8.000ns)
  Data Path Delay:        2.558ns  (logic 1.091ns (42.649%)  route 1.467ns (57.351%))
  Logic Levels:           3  (LUT3=1 LUT6=1 MUXF7=1)
  Timing Exception:       MaxDelay Path 8.000ns -datapath_only

    Location             Delay type                Incr(ns)  Path(ns)    Netlist Resource(s)
  -------------------------------------------------------------------    -------------------
    SLICE_X63Y78                                      0.000     0.000 r  protection_system_i/protection_ip_axi_lite_0/inst/u_adc_sample_cdc_bridge/u_fifo/mem_reg[2][27]/C
    SLICE_X63Y78         FDRE (Prop_fdre_C_Q)         0.456     0.456 r  protection_system_i/protection_ip_axi_lite_0/inst/u_adc_sample_cdc_bridge/u_fifo/mem_reg[2][27]/Q
                         net (fo=1, routed)           0.720     1.176    protection_system_i/protection_ip_axi_lite_0/inst/u_adc_sample_cdc_bridge/u_fifo/mem_reg[2][27]
    SLICE_X64Y77         LUT6 (Prop_lut6_I1_O)        0.124     1.300 r  protection_system_i/protection_ip_axi_lite_0/inst/u_adc_sample_cdc_bridge/u_fifo/rd_data[27]_INST_0_i_1/O
                         net (fo=1, routed)           0.000     1.300    protection_system_i/protection_ip_axi_lite_0/inst/u_adc_sample_cdc_bridge/u_fifo/rd_data[27]_INST_0_i_1_n_0
    SLICE_X64Y77         MUXF7 (Prop_muxf7_I0_O)      0.212     1.512 r  protection_system_i/protection_ip_axi_lite_0/inst/u_adc_sample_cdc_bridge/u_fifo/rd_data[27]_INST_0/O
                         net (fo=1, routed)           0.747     2.259    protection_system_i/protection_ip_axi_lite_0/inst/u_adc_sample_cdc_bridge/u_fifo_n_32
    SLICE_X64Y79         LUT3 (Prop_lut3_I1_O)        0.299     2.558 r  protection_system_i/protection_ip_axi_lite_0/inst/u_adc_sample_cdc_bridge/destination_data[27]_i_1/O
                         net (fo=1, routed)           0.000     2.558    protection_system_i/protection_ip_axi_lite_0/inst/u_adc_sample_cdc_bridge/destination_data[27]_i_1_n_0
    SLICE_X64Y79         FDCE                                         r  protection_system_i/protection_ip_axi_lite_0/inst/u_adc_sample_cdc_bridge/destination_data_reg[27]/D
  -------------------------------------------------------------------    -------------------

                         max delay                    8.000     8.000    
    SLICE_X64Y79         FDCE (Setup_fdce_C_D)        0.029     8.029    protection_system_i/protection_ip_axi_lite_0/inst/u_adc_sample_cdc_bridge/destination_data_reg[27]
  -------------------------------------------------------------------
                         required time                          8.029    
                         arrival time                          -2.558    
  -------------------------------------------------------------------
                         slack                                  5.471    

Slack (MET) :             5.483ns  (required time - arrival time)
  Source:                 protection_system_i/protection_ip_axi_lite_0/inst/u_adc_sample_cdc_bridge/u_fifo/mem_reg[2][41]/C
                            (rising edge-triggered cell FDRE clocked by clk_fpga_1  {rise@0.000ns fall@4.000ns period=8.000ns})
  Destination:            protection_system_i/protection_ip_axi_lite_0/inst/u_adc_sample_cdc_bridge/destination_data_reg[41]/D
                            (rising edge-triggered cell FDCE clocked by clk_fpga_0  {rise@0.000ns fall@5.000ns period=10.000ns})
  Path Group:             clk_fpga_0
  Path Type:              Setup (Max at Slow Process Corner)
  Requirement:            8.000ns  (MaxDelay Path 8.000ns)
  Data Path Delay:        2.546ns  (logic 1.252ns (49.176%)  route 1.294ns (50.824%))
  Logic Levels:           3  (LUT3=1 LUT6=1 MUXF7=1)
  Timing Exception:       MaxDelay Path 8.000ns -datapath_only

    Location             Delay type                Incr(ns)  Path(ns)    Netlist Resource(s)
  -------------------------------------------------------------------    -------------------
    SLICE_X84Y92                                      0.000     0.000 r  protection_system_i/protection_ip_axi_lite_0/inst/u_adc_sample_cdc_bridge/u_fifo/mem_reg[2][41]/C
    SLICE_X84Y92         FDRE (Prop_fdre_C_Q)         0.419     0.419 r  protection_system_i/protection_ip_axi_lite_0/inst/u_adc_sample_cdc_bridge/u_fifo/mem_reg[2][41]/Q
                         net (fo=1, routed)           0.718     1.137    protection_system_i/protection_ip_axi_lite_0/inst/u_adc_sample_cdc_bridge/u_fifo/mem_reg[2][41]
    SLICE_X84Y93         LUT6 (Prop_lut6_I1_O)        0.297     1.434 r  protection_system_i/protection_ip_axi_lite_0/inst/u_adc_sample_cdc_bridge/u_fifo/rd_data[41]_INST_0_i_1/O
                         net (fo=1, routed)           0.000     1.434    protection_system_i/protection_ip_axi_lite_0/inst/u_adc_sample_cdc_bridge/u_fifo/rd_data[41]_INST_0_i_1_n_0
    SLICE_X84Y93         MUXF7 (Prop_muxf7_I0_O)      0.238     1.672 r  protection_system_i/protection_ip_axi_lite_0/inst/u_adc_sample_cdc_bridge/u_fifo/rd_data[41]_INST_0/O
                         net (fo=1, routed)           0.576     2.248    protection_system_i/protection_ip_axi_lite_0/inst/u_adc_sample_cdc_bridge/u_fifo_n_18
    SLICE_X65Y92         LUT3 (Prop_lut3_I1_O)        0.298     2.546 r  protection_system_i/protection_ip_axi_lite_0/inst/u_adc_sample_cdc_bridge/destination_data[41]_i_1/O
                         net (fo=1, routed)           0.000     2.546    protection_system_i/protection_ip_axi_lite_0/inst/u_adc_sample_cdc_bridge/destination_data[41]_i_1_n_0
    SLICE_X65Y92         FDCE                                         r  protection_system_i/protection_ip_axi_lite_0/inst/u_adc_sample_cdc_bridge/destination_data_reg[41]/D
  -------------------------------------------------------------------    -------------------

                         max delay                    8.000     8.000    
    SLICE_X65Y92         FDCE (Setup_fdce_C_D)        0.029     8.029    protection_system_i/protection_ip_axi_lite_0/inst/u_adc_sample_cdc_bridge/destination_data_reg[41]
  -------------------------------------------------------------------
                         required time                          8.029    
                         arrival time                          -2.546    
  -------------------------------------------------------------------
                         slack                                  5.483    

Slack (MET) :             5.512ns  (required time - arrival time)
  Source:                 protection_system_i/protection_ip_axi_lite_0/inst/u_adc_sample_cdc_bridge/u_fifo/mem_reg[2][34]/C
                            (rising edge-triggered cell FDRE clocked by clk_fpga_1  {rise@0.000ns fall@4.000ns period=8.000ns})
  Destination:            protection_system_i/protection_ip_axi_lite_0/inst/u_adc_sample_cdc_bridge/destination_data_reg[34]/D
                            (rising edge-triggered cell FDCE clocked by clk_fpga_0  {rise@0.000ns fall@5.000ns period=10.000ns})
  Path Group:             clk_fpga_0
  Path Type:              Setup (Max at Slow Process Corner)
  Requirement:            8.000ns  (MaxDelay Path 8.000ns)
  Data Path Delay:        2.517ns  (logic 1.119ns (44.463%)  route 1.398ns (55.537%))
  Logic Levels:           3  (LUT3=1 LUT6=1 MUXF7=1)
  Timing Exception:       MaxDelay Path 8.000ns -datapath_only

    Location             Delay type                Incr(ns)  Path(ns)    Netlist Resource(s)
  -------------------------------------------------------------------    -------------------
    SLICE_X81Y83                                      0.000     0.000 r  protection_system_i/protection_ip_axi_lite_0/inst/u_adc_sample_cdc_bridge/u_fifo/mem_reg[2][34]/C
    SLICE_X81Y83         FDRE (Prop_fdre_C_Q)         0.456     0.456 r  protection_system_i/protection_ip_axi_lite_0/inst/u_adc_sample_cdc_bridge/u_fifo/mem_reg[2][34]/Q
                         net (fo=1, routed)           0.432     0.888    protection_system_i/protection_ip_axi_lite_0/inst/u_adc_sample_cdc_bridge/u_fifo/mem_reg[2][34]
    SLICE_X82Y82         LUT6 (Prop_lut6_I1_O)        0.124     1.012 r  protection_system_i/protection_ip_axi_lite_0/inst/u_adc_sample_cdc_bridge/u_fifo/rd_data[34]_INST_0_i_1/O
                         net (fo=1, routed)           0.000     1.012    protection_system_i/protection_ip_axi_lite_0/inst/u_adc_sample_cdc_bridge/u_fifo/rd_data[34]_INST_0_i_1_n_0
    SLICE_X82Y82         MUXF7 (Prop_muxf7_I0_O)      0.241     1.253 r  protection_system_i/protection_ip_axi_lite_0/inst/u_adc_sample_cdc_bridge/u_fifo/rd_data[34]_INST_0/O
                         net (fo=1, routed)           0.966     2.219    protection_system_i/protection_ip_axi_lite_0/inst/u_adc_sample_cdc_bridge/u_fifo_n_25
    SLICE_X67Y81         LUT3 (Prop_lut3_I1_O)        0.298     2.517 r  protection_system_i/protection_ip_axi_lite_0/inst/u_adc_sample_cdc_bridge/destination_data[34]_i_1/O
                         net (fo=1, routed)           0.000     2.517    protection_system_i/protection_ip_axi_lite_0/inst/u_adc_sample_cdc_bridge/destination_data[34]_i_1_n_0
    SLICE_X67Y81         FDCE                                         r  protection_system_i/protection_ip_axi_lite_0/inst/u_adc_sample_cdc_bridge/destination_data_reg[34]/D
  -------------------------------------------------------------------    -------------------

                         max delay                    8.000     8.000    
    SLICE_X67Y81         FDCE (Setup_fdce_C_D)        0.029     8.029    protection_system_i/protection_ip_axi_lite_0/inst/u_adc_sample_cdc_bridge/destination_data_reg[34]
  -------------------------------------------------------------------
                         required time                          8.029    
                         arrival time                          -2.517    
  -------------------------------------------------------------------
                         slack                                  5.512    

Slack (MET) :             5.530ns  (required time - arrival time)
  Source:                 protection_system_i/protection_ip_axi_lite_0/inst/u_adc_sample_cdc_bridge/u_fifo/mem_reg[2][24]/C
                            (rising edge-triggered cell FDRE clocked by clk_fpga_1  {rise@0.000ns fall@4.000ns period=8.000ns})
  Destination:            protection_system_i/protection_ip_axi_lite_0/inst/u_adc_sample_cdc_bridge/destination_data_reg[24]/D
                            (rising edge-triggered cell FDCE clocked by clk_fpga_0  {rise@0.000ns fall@5.000ns period=10.000ns})
  Path Group:             clk_fpga_0
  Path Type:              Setup (Max at Slow Process Corner)
  Requirement:            8.000ns  (MaxDelay Path 8.000ns)
  Data Path Delay:        2.499ns  (logic 1.091ns (43.664%)  route 1.408ns (56.336%))
  Logic Levels:           3  (LUT3=1 LUT6=1 MUXF7=1)
  Timing Exception:       MaxDelay Path 8.000ns -datapath_only

    Location             Delay type                Incr(ns)  Path(ns)    Netlist Resource(s)
  -------------------------------------------------------------------    -------------------
    SLICE_X63Y78                                      0.000     0.000 r  protection_system_i/protection_ip_axi_lite_0/inst/u_adc_sample_cdc_bridge/u_fifo/mem_reg[2][24]/C
    SLICE_X63Y78         FDRE (Prop_fdre_C_Q)         0.456     0.456 r  protection_system_i/protection_ip_axi_lite_0/inst/u_adc_sample_cdc_bridge/u_fifo/mem_reg[2][24]/Q
                         net (fo=1, routed)           0.582     1.038    protection_system_i/protection_ip_axi_lite_0/inst/u_adc_sample_cdc_bridge/u_fifo/mem_reg[2][24]
    SLICE_X64Y78         LUT6 (Prop_lut6_I1_O)        0.124     1.162 r  protection_system_i/protection_ip_axi_lite_0/inst/u_adc_sample_cdc_bridge/u_fifo/rd_data[24]_INST_0_i_1/O
                         net (fo=1, routed)           0.000     1.162    protection_system_i/protection_ip_axi_lite_0/inst/u_adc_sample_cdc_bridge/u_fifo/rd_data[24]_INST_0_i_1_n_0
    SLICE_X64Y78         MUXF7 (Prop_muxf7_I0_O)      0.212     1.374 r  protection_system_i/protection_ip_axi_lite_0/inst/u_adc_sample_cdc_bridge/u_fifo/rd_data[24]_INST_0/O
                         net (fo=1, routed)           0.826     2.200    protection_system_i/protection_ip_axi_lite_0/inst/u_adc_sample_cdc_bridge/u_fifo_n_35
    SLICE_X63Y79         LUT3 (Prop_lut3_I1_O)        0.299     2.499 r  protection_system_i/protection_ip_axi_lite_0/inst/u_adc_sample_cdc_bridge/destination_data[24]_i_1/O
                         net (fo=1, routed)           0.000     2.499    protection_system_i/protection_ip_axi_lite_0/inst/u_adc_sample_cdc_bridge/destination_data[24]_i_1_n_0
    SLICE_X63Y79         FDCE                                         r  protection_system_i/protection_ip_axi_lite_0/inst/u_adc_sample_cdc_bridge/destination_data_reg[24]/D
  -------------------------------------------------------------------    -------------------

                         max delay                    8.000     8.000    
    SLICE_X63Y79         FDCE (Setup_fdce_C_D)        0.029     8.029    protection_system_i/protection_ip_axi_lite_0/inst/u_adc_sample_cdc_bridge/destination_data_reg[24]
  -------------------------------------------------------------------
                         required time                          8.029    
                         arrival time                          -2.499    
  -------------------------------------------------------------------
                         slack                                  5.530    

Slack (MET) :             5.581ns  (required time - arrival time)
  Source:                 protection_system_i/protection_ip_axi_lite_0/inst/u_adc_sample_cdc_bridge/u_fifo/mem_reg[2][43]/C
                            (rising edge-triggered cell FDRE clocked by clk_fpga_1  {rise@0.000ns fall@4.000ns period=8.000ns})
  Destination:            protection_system_i/protection_ip_axi_lite_0/inst/u_adc_sample_cdc_bridge/destination_data_reg[43]/D
                            (rising edge-triggered cell FDCE clocked by clk_fpga_0  {rise@0.000ns fall@5.000ns period=10.000ns})
  Path Group:             clk_fpga_0
  Path Type:              Setup (Max at Slow Process Corner)
  Requirement:            8.000ns  (MaxDelay Path 8.000ns)
  Data Path Delay:        2.496ns  (logic 1.086ns (43.507%)  route 1.410ns (56.493%))
  Logic Levels:           3  (LUT3=1 LUT6=1 MUXF7=1)
  Timing Exception:       MaxDelay Path 8.000ns -datapath_only

    Location             Delay type                Incr(ns)  Path(ns)    Netlist Resource(s)
  -------------------------------------------------------------------    -------------------
    SLICE_X59Y97                                      0.000     0.000 r  protection_system_i/protection_ip_axi_lite_0/inst/u_adc_sample_cdc_bridge/u_fifo/mem_reg[2][43]/C
    SLICE_X59Y97         FDRE (Prop_fdre_C_Q)         0.456     0.456 r  protection_system_i/protection_ip_axi_lite_0/inst/u_adc_sample_cdc_bridge/u_fifo/mem_reg[2][43]/Q
                         net (fo=1, routed)           0.435     0.891    protection_system_i/protection_ip_axi_lite_0/inst/u_adc_sample_cdc_bridge/u_fifo/mem_reg[2][43]
    SLICE_X62Y97         LUT6 (Prop_lut6_I1_O)        0.124     1.015 r  protection_system_i/protection_ip_axi_lite_0/inst/u_adc_sample_cdc_bridge/u_fifo/rd_data[43]_INST_0_i_1/O
                         net (fo=1, routed)           0.000     1.015    protection_system_i/protection_ip_axi_lite_0/inst/u_adc_sample_cdc_bridge/u_fifo/rd_data[43]_INST_0_i_1_n_0
    SLICE_X62Y97         MUXF7 (Prop_muxf7_I0_O)      0.209     1.224 r  protection_system_i/protection_ip_axi_lite_0/inst/u_adc_sample_cdc_bridge/u_fifo/rd_data[43]_INST_0/O
                         net (fo=1, routed)           0.975     2.199    protection_system_i/protection_ip_axi_lite_0/inst/u_adc_sample_cdc_bridge/u_fifo_n_16
    SLICE_X62Y94         LUT3 (Prop_lut3_I1_O)        0.297     2.496 r  protection_system_i/protection_ip_axi_lite_0/inst/u_adc_sample_cdc_bridge/destination_data[43]_i_1/O
                         net (fo=1, routed)           0.000     2.496    protection_system_i/protection_ip_axi_lite_0/inst/u_adc_sample_cdc_bridge/destination_data[43]_i_1_n_0
    SLICE_X62Y94         FDCE                                         r  protection_system_i/protection_ip_axi_lite_0/inst/u_adc_sample_cdc_bridge/destination_data_reg[43]/D
  -------------------------------------------------------------------    -------------------

                         max delay                    8.000     8.000    
    SLICE_X62Y94         FDCE (Setup_fdce_C_D)        0.077     8.077    protection_system_i/protection_ip_axi_lite_0/inst/u_adc_sample_cdc_bridge/destination_data_reg[43]
  -------------------------------------------------------------------
                         required time                          8.077    
                         arrival time                          -2.496    
  -------------------------------------------------------------------
                         slack                                  5.581    

Slack (MET) :             5.613ns  (required time - arrival time)
  Source:                 protection_system_i/protection_ip_axi_lite_0/inst/u_adc_sample_cdc_bridge/u_fifo/mem_reg[2][17]/C
                            (rising edge-triggered cell FDRE clocked by clk_fpga_1  {rise@0.000ns fall@4.000ns period=8.000ns})
  Destination:            protection_system_i/protection_ip_axi_lite_0/inst/u_adc_sample_cdc_bridge/destination_data_reg[17]/D
                            (rising edge-triggered cell FDCE clocked by clk_fpga_0  {rise@0.000ns fall@5.000ns period=10.000ns})
  Path Group:             clk_fpga_0
  Path Type:              Setup (Max at Slow Process Corner)
  Requirement:            8.000ns  (MaxDelay Path 8.000ns)
  Data Path Delay:        2.418ns  (logic 1.091ns (45.126%)  route 1.327ns (54.874%))
  Logic Levels:           3  (LUT3=1 LUT6=1 MUXF7=1)
  Timing Exception:       MaxDelay Path 8.000ns -datapath_only

    Location             Delay type                Incr(ns)  Path(ns)    Netlist Resource(s)
  -------------------------------------------------------------------    -------------------
    SLICE_X52Y74                                      0.000     0.000 r  protection_system_i/protection_ip_axi_lite_0/inst/u_adc_sample_cdc_bridge/u_fifo/mem_reg[2][17]/C
    SLICE_X52Y74         FDRE (Prop_fdre_C_Q)         0.456     0.456 r  protection_system_i/protection_ip_axi_lite_0/inst/u_adc_sample_cdc_bridge/u_fifo/mem_reg[2][17]/Q
                         net (fo=1, routed)           0.444     0.900    protection_system_i/protection_ip_axi_lite_0/inst/u_adc_sample_cdc_bridge/u_fifo/mem_reg[2][17]
    SLICE_X51Y75         LUT6 (Prop_lut6_I1_O)        0.124     1.024 r  protection_system_i/protection_ip_axi_lite_0/inst/u_adc_sample_cdc_bridge/u_fifo/rd_data[17]_INST_0_i_1/O
                         net (fo=1, routed)           0.000     1.024    protection_system_i/protection_ip_axi_lite_0/inst/u_adc_sample_cdc_bridge/u_fifo/rd_data[17]_INST_0_i_1_n_0
    SLICE_X51Y75         MUXF7 (Prop_muxf7_I0_O)      0.212     1.236 r  protection_system_i/protection_ip_axi_lite_0/inst/u_adc_sample_cdc_bridge/u_fifo/rd_data[17]_INST_0/O
                         net (fo=1, routed)           0.883     2.119    protection_system_i/protection_ip_axi_lite_0/inst/u_adc_sample_cdc_bridge/u_fifo_n_42
    SLICE_X48Y79         LUT3 (Prop_lut3_I1_O)        0.299     2.418 r  protection_system_i/protection_ip_axi_lite_0/inst/u_adc_sample_cdc_bridge/destination_data[17]_i_1/O
                         net (fo=1, routed)           0.000     2.418    protection_system_i/protection_ip_axi_lite_0/inst/u_adc_sample_cdc_bridge/destination_data[17]_i_1_n_0
    SLICE_X48Y79         FDCE                                         r  protection_system_i/protection_ip_axi_lite_0/inst/u_adc_sample_cdc_bridge/destination_data_reg[17]/D
  -------------------------------------------------------------------    -------------------

                         max delay                    8.000     8.000    
    SLICE_X48Y79         FDCE (Setup_fdce_C_D)        0.031     8.031    protection_system_i/protection_ip_axi_lite_0/inst/u_adc_sample_cdc_bridge/destination_data_reg[17]
  -------------------------------------------------------------------
                         required time                          8.031    
                         arrival time                          -2.418    
  -------------------------------------------------------------------
                         slack                                  5.613    

Slack (MET) :             5.615ns  (required time - arrival time)
  Source:                 protection_system_i/protection_ip_axi_lite_0/inst/u_adc_sample_cdc_bridge/u_fifo/mem_reg[2][32]/C
                            (rising edge-triggered cell FDRE clocked by clk_fpga_1  {rise@0.000ns fall@4.000ns period=8.000ns})
  Destination:            protection_system_i/protection_ip_axi_lite_0/inst/u_adc_sample_cdc_bridge/destination_data_reg[32]/D
                            (rising edge-triggered cell FDCE clocked by clk_fpga_0  {rise@0.000ns fall@5.000ns period=10.000ns})
  Path Group:             clk_fpga_0
  Path Type:              Setup (Max at Slow Process Corner)
  Requirement:            8.000ns  (MaxDelay Path 8.000ns)
  Data Path Delay:        2.414ns  (logic 1.119ns (46.351%)  route 1.295ns (53.649%))
  Logic Levels:           3  (LUT3=1 LUT6=1 MUXF7=1)
  Timing Exception:       MaxDelay Path 8.000ns -datapath_only

    Location             Delay type                Incr(ns)  Path(ns)    Netlist Resource(s)
  -------------------------------------------------------------------    -------------------
    SLICE_X65Y79                                      0.000     0.000 r  protection_system_i/protection_ip_axi_lite_0/inst/u_adc_sample_cdc_bridge/u_fifo/mem_reg[2][32]/C
    SLICE_X65Y79         FDRE (Prop_fdre_C_Q)         0.456     0.456 r  protection_system_i/protection_ip_axi_lite_0/inst/u_adc_sample_cdc_bridge/u_fifo/mem_reg[2][32]/Q
                         net (fo=1, routed)           0.562     1.018    protection_system_i/protection_ip_axi_lite_0/inst/u_adc_sample_cdc_bridge/u_fifo/mem_reg[2][32]
    SLICE_X66Y79         LUT6 (Prop_lut6_I1_O)        0.124     1.142 r  protection_system_i/protection_ip_axi_lite_0/inst/u_adc_sample_cdc_bridge/u_fifo/rd_data[32]_INST_0_i_1/O
                         net (fo=1, routed)           0.000     1.142    protection_system_i/protection_ip_axi_lite_0/inst/u_adc_sample_cdc_bridge/u_fifo/rd_data[32]_INST_0_i_1_n_0
    SLICE_X66Y79         MUXF7 (Prop_muxf7_I0_O)      0.241     1.383 r  protection_system_i/protection_ip_axi_lite_0/inst/u_adc_sample_cdc_bridge/u_fifo/rd_data[32]_INST_0/O
                         net (fo=1, routed)           0.733     2.116    protection_system_i/protection_ip_axi_lite_0/inst/u_adc_sample_cdc_bridge/u_fifo_n_27
    SLICE_X63Y80         LUT3 (Prop_lut3_I1_O)        0.298     2.414 r  protection_system_i/protection_ip_axi_lite_0/inst/u_adc_sample_cdc_bridge/destination_data[32]_i_1/O
                         net (fo=1, routed)           0.000     2.414    protection_system_i/protection_ip_axi_lite_0/inst/u_adc_sample_cdc_bridge/destination_data[32]_i_1_n_0
    SLICE_X63Y80         FDCE                                         r  protection_system_i/protection_ip_axi_lite_0/inst/u_adc_sample_cdc_bridge/destination_data_reg[32]/D
  -------------------------------------------------------------------    -------------------

                         max delay                    8.000     8.000    
    SLICE_X63Y80         FDCE (Setup_fdce_C_D)        0.029     8.029    protection_system_i/protection_ip_axi_lite_0/inst/u_adc_sample_cdc_bridge/destination_data_reg[32]
  -------------------------------------------------------------------
                         required time                          8.029    
                         arrival time                          -2.414    
  -------------------------------------------------------------------
                         slack                                  5.615    

Slack (MET) :             5.633ns  (required time - arrival time)
  Source:                 protection_system_i/protection_ip_axi_lite_0/inst/u_adc_sample_cdc_bridge/u_fifo/mem_reg[2][29]/C
                            (rising edge-triggered cell FDRE clocked by clk_fpga_1  {rise@0.000ns fall@4.000ns period=8.000ns})
  Destination:            protection_system_i/protection_ip_axi_lite_0/inst/u_adc_sample_cdc_bridge/destination_data_reg[29]/D
                            (rising edge-triggered cell FDCE clocked by clk_fpga_0  {rise@0.000ns fall@5.000ns period=10.000ns})
  Path Group:             clk_fpga_0
  Path Type:              Setup (Max at Slow Process Corner)
  Requirement:            8.000ns  (MaxDelay Path 8.000ns)
  Data Path Delay:        2.396ns  (logic 1.224ns (51.077%)  route 1.172ns (48.923%))
  Logic Levels:           3  (LUT3=1 LUT6=1 MUXF7=1)
  Timing Exception:       MaxDelay Path 8.000ns -datapath_only

    Location             Delay type                Incr(ns)  Path(ns)    Netlist Resource(s)
  -------------------------------------------------------------------    -------------------
    SLICE_X63Y78                                      0.000     0.000 r  protection_system_i/protection_ip_axi_lite_0/inst/u_adc_sample_cdc_bridge/u_fifo/mem_reg[2][29]/C
    SLICE_X63Y78         FDRE (Prop_fdre_C_Q)         0.419     0.419 r  protection_system_i/protection_ip_axi_lite_0/inst/u_adc_sample_cdc_bridge/u_fifo/mem_reg[2][29]/Q
                         net (fo=1, routed)           0.307     0.726    protection_system_i/protection_ip_axi_lite_0/inst/u_adc_sample_cdc_bridge/u_fifo/mem_reg[2][29]
    SLICE_X62Y77         LUT6 (Prop_lut6_I1_O)        0.299     1.025 r  protection_system_i/protection_ip_axi_lite_0/inst/u_adc_sample_cdc_bridge/u_fifo/rd_data[29]_INST_0_i_1/O
                         net (fo=1, routed)           0.000     1.025    protection_system_i/protection_ip_axi_lite_0/inst/u_adc_sample_cdc_bridge/u_fifo/rd_data[29]_INST_0_i_1_n_0
    SLICE_X62Y77         MUXF7 (Prop_muxf7_I0_O)      0.209     1.234 r  protection_system_i/protection_ip_axi_lite_0/inst/u_adc_sample_cdc_bridge/u_fifo/rd_data[29]_INST_0/O
                         net (fo=1, routed)           0.866     2.099    protection_system_i/protection_ip_axi_lite_0/inst/u_adc_sample_cdc_bridge/u_fifo_n_30
    SLICE_X61Y80         LUT3 (Prop_lut3_I1_O)        0.297     2.396 r  protection_system_i/protection_ip_axi_lite_0/inst/u_adc_sample_cdc_bridge/destination_data[29]_i_1/O
                         net (fo=1, routed)           0.000     2.396    protection_system_i/protection_ip_axi_lite_0/inst/u_adc_sample_cdc_bridge/destination_data[29]_i_1_n_0
    SLICE_X61Y80         FDCE                                         r  protection_system_i/protection_ip_axi_lite_0/inst/u_adc_sample_cdc_bridge/destination_data_reg[29]/D
  -------------------------------------------------------------------    -------------------

                         max delay                    8.000     8.000    
    SLICE_X61Y80         FDCE (Setup_fdce_C_D)        0.029     8.029    protection_system_i/protection_ip_axi_lite_0/inst/u_adc_sample_cdc_bridge/destination_data_reg[29]
  -------------------------------------------------------------------
                         required time                          8.029    
                         arrival time                          -2.396    
  -------------------------------------------------------------------
                         slack                                  5.633    

Slack (MET) :             5.640ns  (required time - arrival time)
  Source:                 protection_system_i/protection_ip_axi_lite_0/inst/u_adc_sample_cdc_bridge/u_fifo/mem_reg[2][28]/C
                            (rising edge-triggered cell FDRE clocked by clk_fpga_1  {rise@0.000ns fall@4.000ns period=8.000ns})
  Destination:            protection_system_i/protection_ip_axi_lite_0/inst/u_adc_sample_cdc_bridge/destination_data_reg[28]/D
                            (rising edge-triggered cell FDCE clocked by clk_fpga_0  {rise@0.000ns fall@5.000ns period=10.000ns})
  Path Group:             clk_fpga_0
  Path Type:              Setup (Max at Slow Process Corner)
  Requirement:            8.000ns  (MaxDelay Path 8.000ns)
  Data Path Delay:        2.391ns  (logic 1.086ns (45.421%)  route 1.305ns (54.579%))
  Logic Levels:           3  (LUT3=1 LUT6=1 MUXF7=1)
  Timing Exception:       MaxDelay Path 8.000ns -datapath_only

    Location             Delay type                Incr(ns)  Path(ns)    Netlist Resource(s)
  -------------------------------------------------------------------    -------------------
    SLICE_X63Y78                                      0.000     0.000 r  protection_system_i/protection_ip_axi_lite_0/inst/u_adc_sample_cdc_bridge/u_fifo/mem_reg[2][28]/C
    SLICE_X63Y78         FDRE (Prop_fdre_C_Q)         0.456     0.456 r  protection_system_i/protection_ip_axi_lite_0/inst/u_adc_sample_cdc_bridge/u_fifo/mem_reg[2][28]/Q
                         net (fo=1, routed)           0.849     1.305    protection_system_i/protection_ip_axi_lite_0/inst/u_adc_sample_cdc_bridge/u_fifo/mem_reg[2][28]
    SLICE_X62Y79         LUT6 (Prop_lut6_I1_O)        0.124     1.429 r  protection_system_i/protection_ip_axi_lite_0/inst/u_adc_sample_cdc_bridge/u_fifo/rd_data[28]_INST_0_i_1/O
                         net (fo=1, routed)           0.000     1.429    protection_system_i/protection_ip_axi_lite_0/inst/u_adc_sample_cdc_bridge/u_fifo/rd_data[28]_INST_0_i_1_n_0
    SLICE_X62Y79         MUXF7 (Prop_muxf7_I0_O)      0.209     1.638 r  protection_system_i/protection_ip_axi_lite_0/inst/u_adc_sample_cdc_bridge/u_fifo/rd_data[28]_INST_0/O
                         net (fo=1, routed)           0.455     2.094    protection_system_i/protection_ip_axi_lite_0/inst/u_adc_sample_cdc_bridge/u_fifo_n_31
    SLICE_X63Y79         LUT3 (Prop_lut3_I1_O)        0.297     2.391 r  protection_system_i/protection_ip_axi_lite_0/inst/u_adc_sample_cdc_bridge/destination_data[28]_i_1/O
                         net (fo=1, routed)           0.000     2.391    protection_system_i/protection_ip_axi_lite_0/inst/u_adc_sample_cdc_bridge/destination_data[28]_i_1_n_0
    SLICE_X63Y79         FDCE                                         r  protection_system_i/protection_ip_axi_lite_0/inst/u_adc_sample_cdc_bridge/destination_data_reg[28]/D
  -------------------------------------------------------------------    -------------------

                         max delay                    8.000     8.000    
    SLICE_X63Y79         FDCE (Setup_fdce_C_D)        0.031     8.031    protection_system_i/protection_ip_axi_lite_0/inst/u_adc_sample_cdc_bridge/destination_data_reg[28]
  -------------------------------------------------------------------
                         required time                          8.031    
                         arrival time                          -2.391    
  -------------------------------------------------------------------
                         slack                                  5.640    

Slack (MET) :             5.655ns  (required time - arrival time)
  Source:                 protection_system_i/protection_ip_axi_lite_0/inst/u_adc_sample_cdc_bridge/u_fifo/mem_reg[2][15]/C
                            (rising edge-triggered cell FDRE clocked by clk_fpga_1  {rise@0.000ns fall@4.000ns period=8.000ns})
  Destination:            protection_system_i/protection_ip_axi_lite_0/inst/u_adc_sample_cdc_bridge/destination_data_reg[15]/D
                            (rising edge-triggered cell FDCE clocked by clk_fpga_0  {rise@0.000ns fall@5.000ns period=10.000ns})
  Path Group:             clk_fpga_0
  Path Type:              Setup (Max at Slow Process Corner)
  Requirement:            8.000ns  (MaxDelay Path 8.000ns)
  Data Path Delay:        2.376ns  (logic 1.091ns (45.923%)  route 1.285ns (54.077%))
  Logic Levels:           3  (LUT3=1 LUT6=1 MUXF7=1)
  Timing Exception:       MaxDelay Path 8.000ns -datapath_only

    Location             Delay type                Incr(ns)  Path(ns)    Netlist Resource(s)
  -------------------------------------------------------------------    -------------------
    SLICE_X52Y74                                      0.000     0.000 r  protection_system_i/protection_ip_axi_lite_0/inst/u_adc_sample_cdc_bridge/u_fifo/mem_reg[2][15]/C
    SLICE_X52Y74         FDRE (Prop_fdre_C_Q)         0.456     0.456 r  protection_system_i/protection_ip_axi_lite_0/inst/u_adc_sample_cdc_bridge/u_fifo/mem_reg[2][15]/Q
                         net (fo=1, routed)           0.453     0.909    protection_system_i/protection_ip_axi_lite_0/inst/u_adc_sample_cdc_bridge/u_fifo/mem_reg[2][15]
    SLICE_X52Y75         LUT6 (Prop_lut6_I1_O)        0.124     1.033 r  protection_system_i/protection_ip_axi_lite_0/inst/u_adc_sample_cdc_bridge/u_fifo/rd_data[15]_INST_0_i_1/O
                         net (fo=1, routed)           0.000     1.033    protection_system_i/protection_ip_axi_lite_0/inst/u_adc_sample_cdc_bridge/u_fifo/rd_data[15]_INST_0_i_1_n_0
    SLICE_X52Y75         MUXF7 (Prop_muxf7_I0_O)      0.212     1.245 r  protection_system_i/protection_ip_axi_lite_0/inst/u_adc_sample_cdc_bridge/u_fifo/rd_data[15]_INST_0/O
                         net (fo=1, routed)           0.832     2.077    protection_system_i/protection_ip_axi_lite_0/inst/u_adc_sample_cdc_bridge/u_fifo_n_44
    SLICE_X48Y79         LUT3 (Prop_lut3_I1_O)        0.299     2.376 r  protection_system_i/protection_ip_axi_lite_0/inst/u_adc_sample_cdc_bridge/destination_data[15]_i_1/O
                         net (fo=1, routed)           0.000     2.376    protection_system_i/protection_ip_axi_lite_0/inst/u_adc_sample_cdc_bridge/destination_data[15]_i_1_n_0
    SLICE_X48Y79         FDCE                                         r  protection_system_i/protection_ip_axi_lite_0/inst/u_adc_sample_cdc_bridge/destination_data_reg[15]/D
  -------------------------------------------------------------------    -------------------

                         max delay                    8.000     8.000    
    SLICE_X48Y79         FDCE (Setup_fdce_C_D)        0.031     8.031    protection_system_i/protection_ip_axi_lite_0/inst/u_adc_sample_cdc_bridge/destination_data_reg[15]
  -------------------------------------------------------------------
                         required time                          8.031    
                         arrival time                          -2.376    
  -------------------------------------------------------------------
                         slack                                  5.655    

Slack (MET) :             5.680ns  (required time - arrival time)
  Source:                 protection_system_i/protection_ip_axi_lite_0/inst/u_adc_sample_cdc_bridge/u_fifo/mem_reg[2][12]/C
                            (rising edge-triggered cell FDRE clocked by clk_fpga_1  {rise@0.000ns fall@4.000ns period=8.000ns})
  Destination:            protection_system_i/protection_ip_axi_lite_0/inst/u_adc_sample_cdc_bridge/destination_data_reg[12]/D
                            (rising edge-triggered cell FDCE clocked by clk_fpga_0  {rise@0.000ns fall@5.000ns period=10.000ns})
  Path Group:             clk_fpga_0
  Path Type:              Setup (Max at Slow Process Corner)
  Requirement:            8.000ns  (MaxDelay Path 8.000ns)
  Data Path Delay:        2.349ns  (logic 1.091ns (46.447%)  route 1.258ns (53.553%))
  Logic Levels:           3  (LUT3=1 LUT6=1 MUXF7=1)
  Timing Exception:       MaxDelay Path 8.000ns -datapath_only

    Location             Delay type                Incr(ns)  Path(ns)    Netlist Resource(s)
  -------------------------------------------------------------------    -------------------
    SLICE_X48Y75                                      0.000     0.000 r  protection_system_i/protection_ip_axi_lite_0/inst/u_adc_sample_cdc_bridge/u_fifo/mem_reg[2][12]/C
    SLICE_X48Y75         FDRE (Prop_fdre_C_Q)         0.456     0.456 r  protection_system_i/protection_ip_axi_lite_0/inst/u_adc_sample_cdc_bridge/u_fifo/mem_reg[2][12]/Q
                         net (fo=1, routed)           0.527     0.983    protection_system_i/protection_ip_axi_lite_0/inst/u_adc_sample_cdc_bridge/u_fifo/mem_reg[2][12]
    SLICE_X48Y74         LUT6 (Prop_lut6_I1_O)        0.124     1.107 r  protection_system_i/protection_ip_axi_lite_0/inst/u_adc_sample_cdc_bridge/u_fifo/rd_data[12]_INST_0_i_1/O
                         net (fo=1, routed)           0.000     1.107    protection_system_i/protection_ip_axi_lite_0/inst/u_adc_sample_cdc_bridge/u_fifo/rd_data[12]_INST_0_i_1_n_0
    SLICE_X48Y74         MUXF7 (Prop_muxf7_I0_O)      0.212     1.319 r  protection_system_i/protection_ip_axi_lite_0/inst/u_adc_sample_cdc_bridge/u_fifo/rd_data[12]_INST_0/O
                         net (fo=1, routed)           0.731     2.050    protection_system_i/protection_ip_axi_lite_0/inst/u_adc_sample_cdc_bridge/u_fifo_n_47
    SLICE_X49Y77         LUT3 (Prop_lut3_I1_O)        0.299     2.349 r  protection_system_i/protection_ip_axi_lite_0/inst/u_adc_sample_cdc_bridge/destination_data[12]_i_1/O
                         net (fo=1, routed)           0.000     2.349    protection_system_i/protection_ip_axi_lite_0/inst/u_adc_sample_cdc_bridge/destination_data[12]_i_1_n_0
    SLICE_X49Y77         FDCE                                         r  protection_system_i/protection_ip_axi_lite_0/inst/u_adc_sample_cdc_bridge/destination_data_reg[12]/D
  -------------------------------------------------------------------    -------------------

                         max delay                    8.000     8.000    
    SLICE_X49Y77         FDCE (Setup_fdce_C_D)        0.029     8.029    protection_system_i/protection_ip_axi_lite_0/inst/u_adc_sample_cdc_bridge/destination_data_reg[12]
  -------------------------------------------------------------------
                         required time                          8.029    
                         arrival time                          -2.349    
  -------------------------------------------------------------------
                         slack                                  5.680    

Slack (MET) :             5.685ns  (required time - arrival time)
  Source:                 protection_system_i/protection_ip_axi_lite_0/inst/u_adc_sample_cdc_bridge/u_fifo/mem_reg[2][44]/C
                            (rising edge-triggered cell FDRE clocked by clk_fpga_1  {rise@0.000ns fall@4.000ns period=8.000ns})
  Destination:            protection_system_i/protection_ip_axi_lite_0/inst/u_adc_sample_cdc_bridge/destination_data_reg[44]/D
                            (rising edge-triggered cell FDCE clocked by clk_fpga_0  {rise@0.000ns fall@5.000ns period=10.000ns})
  Path Group:             clk_fpga_0
  Path Type:              Setup (Max at Slow Process Corner)
  Requirement:            8.000ns  (MaxDelay Path 8.000ns)
  Data Path Delay:        2.344ns  (logic 1.091ns (46.547%)  route 1.253ns (53.453%))
  Logic Levels:           3  (LUT3=1 LUT6=1 MUXF7=1)
  Timing Exception:       MaxDelay Path 8.000ns -datapath_only

    Location             Delay type                Incr(ns)  Path(ns)    Netlist Resource(s)
  -------------------------------------------------------------------    -------------------
    SLICE_X65Y98                                      0.000     0.000 r  protection_system_i/protection_ip_axi_lite_0/inst/u_adc_sample_cdc_bridge/u_fifo/mem_reg[2][44]/C
    SLICE_X65Y98         FDRE (Prop_fdre_C_Q)         0.456     0.456 r  protection_system_i/protection_ip_axi_lite_0/inst/u_adc_sample_cdc_bridge/u_fifo/mem_reg[2][44]/Q
                         net (fo=1, routed)           0.280     0.736    protection_system_i/protection_ip_axi_lite_0/inst/u_adc_sample_cdc_bridge/u_fifo/mem_reg[2][44]
    SLICE_X64Y98         LUT6 (Prop_lut6_I1_O)        0.124     0.860 r  protection_system_i/protection_ip_axi_lite_0/inst/u_adc_sample_cdc_bridge/u_fifo/rd_data[44]_INST_0_i_1/O
                         net (fo=1, routed)           0.000     0.860    protection_system_i/protection_ip_axi_lite_0/inst/u_adc_sample_cdc_bridge/u_fifo/rd_data[44]_INST_0_i_1_n_0
    SLICE_X64Y98         MUXF7 (Prop_muxf7_I0_O)      0.212     1.072 r  protection_system_i/protection_ip_axi_lite_0/inst/u_adc_sample_cdc_bridge/u_fifo/rd_data[44]_INST_0/O
                         net (fo=1, routed)           0.973     2.045    protection_system_i/protection_ip_axi_lite_0/inst/u_adc_sample_cdc_bridge/u_fifo_n_15
    SLICE_X63Y95         LUT3 (Prop_lut3_I1_O)        0.299     2.344 r  protection_system_i/protection_ip_axi_lite_0/inst/u_adc_sample_cdc_bridge/destination_data[44]_i_1/O
                         net (fo=1, routed)           0.000     2.344    protection_system_i/protection_ip_axi_lite_0/inst/u_adc_sample_cdc_bridge/destination_data[44]_i_1_n_0
    SLICE_X63Y95         FDCE                                         r  protection_system_i/protection_ip_axi_lite_0/inst/u_adc_sample_cdc_bridge/destination_data_reg[44]/D
  -------------------------------------------------------------------    -------------------

                         max delay                    8.000     8.000    
    SLICE_X63Y95         FDCE (Setup_fdce_C_D)        0.029     8.029    protection_system_i/protection_ip_axi_lite_0/inst/u_adc_sample_cdc_bridge/destination_data_reg[44]
  -------------------------------------------------------------------
                         required time                          8.029    
                         arrival time                          -2.344    
  -------------------------------------------------------------------
                         slack                                  5.685    

Slack (MET) :             5.690ns  (required time - arrival time)
  Source:                 protection_system_i/protection_ip_axi_lite_0/inst/u_adc_sample_cdc_bridge/u_fifo/mem_reg[2][45]/C
                            (rising edge-triggered cell FDRE clocked by clk_fpga_1  {rise@0.000ns fall@4.000ns period=8.000ns})
  Destination:            protection_system_i/protection_ip_axi_lite_0/inst/u_adc_sample_cdc_bridge/destination_data_reg[45]/D
                            (rising edge-triggered cell FDCE clocked by clk_fpga_0  {rise@0.000ns fall@5.000ns period=10.000ns})
  Path Group:             clk_fpga_0
  Path Type:              Setup (Max at Slow Process Corner)
  Requirement:            8.000ns  (MaxDelay Path 8.000ns)
  Data Path Delay:        2.341ns  (logic 1.153ns (49.257%)  route 1.188ns (50.743%))
  Logic Levels:           3  (LUT3=1 LUT6=1 MUXF7=1)
  Timing Exception:       MaxDelay Path 8.000ns -datapath_only

    Location             Delay type                Incr(ns)  Path(ns)    Netlist Resource(s)
  -------------------------------------------------------------------    -------------------
    SLICE_X62Y100                                     0.000     0.000 r  protection_system_i/protection_ip_axi_lite_0/inst/u_adc_sample_cdc_bridge/u_fifo/mem_reg[2][45]/C
    SLICE_X62Y100        FDRE (Prop_fdre_C_Q)         0.518     0.518 r  protection_system_i/protection_ip_axi_lite_0/inst/u_adc_sample_cdc_bridge/u_fifo/mem_reg[2][45]/Q
                         net (fo=1, routed)           0.265     0.783    protection_system_i/protection_ip_axi_lite_0/inst/u_adc_sample_cdc_bridge/u_fifo/mem_reg[2][45]
    SLICE_X63Y100        LUT6 (Prop_lut6_I1_O)        0.124     0.907 r  protection_system_i/protection_ip_axi_lite_0/inst/u_adc_sample_cdc_bridge/u_fifo/rd_data[45]_INST_0_i_1/O
                         net (fo=1, routed)           0.000     0.907    protection_system_i/protection_ip_axi_lite_0/inst/u_adc_sample_cdc_bridge/u_fifo/rd_data[45]_INST_0_i_1_n_0
    SLICE_X63Y100        MUXF7 (Prop_muxf7_I0_O)      0.212     1.119 r  protection_system_i/protection_ip_axi_lite_0/inst/u_adc_sample_cdc_bridge/u_fifo/rd_data[45]_INST_0/O
                         net (fo=1, routed)           0.923     2.042    protection_system_i/protection_ip_axi_lite_0/inst/u_adc_sample_cdc_bridge/u_fifo_n_14
    SLICE_X63Y95         LUT3 (Prop_lut3_I1_O)        0.299     2.341 r  protection_system_i/protection_ip_axi_lite_0/inst/u_adc_sample_cdc_bridge/destination_data[45]_i_1/O
                         net (fo=1, routed)           0.000     2.341    protection_system_i/protection_ip_axi_lite_0/inst/u_adc_sample_cdc_bridge/destination_data[45]_i_1_n_0
    SLICE_X63Y95         FDCE                                         r  protection_system_i/protection_ip_axi_lite_0/inst/u_adc_sample_cdc_bridge/destination_data_reg[45]/D
  -------------------------------------------------------------------    -------------------

                         max delay                    8.000     8.000    
    SLICE_X63Y95         FDCE (Setup_fdce_C_D)        0.031     8.031    protection_system_i/protection_ip_axi_lite_0/inst/u_adc_sample_cdc_bridge/destination_data_reg[45]
  -------------------------------------------------------------------
                         required time                          8.031    
                         arrival time                          -2.341    
  -------------------------------------------------------------------
                         slack                                  5.690    

Slack (MET) :             5.704ns  (required time - arrival time)
  Source:                 protection_system_i/protection_ip_axi_lite_0/inst/u_adc_sample_cdc_bridge/u_fifo/mem_reg[2][47]/C
                            (rising edge-triggered cell FDRE clocked by clk_fpga_1  {rise@0.000ns fall@4.000ns period=8.000ns})
  Destination:            protection_system_i/protection_ip_axi_lite_0/inst/u_adc_sample_cdc_bridge/destination_data_reg[47]/D
                            (rising edge-triggered cell FDCE clocked by clk_fpga_0  {rise@0.000ns fall@5.000ns period=10.000ns})
  Path Group:             clk_fpga_0
  Path Type:              Setup (Max at Slow Process Corner)
  Requirement:            8.000ns  (MaxDelay Path 8.000ns)
  Data Path Delay:        2.327ns  (logic 1.091ns (46.879%)  route 1.236ns (53.121%))
  Logic Levels:           3  (LUT3=1 LUT6=1 MUXF7=1)
  Timing Exception:       MaxDelay Path 8.000ns -datapath_only

    Location             Delay type                Incr(ns)  Path(ns)    Netlist Resource(s)
  -------------------------------------------------------------------    -------------------
    SLICE_X65Y96                                      0.000     0.000 r  protection_system_i/protection_ip_axi_lite_0/inst/u_adc_sample_cdc_bridge/u_fifo/mem_reg[2][47]/C
    SLICE_X65Y96         FDRE (Prop_fdre_C_Q)         0.456     0.456 r  protection_system_i/protection_ip_axi_lite_0/inst/u_adc_sample_cdc_bridge/u_fifo/mem_reg[2][47]/Q
                         net (fo=1, routed)           0.661     1.117    protection_system_i/protection_ip_axi_lite_0/inst/u_adc_sample_cdc_bridge/u_fifo/mem_reg[2][47]
    SLICE_X63Y97         LUT6 (Prop_lut6_I1_O)        0.124     1.241 r  protection_system_i/protection_ip_axi_lite_0/inst/u_adc_sample_cdc_bridge/u_fifo/rd_data[47]_INST_0_i_1/O
                         net (fo=1, routed)           0.000     1.241    protection_system_i/protection_ip_axi_lite_0/inst/u_adc_sample_cdc_bridge/u_fifo/rd_data[47]_INST_0_i_1_n_0
    SLICE_X63Y97         MUXF7 (Prop_muxf7_I0_O)      0.212     1.453 r  protection_system_i/protection_ip_axi_lite_0/inst/u_adc_sample_cdc_bridge/u_fifo/rd_data[47]_INST_0/O
                         net (fo=1, routed)           0.575     2.028    protection_system_i/protection_ip_axi_lite_0/inst/u_adc_sample_cdc_bridge/u_fifo_n_12
    SLICE_X63Y95         LUT3 (Prop_lut3_I1_O)        0.299     2.327 r  protection_system_i/protection_ip_axi_lite_0/inst/u_adc_sample_cdc_bridge/destination_data[47]_i_1/O
                         net (fo=1, routed)           0.000     2.327    protection_system_i/protection_ip_axi_lite_0/inst/u_adc_sample_cdc_bridge/destination_data[47]_i_1_n_0
    SLICE_X63Y95         FDCE                                         r  protection_system_i/protection_ip_axi_lite_0/inst/u_adc_sample_cdc_bridge/destination_data_reg[47]/D
  -------------------------------------------------------------------    -------------------

                         max delay                    8.000     8.000    
    SLICE_X63Y95         FDCE (Setup_fdce_C_D)        0.031     8.031    protection_system_i/protection_ip_axi_lite_0/inst/u_adc_sample_cdc_bridge/destination_data_reg[47]
  -------------------------------------------------------------------
                         required time                          8.031    
                         arrival time                          -2.327    
  -------------------------------------------------------------------
                         slack                                  5.704    

Slack (MET) :             5.720ns  (required time - arrival time)
  Source:                 protection_system_i/protection_ip_axi_lite_0/inst/u_adc_sample_cdc_bridge/u_fifo/mem_reg[2][48]/C
                            (rising edge-triggered cell FDRE clocked by clk_fpga_1  {rise@0.000ns fall@4.000ns period=8.000ns})
  Destination:            protection_system_i/protection_ip_axi_lite_0/inst/u_adc_sample_cdc_bridge/destination_data_reg[48]/D
                            (rising edge-triggered cell FDCE clocked by clk_fpga_0  {rise@0.000ns fall@5.000ns period=10.000ns})
  Path Group:             clk_fpga_0
  Path Type:              Setup (Max at Slow Process Corner)
  Requirement:            8.000ns  (MaxDelay Path 8.000ns)
  Data Path Delay:        2.309ns  (logic 1.178ns (51.009%)  route 1.131ns (48.991%))
  Logic Levels:           3  (LUT3=1 LUT6=1 MUXF7=1)
  Timing Exception:       MaxDelay Path 8.000ns -datapath_only

    Location             Delay type                Incr(ns)  Path(ns)    Netlist Resource(s)
  -------------------------------------------------------------------    -------------------
    SLICE_X62Y100                                     0.000     0.000 r  protection_system_i/protection_ip_axi_lite_0/inst/u_adc_sample_cdc_bridge/u_fifo/mem_reg[2][48]/C
    SLICE_X62Y100        FDRE (Prop_fdre_C_Q)         0.518     0.518 r  protection_system_i/protection_ip_axi_lite_0/inst/u_adc_sample_cdc_bridge/u_fifo/mem_reg[2][48]/Q
                         net (fo=1, routed)           0.433     0.951    protection_system_i/protection_ip_axi_lite_0/inst/u_adc_sample_cdc_bridge/u_fifo/mem_reg[2][48]
    SLICE_X63Y100        LUT6 (Prop_lut6_I1_O)        0.124     1.075 r  protection_system_i/protection_ip_axi_lite_0/inst/u_adc_sample_cdc_bridge/u_fifo/rd_data[48]_INST_0_i_1/O
                         net (fo=1, routed)           0.000     1.075    protection_system_i/protection_ip_axi_lite_0/inst/u_adc_sample_cdc_bridge/u_fifo/rd_data[48]_INST_0_i_1_n_0
    SLICE_X63Y100        MUXF7 (Prop_muxf7_I0_O)      0.238     1.313 r  protection_system_i/protection_ip_axi_lite_0/inst/u_adc_sample_cdc_bridge/u_fifo/rd_data[48]_INST_0/O
                         net (fo=1, routed)           0.698     2.011    protection_system_i/protection_ip_axi_lite_0/inst/u_adc_sample_cdc_bridge/u_fifo_n_11
    SLICE_X63Y94         LUT3 (Prop_lut3_I1_O)        0.298     2.309 r  protection_system_i/protection_ip_axi_lite_0/inst/u_adc_sample_cdc_bridge/destination_data[48]_i_1/O
                         net (fo=1, routed)           0.000     2.309    protection_system_i/protection_ip_axi_lite_0/inst/u_adc_sample_cdc_bridge/destination_data[48]_i_1_n_0
    SLICE_X63Y94         FDCE                                         r  protection_system_i/protection_ip_axi_lite_0/inst/u_adc_sample_cdc_bridge/destination_data_reg[48]/D
  -------------------------------------------------------------------    -------------------

                         max delay                    8.000     8.000    
    SLICE_X63Y94         FDCE (Setup_fdce_C_D)        0.029     8.029    protection_system_i/protection_ip_axi_lite_0/inst/u_adc_sample_cdc_bridge/destination_data_reg[48]
  -------------------------------------------------------------------
                         required time                          8.029    
                         arrival time                          -2.309    
  -------------------------------------------------------------------
                         slack                                  5.720    

Slack (MET) :             5.734ns  (required time - arrival time)
  Source:                 protection_system_i/protection_ip_axi_lite_0/inst/u_adc_sample_cdc_bridge/u_fifo/mem_reg[2][30]/C
                            (rising edge-triggered cell FDRE clocked by clk_fpga_1  {rise@0.000ns fall@4.000ns period=8.000ns})
  Destination:            protection_system_i/protection_ip_axi_lite_0/inst/u_adc_sample_cdc_bridge/destination_data_reg[30]/D
                            (rising edge-triggered cell FDCE clocked by clk_fpga_0  {rise@0.000ns fall@5.000ns period=10.000ns})
  Path Group:             clk_fpga_0
  Path Type:              Setup (Max at Slow Process Corner)
  Requirement:            8.000ns  (MaxDelay Path 8.000ns)
  Data Path Delay:        2.297ns  (logic 1.226ns (53.384%)  route 1.071ns (46.616%))
  Logic Levels:           3  (LUT3=1 LUT6=1 MUXF7=1)
  Timing Exception:       MaxDelay Path 8.000ns -datapath_only

    Location             Delay type                Incr(ns)  Path(ns)    Netlist Resource(s)
  -------------------------------------------------------------------    -------------------
    SLICE_X63Y78                                      0.000     0.000 r  protection_system_i/protection_ip_axi_lite_0/inst/u_adc_sample_cdc_bridge/u_fifo/mem_reg[2][30]/C
    SLICE_X63Y78         FDRE (Prop_fdre_C_Q)         0.419     0.419 r  protection_system_i/protection_ip_axi_lite_0/inst/u_adc_sample_cdc_bridge/u_fifo/mem_reg[2][30]/Q
                         net (fo=1, routed)           0.289     0.708    protection_system_i/protection_ip_axi_lite_0/inst/u_adc_sample_cdc_bridge/u_fifo/mem_reg[2][30]
    SLICE_X61Y78         LUT6 (Prop_lut6_I1_O)        0.296     1.004 r  protection_system_i/protection_ip_axi_lite_0/inst/u_adc_sample_cdc_bridge/u_fifo/rd_data[30]_INST_0_i_1/O
                         net (fo=1, routed)           0.000     1.004    protection_system_i/protection_ip_axi_lite_0/inst/u_adc_sample_cdc_bridge/u_fifo/rd_data[30]_INST_0_i_1_n_0
    SLICE_X61Y78         MUXF7 (Prop_muxf7_I0_O)      0.212     1.216 r  protection_system_i/protection_ip_axi_lite_0/inst/u_adc_sample_cdc_bridge/u_fifo/rd_data[30]_INST_0/O
                         net (fo=1, routed)           0.782     1.998    protection_system_i/protection_ip_axi_lite_0/inst/u_adc_sample_cdc_bridge/u_fifo_n_29
    SLICE_X61Y80         LUT3 (Prop_lut3_I1_O)        0.299     2.297 r  protection_system_i/protection_ip_axi_lite_0/inst/u_adc_sample_cdc_bridge/destination_data[30]_i_1/O
                         net (fo=1, routed)           0.000     2.297    protection_system_i/protection_ip_axi_lite_0/inst/u_adc_sample_cdc_bridge/destination_data[30]_i_1_n_0
    SLICE_X61Y80         FDCE                                         r  protection_system_i/protection_ip_axi_lite_0/inst/u_adc_sample_cdc_bridge/destination_data_reg[30]/D
  -------------------------------------------------------------------    -------------------

                         max delay                    8.000     8.000    
    SLICE_X61Y80         FDCE (Setup_fdce_C_D)        0.031     8.031    protection_system_i/protection_ip_axi_lite_0/inst/u_adc_sample_cdc_bridge/destination_data_reg[30]
  -------------------------------------------------------------------
                         required time                          8.031    
                         arrival time                          -2.297    
  -------------------------------------------------------------------
                         slack                                  5.734    

Slack (MET) :             5.743ns  (required time - arrival time)
  Source:                 protection_system_i/protection_ip_axi_lite_0/inst/u_adc_sample_cdc_bridge/u_fifo/mem_reg[2][49]/C
                            (rising edge-triggered cell FDRE clocked by clk_fpga_1  {rise@0.000ns fall@4.000ns period=8.000ns})
  Destination:            protection_system_i/protection_ip_axi_lite_0/inst/u_adc_sample_cdc_bridge/destination_data_reg[49]/D
                            (rising edge-triggered cell FDCE clocked by clk_fpga_0  {rise@0.000ns fall@5.000ns period=10.000ns})
  Path Group:             clk_fpga_0
  Path Type:              Setup (Max at Slow Process Corner)
  Requirement:            8.000ns  (MaxDelay Path 8.000ns)
  Data Path Delay:        2.336ns  (logic 1.091ns (46.704%)  route 1.245ns (53.296%))
  Logic Levels:           3  (LUT3=1 LUT6=1 MUXF7=1)
  Timing Exception:       MaxDelay Path 8.000ns -datapath_only

    Location             Delay type                Incr(ns)  Path(ns)    Netlist Resource(s)
  -------------------------------------------------------------------    -------------------
    SLICE_X65Y96                                      0.000     0.000 r  protection_system_i/protection_ip_axi_lite_0/inst/u_adc_sample_cdc_bridge/u_fifo/mem_reg[2][49]/C
    SLICE_X65Y96         FDRE (Prop_fdre_C_Q)         0.456     0.456 r  protection_system_i/protection_ip_axi_lite_0/inst/u_adc_sample_cdc_bridge/u_fifo/mem_reg[2][49]/Q
                         net (fo=1, routed)           0.420     0.876    protection_system_i/protection_ip_axi_lite_0/inst/u_adc_sample_cdc_bridge/u_fifo/mem_reg[2][49]
    SLICE_X64Y97         LUT6 (Prop_lut6_I1_O)        0.124     1.000 r  protection_system_i/protection_ip_axi_lite_0/inst/u_adc_sample_cdc_bridge/u_fifo/rd_data[49]_INST_0_i_1/O
                         net (fo=1, routed)           0.000     1.000    protection_system_i/protection_ip_axi_lite_0/inst/u_adc_sample_cdc_bridge/u_fifo/rd_data[49]_INST_0_i_1_n_0
    SLICE_X64Y97         MUXF7 (Prop_muxf7_I0_O)      0.212     1.212 r  protection_system_i/protection_ip_axi_lite_0/inst/u_adc_sample_cdc_bridge/u_fifo/rd_data[49]_INST_0/O
                         net (fo=1, routed)           0.825     2.037    protection_system_i/protection_ip_axi_lite_0/inst/u_adc_sample_cdc_bridge/u_fifo_n_10
    SLICE_X62Y94         LUT3 (Prop_lut3_I1_O)        0.299     2.336 r  protection_system_i/protection_ip_axi_lite_0/inst/u_adc_sample_cdc_bridge/destination_data[49]_i_1/O
                         net (fo=1, routed)           0.000     2.336    protection_system_i/protection_ip_axi_lite_0/inst/u_adc_sample_cdc_bridge/destination_data[49]_i_1_n_0
    SLICE_X62Y94         FDCE                                         r  protection_system_i/protection_ip_axi_lite_0/inst/u_adc_sample_cdc_bridge/destination_data_reg[49]/D
  -------------------------------------------------------------------    -------------------

                         max delay                    8.000     8.000    
    SLICE_X62Y94         FDCE (Setup_fdce_C_D)        0.079     8.079    protection_system_i/protection_ip_axi_lite_0/inst/u_adc_sample_cdc_bridge/destination_data_reg[49]
  -------------------------------------------------------------------
                         required time                          8.079    
                         arrival time                          -2.336    
  -------------------------------------------------------------------
                         slack                                  5.743    

Slack (MET) :             5.745ns  (required time - arrival time)
  Source:                 protection_system_i/protection_ip_axi_lite_0/inst/u_adc_sample_cdc_bridge/u_fifo/mem_reg[2][20]/C
                            (rising edge-triggered cell FDRE clocked by clk_fpga_1  {rise@0.000ns fall@4.000ns period=8.000ns})
  Destination:            protection_system_i/protection_ip_axi_lite_0/inst/u_adc_sample_cdc_bridge/destination_data_reg[20]/D
                            (rising edge-triggered cell FDCE clocked by clk_fpga_0  {rise@0.000ns fall@5.000ns period=10.000ns})
  Path Group:             clk_fpga_0
  Path Type:              Setup (Max at Slow Process Corner)
  Requirement:            8.000ns  (MaxDelay Path 8.000ns)
  Data Path Delay:        2.287ns  (logic 1.086ns (47.493%)  route 1.201ns (52.507%))
  Logic Levels:           3  (LUT3=1 LUT6=1 MUXF7=1)
  Timing Exception:       MaxDelay Path 8.000ns -datapath_only

    Location             Delay type                Incr(ns)  Path(ns)    Netlist Resource(s)
  -------------------------------------------------------------------    -------------------
    SLICE_X52Y74                                      0.000     0.000 r  protection_system_i/protection_ip_axi_lite_0/inst/u_adc_sample_cdc_bridge/u_fifo/mem_reg[2][20]/C
    SLICE_X52Y74         FDRE (Prop_fdre_C_Q)         0.456     0.456 r  protection_system_i/protection_ip_axi_lite_0/inst/u_adc_sample_cdc_bridge/u_fifo/mem_reg[2][20]/Q
                         net (fo=1, routed)           0.298     0.754    protection_system_i/protection_ip_axi_lite_0/inst/u_adc_sample_cdc_bridge/u_fifo/mem_reg[2][20]
    SLICE_X50Y74         LUT6 (Prop_lut6_I1_O)        0.124     0.878 r  protection_system_i/protection_ip_axi_lite_0/inst/u_adc_sample_cdc_bridge/u_fifo/rd_data[20]_INST_0_i_1/O
                         net (fo=1, routed)           0.000     0.878    protection_system_i/protection_ip_axi_lite_0/inst/u_adc_sample_cdc_bridge/u_fifo/rd_data[20]_INST_0_i_1_n_0
    SLICE_X50Y74         MUXF7 (Prop_muxf7_I0_O)      0.209     1.087 r  protection_system_i/protection_ip_axi_lite_0/inst/u_adc_sample_cdc_bridge/u_fifo/rd_data[20]_INST_0/O
                         net (fo=1, routed)           0.903     1.990    protection_system_i/protection_ip_axi_lite_0/inst/u_adc_sample_cdc_bridge/u_fifo_n_39
    SLICE_X49Y77         LUT3 (Prop_lut3_I1_O)        0.297     2.287 r  protection_system_i/protection_ip_axi_lite_0/inst/u_adc_sample_cdc_bridge/destination_data[20]_i_1/O
                         net (fo=1, routed)           0.000     2.287    protection_system_i/protection_ip_axi_lite_0/inst/u_adc_sample_cdc_bridge/destination_data[20]_i_1_n_0
    SLICE_X49Y77         FDCE                                         r  protection_system_i/protection_ip_axi_lite_0/inst/u_adc_sample_cdc_bridge/destination_data_reg[20]/D
  -------------------------------------------------------------------    -------------------

                         max delay                    8.000     8.000    
    SLICE_X49Y77         FDCE (Setup_fdce_C_D)        0.032     8.032    protection_system_i/protection_ip_axi_lite_0/inst/u_adc_sample_cdc_bridge/destination_data_reg[20]
  -------------------------------------------------------------------
                         required time                          8.032    
                         arrival time                          -2.287    
  -------------------------------------------------------------------
                         slack                                  5.745    

Slack (MET) :             5.757ns  (required time - arrival time)
  Source:                 protection_system_i/protection_ip_axi_lite_0/inst/u_adc_sample_cdc_bridge/u_fifo/mem_reg[2][3]/C
                            (rising edge-triggered cell FDRE clocked by clk_fpga_1  {rise@0.000ns fall@4.000ns period=8.000ns})
  Destination:            protection_system_i/protection_ip_axi_lite_0/inst/u_adc_sample_cdc_bridge/destination_data_reg[3]/D
                            (rising edge-triggered cell FDCE clocked by clk_fpga_0  {rise@0.000ns fall@5.000ns period=10.000ns})
  Path Group:             clk_fpga_0
  Path Type:              Setup (Max at Slow Process Corner)
  Requirement:            8.000ns  (MaxDelay Path 8.000ns)
  Data Path Delay:        2.272ns  (logic 1.229ns (54.091%)  route 1.043ns (45.909%))
  Logic Levels:           3  (LUT3=1 LUT6=1 MUXF7=1)
  Timing Exception:       MaxDelay Path 8.000ns -datapath_only

    Location             Delay type                Incr(ns)  Path(ns)    Netlist Resource(s)
  -------------------------------------------------------------------    -------------------
    SLICE_X52Y74                                      0.000     0.000 r  protection_system_i/protection_ip_axi_lite_0/inst/u_adc_sample_cdc_bridge/u_fifo/mem_reg[2][3]/C
    SLICE_X52Y74         FDRE (Prop_fdre_C_Q)         0.419     0.419 r  protection_system_i/protection_ip_axi_lite_0/inst/u_adc_sample_cdc_bridge/u_fifo/mem_reg[2][3]/Q
                         net (fo=1, routed)           0.323     0.742    protection_system_i/protection_ip_axi_lite_0/inst/u_adc_sample_cdc_bridge/u_fifo/mem_reg[2][3]
    SLICE_X53Y75         LUT6 (Prop_lut6_I1_O)        0.299     1.041 r  protection_system_i/protection_ip_axi_lite_0/inst/u_adc_sample_cdc_bridge/u_fifo/rd_data[3]_INST_0_i_1/O
                         net (fo=1, routed)           0.000     1.041    protection_system_i/protection_ip_axi_lite_0/inst/u_adc_sample_cdc_bridge/u_fifo/rd_data[3]_INST_0_i_1_n_0
    SLICE_X53Y75         MUXF7 (Prop_muxf7_I0_O)      0.212     1.253 r  protection_system_i/protection_ip_axi_lite_0/inst/u_adc_sample_cdc_bridge/u_fifo/rd_data[3]_INST_0/O
                         net (fo=1, routed)           0.720     1.973    protection_system_i/protection_ip_axi_lite_0/inst/u_adc_sample_cdc_bridge/u_fifo_n_56
    SLICE_X53Y78         LUT3 (Prop_lut3_I1_O)        0.299     2.272 r  protection_system_i/protection_ip_axi_lite_0/inst/u_adc_sample_cdc_bridge/destination_data[3]_i_1/O
                         net (fo=1, routed)           0.000     2.272    protection_system_i/protection_ip_axi_lite_0/inst/u_adc_sample_cdc_bridge/destination_data[3]_i_1_n_0
    SLICE_X53Y78         FDCE                                         r  protection_system_i/protection_ip_axi_lite_0/inst/u_adc_sample_cdc_bridge/destination_data_reg[3]/D
  -------------------------------------------------------------------    -------------------

                         max delay                    8.000     8.000    
    SLICE_X53Y78         FDCE (Setup_fdce_C_D)        0.029     8.029    protection_system_i/protection_ip_axi_lite_0/inst/u_adc_sample_cdc_bridge/destination_data_reg[3]
  -------------------------------------------------------------------
                         required time                          8.029    
                         arrival time                          -2.272    
  -------------------------------------------------------------------
                         slack                                  5.757    

Slack (MET) :             5.774ns  (required time - arrival time)
  Source:                 protection_system_i/protection_ip_axi_lite_0/inst/u_adc_sample_cdc_bridge/u_fifo/mem_reg[2][31]/C
                            (rising edge-triggered cell FDRE clocked by clk_fpga_1  {rise@0.000ns fall@4.000ns period=8.000ns})
  Destination:            protection_system_i/protection_ip_axi_lite_0/inst/u_adc_sample_cdc_bridge/destination_data_reg[31]/D
                            (rising edge-triggered cell FDCE clocked by clk_fpga_0  {rise@0.000ns fall@5.000ns period=10.000ns})
  Path Group:             clk_fpga_0
  Path Type:              Setup (Max at Slow Process Corner)
  Requirement:            8.000ns  (MaxDelay Path 8.000ns)
  Data Path Delay:        2.258ns  (logic 1.086ns (48.095%)  route 1.172ns (51.905%))
  Logic Levels:           3  (LUT3=1 LUT6=1 MUXF7=1)
  Timing Exception:       MaxDelay Path 8.000ns -datapath_only

    Location             Delay type                Incr(ns)  Path(ns)    Netlist Resource(s)
  -------------------------------------------------------------------    -------------------
    SLICE_X65Y79                                      0.000     0.000 r  protection_system_i/protection_ip_axi_lite_0/inst/u_adc_sample_cdc_bridge/u_fifo/mem_reg[2][31]/C
    SLICE_X65Y79         FDRE (Prop_fdre_C_Q)         0.456     0.456 r  protection_system_i/protection_ip_axi_lite_0/inst/u_adc_sample_cdc_bridge/u_fifo/mem_reg[2][31]/Q
                         net (fo=1, routed)           0.583     1.039    protection_system_i/protection_ip_axi_lite_0/inst/u_adc_sample_cdc_bridge/u_fifo/mem_reg[2][31]
    SLICE_X66Y79         LUT6 (Prop_lut6_I1_O)        0.124     1.163 r  protection_system_i/protection_ip_axi_lite_0/inst/u_adc_sample_cdc_bridge/u_fifo/rd_data[31]_INST_0_i_1/O
                         net (fo=1, routed)           0.000     1.163    protection_system_i/protection_ip_axi_lite_0/inst/u_adc_sample_cdc_bridge/u_fifo/rd_data[31]_INST_0_i_1_n_0
    SLICE_X66Y79         MUXF7 (Prop_muxf7_I0_O)      0.209     1.372 r  protection_system_i/protection_ip_axi_lite_0/inst/u_adc_sample_cdc_bridge/u_fifo/rd_data[31]_INST_0/O
                         net (fo=1, routed)           0.589     1.961    protection_system_i/protection_ip_axi_lite_0/inst/u_adc_sample_cdc_bridge/u_fifo_n_28
    SLICE_X63Y79         LUT3 (Prop_lut3_I1_O)        0.297     2.258 r  protection_system_i/protection_ip_axi_lite_0/inst/u_adc_sample_cdc_bridge/destination_data[31]_i_1/O
                         net (fo=1, routed)           0.000     2.258    protection_system_i/protection_ip_axi_lite_0/inst/u_adc_sample_cdc_bridge/destination_data[31]_i_1_n_0
    SLICE_X63Y79         FDCE                                         r  protection_system_i/protection_ip_axi_lite_0/inst/u_adc_sample_cdc_bridge/destination_data_reg[31]/D
  -------------------------------------------------------------------    -------------------

                         max delay                    8.000     8.000    
    SLICE_X63Y79         FDCE (Setup_fdce_C_D)        0.032     8.032    protection_system_i/protection_ip_axi_lite_0/inst/u_adc_sample_cdc_bridge/destination_data_reg[31]
  -------------------------------------------------------------------
                         required time                          8.032    
                         arrival time                          -2.258    
  -------------------------------------------------------------------
                         slack                                  5.774    

Slack (MET) :             5.779ns  (required time - arrival time)
  Source:                 protection_system_i/protection_ip_axi_lite_0/inst/u_adc_sample_cdc_bridge/u_fifo/mem_reg[2][23]/C
                            (rising edge-triggered cell FDRE clocked by clk_fpga_1  {rise@0.000ns fall@4.000ns period=8.000ns})
  Destination:            protection_system_i/protection_ip_axi_lite_0/inst/u_adc_sample_cdc_bridge/destination_data_reg[23]/D
                            (rising edge-triggered cell FDCE clocked by clk_fpga_0  {rise@0.000ns fall@5.000ns period=10.000ns})
  Path Group:             clk_fpga_0
  Path Type:              Setup (Max at Slow Process Corner)
  Requirement:            8.000ns  (MaxDelay Path 8.000ns)
  Data Path Delay:        2.252ns  (logic 1.229ns (54.564%)  route 1.023ns (45.436%))
  Logic Levels:           3  (LUT3=1 LUT6=1 MUXF7=1)
  Timing Exception:       MaxDelay Path 8.000ns -datapath_only

    Location             Delay type                Incr(ns)  Path(ns)    Netlist Resource(s)
  -------------------------------------------------------------------    -------------------
    SLICE_X48Y75                                      0.000     0.000 r  protection_system_i/protection_ip_axi_lite_0/inst/u_adc_sample_cdc_bridge/u_fifo/mem_reg[2][23]/C
    SLICE_X48Y75         FDRE (Prop_fdre_C_Q)         0.419     0.419 r  protection_system_i/protection_ip_axi_lite_0/inst/u_adc_sample_cdc_bridge/u_fifo/mem_reg[2][23]/Q
                         net (fo=1, routed)           0.439     0.858    protection_system_i/protection_ip_axi_lite_0/inst/u_adc_sample_cdc_bridge/u_fifo/mem_reg[2][23]
    SLICE_X48Y75         LUT6 (Prop_lut6_I1_O)        0.299     1.157 r  protection_system_i/protection_ip_axi_lite_0/inst/u_adc_sample_cdc_bridge/u_fifo/rd_data[23]_INST_0_i_1/O
                         net (fo=1, routed)           0.000     1.157    protection_system_i/protection_ip_axi_lite_0/inst/u_adc_sample_cdc_bridge/u_fifo/rd_data[23]_INST_0_i_1_n_0
    SLICE_X48Y75         MUXF7 (Prop_muxf7_I0_O)      0.212     1.369 r  protection_system_i/protection_ip_axi_lite_0/inst/u_adc_sample_cdc_bridge/u_fifo/rd_data[23]_INST_0/O
                         net (fo=1, routed)           0.585     1.953    protection_system_i/protection_ip_axi_lite_0/inst/u_adc_sample_cdc_bridge/u_fifo_n_36
    SLICE_X48Y78         LUT3 (Prop_lut3_I1_O)        0.299     2.252 r  protection_system_i/protection_ip_axi_lite_0/inst/u_adc_sample_cdc_bridge/destination_data[23]_i_1/O
                         net (fo=1, routed)           0.000     2.252    protection_system_i/protection_ip_axi_lite_0/inst/u_adc_sample_cdc_bridge/destination_data[23]_i_1_n_0
    SLICE_X48Y78         FDCE                                         r  protection_system_i/protection_ip_axi_lite_0/inst/u_adc_sample_cdc_bridge/destination_data_reg[23]/D
  -------------------------------------------------------------------    -------------------

                         max delay                    8.000     8.000    
    SLICE_X48Y78         FDCE (Setup_fdce_C_D)        0.031     8.031    protection_system_i/protection_ip_axi_lite_0/inst/u_adc_sample_cdc_bridge/destination_data_reg[23]
  -------------------------------------------------------------------
                         required time                          8.031    
                         arrival time                          -2.252    
  -------------------------------------------------------------------
                         slack                                  5.779    

Slack (MET) :             5.809ns  (required time - arrival time)
  Source:                 protection_system_i/protection_ip_axi_lite_0/inst/u_adc_sample_cdc_bridge/u_fifo/mem_reg[2][9]/C
                            (rising edge-triggered cell FDRE clocked by clk_fpga_1  {rise@0.000ns fall@4.000ns period=8.000ns})
  Destination:            protection_system_i/protection_ip_axi_lite_0/inst/u_adc_sample_cdc_bridge/destination_data_reg[9]/D
                            (rising edge-triggered cell FDCE clocked by clk_fpga_0  {rise@0.000ns fall@5.000ns period=10.000ns})
  Path Group:             clk_fpga_0
  Path Type:              Setup (Max at Slow Process Corner)
  Requirement:            8.000ns  (MaxDelay Path 8.000ns)
  Data Path Delay:        2.270ns  (logic 1.148ns (50.573%)  route 1.122ns (49.427%))
  Logic Levels:           3  (LUT3=1 LUT6=1 MUXF7=1)
  Timing Exception:       MaxDelay Path 8.000ns -datapath_only

    Location             Delay type                Incr(ns)  Path(ns)    Netlist Resource(s)
  -------------------------------------------------------------------    -------------------
    SLICE_X62Y74                                      0.000     0.000 r  protection_system_i/protection_ip_axi_lite_0/inst/u_adc_sample_cdc_bridge/u_fifo/mem_reg[2][9]/C
    SLICE_X62Y74         FDRE (Prop_fdre_C_Q)         0.518     0.518 r  protection_system_i/protection_ip_axi_lite_0/inst/u_adc_sample_cdc_bridge/u_fifo/mem_reg[2][9]/Q
                         net (fo=1, routed)           0.303     0.821    protection_system_i/protection_ip_axi_lite_0/inst/u_adc_sample_cdc_bridge/u_fifo/mem_reg[2][9]
    SLICE_X62Y73         LUT6 (Prop_lut6_I1_O)        0.124     0.945 r  protection_system_i/protection_ip_axi_lite_0/inst/u_adc_sample_cdc_bridge/u_fifo/rd_data[9]_INST_0_i_1/O
                         net (fo=1, routed)           0.000     0.945    protection_system_i/protection_ip_axi_lite_0/inst/u_adc_sample_cdc_bridge/u_fifo/rd_data[9]_INST_0_i_1_n_0
    SLICE_X62Y73         MUXF7 (Prop_muxf7_I0_O)      0.209     1.154 r  protection_system_i/protection_ip_axi_lite_0/inst/u_adc_sample_cdc_bridge/u_fifo/rd_data[9]_INST_0/O
                         net (fo=1, routed)           0.819     1.973    protection_system_i/protection_ip_axi_lite_0/inst/u_adc_sample_cdc_bridge/u_fifo_n_50
    SLICE_X58Y79         LUT3 (Prop_lut3_I1_O)        0.297     2.270 r  protection_system_i/protection_ip_axi_lite_0/inst/u_adc_sample_cdc_bridge/destination_data[9]_i_1/O
                         net (fo=1, routed)           0.000     2.270    protection_system_i/protection_ip_axi_lite_0/inst/u_adc_sample_cdc_bridge/destination_data[9]_i_1_n_0
    SLICE_X58Y79         FDCE                                         r  protection_system_i/protection_ip_axi_lite_0/inst/u_adc_sample_cdc_bridge/destination_data_reg[9]/D
  -------------------------------------------------------------------    -------------------

                         max delay                    8.000     8.000    
    SLICE_X58Y79         FDCE (Setup_fdce_C_D)        0.079     8.079    protection_system_i/protection_ip_axi_lite_0/inst/u_adc_sample_cdc_bridge/destination_data_reg[9]
  -------------------------------------------------------------------
                         required time                          8.079    
                         arrival time                          -2.270    
  -------------------------------------------------------------------
                         slack                                  5.809    

Slack (MET) :             5.891ns  (required time - arrival time)
  Source:                 protection_system_i/protection_ip_axi_lite_0/inst/u_adc_sample_cdc_bridge/u_fifo/mem_reg[2][22]/C
                            (rising edge-triggered cell FDRE clocked by clk_fpga_1  {rise@0.000ns fall@4.000ns period=8.000ns})
  Destination:            protection_system_i/protection_ip_axi_lite_0/inst/u_adc_sample_cdc_bridge/destination_data_reg[22]/D
                            (rising edge-triggered cell FDCE clocked by clk_fpga_0  {rise@0.000ns fall@5.000ns period=10.000ns})
  Path Group:             clk_fpga_0
  Path Type:              Setup (Max at Slow Process Corner)
  Requirement:            8.000ns  (MaxDelay Path 8.000ns)
  Data Path Delay:        2.138ns  (logic 1.227ns (57.392%)  route 0.911ns (42.608%))
  Logic Levels:           3  (LUT3=1 LUT6=1 MUXF7=1)
  Timing Exception:       MaxDelay Path 8.000ns -datapath_only

    Location             Delay type                Incr(ns)  Path(ns)    Netlist Resource(s)
  -------------------------------------------------------------------    -------------------
    SLICE_X48Y75                                      0.000     0.000 r  protection_system_i/protection_ip_axi_lite_0/inst/u_adc_sample_cdc_bridge/u_fifo/mem_reg[2][22]/C
    SLICE_X48Y75         FDRE (Prop_fdre_C_Q)         0.419     0.419 r  protection_system_i/protection_ip_axi_lite_0/inst/u_adc_sample_cdc_bridge/u_fifo/mem_reg[2][22]/Q
                         net (fo=1, routed)           0.437     0.856    protection_system_i/protection_ip_axi_lite_0/inst/u_adc_sample_cdc_bridge/u_fifo/mem_reg[2][22]
    SLICE_X49Y74         LUT6 (Prop_lut6_I1_O)        0.297     1.153 r  protection_system_i/protection_ip_axi_lite_0/inst/u_adc_sample_cdc_bridge/u_fifo/rd_data[22]_INST_0_i_1/O
                         net (fo=1, routed)           0.000     1.153    protection_system_i/protection_ip_axi_lite_0/inst/u_adc_sample_cdc_bridge/u_fifo/rd_data[22]_INST_0_i_1_n_0
    SLICE_X49Y74         MUXF7 (Prop_muxf7_I0_O)      0.212     1.365 r  protection_system_i/protection_ip_axi_lite_0/inst/u_adc_sample_cdc_bridge/u_fifo/rd_data[22]_INST_0/O
                         net (fo=1, routed)           0.474     1.839    protection_system_i/protection_ip_axi_lite_0/inst/u_adc_sample_cdc_bridge/u_fifo_n_37
    SLICE_X49Y78         LUT3 (Prop_lut3_I1_O)        0.299     2.138 r  protection_system_i/protection_ip_axi_lite_0/inst/u_adc_sample_cdc_bridge/destination_data[22]_i_1/O
                         net (fo=1, routed)           0.000     2.138    protection_system_i/protection_ip_axi_lite_0/inst/u_adc_sample_cdc_bridge/destination_data[22]_i_1_n_0
    SLICE_X49Y78         FDCE                                         r  protection_system_i/protection_ip_axi_lite_0/inst/u_adc_sample_cdc_bridge/destination_data_reg[22]/D
  -------------------------------------------------------------------    -------------------

                         max delay                    8.000     8.000    
    SLICE_X49Y78         FDCE (Setup_fdce_C_D)        0.029     8.029    protection_system_i/protection_ip_axi_lite_0/inst/u_adc_sample_cdc_bridge/destination_data_reg[22]
  -------------------------------------------------------------------
                         required time                          8.029    
                         arrival time                          -2.138    
  -------------------------------------------------------------------
                         slack                                  5.891    

Slack (MET) :             5.896ns  (required time - arrival time)
  Source:                 protection_system_i/protection_ip_axi_lite_0/inst/u_adc_sample_cdc_bridge/u_fifo/mem_reg[2][52]/C
                            (rising edge-triggered cell FDRE clocked by clk_fpga_1  {rise@0.000ns fall@4.000ns period=8.000ns})
  Destination:            protection_system_i/protection_ip_axi_lite_0/inst/u_adc_sample_cdc_bridge/destination_data_reg[52]/D
                            (rising edge-triggered cell FDCE clocked by clk_fpga_0  {rise@0.000ns fall@5.000ns period=10.000ns})
  Path Group:             clk_fpga_0
  Path Type:              Setup (Max at Slow Process Corner)
  Requirement:            8.000ns  (MaxDelay Path 8.000ns)
  Data Path Delay:        2.133ns  (logic 1.086ns (50.922%)  route 1.047ns (49.078%))
  Logic Levels:           3  (LUT3=1 LUT6=1 MUXF7=1)
  Timing Exception:       MaxDelay Path 8.000ns -datapath_only

    Location             Delay type                Incr(ns)  Path(ns)    Netlist Resource(s)
  -------------------------------------------------------------------    -------------------
    SLICE_X55Y99                                      0.000     0.000 r  protection_system_i/protection_ip_axi_lite_0/inst/u_adc_sample_cdc_bridge/u_fifo/mem_reg[2][52]/C
    SLICE_X55Y99         FDRE (Prop_fdre_C_Q)         0.456     0.456 r  protection_system_i/protection_ip_axi_lite_0/inst/u_adc_sample_cdc_bridge/u_fifo/mem_reg[2][52]/Q
                         net (fo=1, routed)           0.437     0.893    protection_system_i/protection_ip_axi_lite_0/inst/u_adc_sample_cdc_bridge/u_fifo/mem_reg[2][52]
    SLICE_X58Y99         LUT6 (Prop_lut6_I1_O)        0.124     1.017 r  protection_system_i/protection_ip_axi_lite_0/inst/u_adc_sample_cdc_bridge/u_fifo/rd_data[52]_INST_0_i_1/O
                         net (fo=1, routed)           0.000     1.017    protection_system_i/protection_ip_axi_lite_0/inst/u_adc_sample_cdc_bridge/u_fifo/rd_data[52]_INST_0_i_1_n_0
    SLICE_X58Y99         MUXF7 (Prop_muxf7_I0_O)      0.209     1.226 r  protection_system_i/protection_ip_axi_lite_0/inst/u_adc_sample_cdc_bridge/u_fifo/rd_data[52]_INST_0/O
                         net (fo=1, routed)           0.609     1.836    protection_system_i/protection_ip_axi_lite_0/inst/u_adc_sample_cdc_bridge/u_fifo_n_7
    SLICE_X60Y94         LUT3 (Prop_lut3_I1_O)        0.297     2.133 r  protection_system_i/protection_ip_axi_lite_0/inst/u_adc_sample_cdc_bridge/destination_data[52]_i_1/O
                         net (fo=1, routed)           0.000     2.133    protection_system_i/protection_ip_axi_lite_0/inst/u_adc_sample_cdc_bridge/destination_data[52]_i_1_n_0
    SLICE_X60Y94         FDCE                                         r  protection_system_i/protection_ip_axi_lite_0/inst/u_adc_sample_cdc_bridge/destination_data_reg[52]/D
  -------------------------------------------------------------------    -------------------

                         max delay                    8.000     8.000    
    SLICE_X60Y94         FDCE (Setup_fdce_C_D)        0.029     8.029    protection_system_i/protection_ip_axi_lite_0/inst/u_adc_sample_cdc_bridge/destination_data_reg[52]
  -------------------------------------------------------------------
                         required time                          8.029    
                         arrival time                          -2.133    
  -------------------------------------------------------------------
                         slack                                  5.896    

Slack (MET) :             5.957ns  (required time - arrival time)
  Source:                 protection_system_i/protection_ip_axi_lite_0/inst/u_adc_sample_cdc_bridge/u_fifo/mem_reg[2][0]/C
                            (rising edge-triggered cell FDRE clocked by clk_fpga_1  {rise@0.000ns fall@4.000ns period=8.000ns})
  Destination:            protection_system_i/protection_ip_axi_lite_0/inst/u_adc_sample_cdc_bridge/destination_data_reg[0]/D
                            (rising edge-triggered cell FDCE clocked by clk_fpga_0  {rise@0.000ns fall@5.000ns period=10.000ns})
  Path Group:             clk_fpga_0
  Path Type:              Setup (Max at Slow Process Corner)
  Requirement:            8.000ns  (MaxDelay Path 8.000ns)
  Data Path Delay:        2.074ns  (logic 1.091ns (52.598%)  route 0.983ns (47.402%))
  Logic Levels:           3  (LUT3=1 LUT6=1 MUXF7=1)
  Timing Exception:       MaxDelay Path 8.000ns -datapath_only

    Location             Delay type                Incr(ns)  Path(ns)    Netlist Resource(s)
  -------------------------------------------------------------------    -------------------
    SLICE_X53Y77                                      0.000     0.000 r  protection_system_i/protection_ip_axi_lite_0/inst/u_adc_sample_cdc_bridge/u_fifo/mem_reg[2][0]/C
    SLICE_X53Y77         FDRE (Prop_fdre_C_Q)         0.456     0.456 r  protection_system_i/protection_ip_axi_lite_0/inst/u_adc_sample_cdc_bridge/u_fifo/mem_reg[2][0]/Q
                         net (fo=1, routed)           0.406     0.862    protection_system_i/protection_ip_axi_lite_0/inst/u_adc_sample_cdc_bridge/u_fifo/mem_reg[2][0]
    SLICE_X53Y76         LUT6 (Prop_lut6_I1_O)        0.124     0.986 r  protection_system_i/protection_ip_axi_lite_0/inst/u_adc_sample_cdc_bridge/u_fifo/rd_data[0]_INST_0_i_1/O
                         net (fo=1, routed)           0.000     0.986    protection_system_i/protection_ip_axi_lite_0/inst/u_adc_sample_cdc_bridge/u_fifo/rd_data[0]_INST_0_i_1_n_0
    SLICE_X53Y76         MUXF7 (Prop_muxf7_I0_O)      0.212     1.198 r  protection_system_i/protection_ip_axi_lite_0/inst/u_adc_sample_cdc_bridge/u_fifo/rd_data[0]_INST_0/O
                         net (fo=1, routed)           0.577     1.775    protection_system_i/protection_ip_axi_lite_0/inst/u_adc_sample_cdc_bridge/u_fifo_n_59
    SLICE_X53Y78         LUT3 (Prop_lut3_I1_O)        0.299     2.074 r  protection_system_i/protection_ip_axi_lite_0/inst/u_adc_sample_cdc_bridge/destination_data[0]_i_1/O
                         net (fo=1, routed)           0.000     2.074    protection_system_i/protection_ip_axi_lite_0/inst/u_adc_sample_cdc_bridge/destination_data[0]_i_1_n_0
    SLICE_X53Y78         FDCE                                         r  protection_system_i/protection_ip_axi_lite_0/inst/u_adc_sample_cdc_bridge/destination_data_reg[0]/D
  -------------------------------------------------------------------    -------------------

                         max delay                    8.000     8.000    
    SLICE_X53Y78         FDCE (Setup_fdce_C_D)        0.031     8.031    protection_system_i/protection_ip_axi_lite_0/inst/u_adc_sample_cdc_bridge/destination_data_reg[0]
  -------------------------------------------------------------------
                         required time                          8.031    
                         arrival time                          -2.074    
  -------------------------------------------------------------------
                         slack                                  5.957    

Slack (MET) :             5.975ns  (required time - arrival time)
  Source:                 protection_system_i/protection_ip_axi_lite_0/inst/u_adc_sample_cdc_bridge/u_fifo/mem_reg[2][50]/C
                            (rising edge-triggered cell FDRE clocked by clk_fpga_1  {rise@0.000ns fall@4.000ns period=8.000ns})
  Destination:            protection_system_i/protection_ip_axi_lite_0/inst/u_adc_sample_cdc_bridge/destination_data_reg[50]/D
                            (rising edge-triggered cell FDCE clocked by clk_fpga_0  {rise@0.000ns fall@5.000ns period=10.000ns})
  Path Group:             clk_fpga_0
  Path Type:              Setup (Max at Slow Process Corner)
  Requirement:            8.000ns  (MaxDelay Path 8.000ns)
  Data Path Delay:        2.104ns  (logic 1.086ns (51.620%)  route 1.018ns (48.380%))
  Logic Levels:           3  (LUT3=1 LUT6=1 MUXF7=1)
  Timing Exception:       MaxDelay Path 8.000ns -datapath_only

    Location             Delay type                Incr(ns)  Path(ns)    Netlist Resource(s)
  -------------------------------------------------------------------    -------------------
    SLICE_X61Y98                                      0.000     0.000 r  protection_system_i/protection_ip_axi_lite_0/inst/u_adc_sample_cdc_bridge/u_fifo/mem_reg[2][50]/C
    SLICE_X61Y98         FDRE (Prop_fdre_C_Q)         0.456     0.456 r  protection_system_i/protection_ip_axi_lite_0/inst/u_adc_sample_cdc_bridge/u_fifo/mem_reg[2][50]/Q
                         net (fo=1, routed)           0.296     0.752    protection_system_i/protection_ip_axi_lite_0/inst/u_adc_sample_cdc_bridge/u_fifo/mem_reg[2][50]
    SLICE_X62Y98         LUT6 (Prop_lut6_I1_O)        0.124     0.876 r  protection_system_i/protection_ip_axi_lite_0/inst/u_adc_sample_cdc_bridge/u_fifo/rd_data[50]_INST_0_i_1/O
                         net (fo=1, routed)           0.000     0.876    protection_system_i/protection_ip_axi_lite_0/inst/u_adc_sample_cdc_bridge/u_fifo/rd_data[50]_INST_0_i_1_n_0
    SLICE_X62Y98         MUXF7 (Prop_muxf7_I0_O)      0.209     1.085 r  protection_system_i/protection_ip_axi_lite_0/inst/u_adc_sample_cdc_bridge/u_fifo/rd_data[50]_INST_0/O
                         net (fo=1, routed)           0.722     1.807    protection_system_i/protection_ip_axi_lite_0/inst/u_adc_sample_cdc_bridge/u_fifo_n_9
    SLICE_X62Y94         LUT3 (Prop_lut3_I1_O)        0.297     2.104 r  protection_system_i/protection_ip_axi_lite_0/inst/u_adc_sample_cdc_bridge/destination_data[50]_i_1/O
                         net (fo=1, routed)           0.000     2.104    protection_system_i/protection_ip_axi_lite_0/inst/u_adc_sample_cdc_bridge/destination_data[50]_i_1_n_0
    SLICE_X62Y94         FDCE                                         r  protection_system_i/protection_ip_axi_lite_0/inst/u_adc_sample_cdc_bridge/destination_data_reg[50]/D
  -------------------------------------------------------------------    -------------------

                         max delay                    8.000     8.000    
    SLICE_X62Y94         FDCE (Setup_fdce_C_D)        0.079     8.079    protection_system_i/protection_ip_axi_lite_0/inst/u_adc_sample_cdc_bridge/destination_data_reg[50]
  -------------------------------------------------------------------
                         required time                          8.079    
                         arrival time                          -2.104    
  -------------------------------------------------------------------
                         slack                                  5.975    

Slack (MET) :             6.085ns  (required time - arrival time)
  Source:                 protection_system_i/protection_ip_axi_lite_0/inst/u_adc_sample_cdc_bridge/u_fifo/mem_reg[2][51]/C
                            (rising edge-triggered cell FDRE clocked by clk_fpga_1  {rise@0.000ns fall@4.000ns period=8.000ns})
  Destination:            protection_system_i/protection_ip_axi_lite_0/inst/u_adc_sample_cdc_bridge/destination_data_reg[51]/D
                            (rising edge-triggered cell FDCE clocked by clk_fpga_0  {rise@0.000ns fall@5.000ns period=10.000ns})
  Path Group:             clk_fpga_0
  Path Type:              Setup (Max at Slow Process Corner)
  Requirement:            8.000ns  (MaxDelay Path 8.000ns)
  Data Path Delay:        1.944ns  (logic 1.153ns (59.312%)  route 0.791ns (40.688%))
  Logic Levels:           3  (LUT3=1 LUT6=1 MUXF7=1)
  Timing Exception:       MaxDelay Path 8.000ns -datapath_only

    Location             Delay type                Incr(ns)  Path(ns)    Netlist Resource(s)
  -------------------------------------------------------------------    -------------------
    SLICE_X62Y100                                     0.000     0.000 r  protection_system_i/protection_ip_axi_lite_0/inst/u_adc_sample_cdc_bridge/u_fifo/mem_reg[2][51]/C
    SLICE_X62Y100        FDRE (Prop_fdre_C_Q)         0.518     0.518 r  protection_system_i/protection_ip_axi_lite_0/inst/u_adc_sample_cdc_bridge/u_fifo/mem_reg[2][51]/Q
                         net (fo=1, routed)           0.285     0.803    protection_system_i/protection_ip_axi_lite_0/inst/u_adc_sample_cdc_bridge/u_fifo/mem_reg[2][51]
    SLICE_X61Y100        LUT6 (Prop_lut6_I1_O)        0.124     0.927 r  protection_system_i/protection_ip_axi_lite_0/inst/u_adc_sample_cdc_bridge/u_fifo/rd_data[51]_INST_0_i_1/O
                         net (fo=1, routed)           0.000     0.927    protection_system_i/protection_ip_axi_lite_0/inst/u_adc_sample_cdc_bridge/u_fifo/rd_data[51]_INST_0_i_1_n_0
    SLICE_X61Y100        MUXF7 (Prop_muxf7_I0_O)      0.212     1.139 r  protection_system_i/protection_ip_axi_lite_0/inst/u_adc_sample_cdc_bridge/u_fifo/rd_data[51]_INST_0/O
                         net (fo=1, routed)           0.506     1.645    protection_system_i/protection_ip_axi_lite_0/inst/u_adc_sample_cdc_bridge/u_fifo_n_8
    SLICE_X61Y95         LUT3 (Prop_lut3_I1_O)        0.299     1.944 r  protection_system_i/protection_ip_axi_lite_0/inst/u_adc_sample_cdc_bridge/destination_data[51]_i_1/O
                         net (fo=1, routed)           0.000     1.944    protection_system_i/protection_ip_axi_lite_0/inst/u_adc_sample_cdc_bridge/destination_data[51]_i_1_n_0
    SLICE_X61Y95         FDCE                                         r  protection_system_i/protection_ip_axi_lite_0/inst/u_adc_sample_cdc_bridge/destination_data_reg[51]/D
  -------------------------------------------------------------------    -------------------

                         max delay                    8.000     8.000    
    SLICE_X61Y95         FDCE (Setup_fdce_C_D)        0.029     8.029    protection_system_i/protection_ip_axi_lite_0/inst/u_adc_sample_cdc_bridge/destination_data_reg[51]
  -------------------------------------------------------------------
                         required time                          8.029    
                         arrival time                          -1.944    
  -------------------------------------------------------------------
                         slack                                  6.085    

Slack (MET) :             6.185ns  (required time - arrival time)
  Source:                 protection_system_i/protection_ip_axi_lite_0/inst/u_adc_sample_cdc_bridge/u_fifo/mem_reg[2][25]/C
                            (rising edge-triggered cell FDRE clocked by clk_fpga_1  {rise@0.000ns fall@4.000ns period=8.000ns})
  Destination:            protection_system_i/protection_ip_axi_lite_0/inst/u_adc_sample_cdc_bridge/destination_data_reg[25]/D
                            (rising edge-triggered cell FDCE clocked by clk_fpga_0  {rise@0.000ns fall@5.000ns period=10.000ns})
  Path Group:             clk_fpga_0
  Path Type:              Setup (Max at Slow Process Corner)
  Requirement:            8.000ns  (MaxDelay Path 8.000ns)
  Data Path Delay:        1.846ns  (logic 1.091ns (59.090%)  route 0.755ns (40.910%))
  Logic Levels:           3  (LUT3=1 LUT6=1 MUXF7=1)
  Timing Exception:       MaxDelay Path 8.000ns -datapath_only

    Location             Delay type                Incr(ns)  Path(ns)    Netlist Resource(s)
  -------------------------------------------------------------------    -------------------
    SLICE_X63Y78                                      0.000     0.000 r  protection_system_i/protection_ip_axi_lite_0/inst/u_adc_sample_cdc_bridge/u_fifo/mem_reg[2][25]/C
    SLICE_X63Y78         FDRE (Prop_fdre_C_Q)         0.456     0.456 r  protection_system_i/protection_ip_axi_lite_0/inst/u_adc_sample_cdc_bridge/u_fifo/mem_reg[2][25]/Q
                         net (fo=1, routed)           0.301     0.757    protection_system_i/protection_ip_axi_lite_0/inst/u_adc_sample_cdc_bridge/u_fifo/mem_reg[2][25]
    SLICE_X63Y77         LUT6 (Prop_lut6_I1_O)        0.124     0.881 r  protection_system_i/protection_ip_axi_lite_0/inst/u_adc_sample_cdc_bridge/u_fifo/rd_data[25]_INST_0_i_1/O
                         net (fo=1, routed)           0.000     0.881    protection_system_i/protection_ip_axi_lite_0/inst/u_adc_sample_cdc_bridge/u_fifo/rd_data[25]_INST_0_i_1_n_0
    SLICE_X63Y77         MUXF7 (Prop_muxf7_I0_O)      0.212     1.093 r  protection_system_i/protection_ip_axi_lite_0/inst/u_adc_sample_cdc_bridge/u_fifo/rd_data[25]_INST_0/O
                         net (fo=1, routed)           0.454     1.547    protection_system_i/protection_ip_axi_lite_0/inst/u_adc_sample_cdc_bridge/u_fifo_n_34
    SLICE_X63Y79         LUT3 (Prop_lut3_I1_O)        0.299     1.846 r  protection_system_i/protection_ip_axi_lite_0/inst/u_adc_sample_cdc_bridge/destination_data[25]_i_1/O
                         net (fo=1, routed)           0.000     1.846    protection_system_i/protection_ip_axi_lite_0/inst/u_adc_sample_cdc_bridge/destination_data[25]_i_1_n_0
    SLICE_X63Y79         FDCE                                         r  protection_system_i/protection_ip_axi_lite_0/inst/u_adc_sample_cdc_bridge/destination_data_reg[25]/D
  -------------------------------------------------------------------    -------------------

                         max delay                    8.000     8.000    
    SLICE_X63Y79         FDCE (Setup_fdce_C_D)        0.031     8.031    protection_system_i/protection_ip_axi_lite_0/inst/u_adc_sample_cdc_bridge/destination_data_reg[25]
  -------------------------------------------------------------------
                         required time                          8.031    
                         arrival time                          -1.846    
  -------------------------------------------------------------------
                         slack                                  6.185    

Slack (MET) :             6.488ns  (required time - arrival time)
  Source:                 protection_system_i/protection_ip_axi_lite_0/inst/u_adc_sample_cdc_bridge/u_fifo/mem_reg[2][16]/C
                            (rising edge-triggered cell FDRE clocked by clk_fpga_1  {rise@0.000ns fall@4.000ns period=8.000ns})
  Destination:            protection_system_i/protection_ip_axi_lite_0/inst/u_adc_sample_cdc_bridge/destination_data_reg[16]/D
                            (rising edge-triggered cell FDCE clocked by clk_fpga_0  {rise@0.000ns fall@5.000ns period=10.000ns})
  Path Group:             clk_fpga_0
  Path Type:              Setup (Max at Slow Process Corner)
  Requirement:            8.000ns  (MaxDelay Path 8.000ns)
  Data Path Delay:        1.543ns  (logic 1.091ns (70.706%)  route 0.452ns (29.294%))
  Logic Levels:           3  (LUT3=1 LUT6=1 MUXF7=1)
  Timing Exception:       MaxDelay Path 8.000ns -datapath_only

    Location             Delay type                Incr(ns)  Path(ns)    Netlist Resource(s)
  -------------------------------------------------------------------    -------------------
    SLICE_X48Y75                                      0.000     0.000 r  protection_system_i/protection_ip_axi_lite_0/inst/u_adc_sample_cdc_bridge/u_fifo/mem_reg[2][16]/C
    SLICE_X48Y75         FDRE (Prop_fdre_C_Q)         0.456     0.456 r  protection_system_i/protection_ip_axi_lite_0/inst/u_adc_sample_cdc_bridge/u_fifo/mem_reg[2][16]/Q
                         net (fo=1, routed)           0.154     0.610    protection_system_i/protection_ip_axi_lite_0/inst/u_adc_sample_cdc_bridge/u_fifo/mem_reg[2][16]
    SLICE_X49Y75         LUT6 (Prop_lut6_I1_O)        0.124     0.734 r  protection_system_i/protection_ip_axi_lite_0/inst/u_adc_sample_cdc_bridge/u_fifo/rd_data[16]_INST_0_i_1/O
                         net (fo=1, routed)           0.000     0.734    protection_system_i/protection_ip_axi_lite_0/inst/u_adc_sample_cdc_bridge/u_fifo/rd_data[16]_INST_0_i_1_n_0
    SLICE_X49Y75         MUXF7 (Prop_muxf7_I0_O)      0.212     0.946 r  protection_system_i/protection_ip_axi_lite_0/inst/u_adc_sample_cdc_bridge/u_fifo/rd_data[16]_INST_0/O
                         net (fo=1, routed)           0.298     1.244    protection_system_i/protection_ip_axi_lite_0/inst/u_adc_sample_cdc_bridge/u_fifo_n_43
    SLICE_X49Y77         LUT3 (Prop_lut3_I1_O)        0.299     1.543 r  protection_system_i/protection_ip_axi_lite_0/inst/u_adc_sample_cdc_bridge/destination_data[16]_i_1/O
                         net (fo=1, routed)           0.000     1.543    protection_system_i/protection_ip_axi_lite_0/inst/u_adc_sample_cdc_bridge/destination_data[16]_i_1_n_0
    SLICE_X49Y77         FDCE                                         r  protection_system_i/protection_ip_axi_lite_0/inst/u_adc_sample_cdc_bridge/destination_data_reg[16]/D
  -------------------------------------------------------------------    -------------------

                         max delay                    8.000     8.000    
    SLICE_X49Y77         FDCE (Setup_fdce_C_D)        0.031     8.031    protection_system_i/protection_ip_axi_lite_0/inst/u_adc_sample_cdc_bridge/destination_data_reg[16]
  -------------------------------------------------------------------
                         required time                          8.031    
                         arrival time                          -1.543    
  -------------------------------------------------------------------
                         slack                                  6.488    




