Copyright 1986-2022 Xilinx, Inc. All Rights Reserved. Copyright 2022-2024 Advanced Micro Devices, Inc. All Rights Reserved.
---------------------------------------------------------------------------------------------------------------------------------------------
| Tool Version : Vivado v.2024.1 (win64) Build 5076996 Wed May 22 18:37:14 MDT 2024
| Date         : Wed Sep  9 01:54:02 2026
| Host         : illusion running 64-bit major release  (build 9200)
| Command      : report_bus_skew -file <EXTERNAL_PHYSICAL>/vivado-output/reports/conditional_bus_skew.rpt
| Design       : protection_system_wrapper
| Device       : 7z020-clg400
| Speed File   : -1  PRODUCTION 1.12 2019-11-22
| Design State : Routed
---------------------------------------------------------------------------------------------------------------------------------------------

Bus Skew Report

Table of Contents
-----------------
1. Bus Skew Report Summary
2. Bus Skew Report Per Constraint

1. Bus Skew Report Summary
--------------------------

Id  Position  From                            To                              Corner  Requirement(ns)  Actual(ns)  Slack(ns)
--  --------  ------------------------------  ------------------------------  ------  ---------------  ----------  ---------
1   120       [get_cells [list {protection_system_i/protection_ip_axi_lite_0/inst/u_adc_sample_cdc_bridge/u_fifo/wr_gray_reg[0]} {protection_system_i/protection_ip_axi_lite_0/inst/u_adc_sample_cdc_bridge/u_fifo/wr_gray_reg[1]} {protection_system_i/protection_ip_axi_lite_0/inst/u_adc_sample_cdc_bridge/u_fifo/wr_gray_reg[2]} {protection_system_i/protection_ip_axi_lite_0/inst/u_adc_sample_cdc_bridge/u_fifo/wr_gray_reg[3]}]]
                                              [get_cells [list {protection_system_i/protection_ip_axi_lite_0/inst/u_adc_sample_cdc_bridge/u_fifo/wr_gray_sync1_reg[0]} {protection_system_i/protection_ip_axi_lite_0/inst/u_adc_sample_cdc_bridge/u_fifo/wr_gray_sync1_reg[1]} {protection_system_i/protection_ip_axi_lite_0/inst/u_adc_sample_cdc_bridge/u_fifo/wr_gray_sync1_reg[2]} {protection_system_i/protection_ip_axi_lite_0/inst/u_adc_sample_cdc_bridge/u_fifo/wr_gray_sync1_reg[3]}]]
                                                                              Slow              8.000       1.030      6.970
2   122       [get_cells [list {protection_system_i/protection_ip_axi_lite_0/inst/u_adc_sample_cdc_bridge/u_fifo/rd_gray_reg[0]} {protection_system_i/protection_ip_axi_lite_0/inst/u_adc_sample_cdc_bridge/u_fifo/rd_gray_reg[1]} {protection_system_i/protection_ip_axi_lite_0/inst/u_adc_sample_cdc_bridge/u_fifo/rd_gray_reg[2]} {protection_system_i/protection_ip_axi_lite_0/inst/u_adc_sample_cdc_bridge/u_fifo/rd_gray_reg[3]}]]
                                              [get_cells [list {protection_system_i/protection_ip_axi_lite_0/inst/u_adc_sample_cdc_bridge/u_fifo/rd_gray_sync1_reg[0]} {protection_system_i/protection_ip_axi_lite_0/inst/u_adc_sample_cdc_bridge/u_fifo/rd_gray_sync1_reg[1]} {protection_system_i/protection_ip_axi_lite_0/inst/u_adc_sample_cdc_bridge/u_fifo/rd_gray_sync1_reg[2]} {protection_system_i/protection_ip_axi_lite_0/inst/u_adc_sample_cdc_bridge/u_fifo/rd_gray_sync1_reg[3]}]]
                                                                              Slow              8.000       0.912      7.088
3   125       [get_cells [list {protection_system_i/protection_ip_axi_lite_0/inst/u_adc_sample_cdc_bridge/u_source_observer/source_accept_count_gray_reg[0]} \
          {protection_system_i/protection_ip_axi_lite_0/inst/u_adc_sample_cdc_bridge/u_source_observer/source_accept_count_gray_reg[10]} \
          {protection_system_i/protection_ip_axi_lite_0/inst/u_adc_sample_cdc_bridge/u_source_observer/source_accept_count_gray_reg[11]} \
          {protection_system_i/protection_ip_axi_lite_0/inst/u_adc_sample_cdc_bridge/u_source_observer/source_accept_count_gray_reg[12]} \
          {protection_system_i/protection_ip_axi_lite_0/inst/u_adc_sample_cdc_bridge/u_source_observer/source_accept_count_gray_reg[13]} \
          {protection_system_i/protection_ip_axi_lite_0/inst/u_adc_sample_cdc_bridge/u_source_observer/source_accept_count_gray_reg[14]} \
          {protection_system_i/protection_ip_axi_lite_0/inst/u_adc_sample_cdc_bridge/u_source_observer/source_accept_count_gray_reg[15]} \
          {protection_system_i/protection_ip_axi_lite_0/inst/u_adc_sample_cdc_bridge/u_source_observer/source_accept_count_gray_reg[16]} \
          {protection_system_i/protection_ip_axi_lite_0/inst/u_adc_sample_cdc_bridge/u_source_observer/source_accept_count_gray_reg[17]} \
          {protection_system_i/protection_ip_axi_lite_0/inst/u_adc_sample_cdc_bridge/u_source_observer/source_accept_count_gray_reg[18]} \
          {protection_system_i/protection_ip_axi_lite_0/inst/u_adc_sample_cdc_bridge/u_source_observer/source_accept_count_gray_reg[19]} \
          {protection_system_i/protection_ip_axi_lite_0/inst/u_adc_sample_cdc_bridge/u_source_observer/source_accept_count_gray_reg[1]} \
          {protection_system_i/protection_ip_axi_lite_0/inst/u_adc_sample_cdc_bridge/u_source_observer/source_accept_count_gray_reg[20]} \
          {protection_system_i/protection_ip_axi_lite_0/inst/u_adc_sample_cdc_bridge/u_source_observer/source_accept_count_gray_reg[21]} \
          {protection_system_i/protection_ip_axi_lite_0/inst/u_adc_sample_cdc_bridge/u_source_observer/source_accept_count_gray_reg[22]} \
          {protection_system_i/protection_ip_axi_lite_0/inst/u_adc_sample_cdc_bridge/u_source_observer/source_accept_count_gray_reg[23]} \
          {protection_system_i/protection_ip_axi_lite_0/inst/u_adc_sample_cdc_bridge/u_source_observer/source_accept_count_gray_reg[24]} \
          {protection_system_i/protection_ip_axi_lite_0/inst/u_adc_sample_cdc_bridge/u_source_observer/source_accept_count_gray_reg[25]} \
          {protection_system_i/protection_ip_axi_lite_0/inst/u_adc_sample_cdc_bridge/u_source_observer/source_accept_count_gray_reg[26]} \
          {protection_system_i/protection_ip_axi_lite_0/inst/u_adc_sample_cdc_bridge/u_source_observer/source_accept_count_gray_reg[27]} \
          {protection_system_i/protection_ip_axi_lite_0/inst/u_adc_sample_cdc_bridge/u_source_observer/source_accept_count_gray_reg[28]} \
          {protection_system_i/protection_ip_axi_lite_0/inst/u_adc_sample_cdc_bridge/u_source_observer/source_accept_count_gray_reg[29]} \
          {protection_system_i/protection_ip_axi_lite_0/inst/u_adc_sample_cdc_bridge/u_source_observer/source_accept_count_gray_reg[2]} \
          {protection_system_i/protection_ip_axi_lite_0/inst/u_adc_sample_cdc_bridge/u_source_observer/source_accept_count_gray_reg[30]} \
          {protection_system_i/protection_ip_axi_lite_0/inst/u_adc_sample_cdc_bridge/u_source_observer/source_accept_count_gray_reg[31]} \
          {protection_system_i/protection_ip_axi_lite_0/inst/u_adc_sample_cdc_bridge/u_source_observer/source_accept_count_gray_reg[3]} \
          {protection_system_i/protection_ip_axi_lite_0/inst/u_adc_sample_cdc_bridge/u_source_observer/source_accept_count_gray_reg[4]} \
          {protection_system_i/protection_ip_axi_lite_0/inst/u_adc_sample_cdc_bridge/u_source_observer/source_accept_count_gray_reg[5]} \
          {protection_system_i/protection_ip_axi_lite_0/inst/u_adc_sample_cdc_bridge/u_source_observer/source_accept_count_gray_reg[6]} \
          {protection_system_i/protection_ip_axi_lite_0/inst/u_adc_sample_cdc_bridge/u_source_observer/source_accept_count_gray_reg[7]} \
          {protection_system_i/protection_ip_axi_lite_0/inst/u_adc_sample_cdc_bridge/u_source_observer/source_accept_count_gray_reg[8]} \
          {protection_system_i/protection_ip_axi_lite_0/inst/u_adc_sample_cdc_bridge/u_source_observer/source_accept_count_gray_reg[9]}]]
                                              [get_cells [list {protection_system_i/protection_ip_axi_lite_0/inst/u_source_observability_cdc/source_accept_count_gray_sync1_reg[0]} \
          {protection_system_i/protection_ip_axi_lite_0/inst/u_source_observability_cdc/source_accept_count_gray_sync1_reg[10]} \
          {protection_system_i/protection_ip_axi_lite_0/inst/u_source_observability_cdc/source_accept_count_gray_sync1_reg[11]} \
          {protection_system_i/protection_ip_axi_lite_0/inst/u_source_observability_cdc/source_accept_count_gray_sync1_reg[12]} \
          {protection_system_i/protection_ip_axi_lite_0/inst/u_source_observability_cdc/source_accept_count_gray_sync1_reg[13]} \
          {protection_system_i/protection_ip_axi_lite_0/inst/u_source_observability_cdc/source_accept_count_gray_sync1_reg[14]} \
          {protection_system_i/protection_ip_axi_lite_0/inst/u_source_observability_cdc/source_accept_count_gray_sync1_reg[15]} \
          {protection_system_i/protection_ip_axi_lite_0/inst/u_source_observability_cdc/source_accept_count_gray_sync1_reg[16]} \
          {protection_system_i/protection_ip_axi_lite_0/inst/u_source_observability_cdc/source_accept_count_gray_sync1_reg[17]} \
          {protection_system_i/protection_ip_axi_lite_0/inst/u_source_observability_cdc/source_accept_count_gray_sync1_reg[18]} \
          {protection_system_i/protection_ip_axi_lite_0/inst/u_source_observability_cdc/source_accept_count_gray_sync1_reg[19]} \
          {protection_system_i/protection_ip_axi_lite_0/inst/u_source_observability_cdc/source_accept_count_gray_sync1_reg[1]} \
          {protection_system_i/protection_ip_axi_lite_0/inst/u_source_observability_cdc/source_accept_count_gray_sync1_reg[20]} \
          {protection_system_i/protection_ip_axi_lite_0/inst/u_source_observability_cdc/source_accept_count_gray_sync1_reg[21]} \
          {protection_system_i/protection_ip_axi_lite_0/inst/u_source_observability_cdc/source_accept_count_gray_sync1_reg[22]} \
          {protection_system_i/protection_ip_axi_lite_0/inst/u_source_observability_cdc/source_accept_count_gray_sync1_reg[23]} \
          {protection_system_i/protection_ip_axi_lite_0/inst/u_source_observability_cdc/source_accept_count_gray_sync1_reg[24]} \
          {protection_system_i/protection_ip_axi_lite_0/inst/u_source_observability_cdc/source_accept_count_gray_sync1_reg[25]} \
          {protection_system_i/protection_ip_axi_lite_0/inst/u_source_observability_cdc/source_accept_count_gray_sync1_reg[26]} \
          {protection_system_i/protection_ip_axi_lite_0/inst/u_source_observability_cdc/source_accept_count_gray_sync1_reg[27]} \
          {protection_system_i/protection_ip_axi_lite_0/inst/u_source_observability_cdc/source_accept_count_gray_sync1_reg[28]} \
          {protection_system_i/protection_ip_axi_lite_0/inst/u_source_observability_cdc/source_accept_count_gray_sync1_reg[29]} \
          {protection_system_i/protection_ip_axi_lite_0/inst/u_source_observability_cdc/source_accept_count_gray_sync1_reg[2]} \
          {protection_system_i/protection_ip_axi_lite_0/inst/u_source_observability_cdc/source_accept_count_gray_sync1_reg[30]} \
          {protection_system_i/protection_ip_axi_lite_0/inst/u_source_observability_cdc/source_accept_count_gray_sync1_reg[31]} \
          {protection_system_i/protection_ip_axi_lite_0/inst/u_source_observability_cdc/source_accept_count_gray_sync1_reg[3]} \
          {protection_system_i/protection_ip_axi_lite_0/inst/u_source_observability_cdc/source_accept_count_gray_sync1_reg[4]} \
          {protection_system_i/protection_ip_axi_lite_0/inst/u_source_observability_cdc/source_accept_count_gray_sync1_reg[5]} \
          {protection_system_i/protection_ip_axi_lite_0/inst/u_source_observability_cdc/source_accept_count_gray_sync1_reg[6]} \
          {protection_system_i/protection_ip_axi_lite_0/inst/u_source_observability_cdc/source_accept_count_gray_sync1_reg[7]} \
          {protection_system_i/protection_ip_axi_lite_0/inst/u_source_observability_cdc/source_accept_count_gray_sync1_reg[8]} \
          {protection_system_i/protection_ip_axi_lite_0/inst/u_source_observability_cdc/source_accept_count_gray_sync1_reg[9]}]]
                                                                              Slow              8.000       0.962      7.038
4   127       [get_cells [list {protection_system_i/protection_ip_axi_lite_0/inst/u_adc_sample_cdc_bridge/u_source_observer/backpressure_cycle_count_gray_reg[0]} \
          {protection_system_i/protection_ip_axi_lite_0/inst/u_adc_sample_cdc_bridge/u_source_observer/backpressure_cycle_count_gray_reg[10]} \
          {protection_system_i/protection_ip_axi_lite_0/inst/u_adc_sample_cdc_bridge/u_source_observer/backpressure_cycle_count_gray_reg[11]} \
          {protection_system_i/protection_ip_axi_lite_0/inst/u_adc_sample_cdc_bridge/u_source_observer/backpressure_cycle_count_gray_reg[12]} \
          {protection_system_i/protection_ip_axi_lite_0/inst/u_adc_sample_cdc_bridge/u_source_observer/backpressure_cycle_count_gray_reg[13]} \
          {protection_system_i/protection_ip_axi_lite_0/inst/u_adc_sample_cdc_bridge/u_source_observer/backpressure_cycle_count_gray_reg[14]} \
          {protection_system_i/protection_ip_axi_lite_0/inst/u_adc_sample_cdc_bridge/u_source_observer/backpressure_cycle_count_gray_reg[15]} \
          {protection_system_i/protection_ip_axi_lite_0/inst/u_adc_sample_cdc_bridge/u_source_observer/backpressure_cycle_count_gray_reg[16]} \
          {protection_system_i/protection_ip_axi_lite_0/inst/u_adc_sample_cdc_bridge/u_source_observer/backpressure_cycle_count_gray_reg[17]} \
          {protection_system_i/protection_ip_axi_lite_0/inst/u_adc_sample_cdc_bridge/u_source_observer/backpressure_cycle_count_gray_reg[18]} \
          {protection_system_i/protection_ip_axi_lite_0/inst/u_adc_sample_cdc_bridge/u_source_observer/backpressure_cycle_count_gray_reg[19]} \
          {protection_system_i/protection_ip_axi_lite_0/inst/u_adc_sample_cdc_bridge/u_source_observer/backpressure_cycle_count_gray_reg[1]} \
          {protection_system_i/protection_ip_axi_lite_0/inst/u_adc_sample_cdc_bridge/u_source_observer/backpressure_cycle_count_gray_reg[20]} \
          {protection_system_i/protection_ip_axi_lite_0/inst/u_adc_sample_cdc_bridge/u_source_observer/backpressure_cycle_count_gray_reg[21]} \
          {protection_system_i/protection_ip_axi_lite_0/inst/u_adc_sample_cdc_bridge/u_source_observer/backpressure_cycle_count_gray_reg[22]} \
          {protection_system_i/protection_ip_axi_lite_0/inst/u_adc_sample_cdc_bridge/u_source_observer/backpressure_cycle_count_gray_reg[23]} \
          {protection_system_i/protection_ip_axi_lite_0/inst/u_adc_sample_cdc_bridge/u_source_observer/backpressure_cycle_count_gray_reg[24]} \
          {protection_system_i/protection_ip_axi_lite_0/inst/u_adc_sample_cdc_bridge/u_source_observer/backpressure_cycle_count_gray_reg[25]} \
          {protection_system_i/protection_ip_axi_lite_0/inst/u_adc_sample_cdc_bridge/u_source_observer/backpressure_cycle_count_gray_reg[26]} \
          {protection_system_i/protection_ip_axi_lite_0/inst/u_adc_sample_cdc_bridge/u_source_observer/backpressure_cycle_count_gray_reg[27]} \
          {protection_system_i/protection_ip_axi_lite_0/inst/u_adc_sample_cdc_bridge/u_source_observer/backpressure_cycle_count_gray_reg[28]} \
          {protection_system_i/protection_ip_axi_lite_0/inst/u_adc_sample_cdc_bridge/u_source_observer/backpressure_cycle_count_gray_reg[29]} \
          {protection_system_i/protection_ip_axi_lite_0/inst/u_adc_sample_cdc_bridge/u_source_observer/backpressure_cycle_count_gray_reg[2]} \
          {protection_system_i/protection_ip_axi_lite_0/inst/u_adc_sample_cdc_bridge/u_source_observer/backpressure_cycle_count_gray_reg[30]} \
          {protection_system_i/protection_ip_axi_lite_0/inst/u_adc_sample_cdc_bridge/u_source_observer/backpressure_cycle_count_gray_reg[31]} \
          {protection_system_i/protection_ip_axi_lite_0/inst/u_adc_sample_cdc_bridge/u_source_observer/backpressure_cycle_count_gray_reg[3]} \
          {protection_system_i/protection_ip_axi_lite_0/inst/u_adc_sample_cdc_bridge/u_source_observer/backpressure_cycle_count_gray_reg[4]} \
          {protection_system_i/protection_ip_axi_lite_0/inst/u_adc_sample_cdc_bridge/u_source_observer/backpressure_cycle_count_gray_reg[5]} \
          {protection_system_i/protection_ip_axi_lite_0/inst/u_adc_sample_cdc_bridge/u_source_observer/backpressure_cycle_count_gray_reg[6]} \
          {protection_system_i/protection_ip_axi_lite_0/inst/u_adc_sample_cdc_bridge/u_source_observer/backpressure_cycle_count_gray_reg[7]} \
          {protection_system_i/protection_ip_axi_lite_0/inst/u_adc_sample_cdc_bridge/u_source_observer/backpressure_cycle_count_gray_reg[8]} \
          {protection_system_i/protection_ip_axi_lite_0/inst/u_adc_sample_cdc_bridge/u_source_observer/backpressure_cycle_count_gray_reg[9]}]]
                                              [get_cells [list {protection_system_i/protection_ip_axi_lite_0/inst/u_source_observability_cdc/backpressure_cycle_count_gray_sync1_reg[0]} \
          {protection_system_i/protection_ip_axi_lite_0/inst/u_source_observability_cdc/backpressure_cycle_count_gray_sync1_reg[10]} \
          {protection_system_i/protection_ip_axi_lite_0/inst/u_source_observability_cdc/backpressure_cycle_count_gray_sync1_reg[11]} \
          {protection_system_i/protection_ip_axi_lite_0/inst/u_source_observability_cdc/backpressure_cycle_count_gray_sync1_reg[12]} \
          {protection_system_i/protection_ip_axi_lite_0/inst/u_source_observability_cdc/backpressure_cycle_count_gray_sync1_reg[13]} \
          {protection_system_i/protection_ip_axi_lite_0/inst/u_source_observability_cdc/backpressure_cycle_count_gray_sync1_reg[14]} \
          {protection_system_i/protection_ip_axi_lite_0/inst/u_source_observability_cdc/backpressure_cycle_count_gray_sync1_reg[15]} \
          {protection_system_i/protection_ip_axi_lite_0/inst/u_source_observability_cdc/backpressure_cycle_count_gray_sync1_reg[16]} \
          {protection_system_i/protection_ip_axi_lite_0/inst/u_source_observability_cdc/backpressure_cycle_count_gray_sync1_reg[17]} \
          {protection_system_i/protection_ip_axi_lite_0/inst/u_source_observability_cdc/backpressure_cycle_count_gray_sync1_reg[18]} \
          {protection_system_i/protection_ip_axi_lite_0/inst/u_source_observability_cdc/backpressure_cycle_count_gray_sync1_reg[19]} \
          {protection_system_i/protection_ip_axi_lite_0/inst/u_source_observability_cdc/backpressure_cycle_count_gray_sync1_reg[1]} \
          {protection_system_i/protection_ip_axi_lite_0/inst/u_source_observability_cdc/backpressure_cycle_count_gray_sync1_reg[20]} \
          {protection_system_i/protection_ip_axi_lite_0/inst/u_source_observability_cdc/backpressure_cycle_count_gray_sync1_reg[21]} \
          {protection_system_i/protection_ip_axi_lite_0/inst/u_source_observability_cdc/backpressure_cycle_count_gray_sync1_reg[22]} \
          {protection_system_i/protection_ip_axi_lite_0/inst/u_source_observability_cdc/backpressure_cycle_count_gray_sync1_reg[23]} \
          {protection_system_i/protection_ip_axi_lite_0/inst/u_source_observability_cdc/backpressure_cycle_count_gray_sync1_reg[24]} \
          {protection_system_i/protection_ip_axi_lite_0/inst/u_source_observability_cdc/backpressure_cycle_count_gray_sync1_reg[25]} \
          {protection_system_i/protection_ip_axi_lite_0/inst/u_source_observability_cdc/backpressure_cycle_count_gray_sync1_reg[26]} \
          {protection_system_i/protection_ip_axi_lite_0/inst/u_source_observability_cdc/backpressure_cycle_count_gray_sync1_reg[27]} \
          {protection_system_i/protection_ip_axi_lite_0/inst/u_source_observability_cdc/backpressure_cycle_count_gray_sync1_reg[28]} \
          {protection_system_i/protection_ip_axi_lite_0/inst/u_source_observability_cdc/backpressure_cycle_count_gray_sync1_reg[29]} \
          {protection_system_i/protection_ip_axi_lite_0/inst/u_source_observability_cdc/backpressure_cycle_count_gray_sync1_reg[2]} \
          {protection_system_i/protection_ip_axi_lite_0/inst/u_source_observability_cdc/backpressure_cycle_count_gray_sync1_reg[30]} \
          {protection_system_i/protection_ip_axi_lite_0/inst/u_source_observability_cdc/backpressure_cycle_count_gray_sync1_reg[31]} \
          {protection_system_i/protection_ip_axi_lite_0/inst/u_source_observability_cdc/backpressure_cycle_count_gray_sync1_reg[3]} \
          {protection_system_i/protection_ip_axi_lite_0/inst/u_source_observability_cdc/backpressure_cycle_count_gray_sync1_reg[4]} \
          {protection_system_i/protection_ip_axi_lite_0/inst/u_source_observability_cdc/backpressure_cycle_count_gray_sync1_reg[5]} \
          {protection_system_i/protection_ip_axi_lite_0/inst/u_source_observability_cdc/backpressure_cycle_count_gray_sync1_reg[6]} \
          {protection_system_i/protection_ip_axi_lite_0/inst/u_source_observability_cdc/backpressure_cycle_count_gray_sync1_reg[7]} \
          {protection_system_i/protection_ip_axi_lite_0/inst/u_source_observability_cdc/backpressure_cycle_count_gray_sync1_reg[8]} \
          {protection_system_i/protection_ip_axi_lite_0/inst/u_source_observability_cdc/backpressure_cycle_count_gray_sync1_reg[9]}]]
                                                                              Slow              8.000       1.234      6.766
5   129       [get_cells [list {protection_system_i/protection_ip_axi_lite_0/inst/u_adc_sample_cdc_bridge/u_source_observer/source_protocol_violation_count_gray_reg[0]} \
          {protection_system_i/protection_ip_axi_lite_0/inst/u_adc_sample_cdc_bridge/u_source_observer/source_protocol_violation_count_gray_reg[10]} \
          {protection_system_i/protection_ip_axi_lite_0/inst/u_adc_sample_cdc_bridge/u_source_observer/source_protocol_violation_count_gray_reg[11]} \
          {protection_system_i/protection_ip_axi_lite_0/inst/u_adc_sample_cdc_bridge/u_source_observer/source_protocol_violation_count_gray_reg[12]} \
          {protection_system_i/protection_ip_axi_lite_0/inst/u_adc_sample_cdc_bridge/u_source_observer/source_protocol_violation_count_gray_reg[13]} \
          {protection_system_i/protection_ip_axi_lite_0/inst/u_adc_sample_cdc_bridge/u_source_observer/source_protocol_violation_count_gray_reg[14]} \
          {protection_system_i/protection_ip_axi_lite_0/inst/u_adc_sample_cdc_bridge/u_source_observer/source_protocol_violation_count_gray_reg[15]} \
          {protection_system_i/protection_ip_axi_lite_0/inst/u_adc_sample_cdc_bridge/u_source_observer/source_protocol_violation_count_gray_reg[16]} \
          {protection_system_i/protection_ip_axi_lite_0/inst/u_adc_sample_cdc_bridge/u_source_observer/source_protocol_violation_count_gray_reg[17]} \
          {protection_system_i/protection_ip_axi_lite_0/inst/u_adc_sample_cdc_bridge/u_source_observer/source_protocol_violation_count_gray_reg[18]} \
          {protection_system_i/protection_ip_axi_lite_0/inst/u_adc_sample_cdc_bridge/u_source_observer/source_protocol_violation_count_gray_reg[19]} \
          {protection_system_i/protection_ip_axi_lite_0/inst/u_adc_sample_cdc_bridge/u_source_observer/source_protocol_violation_count_gray_reg[1]} \
          {protection_system_i/protection_ip_axi_lite_0/inst/u_adc_sample_cdc_bridge/u_source_observer/source_protocol_violation_count_gray_reg[20]} \
          {protection_system_i/protection_ip_axi_lite_0/inst/u_adc_sample_cdc_bridge/u_source_observer/source_protocol_violation_count_gray_reg[21]} \
          {protection_system_i/protection_ip_axi_lite_0/inst/u_adc_sample_cdc_bridge/u_source_observer/source_protocol_violation_count_gray_reg[22]} \
          {protection_system_i/protection_ip_axi_lite_0/inst/u_adc_sample_cdc_bridge/u_source_observer/source_protocol_violation_count_gray_reg[23]} \
          {protection_system_i/protection_ip_axi_lite_0/inst/u_adc_sample_cdc_bridge/u_source_observer/source_protocol_violation_count_gray_reg[24]} \
          {protection_system_i/protection_ip_axi_lite_0/inst/u_adc_sample_cdc_bridge/u_source_observer/source_protocol_violation_count_gray_reg[25]} \
          {protection_system_i/protection_ip_axi_lite_0/inst/u_adc_sample_cdc_bridge/u_source_observer/source_protocol_violation_count_gray_reg[26]} \
          {protection_system_i/protection_ip_axi_lite_0/inst/u_adc_sample_cdc_bridge/u_source_observer/source_protocol_violation_count_gray_reg[27]} \
          {protection_system_i/protection_ip_axi_lite_0/inst/u_adc_sample_cdc_bridge/u_source_observer/source_protocol_violation_count_gray_reg[28]} \
          {protection_system_i/protection_ip_axi_lite_0/inst/u_adc_sample_cdc_bridge/u_source_observer/source_protocol_violation_count_gray_reg[29]} \
          {protection_system_i/protection_ip_axi_lite_0/inst/u_adc_sample_cdc_bridge/u_source_observer/source_protocol_violation_count_gray_reg[2]} \
          {protection_system_i/protection_ip_axi_lite_0/inst/u_adc_sample_cdc_bridge/u_source_observer/source_protocol_violation_count_gray_reg[30]} \
          {protection_system_i/protection_ip_axi_lite_0/inst/u_adc_sample_cdc_bridge/u_source_observer/source_protocol_violation_count_gray_reg[31]} \
          {protection_system_i/protection_ip_axi_lite_0/inst/u_adc_sample_cdc_bridge/u_source_observer/source_protocol_violation_count_gray_reg[3]} \
          {protection_system_i/protection_ip_axi_lite_0/inst/u_adc_sample_cdc_bridge/u_source_observer/source_protocol_violation_count_gray_reg[4]} \
          {protection_system_i/protection_ip_axi_lite_0/inst/u_adc_sample_cdc_bridge/u_source_observer/source_protocol_violation_count_gray_reg[5]} \
          {protection_system_i/protection_ip_axi_lite_0/inst/u_adc_sample_cdc_bridge/u_source_observer/source_protocol_violation_count_gray_reg[6]} \
          {protection_system_i/protection_ip_axi_lite_0/inst/u_adc_sample_cdc_bridge/u_source_observer/source_protocol_violation_count_gray_reg[7]} \
          {protection_system_i/protection_ip_axi_lite_0/inst/u_adc_sample_cdc_bridge/u_source_observer/source_protocol_violation_count_gray_reg[8]} \
          {protection_system_i/protection_ip_axi_lite_0/inst/u_adc_sample_cdc_bridge/u_source_observer/source_protocol_violation_count_gray_reg[9]}]]
                                              [get_cells [list {protection_system_i/protection_ip_axi_lite_0/inst/u_source_observability_cdc/source_protocol_violation_count_gray_sync1_reg[0]} \
          {protection_system_i/protection_ip_axi_lite_0/inst/u_source_observability_cdc/source_protocol_violation_count_gray_sync1_reg[10]} \
          {protection_system_i/protection_ip_axi_lite_0/inst/u_source_observability_cdc/source_protocol_violation_count_gray_sync1_reg[11]} \
          {protection_system_i/protection_ip_axi_lite_0/inst/u_source_observability_cdc/source_protocol_violation_count_gray_sync1_reg[12]} \
          {protection_system_i/protection_ip_axi_lite_0/inst/u_source_observability_cdc/source_protocol_violation_count_gray_sync1_reg[13]} \
          {protection_system_i/protection_ip_axi_lite_0/inst/u_source_observability_cdc/source_protocol_violation_count_gray_sync1_reg[14]} \
          {protection_system_i/protection_ip_axi_lite_0/inst/u_source_observability_cdc/source_protocol_violation_count_gray_sync1_reg[15]} \
          {protection_system_i/protection_ip_axi_lite_0/inst/u_source_observability_cdc/source_protocol_violation_count_gray_sync1_reg[16]} \
          {protection_system_i/protection_ip_axi_lite_0/inst/u_source_observability_cdc/source_protocol_violation_count_gray_sync1_reg[17]} \
          {protection_system_i/protection_ip_axi_lite_0/inst/u_source_observability_cdc/source_protocol_violation_count_gray_sync1_reg[18]} \
          {protection_system_i/protection_ip_axi_lite_0/inst/u_source_observability_cdc/source_protocol_violation_count_gray_sync1_reg[19]} \
          {protection_system_i/protection_ip_axi_lite_0/inst/u_source_observability_cdc/source_protocol_violation_count_gray_sync1_reg[1]} \
          {protection_system_i/protection_ip_axi_lite_0/inst/u_source_observability_cdc/source_protocol_violation_count_gray_sync1_reg[20]} \
          {protection_system_i/protection_ip_axi_lite_0/inst/u_source_observability_cdc/source_protocol_violation_count_gray_sync1_reg[21]} \
          {protection_system_i/protection_ip_axi_lite_0/inst/u_source_observability_cdc/source_protocol_violation_count_gray_sync1_reg[22]} \
          {protection_system_i/protection_ip_axi_lite_0/inst/u_source_observability_cdc/source_protocol_violation_count_gray_sync1_reg[23]} \
          {protection_system_i/protection_ip_axi_lite_0/inst/u_source_observability_cdc/source_protocol_violation_count_gray_sync1_reg[24]} \
          {protection_system_i/protection_ip_axi_lite_0/inst/u_source_observability_cdc/source_protocol_violation_count_gray_sync1_reg[25]} \
          {protection_system_i/protection_ip_axi_lite_0/inst/u_source_observability_cdc/source_protocol_violation_count_gray_sync1_reg[26]} \
          {protection_system_i/protection_ip_axi_lite_0/inst/u_source_observability_cdc/source_protocol_violation_count_gray_sync1_reg[27]} \
          {protection_system_i/protection_ip_axi_lite_0/inst/u_source_observability_cdc/source_protocol_violation_count_gray_sync1_reg[28]} \
          {protection_system_i/protection_ip_axi_lite_0/inst/u_source_observability_cdc/source_protocol_violation_count_gray_sync1_reg[29]} \
          {protection_system_i/protection_ip_axi_lite_0/inst/u_source_observability_cdc/source_protocol_violation_count_gray_sync1_reg[2]} \
          {protection_system_i/protection_ip_axi_lite_0/inst/u_source_observability_cdc/source_protocol_violation_count_gray_sync1_reg[30]} \
          {protection_system_i/protection_ip_axi_lite_0/inst/u_source_observability_cdc/source_protocol_violation_count_gray_sync1_reg[31]} \
          {protection_system_i/protection_ip_axi_lite_0/inst/u_source_observability_cdc/source_protocol_violation_count_gray_sync1_reg[3]} \
          {protection_system_i/protection_ip_axi_lite_0/inst/u_source_observability_cdc/source_protocol_violation_count_gray_sync1_reg[4]} \
          {protection_system_i/protection_ip_axi_lite_0/inst/u_source_observability_cdc/source_protocol_violation_count_gray_sync1_reg[5]} \
          {protection_system_i/protection_ip_axi_lite_0/inst/u_source_observability_cdc/source_protocol_violation_count_gray_sync1_reg[6]} \
          {protection_system_i/protection_ip_axi_lite_0/inst/u_source_observability_cdc/source_protocol_violation_count_gray_sync1_reg[7]} \
          {protection_system_i/protection_ip_axi_lite_0/inst/u_source_observability_cdc/source_protocol_violation_count_gray_sync1_reg[8]} \
          {protection_system_i/protection_ip_axi_lite_0/inst/u_source_observability_cdc/source_protocol_violation_count_gray_sync1_reg[9]}]]
                                                                              Slow              8.000       0.948      7.052
6   131       [get_cells [list {protection_system_i/protection_ip_axi_lite_0/inst/u_adc_sample_cdc_bridge/u_source_observer/source_drop_count_gray_reg[0]} \
          {protection_system_i/protection_ip_axi_lite_0/inst/u_adc_sample_cdc_bridge/u_source_observer/source_drop_count_gray_reg[10]} \
          {protection_system_i/protection_ip_axi_lite_0/inst/u_adc_sample_cdc_bridge/u_source_observer/source_drop_count_gray_reg[11]} \
          {protection_system_i/protection_ip_axi_lite_0/inst/u_adc_sample_cdc_bridge/u_source_observer/source_drop_count_gray_reg[12]} \
          {protection_system_i/protection_ip_axi_lite_0/inst/u_adc_sample_cdc_bridge/u_source_observer/source_drop_count_gray_reg[13]} \
          {protection_system_i/protection_ip_axi_lite_0/inst/u_adc_sample_cdc_bridge/u_source_observer/source_drop_count_gray_reg[14]} \
          {protection_system_i/protection_ip_axi_lite_0/inst/u_adc_sample_cdc_bridge/u_source_observer/source_drop_count_gray_reg[15]} \
          {protection_system_i/protection_ip_axi_lite_0/inst/u_adc_sample_cdc_bridge/u_source_observer/source_drop_count_gray_reg[16]} \
          {protection_system_i/protection_ip_axi_lite_0/inst/u_adc_sample_cdc_bridge/u_source_observer/source_drop_count_gray_reg[17]} \
          {protection_system_i/protection_ip_axi_lite_0/inst/u_adc_sample_cdc_bridge/u_source_observer/source_drop_count_gray_reg[18]} \
          {protection_system_i/protection_ip_axi_lite_0/inst/u_adc_sample_cdc_bridge/u_source_observer/source_drop_count_gray_reg[19]} \
          {protection_system_i/protection_ip_axi_lite_0/inst/u_adc_sample_cdc_bridge/u_source_observer/source_drop_count_gray_reg[1]} \
          {protection_system_i/protection_ip_axi_lite_0/inst/u_adc_sample_cdc_bridge/u_source_observer/source_drop_count_gray_reg[20]} \
          {protection_system_i/protection_ip_axi_lite_0/inst/u_adc_sample_cdc_bridge/u_source_observer/source_drop_count_gray_reg[21]} \
          {protection_system_i/protection_ip_axi_lite_0/inst/u_adc_sample_cdc_bridge/u_source_observer/source_drop_count_gray_reg[22]} \
          {protection_system_i/protection_ip_axi_lite_0/inst/u_adc_sample_cdc_bridge/u_source_observer/source_drop_count_gray_reg[23]} \
          {protection_system_i/protection_ip_axi_lite_0/inst/u_adc_sample_cdc_bridge/u_source_observer/source_drop_count_gray_reg[24]} \
          {protection_system_i/protection_ip_axi_lite_0/inst/u_adc_sample_cdc_bridge/u_source_observer/source_drop_count_gray_reg[25]} \
          {protection_system_i/protection_ip_axi_lite_0/inst/u_adc_sample_cdc_bridge/u_source_observer/source_drop_count_gray_reg[26]} \
          {protection_system_i/protection_ip_axi_lite_0/inst/u_adc_sample_cdc_bridge/u_source_observer/source_drop_count_gray_reg[27]} \
          {protection_system_i/protection_ip_axi_lite_0/inst/u_adc_sample_cdc_bridge/u_source_observer/source_drop_count_gray_reg[28]} \
          {protection_system_i/protection_ip_axi_lite_0/inst/u_adc_sample_cdc_bridge/u_source_observer/source_drop_count_gray_reg[29]} \
          {protection_system_i/protection_ip_axi_lite_0/inst/u_adc_sample_cdc_bridge/u_source_observer/source_drop_count_gray_reg[2]} \
          {protection_system_i/protection_ip_axi_lite_0/inst/u_adc_sample_cdc_bridge/u_source_observer/source_drop_count_gray_reg[30]} \
          {protection_system_i/protection_ip_axi_lite_0/inst/u_adc_sample_cdc_bridge/u_source_observer/source_drop_count_gray_reg[31]} \
          {protection_system_i/protection_ip_axi_lite_0/inst/u_adc_sample_cdc_bridge/u_source_observer/source_drop_count_gray_reg[3]} \
          {protection_system_i/protection_ip_axi_lite_0/inst/u_adc_sample_cdc_bridge/u_source_observer/source_drop_count_gray_reg[4]} \
          {protection_system_i/protection_ip_axi_lite_0/inst/u_adc_sample_cdc_bridge/u_source_observer/source_drop_count_gray_reg[5]} \
          {protection_system_i/protection_ip_axi_lite_0/inst/u_adc_sample_cdc_bridge/u_source_observer/source_drop_count_gray_reg[6]} \
          {protection_system_i/protection_ip_axi_lite_0/inst/u_adc_sample_cdc_bridge/u_source_observer/source_drop_count_gray_reg[7]} \
          {protection_system_i/protection_ip_axi_lite_0/inst/u_adc_sample_cdc_bridge/u_source_observer/source_drop_count_gray_reg[8]} \
          {protection_system_i/protection_ip_axi_lite_0/inst/u_adc_sample_cdc_bridge/u_source_observer/source_drop_count_gray_reg[9]}]]
                                              [get_cells [list {protection_system_i/protection_ip_axi_lite_0/inst/u_source_observability_cdc/source_drop_count_gray_sync1_reg[0]} \
          {protection_system_i/protection_ip_axi_lite_0/inst/u_source_observability_cdc/source_drop_count_gray_sync1_reg[10]} \
          {protection_system_i/protection_ip_axi_lite_0/inst/u_source_observability_cdc/source_drop_count_gray_sync1_reg[11]} \
          {protection_system_i/protection_ip_axi_lite_0/inst/u_source_observability_cdc/source_drop_count_gray_sync1_reg[12]} \
          {protection_system_i/protection_ip_axi_lite_0/inst/u_source_observability_cdc/source_drop_count_gray_sync1_reg[13]} \
          {protection_system_i/protection_ip_axi_lite_0/inst/u_source_observability_cdc/source_drop_count_gray_sync1_reg[14]} \
          {protection_system_i/protection_ip_axi_lite_0/inst/u_source_observability_cdc/source_drop_count_gray_sync1_reg[15]} \
          {protection_system_i/protection_ip_axi_lite_0/inst/u_source_observability_cdc/source_drop_count_gray_sync1_reg[16]} \
          {protection_system_i/protection_ip_axi_lite_0/inst/u_source_observability_cdc/source_drop_count_gray_sync1_reg[17]} \
          {protection_system_i/protection_ip_axi_lite_0/inst/u_source_observability_cdc/source_drop_count_gray_sync1_reg[18]} \
          {protection_system_i/protection_ip_axi_lite_0/inst/u_source_observability_cdc/source_drop_count_gray_sync1_reg[19]} \
          {protection_system_i/protection_ip_axi_lite_0/inst/u_source_observability_cdc/source_drop_count_gray_sync1_reg[1]} \
          {protection_system_i/protection_ip_axi_lite_0/inst/u_source_observability_cdc/source_drop_count_gray_sync1_reg[20]} \
          {protection_system_i/protection_ip_axi_lite_0/inst/u_source_observability_cdc/source_drop_count_gray_sync1_reg[21]} \
          {protection_system_i/protection_ip_axi_lite_0/inst/u_source_observability_cdc/source_drop_count_gray_sync1_reg[22]} \
          {protection_system_i/protection_ip_axi_lite_0/inst/u_source_observability_cdc/source_drop_count_gray_sync1_reg[23]} \
          {protection_system_i/protection_ip_axi_lite_0/inst/u_source_observability_cdc/source_drop_count_gray_sync1_reg[24]} \
          {protection_system_i/protection_ip_axi_lite_0/inst/u_source_observability_cdc/source_drop_count_gray_sync1_reg[25]} \
          {protection_system_i/protection_ip_axi_lite_0/inst/u_source_observability_cdc/source_drop_count_gray_sync1_reg[26]} \
          {protection_system_i/protection_ip_axi_lite_0/inst/u_source_observability_cdc/source_drop_count_gray_sync1_reg[27]} \
          {protection_system_i/protection_ip_axi_lite_0/inst/u_source_observability_cdc/source_drop_count_gray_sync1_reg[28]} \
          {protection_system_i/protection_ip_axi_lite_0/inst/u_source_observability_cdc/source_drop_count_gray_sync1_reg[29]} \
          {protection_system_i/protection_ip_axi_lite_0/inst/u_source_observability_cdc/source_drop_count_gray_sync1_reg[2]} \
          {protection_system_i/protection_ip_axi_lite_0/inst/u_source_observability_cdc/source_drop_count_gray_sync1_reg[30]} \
          {protection_system_i/protection_ip_axi_lite_0/inst/u_source_observability_cdc/source_drop_count_gray_sync1_reg[31]} \
          {protection_system_i/protection_ip_axi_lite_0/inst/u_source_observability_cdc/source_drop_count_gray_sync1_reg[3]} \
          {protection_system_i/protection_ip_axi_lite_0/inst/u_source_observability_cdc/source_drop_count_gray_sync1_reg[4]} \
          {protection_system_i/protection_ip_axi_lite_0/inst/u_source_observability_cdc/source_drop_count_gray_sync1_reg[5]} \
          {protection_system_i/protection_ip_axi_lite_0/inst/u_source_observability_cdc/source_drop_count_gray_sync1_reg[6]} \
          {protection_system_i/protection_ip_axi_lite_0/inst/u_source_observability_cdc/source_drop_count_gray_sync1_reg[7]} \
          {protection_system_i/protection_ip_axi_lite_0/inst/u_source_observability_cdc/source_drop_count_gray_sync1_reg[8]} \
          {protection_system_i/protection_ip_axi_lite_0/inst/u_source_observability_cdc/source_drop_count_gray_sync1_reg[9]}]]
                                                                              Slow              8.000       0.981      7.019
7   133       [get_cells [list {protection_system_i/protection_ip_axi_lite_0/inst/u_adc_sample_cdc_bridge/u_source_observer/fifo_overflow_attempt_count_gray_reg[0]} \
          {protection_system_i/protection_ip_axi_lite_0/inst/u_adc_sample_cdc_bridge/u_source_observer/fifo_overflow_attempt_count_gray_reg[10]} \
          {protection_system_i/protection_ip_axi_lite_0/inst/u_adc_sample_cdc_bridge/u_source_observer/fifo_overflow_attempt_count_gray_reg[11]} \
          {protection_system_i/protection_ip_axi_lite_0/inst/u_adc_sample_cdc_bridge/u_source_observer/fifo_overflow_attempt_count_gray_reg[12]} \
          {protection_system_i/protection_ip_axi_lite_0/inst/u_adc_sample_cdc_bridge/u_source_observer/fifo_overflow_attempt_count_gray_reg[13]} \
          {protection_system_i/protection_ip_axi_lite_0/inst/u_adc_sample_cdc_bridge/u_source_observer/fifo_overflow_attempt_count_gray_reg[14]} \
          {protection_system_i/protection_ip_axi_lite_0/inst/u_adc_sample_cdc_bridge/u_source_observer/fifo_overflow_attempt_count_gray_reg[15]} \
          {protection_system_i/protection_ip_axi_lite_0/inst/u_adc_sample_cdc_bridge/u_source_observer/fifo_overflow_attempt_count_gray_reg[16]} \
          {protection_system_i/protection_ip_axi_lite_0/inst/u_adc_sample_cdc_bridge/u_source_observer/fifo_overflow_attempt_count_gray_reg[17]} \
          {protection_system_i/protection_ip_axi_lite_0/inst/u_adc_sample_cdc_bridge/u_source_observer/fifo_overflow_attempt_count_gray_reg[18]} \
          {protection_system_i/protection_ip_axi_lite_0/inst/u_adc_sample_cdc_bridge/u_source_observer/fifo_overflow_attempt_count_gray_reg[19]} \
          {protection_system_i/protection_ip_axi_lite_0/inst/u_adc_sample_cdc_bridge/u_source_observer/fifo_overflow_attempt_count_gray_reg[1]} \
          {protection_system_i/protection_ip_axi_lite_0/inst/u_adc_sample_cdc_bridge/u_source_observer/fifo_overflow_attempt_count_gray_reg[20]} \
          {protection_system_i/protection_ip_axi_lite_0/inst/u_adc_sample_cdc_bridge/u_source_observer/fifo_overflow_attempt_count_gray_reg[21]} \
          {protection_system_i/protection_ip_axi_lite_0/inst/u_adc_sample_cdc_bridge/u_source_observer/fifo_overflow_attempt_count_gray_reg[22]} \
          {protection_system_i/protection_ip_axi_lite_0/inst/u_adc_sample_cdc_bridge/u_source_observer/fifo_overflow_attempt_count_gray_reg[23]} \
          {protection_system_i/protection_ip_axi_lite_0/inst/u_adc_sample_cdc_bridge/u_source_observer/fifo_overflow_attempt_count_gray_reg[24]} \
          {protection_system_i/protection_ip_axi_lite_0/inst/u_adc_sample_cdc_bridge/u_source_observer/fifo_overflow_attempt_count_gray_reg[25]} \
          {protection_system_i/protection_ip_axi_lite_0/inst/u_adc_sample_cdc_bridge/u_source_observer/fifo_overflow_attempt_count_gray_reg[26]} \
          {protection_system_i/protection_ip_axi_lite_0/inst/u_adc_sample_cdc_bridge/u_source_observer/fifo_overflow_attempt_count_gray_reg[27]} \
          {protection_system_i/protection_ip_axi_lite_0/inst/u_adc_sample_cdc_bridge/u_source_observer/fifo_overflow_attempt_count_gray_reg[28]} \
          {protection_system_i/protection_ip_axi_lite_0/inst/u_adc_sample_cdc_bridge/u_source_observer/fifo_overflow_attempt_count_gray_reg[29]} \
          {protection_system_i/protection_ip_axi_lite_0/inst/u_adc_sample_cdc_bridge/u_source_observer/fifo_overflow_attempt_count_gray_reg[2]} \
          {protection_system_i/protection_ip_axi_lite_0/inst/u_adc_sample_cdc_bridge/u_source_observer/fifo_overflow_attempt_count_gray_reg[30]} \
          {protection_system_i/protection_ip_axi_lite_0/inst/u_adc_sample_cdc_bridge/u_source_observer/fifo_overflow_attempt_count_gray_reg[31]} \
          {protection_system_i/protection_ip_axi_lite_0/inst/u_adc_sample_cdc_bridge/u_source_observer/fifo_overflow_attempt_count_gray_reg[3]} \
          {protection_system_i/protection_ip_axi_lite_0/inst/u_adc_sample_cdc_bridge/u_source_observer/fifo_overflow_attempt_count_gray_reg[4]} \
          {protection_system_i/protection_ip_axi_lite_0/inst/u_adc_sample_cdc_bridge/u_source_observer/fifo_overflow_attempt_count_gray_reg[5]} \
          {protection_system_i/protection_ip_axi_lite_0/inst/u_adc_sample_cdc_bridge/u_source_observer/fifo_overflow_attempt_count_gray_reg[6]} \
          {protection_system_i/protection_ip_axi_lite_0/inst/u_adc_sample_cdc_bridge/u_source_observer/fifo_overflow_attempt_count_gray_reg[7]} \
          {protection_system_i/protection_ip_axi_lite_0/inst/u_adc_sample_cdc_bridge/u_source_observer/fifo_overflow_attempt_count_gray_reg[8]} \
          {protection_system_i/protection_ip_axi_lite_0/inst/u_adc_sample_cdc_bridge/u_source_observer/fifo_overflow_attempt_count_gray_reg[9]}]]
                                              [get_cells [list {protection_system_i/protection_ip_axi_lite_0/inst/u_source_observability_cdc/fifo_overflow_attempt_count_gray_sync1_reg[0]} \
          {protection_system_i/protection_ip_axi_lite_0/inst/u_source_observability_cdc/fifo_overflow_attempt_count_gray_sync1_reg[10]} \
          {protection_system_i/protection_ip_axi_lite_0/inst/u_source_observability_cdc/fifo_overflow_attempt_count_gray_sync1_reg[11]} \
          {protection_system_i/protection_ip_axi_lite_0/inst/u_source_observability_cdc/fifo_overflow_attempt_count_gray_sync1_reg[12]} \
          {protection_system_i/protection_ip_axi_lite_0/inst/u_source_observability_cdc/fifo_overflow_attempt_count_gray_sync1_reg[13]} \
          {protection_system_i/protection_ip_axi_lite_0/inst/u_source_observability_cdc/fifo_overflow_attempt_count_gray_sync1_reg[14]} \
          {protection_system_i/protection_ip_axi_lite_0/inst/u_source_observability_cdc/fifo_overflow_attempt_count_gray_sync1_reg[15]} \
          {protection_system_i/protection_ip_axi_lite_0/inst/u_source_observability_cdc/fifo_overflow_attempt_count_gray_sync1_reg[16]} \
          {protection_system_i/protection_ip_axi_lite_0/inst/u_source_observability_cdc/fifo_overflow_attempt_count_gray_sync1_reg[17]} \
          {protection_system_i/protection_ip_axi_lite_0/inst/u_source_observability_cdc/fifo_overflow_attempt_count_gray_sync1_reg[18]} \
          {protection_system_i/protection_ip_axi_lite_0/inst/u_source_observability_cdc/fifo_overflow_attempt_count_gray_sync1_reg[19]} \
          {protection_system_i/protection_ip_axi_lite_0/inst/u_source_observability_cdc/fifo_overflow_attempt_count_gray_sync1_reg[1]} \
          {protection_system_i/protection_ip_axi_lite_0/inst/u_source_observability_cdc/fifo_overflow_attempt_count_gray_sync1_reg[20]} \
          {protection_system_i/protection_ip_axi_lite_0/inst/u_source_observability_cdc/fifo_overflow_attempt_count_gray_sync1_reg[21]} \
          {protection_system_i/protection_ip_axi_lite_0/inst/u_source_observability_cdc/fifo_overflow_attempt_count_gray_sync1_reg[22]} \
          {protection_system_i/protection_ip_axi_lite_0/inst/u_source_observability_cdc/fifo_overflow_attempt_count_gray_sync1_reg[23]} \
          {protection_system_i/protection_ip_axi_lite_0/inst/u_source_observability_cdc/fifo_overflow_attempt_count_gray_sync1_reg[24]} \
          {protection_system_i/protection_ip_axi_lite_0/inst/u_source_observability_cdc/fifo_overflow_attempt_count_gray_sync1_reg[25]} \
          {protection_system_i/protection_ip_axi_lite_0/inst/u_source_observability_cdc/fifo_overflow_attempt_count_gray_sync1_reg[26]} \
          {protection_system_i/protection_ip_axi_lite_0/inst/u_source_observability_cdc/fifo_overflow_attempt_count_gray_sync1_reg[27]} \
          {protection_system_i/protection_ip_axi_lite_0/inst/u_source_observability_cdc/fifo_overflow_attempt_count_gray_sync1_reg[28]} \
          {protection_system_i/protection_ip_axi_lite_0/inst/u_source_observability_cdc/fifo_overflow_attempt_count_gray_sync1_reg[29]} \
          {protection_system_i/protection_ip_axi_lite_0/inst/u_source_observability_cdc/fifo_overflow_attempt_count_gray_sync1_reg[2]} \
          {protection_system_i/protection_ip_axi_lite_0/inst/u_source_observability_cdc/fifo_overflow_attempt_count_gray_sync1_reg[30]} \
          {protection_system_i/protection_ip_axi_lite_0/inst/u_source_observability_cdc/fifo_overflow_attempt_count_gray_sync1_reg[31]} \
          {protection_system_i/protection_ip_axi_lite_0/inst/u_source_observability_cdc/fifo_overflow_attempt_count_gray_sync1_reg[3]} \
          {protection_system_i/protection_ip_axi_lite_0/inst/u_source_observability_cdc/fifo_overflow_attempt_count_gray_sync1_reg[4]} \
          {protection_system_i/protection_ip_axi_lite_0/inst/u_source_observability_cdc/fifo_overflow_attempt_count_gray_sync1_reg[5]} \
          {protection_system_i/protection_ip_axi_lite_0/inst/u_source_observability_cdc/fifo_overflow_attempt_count_gray_sync1_reg[6]} \
          {protection_system_i/protection_ip_axi_lite_0/inst/u_source_observability_cdc/fifo_overflow_attempt_count_gray_sync1_reg[7]} \
          {protection_system_i/protection_ip_axi_lite_0/inst/u_source_observability_cdc/fifo_overflow_attempt_count_gray_sync1_reg[8]} \
          {protection_system_i/protection_ip_axi_lite_0/inst/u_source_observability_cdc/fifo_overflow_attempt_count_gray_sync1_reg[9]}]]
                                                                              Slow              8.000       1.318      6.682
8   135       [get_cells [list {protection_system_i/protection_ip_axi_lite_0/inst/u_adc_sample_cdc_bridge/u_source_observer/counter_saturation_event_count_gray_reg[0]} \
          {protection_system_i/protection_ip_axi_lite_0/inst/u_adc_sample_cdc_bridge/u_source_observer/counter_saturation_event_count_gray_reg[10]} \
          {protection_system_i/protection_ip_axi_lite_0/inst/u_adc_sample_cdc_bridge/u_source_observer/counter_saturation_event_count_gray_reg[11]} \
          {protection_system_i/protection_ip_axi_lite_0/inst/u_adc_sample_cdc_bridge/u_source_observer/counter_saturation_event_count_gray_reg[12]} \
          {protection_system_i/protection_ip_axi_lite_0/inst/u_adc_sample_cdc_bridge/u_source_observer/counter_saturation_event_count_gray_reg[13]} \
          {protection_system_i/protection_ip_axi_lite_0/inst/u_adc_sample_cdc_bridge/u_source_observer/counter_saturation_event_count_gray_reg[14]} \
          {protection_system_i/protection_ip_axi_lite_0/inst/u_adc_sample_cdc_bridge/u_source_observer/counter_saturation_event_count_gray_reg[15]} \
          {protection_system_i/protection_ip_axi_lite_0/inst/u_adc_sample_cdc_bridge/u_source_observer/counter_saturation_event_count_gray_reg[16]} \
          {protection_system_i/protection_ip_axi_lite_0/inst/u_adc_sample_cdc_bridge/u_source_observer/counter_saturation_event_count_gray_reg[17]} \
          {protection_system_i/protection_ip_axi_lite_0/inst/u_adc_sample_cdc_bridge/u_source_observer/counter_saturation_event_count_gray_reg[18]} \
          {protection_system_i/protection_ip_axi_lite_0/inst/u_adc_sample_cdc_bridge/u_source_observer/counter_saturation_event_count_gray_reg[19]} \
          {protection_system_i/protection_ip_axi_lite_0/inst/u_adc_sample_cdc_bridge/u_source_observer/counter_saturation_event_count_gray_reg[1]} \
          {protection_system_i/protection_ip_axi_lite_0/inst/u_adc_sample_cdc_bridge/u_source_observer/counter_saturation_event_count_gray_reg[20]} \
          {protection_system_i/protection_ip_axi_lite_0/inst/u_adc_sample_cdc_bridge/u_source_observer/counter_saturation_event_count_gray_reg[21]} \
          {protection_system_i/protection_ip_axi_lite_0/inst/u_adc_sample_cdc_bridge/u_source_observer/counter_saturation_event_count_gray_reg[22]} \
          {protection_system_i/protection_ip_axi_lite_0/inst/u_adc_sample_cdc_bridge/u_source_observer/counter_saturation_event_count_gray_reg[23]} \
          {protection_system_i/protection_ip_axi_lite_0/inst/u_adc_sample_cdc_bridge/u_source_observer/counter_saturation_event_count_gray_reg[24]} \
          {protection_system_i/protection_ip_axi_lite_0/inst/u_adc_sample_cdc_bridge/u_source_observer/counter_saturation_event_count_gray_reg[25]} \
          {protection_system_i/protection_ip_axi_lite_0/inst/u_adc_sample_cdc_bridge/u_source_observer/counter_saturation_event_count_gray_reg[26]} \
          {protection_system_i/protection_ip_axi_lite_0/inst/u_adc_sample_cdc_bridge/u_source_observer/counter_saturation_event_count_gray_reg[27]} \
          {protection_system_i/protection_ip_axi_lite_0/inst/u_adc_sample_cdc_bridge/u_source_observer/counter_saturation_event_count_gray_reg[28]} \
          {protection_system_i/protection_ip_axi_lite_0/inst/u_adc_sample_cdc_bridge/u_source_observer/counter_saturation_event_count_gray_reg[29]} \
          {protection_system_i/protection_ip_axi_lite_0/inst/u_adc_sample_cdc_bridge/u_source_observer/counter_saturation_event_count_gray_reg[2]} \
          {protection_system_i/protection_ip_axi_lite_0/inst/u_adc_sample_cdc_bridge/u_source_observer/counter_saturation_event_count_gray_reg[30]} \
          {protection_system_i/protection_ip_axi_lite_0/inst/u_adc_sample_cdc_bridge/u_source_observer/counter_saturation_event_count_gray_reg[31]} \
          {protection_system_i/protection_ip_axi_lite_0/inst/u_adc_sample_cdc_bridge/u_source_observer/counter_saturation_event_count_gray_reg[3]} \
          {protection_system_i/protection_ip_axi_lite_0/inst/u_adc_sample_cdc_bridge/u_source_observer/counter_saturation_event_count_gray_reg[4]} \
          {protection_system_i/protection_ip_axi_lite_0/inst/u_adc_sample_cdc_bridge/u_source_observer/counter_saturation_event_count_gray_reg[5]} \
          {protection_system_i/protection_ip_axi_lite_0/inst/u_adc_sample_cdc_bridge/u_source_observer/counter_saturation_event_count_gray_reg[6]} \
          {protection_system_i/protection_ip_axi_lite_0/inst/u_adc_sample_cdc_bridge/u_source_observer/counter_saturation_event_count_gray_reg[7]} \
          {protection_system_i/protection_ip_axi_lite_0/inst/u_adc_sample_cdc_bridge/u_source_observer/counter_saturation_event_count_gray_reg[8]} \
          {protection_system_i/protection_ip_axi_lite_0/inst/u_adc_sample_cdc_bridge/u_source_observer/counter_saturation_event_count_gray_reg[9]}]]
                                              [get_cells [list {protection_system_i/protection_ip_axi_lite_0/inst/u_source_observability_cdc/counter_saturation_event_count_gray_sync1_reg[0]} \
          {protection_system_i/protection_ip_axi_lite_0/inst/u_source_observability_cdc/counter_saturation_event_count_gray_sync1_reg[10]} \
          {protection_system_i/protection_ip_axi_lite_0/inst/u_source_observability_cdc/counter_saturation_event_count_gray_sync1_reg[11]} \
          {protection_system_i/protection_ip_axi_lite_0/inst/u_source_observability_cdc/counter_saturation_event_count_gray_sync1_reg[12]} \
          {protection_system_i/protection_ip_axi_lite_0/inst/u_source_observability_cdc/counter_saturation_event_count_gray_sync1_reg[13]} \
          {protection_system_i/protection_ip_axi_lite_0/inst/u_source_observability_cdc/counter_saturation_event_count_gray_sync1_reg[14]} \
          {protection_system_i/protection_ip_axi_lite_0/inst/u_source_observability_cdc/counter_saturation_event_count_gray_sync1_reg[15]} \
          {protection_system_i/protection_ip_axi_lite_0/inst/u_source_observability_cdc/counter_saturation_event_count_gray_sync1_reg[16]} \
          {protection_system_i/protection_ip_axi_lite_0/inst/u_source_observability_cdc/counter_saturation_event_count_gray_sync1_reg[17]} \
          {protection_system_i/protection_ip_axi_lite_0/inst/u_source_observability_cdc/counter_saturation_event_count_gray_sync1_reg[18]} \
          {protection_system_i/protection_ip_axi_lite_0/inst/u_source_observability_cdc/counter_saturation_event_count_gray_sync1_reg[19]} \
          {protection_system_i/protection_ip_axi_lite_0/inst/u_source_observability_cdc/counter_saturation_event_count_gray_sync1_reg[1]} \
          {protection_system_i/protection_ip_axi_lite_0/inst/u_source_observability_cdc/counter_saturation_event_count_gray_sync1_reg[20]} \
          {protection_system_i/protection_ip_axi_lite_0/inst/u_source_observability_cdc/counter_saturation_event_count_gray_sync1_reg[21]} \
          {protection_system_i/protection_ip_axi_lite_0/inst/u_source_observability_cdc/counter_saturation_event_count_gray_sync1_reg[22]} \
          {protection_system_i/protection_ip_axi_lite_0/inst/u_source_observability_cdc/counter_saturation_event_count_gray_sync1_reg[23]} \
          {protection_system_i/protection_ip_axi_lite_0/inst/u_source_observability_cdc/counter_saturation_event_count_gray_sync1_reg[24]} \
          {protection_system_i/protection_ip_axi_lite_0/inst/u_source_observability_cdc/counter_saturation_event_count_gray_sync1_reg[25]} \
          {protection_system_i/protection_ip_axi_lite_0/inst/u_source_observability_cdc/counter_saturation_event_count_gray_sync1_reg[26]} \
          {protection_system_i/protection_ip_axi_lite_0/inst/u_source_observability_cdc/counter_saturation_event_count_gray_sync1_reg[27]} \
          {protection_system_i/protection_ip_axi_lite_0/inst/u_source_observability_cdc/counter_saturation_event_count_gray_sync1_reg[28]} \
          {protection_system_i/protection_ip_axi_lite_0/inst/u_source_observability_cdc/counter_saturation_event_count_gray_sync1_reg[29]} \
          {protection_system_i/protection_ip_axi_lite_0/inst/u_source_observability_cdc/counter_saturation_event_count_gray_sync1_reg[2]} \
          {protection_system_i/protection_ip_axi_lite_0/inst/u_source_observability_cdc/counter_saturation_event_count_gray_sync1_reg[30]} \
          {protection_system_i/protection_ip_axi_lite_0/inst/u_source_observability_cdc/counter_saturation_event_count_gray_sync1_reg[31]} \
          {protection_system_i/protection_ip_axi_lite_0/inst/u_source_observability_cdc/counter_saturation_event_count_gray_sync1_reg[3]} \
          {protection_system_i/protection_ip_axi_lite_0/inst/u_source_observability_cdc/counter_saturation_event_count_gray_sync1_reg[4]} \
          {protection_system_i/protection_ip_axi_lite_0/inst/u_source_observability_cdc/counter_saturation_event_count_gray_sync1_reg[5]} \
          {protection_system_i/protection_ip_axi_lite_0/inst/u_source_observability_cdc/counter_saturation_event_count_gray_sync1_reg[6]} \
          {protection_system_i/protection_ip_axi_lite_0/inst/u_source_observability_cdc/counter_saturation_event_count_gray_sync1_reg[7]} \
          {protection_system_i/protection_ip_axi_lite_0/inst/u_source_observability_cdc/counter_saturation_event_count_gray_sync1_reg[8]} \
          {protection_system_i/protection_ip_axi_lite_0/inst/u_source_observability_cdc/counter_saturation_event_count_gray_sync1_reg[9]}]]
                                                                              Slow              8.000       1.130      6.870
9   137       [get_cells [list {protection_system_i/protection_ip_axi_lite_0/inst/u_adc_sample_cdc_bridge/u_source_observer/last_source_sequence_gray_reg[0]} \
          {protection_system_i/protection_ip_axi_lite_0/inst/u_adc_sample_cdc_bridge/u_source_observer/last_source_sequence_gray_reg[10]} \
          {protection_system_i/protection_ip_axi_lite_0/inst/u_adc_sample_cdc_bridge/u_source_observer/last_source_sequence_gray_reg[11]} \
          {protection_system_i/protection_ip_axi_lite_0/inst/u_adc_sample_cdc_bridge/u_source_observer/last_source_sequence_gray_reg[12]} \
          {protection_system_i/protection_ip_axi_lite_0/inst/u_adc_sample_cdc_bridge/u_source_observer/last_source_sequence_gray_reg[13]} \
          {protection_system_i/protection_ip_axi_lite_0/inst/u_adc_sample_cdc_bridge/u_source_observer/last_source_sequence_gray_reg[14]} \
          {protection_system_i/protection_ip_axi_lite_0/inst/u_adc_sample_cdc_bridge/u_source_observer/last_source_sequence_gray_reg[15]} \
          {protection_system_i/protection_ip_axi_lite_0/inst/u_adc_sample_cdc_bridge/u_source_observer/last_source_sequence_gray_reg[16]} \
          {protection_system_i/protection_ip_axi_lite_0/inst/u_adc_sample_cdc_bridge/u_source_observer/last_source_sequence_gray_reg[17]} \
          {protection_system_i/protection_ip_axi_lite_0/inst/u_adc_sample_cdc_bridge/u_source_observer/last_source_sequence_gray_reg[18]} \
          {protection_system_i/protection_ip_axi_lite_0/inst/u_adc_sample_cdc_bridge/u_source_observer/last_source_sequence_gray_reg[19]} \
          {protection_system_i/protection_ip_axi_lite_0/inst/u_adc_sample_cdc_bridge/u_source_observer/last_source_sequence_gray_reg[1]} \
          {protection_system_i/protection_ip_axi_lite_0/inst/u_adc_sample_cdc_bridge/u_source_observer/last_source_sequence_gray_reg[20]} \
          {protection_system_i/protection_ip_axi_lite_0/inst/u_adc_sample_cdc_bridge/u_source_observer/last_source_sequence_gray_reg[21]} \
          {protection_system_i/protection_ip_axi_lite_0/inst/u_adc_sample_cdc_bridge/u_source_observer/last_source_sequence_gray_reg[22]} \
          {protection_system_i/protection_ip_axi_lite_0/inst/u_adc_sample_cdc_bridge/u_source_observer/last_source_sequence_gray_reg[23]} \
          {protection_system_i/protection_ip_axi_lite_0/inst/u_adc_sample_cdc_bridge/u_source_observer/last_source_sequence_gray_reg[24]} \
          {protection_system_i/protection_ip_axi_lite_0/inst/u_adc_sample_cdc_bridge/u_source_observer/last_source_sequence_gray_reg[25]} \
          {protection_system_i/protection_ip_axi_lite_0/inst/u_adc_sample_cdc_bridge/u_source_observer/last_source_sequence_gray_reg[26]} \
          {protection_system_i/protection_ip_axi_lite_0/inst/u_adc_sample_cdc_bridge/u_source_observer/last_source_sequence_gray_reg[27]} \
          {protection_system_i/protection_ip_axi_lite_0/inst/u_adc_sample_cdc_bridge/u_source_observer/last_source_sequence_gray_reg[28]} \
          {protection_system_i/protection_ip_axi_lite_0/inst/u_adc_sample_cdc_bridge/u_source_observer/last_source_sequence_gray_reg[29]} \
          {protection_system_i/protection_ip_axi_lite_0/inst/u_adc_sample_cdc_bridge/u_source_observer/last_source_sequence_gray_reg[2]} \
          {protection_system_i/protection_ip_axi_lite_0/inst/u_adc_sample_cdc_bridge/u_source_observer/last_source_sequence_gray_reg[30]} \
          {protection_system_i/protection_ip_axi_lite_0/inst/u_adc_sample_cdc_bridge/u_source_observer/last_source_sequence_gray_reg[31]} \
          {protection_system_i/protection_ip_axi_lite_0/inst/u_adc_sample_cdc_bridge/u_source_observer/last_source_sequence_gray_reg[3]} \
          {protection_system_i/protection_ip_axi_lite_0/inst/u_adc_sample_cdc_bridge/u_source_observer/last_source_sequence_gray_reg[4]} \
          {protection_system_i/protection_ip_axi_lite_0/inst/u_adc_sample_cdc_bridge/u_source_observer/last_source_sequence_gray_reg[5]} \
          {protection_system_i/protection_ip_axi_lite_0/inst/u_adc_sample_cdc_bridge/u_source_observer/last_source_sequence_gray_reg[6]} \
          {protection_system_i/protection_ip_axi_lite_0/inst/u_adc_sample_cdc_bridge/u_source_observer/last_source_sequence_gray_reg[7]} \
          {protection_system_i/protection_ip_axi_lite_0/inst/u_adc_sample_cdc_bridge/u_source_observer/last_source_sequence_gray_reg[8]} \
          {protection_system_i/protection_ip_axi_lite_0/inst/u_adc_sample_cdc_bridge/u_source_observer/last_source_sequence_gray_reg[9]}]]
                                              [get_cells [list {protection_system_i/protection_ip_axi_lite_0/inst/u_source_observability_cdc/last_source_sequence_gray_sync1_reg[0]} \
          {protection_system_i/protection_ip_axi_lite_0/inst/u_source_observability_cdc/last_source_sequence_gray_sync1_reg[10]} \
          {protection_system_i/protection_ip_axi_lite_0/inst/u_source_observability_cdc/last_source_sequence_gray_sync1_reg[11]} \
          {protection_system_i/protection_ip_axi_lite_0/inst/u_source_observability_cdc/last_source_sequence_gray_sync1_reg[12]} \
          {protection_system_i/protection_ip_axi_lite_0/inst/u_source_observability_cdc/last_source_sequence_gray_sync1_reg[13]} \
          {protection_system_i/protection_ip_axi_lite_0/inst/u_source_observability_cdc/last_source_sequence_gray_sync1_reg[14]} \
          {protection_system_i/protection_ip_axi_lite_0/inst/u_source_observability_cdc/last_source_sequence_gray_sync1_reg[15]} \
          {protection_system_i/protection_ip_axi_lite_0/inst/u_source_observability_cdc/last_source_sequence_gray_sync1_reg[16]} \
          {protection_system_i/protection_ip_axi_lite_0/inst/u_source_observability_cdc/last_source_sequence_gray_sync1_reg[17]} \
          {protection_system_i/protection_ip_axi_lite_0/inst/u_source_observability_cdc/last_source_sequence_gray_sync1_reg[18]} \
          {protection_system_i/protection_ip_axi_lite_0/inst/u_source_observability_cdc/last_source_sequence_gray_sync1_reg[19]} \
          {protection_system_i/protection_ip_axi_lite_0/inst/u_source_observability_cdc/last_source_sequence_gray_sync1_reg[1]} \
          {protection_system_i/protection_ip_axi_lite_0/inst/u_source_observability_cdc/last_source_sequence_gray_sync1_reg[20]} \
          {protection_system_i/protection_ip_axi_lite_0/inst/u_source_observability_cdc/last_source_sequence_gray_sync1_reg[21]} \
          {protection_system_i/protection_ip_axi_lite_0/inst/u_source_observability_cdc/last_source_sequence_gray_sync1_reg[22]} \
          {protection_system_i/protection_ip_axi_lite_0/inst/u_source_observability_cdc/last_source_sequence_gray_sync1_reg[23]} \
          {protection_system_i/protection_ip_axi_lite_0/inst/u_source_observability_cdc/last_source_sequence_gray_sync1_reg[24]} \
          {protection_system_i/protection_ip_axi_lite_0/inst/u_source_observability_cdc/last_source_sequence_gray_sync1_reg[25]} \
          {protection_system_i/protection_ip_axi_lite_0/inst/u_source_observability_cdc/last_source_sequence_gray_sync1_reg[26]} \
          {protection_system_i/protection_ip_axi_lite_0/inst/u_source_observability_cdc/last_source_sequence_gray_sync1_reg[27]} \
          {protection_system_i/protection_ip_axi_lite_0/inst/u_source_observability_cdc/last_source_sequence_gray_sync1_reg[28]} \
          {protection_system_i/protection_ip_axi_lite_0/inst/u_source_observability_cdc/last_source_sequence_gray_sync1_reg[29]} \
          {protection_system_i/protection_ip_axi_lite_0/inst/u_source_observability_cdc/last_source_sequence_gray_sync1_reg[2]} \
          {protection_system_i/protection_ip_axi_lite_0/inst/u_source_observability_cdc/last_source_sequence_gray_sync1_reg[30]} \
          {protection_system_i/protection_ip_axi_lite_0/inst/u_source_observability_cdc/last_source_sequence_gray_sync1_reg[31]} \
          {protection_system_i/protection_ip_axi_lite_0/inst/u_source_observability_cdc/last_source_sequence_gray_sync1_reg[3]} \
          {protection_system_i/protection_ip_axi_lite_0/inst/u_source_observability_cdc/last_source_sequence_gray_sync1_reg[4]} \
          {protection_system_i/protection_ip_axi_lite_0/inst/u_source_observability_cdc/last_source_sequence_gray_sync1_reg[5]} \
          {protection_system_i/protection_ip_axi_lite_0/inst/u_source_observability_cdc/last_source_sequence_gray_sync1_reg[6]} \
          {protection_system_i/protection_ip_axi_lite_0/inst/u_source_observability_cdc/last_source_sequence_gray_sync1_reg[7]} \
          {protection_system_i/protection_ip_axi_lite_0/inst/u_source_observability_cdc/last_source_sequence_gray_sync1_reg[8]} \
          {protection_system_i/protection_ip_axi_lite_0/inst/u_source_observability_cdc/last_source_sequence_gray_sync1_reg[9]}]]
                                                                              Slow              8.000       1.076      6.924
10  140       [get_cells -quiet -hierarchical -regexp {(^|.*/)stage2i_b2_ready_aware_stimulus_0/(inst/)?command_hold_aclk_reg\[([0-9]|[1-2][0-9]|30)\]$}]
                                              [get_cells -quiet -hierarchical -regexp {(^|.*/)stage2i_b2_ready_aware_stimulus_0/(inst/)?command_capture_src_reg\[([0-9]|[1-2][0-9]|30)\]$}]
                                                                              Slow              8.000       1.338      6.662
11  144       [get_cells -quiet -hierarchical -regexp {(^|.*/)stage2i_b2_ready_aware_stimulus_0/(inst/)?accepted_count_gray_src_reg\[[0-7]\]$}]
                                              [get_cells -quiet -hierarchical -regexp {(^|.*/)stage2i_b2_ready_aware_stimulus_0/(inst/)?accepted_count_gray_sync1_aclk_reg\[[0-7]\]$}]
                                                                              Slow              8.000       0.913      7.087
12  146       [get_cells -quiet -hierarchical -regexp {(^|.*/)stage2i_b2_ready_aware_stimulus_0/(inst/)?remaining_gray_src_reg\[[0-6]\]$}]
                                              [get_cells -quiet -hierarchical -regexp {(^|.*/)stage2i_b2_ready_aware_stimulus_0/(inst/)?remaining_gray_sync1_aclk_reg\[[0-6]\]$}]
                                                                              Slow              8.000       0.666      7.334
13  196       [get_cells [list {dbg_hub/inst/BSCANID.u_xsdbm_id/CORE_XSDB.UUT_MASTER/U_ICON_INTERFACE/U_CMD6_RD/U_RD_FIFO/SUBCORE_FIFO.xsdbm_v3_0_2_rdfifo_inst/inst_fifo_gen/gconvfifo.rf/grf.rf/gntv_or_sync_fifo.gcx.clkx/gnxpm_cdc.rd_pntr_gc_reg[0]} {dbg_hub/inst/BSCANID.u_xsdbm_id/CORE_XSDB.UUT_MASTER/U_ICON_INTERFACE/U_CMD6_RD/U_RD_FIFO/SUBCORE_FIFO.xsdbm_v3_0_2_rdfifo_inst/inst_fifo_gen/gconvfifo.rf/grf.rf/gntv_or_sync_fifo.gcx.clkx/gnxpm_cdc.rd_pntr_gc_reg[1]} {dbg_hub/inst/BSCANID.u_xsdbm_id/CORE_XSDB.UUT_MASTER/U_ICON_INTERFACE/U_CMD6_RD/U_RD_FIFO/SUBCORE_FIFO.xsdbm_v3_0_2_rdfifo_inst/inst_fifo_gen/gconvfifo.rf/grf.rf/gntv_or_sync_fifo.gcx.clkx/gnxpm_cdc.rd_pntr_gc_reg[2]} {dbg_hub/inst/BSCANID.u_xsdbm_id/CORE_XSDB.UUT_MASTER/U_ICON_INTERFACE/U_CMD6_RD/U_RD_FIFO/SUBCORE_FIFO.xsdbm_v3_0_2_rdfifo_inst/inst_fifo_gen/gconvfifo.rf/grf.rf/gntv_or_sync_fifo.gcx.clkx/gnxpm_cdc.rd_pntr_gc_reg[3]}]]
                                              [get_cells [list {dbg_hub/inst/BSCANID.u_xsdbm_id/CORE_XSDB.UUT_MASTER/U_ICON_INTERFACE/U_CMD6_RD/U_RD_FIFO/SUBCORE_FIFO.xsdbm_v3_0_2_rdfifo_inst/inst_fifo_gen/gconvfifo.rf/grf.rf/gntv_or_sync_fifo.gcx.clkx/gnxpm_cdc.gsync_stage[1].wr_stg_inst/Q_reg_reg[0]} {dbg_hub/inst/BSCANID.u_xsdbm_id/CORE_XSDB.UUT_MASTER/U_ICON_INTERFACE/U_CMD6_RD/U_RD_FIFO/SUBCORE_FIFO.xsdbm_v3_0_2_rdfifo_inst/inst_fifo_gen/gconvfifo.rf/grf.rf/gntv_or_sync_fifo.gcx.clkx/gnxpm_cdc.gsync_stage[1].wr_stg_inst/Q_reg_reg[1]} {dbg_hub/inst/BSCANID.u_xsdbm_id/CORE_XSDB.UUT_MASTER/U_ICON_INTERFACE/U_CMD6_RD/U_RD_FIFO/SUBCORE_FIFO.xsdbm_v3_0_2_rdfifo_inst/inst_fifo_gen/gconvfifo.rf/grf.rf/gntv_or_sync_fifo.gcx.clkx/gnxpm_cdc.gsync_stage[1].wr_stg_inst/Q_reg_reg[2]} {dbg_hub/inst/BSCANID.u_xsdbm_id/CORE_XSDB.UUT_MASTER/U_ICON_INTERFACE/U_CMD6_RD/U_RD_FIFO/SUBCORE_FIFO.xsdbm_v3_0_2_rdfifo_inst/inst_fifo_gen/gconvfifo.rf/grf.rf/gntv_or_sync_fifo.gcx.clkx/gnxpm_cdc.gsync_stage[1].wr_stg_inst/Q_reg_reg[3]}]]
                                                                              Slow              8.000       1.020      6.980
14  198       [get_cells [list {dbg_hub/inst/BSCANID.u_xsdbm_id/CORE_XSDB.UUT_MASTER/U_ICON_INTERFACE/U_CMD6_RD/U_RD_FIFO/SUBCORE_FIFO.xsdbm_v3_0_2_rdfifo_inst/inst_fifo_gen/gconvfifo.rf/grf.rf/gntv_or_sync_fifo.gcx.clkx/gnxpm_cdc.wr_pntr_gc_reg[0]} {dbg_hub/inst/BSCANID.u_xsdbm_id/CORE_XSDB.UUT_MASTER/U_ICON_INTERFACE/U_CMD6_RD/U_RD_FIFO/SUBCORE_FIFO.xsdbm_v3_0_2_rdfifo_inst/inst_fifo_gen/gconvfifo.rf/grf.rf/gntv_or_sync_fifo.gcx.clkx/gnxpm_cdc.wr_pntr_gc_reg[1]} {dbg_hub/inst/BSCANID.u_xsdbm_id/CORE_XSDB.UUT_MASTER/U_ICON_INTERFACE/U_CMD6_RD/U_RD_FIFO/SUBCORE_FIFO.xsdbm_v3_0_2_rdfifo_inst/inst_fifo_gen/gconvfifo.rf/grf.rf/gntv_or_sync_fifo.gcx.clkx/gnxpm_cdc.wr_pntr_gc_reg[2]} {dbg_hub/inst/BSCANID.u_xsdbm_id/CORE_XSDB.UUT_MASTER/U_ICON_INTERFACE/U_CMD6_RD/U_RD_FIFO/SUBCORE_FIFO.xsdbm_v3_0_2_rdfifo_inst/inst_fifo_gen/gconvfifo.rf/grf.rf/gntv_or_sync_fifo.gcx.clkx/gnxpm_cdc.wr_pntr_gc_reg[3]}]]
                                              [get_cells [list {dbg_hub/inst/BSCANID.u_xsdbm_id/CORE_XSDB.UUT_MASTER/U_ICON_INTERFACE/U_CMD6_RD/U_RD_FIFO/SUBCORE_FIFO.xsdbm_v3_0_2_rdfifo_inst/inst_fifo_gen/gconvfifo.rf/grf.rf/gntv_or_sync_fifo.gcx.clkx/gnxpm_cdc.gsync_stage[1].rd_stg_inst/Q_reg_reg[0]} {dbg_hub/inst/BSCANID.u_xsdbm_id/CORE_XSDB.UUT_MASTER/U_ICON_INTERFACE/U_CMD6_RD/U_RD_FIFO/SUBCORE_FIFO.xsdbm_v3_0_2_rdfifo_inst/inst_fifo_gen/gconvfifo.rf/grf.rf/gntv_or_sync_fifo.gcx.clkx/gnxpm_cdc.gsync_stage[1].rd_stg_inst/Q_reg_reg[1]} {dbg_hub/inst/BSCANID.u_xsdbm_id/CORE_XSDB.UUT_MASTER/U_ICON_INTERFACE/U_CMD6_RD/U_RD_FIFO/SUBCORE_FIFO.xsdbm_v3_0_2_rdfifo_inst/inst_fifo_gen/gconvfifo.rf/grf.rf/gntv_or_sync_fifo.gcx.clkx/gnxpm_cdc.gsync_stage[1].rd_stg_inst/Q_reg_reg[2]} {dbg_hub/inst/BSCANID.u_xsdbm_id/CORE_XSDB.UUT_MASTER/U_ICON_INTERFACE/U_CMD6_RD/U_RD_FIFO/SUBCORE_FIFO.xsdbm_v3_0_2_rdfifo_inst/inst_fifo_gen/gconvfifo.rf/grf.rf/gntv_or_sync_fifo.gcx.clkx/gnxpm_cdc.gsync_stage[1].rd_stg_inst/Q_reg_reg[3]}]]
                                                                              Slow              8.000       0.881      7.119
15  201       [get_cells [list {dbg_hub/inst/BSCANID.u_xsdbm_id/CORE_XSDB.UUT_MASTER/U_ICON_INTERFACE/U_CMD6_WR/U_WR_FIFO/SUBCORE_FIFO.xsdbm_v3_0_2_wrfifo_inst/inst_fifo_gen/gconvfifo.rf/grf.rf/gntv_or_sync_fifo.gcx.clkx/gnxpm_cdc.rd_pntr_gc_reg[0]} {dbg_hub/inst/BSCANID.u_xsdbm_id/CORE_XSDB.UUT_MASTER/U_ICON_INTERFACE/U_CMD6_WR/U_WR_FIFO/SUBCORE_FIFO.xsdbm_v3_0_2_wrfifo_inst/inst_fifo_gen/gconvfifo.rf/grf.rf/gntv_or_sync_fifo.gcx.clkx/gnxpm_cdc.rd_pntr_gc_reg[1]} {dbg_hub/inst/BSCANID.u_xsdbm_id/CORE_XSDB.UUT_MASTER/U_ICON_INTERFACE/U_CMD6_WR/U_WR_FIFO/SUBCORE_FIFO.xsdbm_v3_0_2_wrfifo_inst/inst_fifo_gen/gconvfifo.rf/grf.rf/gntv_or_sync_fifo.gcx.clkx/gnxpm_cdc.rd_pntr_gc_reg[2]} {dbg_hub/inst/BSCANID.u_xsdbm_id/CORE_XSDB.UUT_MASTER/U_ICON_INTERFACE/U_CMD6_WR/U_WR_FIFO/SUBCORE_FIFO.xsdbm_v3_0_2_wrfifo_inst/inst_fifo_gen/gconvfifo.rf/grf.rf/gntv_or_sync_fifo.gcx.clkx/gnxpm_cdc.rd_pntr_gc_reg[3]}]]
                                              [get_cells [list {dbg_hub/inst/BSCANID.u_xsdbm_id/CORE_XSDB.UUT_MASTER/U_ICON_INTERFACE/U_CMD6_WR/U_WR_FIFO/SUBCORE_FIFO.xsdbm_v3_0_2_wrfifo_inst/inst_fifo_gen/gconvfifo.rf/grf.rf/gntv_or_sync_fifo.gcx.clkx/gnxpm_cdc.gsync_stage[1].wr_stg_inst/Q_reg_reg[0]} {dbg_hub/inst/BSCANID.u_xsdbm_id/CORE_XSDB.UUT_MASTER/U_ICON_INTERFACE/U_CMD6_WR/U_WR_FIFO/SUBCORE_FIFO.xsdbm_v3_0_2_wrfifo_inst/inst_fifo_gen/gconvfifo.rf/grf.rf/gntv_or_sync_fifo.gcx.clkx/gnxpm_cdc.gsync_stage[1].wr_stg_inst/Q_reg_reg[1]} {dbg_hub/inst/BSCANID.u_xsdbm_id/CORE_XSDB.UUT_MASTER/U_ICON_INTERFACE/U_CMD6_WR/U_WR_FIFO/SUBCORE_FIFO.xsdbm_v3_0_2_wrfifo_inst/inst_fifo_gen/gconvfifo.rf/grf.rf/gntv_or_sync_fifo.gcx.clkx/gnxpm_cdc.gsync_stage[1].wr_stg_inst/Q_reg_reg[2]} {dbg_hub/inst/BSCANID.u_xsdbm_id/CORE_XSDB.UUT_MASTER/U_ICON_INTERFACE/U_CMD6_WR/U_WR_FIFO/SUBCORE_FIFO.xsdbm_v3_0_2_wrfifo_inst/inst_fifo_gen/gconvfifo.rf/grf.rf/gntv_or_sync_fifo.gcx.clkx/gnxpm_cdc.gsync_stage[1].wr_stg_inst/Q_reg_reg[3]}]]
                                                                              Slow              8.000       0.595      7.405
16  203       [get_cells [list {dbg_hub/inst/BSCANID.u_xsdbm_id/CORE_XSDB.UUT_MASTER/U_ICON_INTERFACE/U_CMD6_WR/U_WR_FIFO/SUBCORE_FIFO.xsdbm_v3_0_2_wrfifo_inst/inst_fifo_gen/gconvfifo.rf/grf.rf/gntv_or_sync_fifo.gcx.clkx/gnxpm_cdc.wr_pntr_gc_reg[0]} {dbg_hub/inst/BSCANID.u_xsdbm_id/CORE_XSDB.UUT_MASTER/U_ICON_INTERFACE/U_CMD6_WR/U_WR_FIFO/SUBCORE_FIFO.xsdbm_v3_0_2_wrfifo_inst/inst_fifo_gen/gconvfifo.rf/grf.rf/gntv_or_sync_fifo.gcx.clkx/gnxpm_cdc.wr_pntr_gc_reg[1]} {dbg_hub/inst/BSCANID.u_xsdbm_id/CORE_XSDB.UUT_MASTER/U_ICON_INTERFACE/U_CMD6_WR/U_WR_FIFO/SUBCORE_FIFO.xsdbm_v3_0_2_wrfifo_inst/inst_fifo_gen/gconvfifo.rf/grf.rf/gntv_or_sync_fifo.gcx.clkx/gnxpm_cdc.wr_pntr_gc_reg[2]} {dbg_hub/inst/BSCANID.u_xsdbm_id/CORE_XSDB.UUT_MASTER/U_ICON_INTERFACE/U_CMD6_WR/U_WR_FIFO/SUBCORE_FIFO.xsdbm_v3_0_2_wrfifo_inst/inst_fifo_gen/gconvfifo.rf/grf.rf/gntv_or_sync_fifo.gcx.clkx/gnxpm_cdc.wr_pntr_gc_reg[3]}]]
                                              [get_cells [list {dbg_hub/inst/BSCANID.u_xsdbm_id/CORE_XSDB.UUT_MASTER/U_ICON_INTERFACE/U_CMD6_WR/U_WR_FIFO/SUBCORE_FIFO.xsdbm_v3_0_2_wrfifo_inst/inst_fifo_gen/gconvfifo.rf/grf.rf/gntv_or_sync_fifo.gcx.clkx/gnxpm_cdc.gsync_stage[1].rd_stg_inst/Q_reg_reg[0]} {dbg_hub/inst/BSCANID.u_xsdbm_id/CORE_XSDB.UUT_MASTER/U_ICON_INTERFACE/U_CMD6_WR/U_WR_FIFO/SUBCORE_FIFO.xsdbm_v3_0_2_wrfifo_inst/inst_fifo_gen/gconvfifo.rf/grf.rf/gntv_or_sync_fifo.gcx.clkx/gnxpm_cdc.gsync_stage[1].rd_stg_inst/Q_reg_reg[1]} {dbg_hub/inst/BSCANID.u_xsdbm_id/CORE_XSDB.UUT_MASTER/U_ICON_INTERFACE/U_CMD6_WR/U_WR_FIFO/SUBCORE_FIFO.xsdbm_v3_0_2_wrfifo_inst/inst_fifo_gen/gconvfifo.rf/grf.rf/gntv_or_sync_fifo.gcx.clkx/gnxpm_cdc.gsync_stage[1].rd_stg_inst/Q_reg_reg[2]} {dbg_hub/inst/BSCANID.u_xsdbm_id/CORE_XSDB.UUT_MASTER/U_ICON_INTERFACE/U_CMD6_WR/U_WR_FIFO/SUBCORE_FIFO.xsdbm_v3_0_2_wrfifo_inst/inst_fifo_gen/gconvfifo.rf/grf.rf/gntv_or_sync_fifo.gcx.clkx/gnxpm_cdc.gsync_stage[1].rd_stg_inst/Q_reg_reg[3]}]]
                                                                              Slow              8.000       0.742      7.258


2. Bus Skew Report Per Constraint
---------------------------------

Id: 1
set_bus_skew -from [get_cells [list {protection_system_i/protection_ip_axi_lite_0/inst/u_adc_sample_cdc_bridge/u_fifo/wr_gray_reg[0]} {protection_system_i/protection_ip_axi_lite_0/inst/u_adc_sample_cdc_bridge/u_fifo/wr_gray_reg[1]} {protection_system_i/protection_ip_axi_lite_0/inst/u_adc_sample_cdc_bridge/u_fifo/wr_gray_reg[2]} {protection_system_i/protection_ip_axi_lite_0/inst/u_adc_sample_cdc_bridge/u_fifo/wr_gray_reg[3]}]] -to [get_cells [list {protection_system_i/protection_ip_axi_lite_0/inst/u_adc_sample_cdc_bridge/u_fifo/wr_gray_sync1_reg[0]} {protection_system_i/protection_ip_axi_lite_0/inst/u_adc_sample_cdc_bridge/u_fifo/wr_gray_sync1_reg[1]} {protection_system_i/protection_ip_axi_lite_0/inst/u_adc_sample_cdc_bridge/u_fifo/wr_gray_sync1_reg[2]} {protection_system_i/protection_ip_axi_lite_0/inst/u_adc_sample_cdc_bridge/u_fifo/wr_gray_sync1_reg[3]}]] 8.000
Requirement: 8.000ns
Endpoints: 4

From Clock            To Clock              Endpoint Pin                    Reference Pin                   Corner  Actual(ns)  Slack(ns)
--------------------  --------------------  ------------------------------  ------------------------------  ------  ----------  ---------
clk_fpga_1            clk_fpga_0            protection_system_i/protection_ip_axi_lite_0/inst/u_adc_sample_cdc_bridge/u_fifo/wr_gray_sync1_reg[3]/D
                                                                            protection_system_i/protection_ip_axi_lite_0/inst/u_adc_sample_cdc_bridge/u_fifo/wr_gray_sync1_reg[2]/D
                                                                                                            Slow         1.030      6.970


Slack (MET) :             6.970ns  (requirement - actual skew)
  Endpoint Source:        protection_system_i/protection_ip_axi_lite_0/inst/u_adc_sample_cdc_bridge/u_fifo/wr_gray_reg[3]/C
                            (rising edge-triggered cell FDCE clocked by clk_fpga_1)
  Endpoint Destination:   protection_system_i/protection_ip_axi_lite_0/inst/u_adc_sample_cdc_bridge/u_fifo/wr_gray_sync1_reg[3]/D
                            (rising edge-triggered cell FDCE clocked by clk_fpga_0)
  Reference Source:       protection_system_i/protection_ip_axi_lite_0/inst/u_adc_sample_cdc_bridge/u_fifo/wr_gray_reg[2]/C
                            (rising edge-triggered cell FDCE clocked by clk_fpga_1)
  Reference Destination:  protection_system_i/protection_ip_axi_lite_0/inst/u_adc_sample_cdc_bridge/u_fifo/wr_gray_sync1_reg[2]/D
                            (rising edge-triggered cell FDCE clocked by clk_fpga_0)
  Path Type:              Bus Skew (Max at Slow Process Corner)
  Requirement:            8.000ns
  Endpoint Relative Delay:    1.767ns
  Reference Relative Delay:   0.244ns
  Relative CRPR:              0.493ns
  Actual Bus Skew:            1.030ns  (Endpoint Relative Delay - Reference Relative Delay - Relative CRPR)

Endpoint path:
    Location             Delay type                Incr(ns)  Path(ns)    Netlist Resource(s)
  -------------------------------------------------------------------    -------------------
                         (clock clk_fpga_1 rise edge)
                                                      0.000     0.000 r  
    PS7_X0Y0             PS7                          0.000     0.000 r  protection_system_i/processing_system7_0/inst/PS7_i/FCLKCLK[1]
                         net (fo=1, routed)           1.193     1.193    protection_system_i/processing_system7_0/inst/FCLK_CLK1
    BUFGCTRL_X0Y17       BUFG (Prop_bufg_I_O)         0.101     1.294 r  protection_system_i/processing_system7_0/inst/FCLK_CLK1_BUFG_inst/O
                         net (fo=5596, routed)        1.697     2.991    protection_system_i/protection_ip_axi_lite_0/inst/u_adc_sample_cdc_bridge/u_fifo/wr_clk
    SLICE_X64Y76         FDCE                                         r  protection_system_i/protection_ip_axi_lite_0/inst/u_adc_sample_cdc_bridge/u_fifo/wr_gray_reg[3]/C
  -------------------------------------------------------------------    -------------------
    SLICE_X64Y76         FDCE (Prop_fdce_C_Q)         0.456     3.447 r  protection_system_i/protection_ip_axi_lite_0/inst/u_adc_sample_cdc_bridge/u_fifo/wr_gray_reg[3]/Q
                         net (fo=1, routed)           0.932     4.379    protection_system_i/protection_ip_axi_lite_0/inst/u_adc_sample_cdc_bridge/u_fifo/wr_gray[3]
    SLICE_X65Y76         FDCE                                         r  protection_system_i/protection_ip_axi_lite_0/inst/u_adc_sample_cdc_bridge/u_fifo/wr_gray_sync1_reg[3]/D
  -------------------------------------------------------------------    -------------------

                         (clock clk_fpga_0 rise edge)
                                                      0.000     0.000 r  
    PS7_X0Y0             PS7                          0.000     0.000 r  protection_system_i/processing_system7_0/inst/PS7_i/FCLKCLK[0]
                         net (fo=1, routed)           1.088     1.088    protection_system_i/processing_system7_0/inst/FCLK_CLK_unbuffered[0]
    BUFGCTRL_X0Y18       BUFG (Prop_bufg_I_O)         0.091     1.179 r  protection_system_i/processing_system7_0/inst/buffer_fclk_clk_0.FCLK_CLK_0_BUFG/O
                         net (fo=3556, routed)        1.526     2.705    protection_system_i/protection_ip_axi_lite_0/inst/u_adc_sample_cdc_bridge/u_fifo/rd_clk
    SLICE_X65Y76         FDCE                                         r  protection_system_i/protection_ip_axi_lite_0/inst/u_adc_sample_cdc_bridge/u_fifo/wr_gray_sync1_reg[3]/C
                         clock pessimism              0.000     2.705    
    SLICE_X65Y76         FDCE (Setup_fdce_C_D)       -0.093     2.612    protection_system_i/protection_ip_axi_lite_0/inst/u_adc_sample_cdc_bridge/u_fifo/wr_gray_sync1_reg[3]
  -------------------------------------------------------------------
                         data arrival                           4.379    
                         clock arrival                          2.612    
  -------------------------------------------------------------------
                         relative delay                         1.767    

Reference path:
    Location             Delay type                Incr(ns)  Path(ns)    Netlist Resource(s)
  -------------------------------------------------------------------    -------------------
                         (clock clk_fpga_1 rise edge)
                                                      0.000     0.000 r  
    PS7_X0Y0             PS7                          0.000     0.000 r  protection_system_i/processing_system7_0/inst/PS7_i/FCLKCLK[1]
                         net (fo=1, routed)           1.088     1.088    protection_system_i/processing_system7_0/inst/FCLK_CLK1
    BUFGCTRL_X0Y17       BUFG (Prop_bufg_I_O)         0.091     1.179 r  protection_system_i/processing_system7_0/inst/FCLK_CLK1_BUFG_inst/O
                         net (fo=5596, routed)        1.523     2.702    protection_system_i/protection_ip_axi_lite_0/inst/u_adc_sample_cdc_bridge/u_fifo/wr_clk
    SLICE_X63Y75         FDCE                                         r  protection_system_i/protection_ip_axi_lite_0/inst/u_adc_sample_cdc_bridge/u_fifo/wr_gray_reg[2]/C
  -------------------------------------------------------------------    -------------------
    SLICE_X63Y75         FDCE (Prop_fdce_C_Q)         0.367     3.069 r  protection_system_i/protection_ip_axi_lite_0/inst/u_adc_sample_cdc_bridge/u_fifo/wr_gray_reg[2]/Q
                         net (fo=1, routed)           0.396     3.464    protection_system_i/protection_ip_axi_lite_0/inst/u_adc_sample_cdc_bridge/u_fifo/wr_gray[2]
    SLICE_X66Y75         FDCE                                         r  protection_system_i/protection_ip_axi_lite_0/inst/u_adc_sample_cdc_bridge/u_fifo/wr_gray_sync1_reg[2]/D
  -------------------------------------------------------------------    -------------------

                         (clock clk_fpga_0 rise edge)
                                                      0.000     0.000 r  
    PS7_X0Y0             PS7                          0.000     0.000 r  protection_system_i/processing_system7_0/inst/PS7_i/FCLKCLK[0]
                         net (fo=1, routed)           1.193     1.193    protection_system_i/processing_system7_0/inst/FCLK_CLK_unbuffered[0]
    BUFGCTRL_X0Y18       BUFG (Prop_bufg_I_O)         0.101     1.294 r  protection_system_i/processing_system7_0/inst/buffer_fclk_clk_0.FCLK_CLK_0_BUFG/O
                         net (fo=3556, routed)        1.695     2.989    protection_system_i/protection_ip_axi_lite_0/inst/u_adc_sample_cdc_bridge/u_fifo/rd_clk
    SLICE_X66Y75         FDCE                                         r  protection_system_i/protection_ip_axi_lite_0/inst/u_adc_sample_cdc_bridge/u_fifo/wr_gray_sync1_reg[2]/C
                         clock pessimism              0.000     2.989    
    SLICE_X66Y75         FDCE (Hold_fdce_C_D)         0.231     3.220    protection_system_i/protection_ip_axi_lite_0/inst/u_adc_sample_cdc_bridge/u_fifo/wr_gray_sync1_reg[2]
  -------------------------------------------------------------------
                         data arrival                           3.464    
                         clock arrival                          3.220    
  -------------------------------------------------------------------
                         relative delay                         0.244    



Id: 2
set_bus_skew -from [get_cells [list {protection_system_i/protection_ip_axi_lite_0/inst/u_adc_sample_cdc_bridge/u_fifo/rd_gray_reg[0]} {protection_system_i/protection_ip_axi_lite_0/inst/u_adc_sample_cdc_bridge/u_fifo/rd_gray_reg[1]} {protection_system_i/protection_ip_axi_lite_0/inst/u_adc_sample_cdc_bridge/u_fifo/rd_gray_reg[2]} {protection_system_i/protection_ip_axi_lite_0/inst/u_adc_sample_cdc_bridge/u_fifo/rd_gray_reg[3]}]] -to [get_cells [list {protection_system_i/protection_ip_axi_lite_0/inst/u_adc_sample_cdc_bridge/u_fifo/rd_gray_sync1_reg[0]} {protection_system_i/protection_ip_axi_lite_0/inst/u_adc_sample_cdc_bridge/u_fifo/rd_gray_sync1_reg[1]} {protection_system_i/protection_ip_axi_lite_0/inst/u_adc_sample_cdc_bridge/u_fifo/rd_gray_sync1_reg[2]} {protection_system_i/protection_ip_axi_lite_0/inst/u_adc_sample_cdc_bridge/u_fifo/rd_gray_sync1_reg[3]}]] 8.000
Requirement: 8.000ns
Endpoints: 4

From Clock            To Clock              Endpoint Pin                    Reference Pin                   Corner  Actual(ns)  Slack(ns)
--------------------  --------------------  ------------------------------  ------------------------------  ------  ----------  ---------
clk_fpga_0            clk_fpga_1            protection_system_i/protection_ip_axi_lite_0/inst/u_adc_sample_cdc_bridge/u_fifo/rd_gray_sync1_reg[3]/D
                                                                            protection_system_i/protection_ip_axi_lite_0/inst/u_adc_sample_cdc_bridge/u_fifo/rd_gray_sync1_reg[2]/D
                                                                                                            Slow         0.912      7.088


Slack (MET) :             7.088ns  (requirement - actual skew)
  Endpoint Source:        protection_system_i/protection_ip_axi_lite_0/inst/u_adc_sample_cdc_bridge/u_fifo/rd_gray_reg[3]/C
                            (rising edge-triggered cell FDCE clocked by clk_fpga_0)
  Endpoint Destination:   protection_system_i/protection_ip_axi_lite_0/inst/u_adc_sample_cdc_bridge/u_fifo/rd_gray_sync1_reg[3]/D
                            (rising edge-triggered cell FDCE clocked by clk_fpga_1)
  Reference Source:       protection_system_i/protection_ip_axi_lite_0/inst/u_adc_sample_cdc_bridge/u_fifo/rd_gray_reg[2]/C
                            (rising edge-triggered cell FDCE clocked by clk_fpga_0)
  Reference Destination:  protection_system_i/protection_ip_axi_lite_0/inst/u_adc_sample_cdc_bridge/u_fifo/rd_gray_sync1_reg[2]/D
                            (rising edge-triggered cell FDCE clocked by clk_fpga_1)
  Path Type:              Bus Skew (Max at Slow Process Corner)
  Requirement:            8.000ns
  Endpoint Relative Delay:    1.768ns
  Reference Relative Delay:   0.341ns
  Relative CRPR:              0.515ns
  Actual Bus Skew:            0.912ns  (Endpoint Relative Delay - Reference Relative Delay - Relative CRPR)

Endpoint path:
    Location             Delay type                Incr(ns)  Path(ns)    Netlist Resource(s)
  -------------------------------------------------------------------    -------------------
                         (clock clk_fpga_0 rise edge)
                                                      0.000     0.000 r  
    PS7_X0Y0             PS7                          0.000     0.000 r  protection_system_i/processing_system7_0/inst/PS7_i/FCLKCLK[0]
                         net (fo=1, routed)           1.193     1.193    protection_system_i/processing_system7_0/inst/FCLK_CLK_unbuffered[0]
    BUFGCTRL_X0Y18       BUFG (Prop_bufg_I_O)         0.101     1.294 r  protection_system_i/processing_system7_0/inst/buffer_fclk_clk_0.FCLK_CLK_0_BUFG/O
                         net (fo=3556, routed)        1.697     2.991    protection_system_i/protection_ip_axi_lite_0/inst/u_adc_sample_cdc_bridge/u_fifo/rd_clk
    SLICE_X66Y76         FDCE                                         r  protection_system_i/protection_ip_axi_lite_0/inst/u_adc_sample_cdc_bridge/u_fifo/rd_gray_reg[3]/C
  -------------------------------------------------------------------    -------------------
    SLICE_X66Y76         FDCE (Prop_fdce_C_Q)         0.518     3.509 r  protection_system_i/protection_ip_axi_lite_0/inst/u_adc_sample_cdc_bridge/u_fifo/rd_gray_reg[3]/Q
                         net (fo=2, routed)           0.868     4.377    protection_system_i/protection_ip_axi_lite_0/inst/u_adc_sample_cdc_bridge/u_fifo/rd_gray[3]
    SLICE_X63Y76         FDCE                                         r  protection_system_i/protection_ip_axi_lite_0/inst/u_adc_sample_cdc_bridge/u_fifo/rd_gray_sync1_reg[3]/D
  -------------------------------------------------------------------    -------------------

                         (clock clk_fpga_1 rise edge)
                                                      0.000     0.000 r  
    PS7_X0Y0             PS7                          0.000     0.000 r  protection_system_i/processing_system7_0/inst/PS7_i/FCLKCLK[1]
                         net (fo=1, routed)           1.088     1.088    protection_system_i/processing_system7_0/inst/FCLK_CLK1
    BUFGCTRL_X0Y17       BUFG (Prop_bufg_I_O)         0.091     1.179 r  protection_system_i/processing_system7_0/inst/FCLK_CLK1_BUFG_inst/O
                         net (fo=5596, routed)        1.525     2.704    protection_system_i/protection_ip_axi_lite_0/inst/u_adc_sample_cdc_bridge/u_fifo/wr_clk
    SLICE_X63Y76         FDCE                                         r  protection_system_i/protection_ip_axi_lite_0/inst/u_adc_sample_cdc_bridge/u_fifo/rd_gray_sync1_reg[3]/C
                         clock pessimism              0.000     2.704    
    SLICE_X63Y76         FDCE (Setup_fdce_C_D)       -0.095     2.609    protection_system_i/protection_ip_axi_lite_0/inst/u_adc_sample_cdc_bridge/u_fifo/rd_gray_sync1_reg[3]
  -------------------------------------------------------------------
                         data arrival                           4.377    
                         clock arrival                          2.609    
  -------------------------------------------------------------------
                         relative delay                         1.768    

Reference path:
    Location             Delay type                Incr(ns)  Path(ns)    Netlist Resource(s)
  -------------------------------------------------------------------    -------------------
                         (clock clk_fpga_0 rise edge)
                                                      0.000     0.000 r  
    PS7_X0Y0             PS7                          0.000     0.000 r  protection_system_i/processing_system7_0/inst/PS7_i/FCLKCLK[0]
                         net (fo=1, routed)           1.088     1.088    protection_system_i/processing_system7_0/inst/FCLK_CLK_unbuffered[0]
    BUFGCTRL_X0Y18       BUFG (Prop_bufg_I_O)         0.091     1.179 r  protection_system_i/processing_system7_0/inst/buffer_fclk_clk_0.FCLK_CLK_0_BUFG/O
                         net (fo=3556, routed)        1.526     2.705    protection_system_i/protection_ip_axi_lite_0/inst/u_adc_sample_cdc_bridge/u_fifo/rd_clk
    SLICE_X66Y76         FDCE                                         r  protection_system_i/protection_ip_axi_lite_0/inst/u_adc_sample_cdc_bridge/u_fifo/rd_gray_reg[2]/C
  -------------------------------------------------------------------    -------------------
    SLICE_X66Y76         FDCE (Prop_fdce_C_Q)         0.418     3.123 r  protection_system_i/protection_ip_axi_lite_0/inst/u_adc_sample_cdc_bridge/u_fifo/rd_gray_reg[2]/Q
                         net (fo=2, routed)           0.378     3.500    protection_system_i/protection_ip_axi_lite_0/inst/u_adc_sample_cdc_bridge/u_fifo/rd_gray[2]
    SLICE_X64Y75         FDCE                                         r  protection_system_i/protection_ip_axi_lite_0/inst/u_adc_sample_cdc_bridge/u_fifo/rd_gray_sync1_reg[2]/D
  -------------------------------------------------------------------    -------------------

                         (clock clk_fpga_1 rise edge)
                                                      0.000     0.000 r  
    PS7_X0Y0             PS7                          0.000     0.000 r  protection_system_i/processing_system7_0/inst/PS7_i/FCLKCLK[1]
                         net (fo=1, routed)           1.193     1.193    protection_system_i/processing_system7_0/inst/FCLK_CLK1
    BUFGCTRL_X0Y17       BUFG (Prop_bufg_I_O)         0.101     1.294 r  protection_system_i/processing_system7_0/inst/FCLK_CLK1_BUFG_inst/O
                         net (fo=5596, routed)        1.695     2.989    protection_system_i/protection_ip_axi_lite_0/inst/u_adc_sample_cdc_bridge/u_fifo/wr_clk
    SLICE_X64Y75         FDCE                                         r  protection_system_i/protection_ip_axi_lite_0/inst/u_adc_sample_cdc_bridge/u_fifo/rd_gray_sync1_reg[2]/C
                         clock pessimism              0.000     2.989    
    SLICE_X64Y75         FDCE (Hold_fdce_C_D)         0.170     3.159    protection_system_i/protection_ip_axi_lite_0/inst/u_adc_sample_cdc_bridge/u_fifo/rd_gray_sync1_reg[2]
  -------------------------------------------------------------------
                         data arrival                           3.500    
                         clock arrival                          3.159    
  -------------------------------------------------------------------
                         relative delay                         0.341    



Id: 3
set_bus_skew -from [get_cells [list {protection_system_i/protection_ip_axi_lite_0/inst/u_adc_sample_cdc_bridge/u_source_observer/source_accept_count_gray_reg[0]} \
          {protection_system_i/protection_ip_axi_lite_0/inst/u_adc_sample_cdc_bridge/u_source_observer/source_accept_count_gray_reg[10]} \
          {protection_system_i/protection_ip_axi_lite_0/inst/u_adc_sample_cdc_bridge/u_source_observer/source_accept_count_gray_reg[11]} \
          {protection_system_i/protection_ip_axi_lite_0/inst/u_adc_sample_cdc_bridge/u_source_observer/source_accept_count_gray_reg[12]} \
          {protection_system_i/protection_ip_axi_lite_0/inst/u_adc_sample_cdc_bridge/u_source_observer/source_accept_count_gray_reg[13]} \
          {protection_system_i/protection_ip_axi_lite_0/inst/u_adc_sample_cdc_bridge/u_source_observer/source_accept_count_gray_reg[14]} \
          {protection_system_i/protection_ip_axi_lite_0/inst/u_adc_sample_cdc_bridge/u_source_observer/source_accept_count_gray_reg[15]} \
          {protection_system_i/protection_ip_axi_lite_0/inst/u_adc_sample_cdc_bridge/u_source_observer/source_accept_count_gray_reg[16]} \
          {protection_system_i/protection_ip_axi_lite_0/inst/u_adc_sample_cdc_bridge/u_source_observer/source_accept_count_gray_reg[17]} \
          {protection_system_i/protection_ip_axi_lite_0/inst/u_adc_sample_cdc_bridge/u_source_observer/source_accept_count_gray_reg[18]} \
          {protection_system_i/protection_ip_axi_lite_0/inst/u_adc_sample_cdc_bridge/u_source_observer/source_accept_count_gray_reg[19]} \
          {protection_system_i/protection_ip_axi_lite_0/inst/u_adc_sample_cdc_bridge/u_source_observer/source_accept_count_gray_reg[1]} \
          {protection_system_i/protection_ip_axi_lite_0/inst/u_adc_sample_cdc_bridge/u_source_observer/source_accept_count_gray_reg[20]} \
          {protection_system_i/protection_ip_axi_lite_0/inst/u_adc_sample_cdc_bridge/u_source_observer/source_accept_count_gray_reg[21]} \
          {protection_system_i/protection_ip_axi_lite_0/inst/u_adc_sample_cdc_bridge/u_source_observer/source_accept_count_gray_reg[22]} \
          {protection_system_i/protection_ip_axi_lite_0/inst/u_adc_sample_cdc_bridge/u_source_observer/source_accept_count_gray_reg[23]} \
          {protection_system_i/protection_ip_axi_lite_0/inst/u_adc_sample_cdc_bridge/u_source_observer/source_accept_count_gray_reg[24]} \
          {protection_system_i/protection_ip_axi_lite_0/inst/u_adc_sample_cdc_bridge/u_source_observer/source_accept_count_gray_reg[25]} \
          {protection_system_i/protection_ip_axi_lite_0/inst/u_adc_sample_cdc_bridge/u_source_observer/source_accept_count_gray_reg[26]} \
          {protection_system_i/protection_ip_axi_lite_0/inst/u_adc_sample_cdc_bridge/u_source_observer/source_accept_count_gray_reg[27]} \
          {protection_system_i/protection_ip_axi_lite_0/inst/u_adc_sample_cdc_bridge/u_source_observer/source_accept_count_gray_reg[28]} \
          {protection_system_i/protection_ip_axi_lite_0/inst/u_adc_sample_cdc_bridge/u_source_observer/source_accept_count_gray_reg[29]} \
          {protection_system_i/protection_ip_axi_lite_0/inst/u_adc_sample_cdc_bridge/u_source_observer/source_accept_count_gray_reg[2]} \
          {protection_system_i/protection_ip_axi_lite_0/inst/u_adc_sample_cdc_bridge/u_source_observer/source_accept_count_gray_reg[30]} \
          {protection_system_i/protection_ip_axi_lite_0/inst/u_adc_sample_cdc_bridge/u_source_observer/source_accept_count_gray_reg[31]} \
          {protection_system_i/protection_ip_axi_lite_0/inst/u_adc_sample_cdc_bridge/u_source_observer/source_accept_count_gray_reg[3]} \
          {protection_system_i/protection_ip_axi_lite_0/inst/u_adc_sample_cdc_bridge/u_source_observer/source_accept_count_gray_reg[4]} \
          {protection_system_i/protection_ip_axi_lite_0/inst/u_adc_sample_cdc_bridge/u_source_observer/source_accept_count_gray_reg[5]} \
          {protection_system_i/protection_ip_axi_lite_0/inst/u_adc_sample_cdc_bridge/u_source_observer/source_accept_count_gray_reg[6]} \
          {protection_system_i/protection_ip_axi_lite_0/inst/u_adc_sample_cdc_bridge/u_source_observer/source_accept_count_gray_reg[7]} \
          {protection_system_i/protection_ip_axi_lite_0/inst/u_adc_sample_cdc_bridge/u_source_observer/source_accept_count_gray_reg[8]} \
          {protection_system_i/protection_ip_axi_lite_0/inst/u_adc_sample_cdc_bridge/u_source_observer/source_accept_count_gray_reg[9]}]] -to [get_cells [list {protection_system_i/protection_ip_axi_lite_0/inst/u_source_observability_cdc/source_accept_count_gray_sync1_reg[0]} \
          {protection_system_i/protection_ip_axi_lite_0/inst/u_source_observability_cdc/source_accept_count_gray_sync1_reg[10]} \
          {protection_system_i/protection_ip_axi_lite_0/inst/u_source_observability_cdc/source_accept_count_gray_sync1_reg[11]} \
          {protection_system_i/protection_ip_axi_lite_0/inst/u_source_observability_cdc/source_accept_count_gray_sync1_reg[12]} \
          {protection_system_i/protection_ip_axi_lite_0/inst/u_source_observability_cdc/source_accept_count_gray_sync1_reg[13]} \
          {protection_system_i/protection_ip_axi_lite_0/inst/u_source_observability_cdc/source_accept_count_gray_sync1_reg[14]} \
          {protection_system_i/protection_ip_axi_lite_0/inst/u_source_observability_cdc/source_accept_count_gray_sync1_reg[15]} \
          {protection_system_i/protection_ip_axi_lite_0/inst/u_source_observability_cdc/source_accept_count_gray_sync1_reg[16]} \
          {protection_system_i/protection_ip_axi_lite_0/inst/u_source_observability_cdc/source_accept_count_gray_sync1_reg[17]} \
          {protection_system_i/protection_ip_axi_lite_0/inst/u_source_observability_cdc/source_accept_count_gray_sync1_reg[18]} \
          {protection_system_i/protection_ip_axi_lite_0/inst/u_source_observability_cdc/source_accept_count_gray_sync1_reg[19]} \
          {protection_system_i/protection_ip_axi_lite_0/inst/u_source_observability_cdc/source_accept_count_gray_sync1_reg[1]} \
          {protection_system_i/protection_ip_axi_lite_0/inst/u_source_observability_cdc/source_accept_count_gray_sync1_reg[20]} \
          {protection_system_i/protection_ip_axi_lite_0/inst/u_source_observability_cdc/source_accept_count_gray_sync1_reg[21]} \
          {protection_system_i/protection_ip_axi_lite_0/inst/u_source_observability_cdc/source_accept_count_gray_sync1_reg[22]} \
          {protection_system_i/protection_ip_axi_lite_0/inst/u_source_observability_cdc/source_accept_count_gray_sync1_reg[23]} \
          {protection_system_i/protection_ip_axi_lite_0/inst/u_source_observability_cdc/source_accept_count_gray_sync1_reg[24]} \
          {protection_system_i/protection_ip_axi_lite_0/inst/u_source_observability_cdc/source_accept_count_gray_sync1_reg[25]} \
          {protection_system_i/protection_ip_axi_lite_0/inst/u_source_observability_cdc/source_accept_count_gray_sync1_reg[26]} \
          {protection_system_i/protection_ip_axi_lite_0/inst/u_source_observability_cdc/source_accept_count_gray_sync1_reg[27]} \
          {protection_system_i/protection_ip_axi_lite_0/inst/u_source_observability_cdc/source_accept_count_gray_sync1_reg[28]} \
          {protection_system_i/protection_ip_axi_lite_0/inst/u_source_observability_cdc/source_accept_count_gray_sync1_reg[29]} \
          {protection_system_i/protection_ip_axi_lite_0/inst/u_source_observability_cdc/source_accept_count_gray_sync1_reg[2]} \
          {protection_system_i/protection_ip_axi_lite_0/inst/u_source_observability_cdc/source_accept_count_gray_sync1_reg[30]} \
          {protection_system_i/protection_ip_axi_lite_0/inst/u_source_observability_cdc/source_accept_count_gray_sync1_reg[31]} \
          {protection_system_i/protection_ip_axi_lite_0/inst/u_source_observability_cdc/source_accept_count_gray_sync1_reg[3]} \
          {protection_system_i/protection_ip_axi_lite_0/inst/u_source_observability_cdc/source_accept_count_gray_sync1_reg[4]} \
          {protection_system_i/protection_ip_axi_lite_0/inst/u_source_observability_cdc/source_accept_count_gray_sync1_reg[5]} \
          {protection_system_i/protection_ip_axi_lite_0/inst/u_source_observability_cdc/source_accept_count_gray_sync1_reg[6]} \
          {protection_system_i/protection_ip_axi_lite_0/inst/u_source_observability_cdc/source_accept_count_gray_sync1_reg[7]} \
          {protection_system_i/protection_ip_axi_lite_0/inst/u_source_observability_cdc/source_accept_count_gray_sync1_reg[8]} \
          {protection_system_i/protection_ip_axi_lite_0/inst/u_source_observability_cdc/source_accept_count_gray_sync1_reg[9]}]] 8.000
Requirement: 8.000ns
Endpoints: 32

From Clock            To Clock              Endpoint Pin                    Reference Pin                   Corner  Actual(ns)  Slack(ns)
--------------------  --------------------  ------------------------------  ------------------------------  ------  ----------  ---------
clk_fpga_1            clk_fpga_0            protection_system_i/protection_ip_axi_lite_0/inst/u_source_observability_cdc/source_accept_count_gray_sync1_reg[1]/D
                                                                            protection_system_i/protection_ip_axi_lite_0/inst/u_source_observability_cdc/source_accept_count_gray_sync1_reg[11]/D
                                                                                                            Slow         0.962      7.038


Slack (MET) :             7.038ns  (requirement - actual skew)
  Endpoint Source:        protection_system_i/protection_ip_axi_lite_0/inst/u_adc_sample_cdc_bridge/u_source_observer/source_accept_count_gray_reg[1]/C
                            (rising edge-triggered cell FDCE clocked by clk_fpga_1)
  Endpoint Destination:   protection_system_i/protection_ip_axi_lite_0/inst/u_source_observability_cdc/source_accept_count_gray_sync1_reg[1]/D
                            (rising edge-triggered cell FDCE clocked by clk_fpga_0)
  Reference Source:       protection_system_i/protection_ip_axi_lite_0/inst/u_adc_sample_cdc_bridge/u_source_observer/source_accept_count_gray_reg[11]/C
                            (rising edge-triggered cell FDCE clocked by clk_fpga_1)
  Reference Destination:  protection_system_i/protection_ip_axi_lite_0/inst/u_source_observability_cdc/source_accept_count_gray_sync1_reg[11]/D
                            (rising edge-triggered cell FDCE clocked by clk_fpga_0)
  Path Type:              Bus Skew (Max at Slow Process Corner)
  Requirement:            8.000ns
  Endpoint Relative Delay:    1.698ns
  Reference Relative Delay:   0.242ns
  Relative CRPR:              0.493ns
  Actual Bus Skew:            0.962ns  (Endpoint Relative Delay - Reference Relative Delay - Relative CRPR)

Endpoint path:
    Location             Delay type                Incr(ns)  Path(ns)    Netlist Resource(s)
  -------------------------------------------------------------------    -------------------
                         (clock clk_fpga_1 rise edge)
                                                      0.000     0.000 r  
    PS7_X0Y0             PS7                          0.000     0.000 r  protection_system_i/processing_system7_0/inst/PS7_i/FCLKCLK[1]
                         net (fo=1, routed)           1.193     1.193    protection_system_i/processing_system7_0/inst/FCLK_CLK1
    BUFGCTRL_X0Y17       BUFG (Prop_bufg_I_O)         0.101     1.294 r  protection_system_i/processing_system7_0/inst/FCLK_CLK1_BUFG_inst/O
                         net (fo=5596, routed)        1.703     2.997    protection_system_i/protection_ip_axi_lite_0/inst/u_adc_sample_cdc_bridge/u_source_observer/clk
    SLICE_X65Y80         FDCE                                         r  protection_system_i/protection_ip_axi_lite_0/inst/u_adc_sample_cdc_bridge/u_source_observer/source_accept_count_gray_reg[1]/C
  -------------------------------------------------------------------    -------------------
    SLICE_X65Y80         FDCE (Prop_fdce_C_Q)         0.419     3.416 r  protection_system_i/protection_ip_axi_lite_0/inst/u_adc_sample_cdc_bridge/u_source_observer/source_accept_count_gray_reg[1]/Q
                         net (fo=1, routed)           0.757     4.173    protection_system_i/protection_ip_axi_lite_0/inst/u_source_observability_cdc/source_accept_count_gray[1]
    SLICE_X58Y81         FDCE                                         r  protection_system_i/protection_ip_axi_lite_0/inst/u_source_observability_cdc/source_accept_count_gray_sync1_reg[1]/D
  -------------------------------------------------------------------    -------------------

                         (clock clk_fpga_0 rise edge)
                                                      0.000     0.000 r  
    PS7_X0Y0             PS7                          0.000     0.000 r  protection_system_i/processing_system7_0/inst/PS7_i/FCLKCLK[0]
                         net (fo=1, routed)           1.088     1.088    protection_system_i/processing_system7_0/inst/FCLK_CLK_unbuffered[0]
    BUFGCTRL_X0Y18       BUFG (Prop_bufg_I_O)         0.091     1.179 r  protection_system_i/processing_system7_0/inst/buffer_fclk_clk_0.FCLK_CLK_0_BUFG/O
                         net (fo=3556, routed)        1.527     2.706    protection_system_i/protection_ip_axi_lite_0/inst/u_source_observability_cdc/dst_clk
    SLICE_X58Y81         FDCE                                         r  protection_system_i/protection_ip_axi_lite_0/inst/u_source_observability_cdc/source_accept_count_gray_sync1_reg[1]/C
                         clock pessimism              0.000     2.706    
    SLICE_X58Y81         FDCE (Setup_fdce_C_D)       -0.230     2.476    protection_system_i/protection_ip_axi_lite_0/inst/u_source_observability_cdc/source_accept_count_gray_sync1_reg[1]
  -------------------------------------------------------------------
                         data arrival                           4.173    
                         clock arrival                          2.476    
  -------------------------------------------------------------------
                         relative delay                         1.698    

Reference path:
    Location             Delay type                Incr(ns)  Path(ns)    Netlist Resource(s)
  -------------------------------------------------------------------    -------------------
                         (clock clk_fpga_1 rise edge)
                                                      0.000     0.000 r  
    PS7_X0Y0             PS7                          0.000     0.000 r  protection_system_i/processing_system7_0/inst/PS7_i/FCLKCLK[1]
                         net (fo=1, routed)           1.088     1.088    protection_system_i/processing_system7_0/inst/FCLK_CLK1
    BUFGCTRL_X0Y17       BUFG (Prop_bufg_I_O)         0.091     1.179 r  protection_system_i/processing_system7_0/inst/FCLK_CLK1_BUFG_inst/O
                         net (fo=5596, routed)        1.533     2.712    protection_system_i/protection_ip_axi_lite_0/inst/u_adc_sample_cdc_bridge/u_source_observer/clk
    SLICE_X65Y82         FDCE                                         r  protection_system_i/protection_ip_axi_lite_0/inst/u_adc_sample_cdc_bridge/u_source_observer/source_accept_count_gray_reg[11]/C
  -------------------------------------------------------------------    -------------------
    SLICE_X65Y82         FDCE (Prop_fdce_C_Q)         0.367     3.079 r  protection_system_i/protection_ip_axi_lite_0/inst/u_adc_sample_cdc_bridge/u_source_observer/source_accept_count_gray_reg[11]/Q
                         net (fo=1, routed)           0.393     3.472    protection_system_i/protection_ip_axi_lite_0/inst/u_source_observability_cdc/source_accept_count_gray[11]
    SLICE_X62Y82         FDCE                                         r  protection_system_i/protection_ip_axi_lite_0/inst/u_source_observability_cdc/source_accept_count_gray_sync1_reg[11]/D
  -------------------------------------------------------------------    -------------------

                         (clock clk_fpga_0 rise edge)
                                                      0.000     0.000 r  
    PS7_X0Y0             PS7                          0.000     0.000 r  protection_system_i/processing_system7_0/inst/PS7_i/FCLKCLK[0]
                         net (fo=1, routed)           1.193     1.193    protection_system_i/processing_system7_0/inst/FCLK_CLK_unbuffered[0]
    BUFGCTRL_X0Y18       BUFG (Prop_bufg_I_O)         0.101     1.294 r  protection_system_i/processing_system7_0/inst/buffer_fclk_clk_0.FCLK_CLK_0_BUFG/O
                         net (fo=3556, routed)        1.705     2.999    protection_system_i/protection_ip_axi_lite_0/inst/u_source_observability_cdc/dst_clk
    SLICE_X62Y82         FDCE                                         r  protection_system_i/protection_ip_axi_lite_0/inst/u_source_observability_cdc/source_accept_count_gray_sync1_reg[11]/C
                         clock pessimism              0.000     2.999    
    SLICE_X62Y82         FDCE (Hold_fdce_C_D)         0.231     3.230    protection_system_i/protection_ip_axi_lite_0/inst/u_source_observability_cdc/source_accept_count_gray_sync1_reg[11]
  -------------------------------------------------------------------
                         data arrival                           3.472    
                         clock arrival                          3.230    
  -------------------------------------------------------------------
                         relative delay                         0.242    



Id: 4
set_bus_skew -from [get_cells [list {protection_system_i/protection_ip_axi_lite_0/inst/u_adc_sample_cdc_bridge/u_source_observer/backpressure_cycle_count_gray_reg[0]} \
          {protection_system_i/protection_ip_axi_lite_0/inst/u_adc_sample_cdc_bridge/u_source_observer/backpressure_cycle_count_gray_reg[10]} \
          {protection_system_i/protection_ip_axi_lite_0/inst/u_adc_sample_cdc_bridge/u_source_observer/backpressure_cycle_count_gray_reg[11]} \
          {protection_system_i/protection_ip_axi_lite_0/inst/u_adc_sample_cdc_bridge/u_source_observer/backpressure_cycle_count_gray_reg[12]} \
          {protection_system_i/protection_ip_axi_lite_0/inst/u_adc_sample_cdc_bridge/u_source_observer/backpressure_cycle_count_gray_reg[13]} \
          {protection_system_i/protection_ip_axi_lite_0/inst/u_adc_sample_cdc_bridge/u_source_observer/backpressure_cycle_count_gray_reg[14]} \
          {protection_system_i/protection_ip_axi_lite_0/inst/u_adc_sample_cdc_bridge/u_source_observer/backpressure_cycle_count_gray_reg[15]} \
          {protection_system_i/protection_ip_axi_lite_0/inst/u_adc_sample_cdc_bridge/u_source_observer/backpressure_cycle_count_gray_reg[16]} \
          {protection_system_i/protection_ip_axi_lite_0/inst/u_adc_sample_cdc_bridge/u_source_observer/backpressure_cycle_count_gray_reg[17]} \
          {protection_system_i/protection_ip_axi_lite_0/inst/u_adc_sample_cdc_bridge/u_source_observer/backpressure_cycle_count_gray_reg[18]} \
          {protection_system_i/protection_ip_axi_lite_0/inst/u_adc_sample_cdc_bridge/u_source_observer/backpressure_cycle_count_gray_reg[19]} \
          {protection_system_i/protection_ip_axi_lite_0/inst/u_adc_sample_cdc_bridge/u_source_observer/backpressure_cycle_count_gray_reg[1]} \
          {protection_system_i/protection_ip_axi_lite_0/inst/u_adc_sample_cdc_bridge/u_source_observer/backpressure_cycle_count_gray_reg[20]} \
          {protection_system_i/protection_ip_axi_lite_0/inst/u_adc_sample_cdc_bridge/u_source_observer/backpressure_cycle_count_gray_reg[21]} \
          {protection_system_i/protection_ip_axi_lite_0/inst/u_adc_sample_cdc_bridge/u_source_observer/backpressure_cycle_count_gray_reg[22]} \
          {protection_system_i/protection_ip_axi_lite_0/inst/u_adc_sample_cdc_bridge/u_source_observer/backpressure_cycle_count_gray_reg[23]} \
          {protection_system_i/protection_ip_axi_lite_0/inst/u_adc_sample_cdc_bridge/u_source_observer/backpressure_cycle_count_gray_reg[24]} \
          {protection_system_i/protection_ip_axi_lite_0/inst/u_adc_sample_cdc_bridge/u_source_observer/backpressure_cycle_count_gray_reg[25]} \
          {protection_system_i/protection_ip_axi_lite_0/inst/u_adc_sample_cdc_bridge/u_source_observer/backpressure_cycle_count_gray_reg[26]} \
          {protection_system_i/protection_ip_axi_lite_0/inst/u_adc_sample_cdc_bridge/u_source_observer/backpressure_cycle_count_gray_reg[27]} \
          {protection_system_i/protection_ip_axi_lite_0/inst/u_adc_sample_cdc_bridge/u_source_observer/backpressure_cycle_count_gray_reg[28]} \
          {protection_system_i/protection_ip_axi_lite_0/inst/u_adc_sample_cdc_bridge/u_source_observer/backpressure_cycle_count_gray_reg[29]} \
          {protection_system_i/protection_ip_axi_lite_0/inst/u_adc_sample_cdc_bridge/u_source_observer/backpressure_cycle_count_gray_reg[2]} \
          {protection_system_i/protection_ip_axi_lite_0/inst/u_adc_sample_cdc_bridge/u_source_observer/backpressure_cycle_count_gray_reg[30]} \
          {protection_system_i/protection_ip_axi_lite_0/inst/u_adc_sample_cdc_bridge/u_source_observer/backpressure_cycle_count_gray_reg[31]} \
          {protection_system_i/protection_ip_axi_lite_0/inst/u_adc_sample_cdc_bridge/u_source_observer/backpressure_cycle_count_gray_reg[3]} \
          {protection_system_i/protection_ip_axi_lite_0/inst/u_adc_sample_cdc_bridge/u_source_observer/backpressure_cycle_count_gray_reg[4]} \
          {protection_system_i/protection_ip_axi_lite_0/inst/u_adc_sample_cdc_bridge/u_source_observer/backpressure_cycle_count_gray_reg[5]} \
          {protection_system_i/protection_ip_axi_lite_0/inst/u_adc_sample_cdc_bridge/u_source_observer/backpressure_cycle_count_gray_reg[6]} \
          {protection_system_i/protection_ip_axi_lite_0/inst/u_adc_sample_cdc_bridge/u_source_observer/backpressure_cycle_count_gray_reg[7]} \
          {protection_system_i/protection_ip_axi_lite_0/inst/u_adc_sample_cdc_bridge/u_source_observer/backpressure_cycle_count_gray_reg[8]} \
          {protection_system_i/protection_ip_axi_lite_0/inst/u_adc_sample_cdc_bridge/u_source_observer/backpressure_cycle_count_gray_reg[9]}]] -to [get_cells [list {protection_system_i/protection_ip_axi_lite_0/inst/u_source_observability_cdc/backpressure_cycle_count_gray_sync1_reg[0]} \
          {protection_system_i/protection_ip_axi_lite_0/inst/u_source_observability_cdc/backpressure_cycle_count_gray_sync1_reg[10]} \
          {protection_system_i/protection_ip_axi_lite_0/inst/u_source_observability_cdc/backpressure_cycle_count_gray_sync1_reg[11]} \
          {protection_system_i/protection_ip_axi_lite_0/inst/u_source_observability_cdc/backpressure_cycle_count_gray_sync1_reg[12]} \
          {protection_system_i/protection_ip_axi_lite_0/inst/u_source_observability_cdc/backpressure_cycle_count_gray_sync1_reg[13]} \
          {protection_system_i/protection_ip_axi_lite_0/inst/u_source_observability_cdc/backpressure_cycle_count_gray_sync1_reg[14]} \
          {protection_system_i/protection_ip_axi_lite_0/inst/u_source_observability_cdc/backpressure_cycle_count_gray_sync1_reg[15]} \
          {protection_system_i/protection_ip_axi_lite_0/inst/u_source_observability_cdc/backpressure_cycle_count_gray_sync1_reg[16]} \
          {protection_system_i/protection_ip_axi_lite_0/inst/u_source_observability_cdc/backpressure_cycle_count_gray_sync1_reg[17]} \
          {protection_system_i/protection_ip_axi_lite_0/inst/u_source_observability_cdc/backpressure_cycle_count_gray_sync1_reg[18]} \
          {protection_system_i/protection_ip_axi_lite_0/inst/u_source_observability_cdc/backpressure_cycle_count_gray_sync1_reg[19]} \
          {protection_system_i/protection_ip_axi_lite_0/inst/u_source_observability_cdc/backpressure_cycle_count_gray_sync1_reg[1]} \
          {protection_system_i/protection_ip_axi_lite_0/inst/u_source_observability_cdc/backpressure_cycle_count_gray_sync1_reg[20]} \
          {protection_system_i/protection_ip_axi_lite_0/inst/u_source_observability_cdc/backpressure_cycle_count_gray_sync1_reg[21]} \
          {protection_system_i/protection_ip_axi_lite_0/inst/u_source_observability_cdc/backpressure_cycle_count_gray_sync1_reg[22]} \
          {protection_system_i/protection_ip_axi_lite_0/inst/u_source_observability_cdc/backpressure_cycle_count_gray_sync1_reg[23]} \
          {protection_system_i/protection_ip_axi_lite_0/inst/u_source_observability_cdc/backpressure_cycle_count_gray_sync1_reg[24]} \
          {protection_system_i/protection_ip_axi_lite_0/inst/u_source_observability_cdc/backpressure_cycle_count_gray_sync1_reg[25]} \
          {protection_system_i/protection_ip_axi_lite_0/inst/u_source_observability_cdc/backpressure_cycle_count_gray_sync1_reg[26]} \
          {protection_system_i/protection_ip_axi_lite_0/inst/u_source_observability_cdc/backpressure_cycle_count_gray_sync1_reg[27]} \
          {protection_system_i/protection_ip_axi_lite_0/inst/u_source_observability_cdc/backpressure_cycle_count_gray_sync1_reg[28]} \
          {protection_system_i/protection_ip_axi_lite_0/inst/u_source_observability_cdc/backpressure_cycle_count_gray_sync1_reg[29]} \
          {protection_system_i/protection_ip_axi_lite_0/inst/u_source_observability_cdc/backpressure_cycle_count_gray_sync1_reg[2]} \
          {protection_system_i/protection_ip_axi_lite_0/inst/u_source_observability_cdc/backpressure_cycle_count_gray_sync1_reg[30]} \
          {protection_system_i/protection_ip_axi_lite_0/inst/u_source_observability_cdc/backpressure_cycle_count_gray_sync1_reg[31]} \
          {protection_system_i/protection_ip_axi_lite_0/inst/u_source_observability_cdc/backpressure_cycle_count_gray_sync1_reg[3]} \
          {protection_system_i/protection_ip_axi_lite_0/inst/u_source_observability_cdc/backpressure_cycle_count_gray_sync1_reg[4]} \
          {protection_system_i/protection_ip_axi_lite_0/inst/u_source_observability_cdc/backpressure_cycle_count_gray_sync1_reg[5]} \
          {protection_system_i/protection_ip_axi_lite_0/inst/u_source_observability_cdc/backpressure_cycle_count_gray_sync1_reg[6]} \
          {protection_system_i/protection_ip_axi_lite_0/inst/u_source_observability_cdc/backpressure_cycle_count_gray_sync1_reg[7]} \
          {protection_system_i/protection_ip_axi_lite_0/inst/u_source_observability_cdc/backpressure_cycle_count_gray_sync1_reg[8]} \
          {protection_system_i/protection_ip_axi_lite_0/inst/u_source_observability_cdc/backpressure_cycle_count_gray_sync1_reg[9]}]] 8.000
Requirement: 8.000ns
Endpoints: 32

From Clock            To Clock              Endpoint Pin                    Reference Pin                   Corner  Actual(ns)  Slack(ns)
--------------------  --------------------  ------------------------------  ------------------------------  ------  ----------  ---------
clk_fpga_1            clk_fpga_0            protection_system_i/protection_ip_axi_lite_0/inst/u_source_observability_cdc/backpressure_cycle_count_gray_sync1_reg[10]/D
                                                                            protection_system_i/protection_ip_axi_lite_0/inst/u_source_observability_cdc/backpressure_cycle_count_gray_sync1_reg[28]/D
                                                                                                            Slow         1.234      6.766


Slack (MET) :             6.766ns  (requirement - actual skew)
  Endpoint Source:        protection_system_i/protection_ip_axi_lite_0/inst/u_adc_sample_cdc_bridge/u_source_observer/backpressure_cycle_count_gray_reg[10]/C
                            (rising edge-triggered cell FDCE clocked by clk_fpga_1)
  Endpoint Destination:   protection_system_i/protection_ip_axi_lite_0/inst/u_source_observability_cdc/backpressure_cycle_count_gray_sync1_reg[10]/D
                            (rising edge-triggered cell FDCE clocked by clk_fpga_0)
  Reference Source:       protection_system_i/protection_ip_axi_lite_0/inst/u_adc_sample_cdc_bridge/u_source_observer/backpressure_cycle_count_gray_reg[28]/C
                            (rising edge-triggered cell FDCE clocked by clk_fpga_1)
  Reference Destination:  protection_system_i/protection_ip_axi_lite_0/inst/u_source_observability_cdc/backpressure_cycle_count_gray_sync1_reg[28]/D
                            (rising edge-triggered cell FDCE clocked by clk_fpga_0)
  Path Type:              Bus Skew (Max at Slow Process Corner)
  Requirement:            8.000ns
  Endpoint Relative Delay:    1.936ns
  Reference Relative Delay:   0.244ns
  Relative CRPR:              0.458ns
  Actual Bus Skew:            1.234ns  (Endpoint Relative Delay - Reference Relative Delay - Relative CRPR)

Endpoint path:
    Location             Delay type                Incr(ns)  Path(ns)    Netlist Resource(s)
  -------------------------------------------------------------------    -------------------
                         (clock clk_fpga_1 rise edge)
                                                      0.000     0.000 r  
    PS7_X0Y0             PS7                          0.000     0.000 r  protection_system_i/processing_system7_0/inst/PS7_i/FCLKCLK[1]
                         net (fo=1, routed)           1.193     1.193    protection_system_i/processing_system7_0/inst/FCLK_CLK1
    BUFGCTRL_X0Y17       BUFG (Prop_bufg_I_O)         0.101     1.294 r  protection_system_i/processing_system7_0/inst/FCLK_CLK1_BUFG_inst/O
                         net (fo=5596, routed)        1.707     3.001    protection_system_i/protection_ip_axi_lite_0/inst/u_adc_sample_cdc_bridge/u_source_observer/clk
    SLICE_X55Y87         FDCE                                         r  protection_system_i/protection_ip_axi_lite_0/inst/u_adc_sample_cdc_bridge/u_source_observer/backpressure_cycle_count_gray_reg[10]/C
  -------------------------------------------------------------------    -------------------
    SLICE_X55Y87         FDCE (Prop_fdce_C_Q)         0.456     3.457 r  protection_system_i/protection_ip_axi_lite_0/inst/u_adc_sample_cdc_bridge/u_source_observer/backpressure_cycle_count_gray_reg[10]/Q
                         net (fo=1, routed)           1.015     4.472    protection_system_i/protection_ip_axi_lite_0/inst/u_source_observability_cdc/backpressure_cycle_count_gray[10]
    SLICE_X53Y87         FDCE                                         r  protection_system_i/protection_ip_axi_lite_0/inst/u_source_observability_cdc/backpressure_cycle_count_gray_sync1_reg[10]/D
  -------------------------------------------------------------------    -------------------

                         (clock clk_fpga_0 rise edge)
                                                      0.000     0.000 r  
    PS7_X0Y0             PS7                          0.000     0.000 r  protection_system_i/processing_system7_0/inst/PS7_i/FCLKCLK[0]
                         net (fo=1, routed)           1.088     1.088    protection_system_i/processing_system7_0/inst/FCLK_CLK_unbuffered[0]
    BUFGCTRL_X0Y18       BUFG (Prop_bufg_I_O)         0.091     1.179 r  protection_system_i/processing_system7_0/inst/buffer_fclk_clk_0.FCLK_CLK_0_BUFG/O
                         net (fo=3556, routed)        1.462     2.641    protection_system_i/protection_ip_axi_lite_0/inst/u_source_observability_cdc/dst_clk
    SLICE_X53Y87         FDCE                                         r  protection_system_i/protection_ip_axi_lite_0/inst/u_source_observability_cdc/backpressure_cycle_count_gray_sync1_reg[10]/C
                         clock pessimism              0.000     2.641    
    SLICE_X53Y87         FDCE (Setup_fdce_C_D)       -0.105     2.536    protection_system_i/protection_ip_axi_lite_0/inst/u_source_observability_cdc/backpressure_cycle_count_gray_sync1_reg[10]
  -------------------------------------------------------------------
                         data arrival                           4.472    
                         clock arrival                          2.536    
  -------------------------------------------------------------------
                         relative delay                         1.936    

Reference path:
    Location             Delay type                Incr(ns)  Path(ns)    Netlist Resource(s)
  -------------------------------------------------------------------    -------------------
                         (clock clk_fpga_1 rise edge)
                                                      0.000     0.000 r  
    PS7_X0Y0             PS7                          0.000     0.000 r  protection_system_i/processing_system7_0/inst/PS7_i/FCLKCLK[1]
                         net (fo=1, routed)           1.088     1.088    protection_system_i/processing_system7_0/inst/FCLK_CLK1
    BUFGCTRL_X0Y17       BUFG (Prop_bufg_I_O)         0.091     1.179 r  protection_system_i/processing_system7_0/inst/FCLK_CLK1_BUFG_inst/O
                         net (fo=5596, routed)        1.537     2.716    protection_system_i/protection_ip_axi_lite_0/inst/u_adc_sample_cdc_bridge/u_source_observer/clk
    SLICE_X56Y95         FDCE                                         r  protection_system_i/protection_ip_axi_lite_0/inst/u_adc_sample_cdc_bridge/u_source_observer/backpressure_cycle_count_gray_reg[28]/C
  -------------------------------------------------------------------    -------------------
    SLICE_X56Y95         FDCE (Prop_fdce_C_Q)         0.367     3.083 r  protection_system_i/protection_ip_axi_lite_0/inst/u_adc_sample_cdc_bridge/u_source_observer/backpressure_cycle_count_gray_reg[28]/Q
                         net (fo=1, routed)           0.397     3.480    protection_system_i/protection_ip_axi_lite_0/inst/u_source_observability_cdc/backpressure_cycle_count_gray[28]
    SLICE_X54Y95         FDCE                                         r  protection_system_i/protection_ip_axi_lite_0/inst/u_source_observability_cdc/backpressure_cycle_count_gray_sync1_reg[28]/D
  -------------------------------------------------------------------    -------------------

                         (clock clk_fpga_0 rise edge)
                                                      0.000     0.000 r  
    PS7_X0Y0             PS7                          0.000     0.000 r  protection_system_i/processing_system7_0/inst/PS7_i/FCLKCLK[0]
                         net (fo=1, routed)           1.193     1.193    protection_system_i/processing_system7_0/inst/FCLK_CLK_unbuffered[0]
    BUFGCTRL_X0Y18       BUFG (Prop_bufg_I_O)         0.101     1.294 r  protection_system_i/processing_system7_0/inst/buffer_fclk_clk_0.FCLK_CLK_0_BUFG/O
                         net (fo=3556, routed)        1.711     3.005    protection_system_i/protection_ip_axi_lite_0/inst/u_source_observability_cdc/dst_clk
    SLICE_X54Y95         FDCE                                         r  protection_system_i/protection_ip_axi_lite_0/inst/u_source_observability_cdc/backpressure_cycle_count_gray_sync1_reg[28]/C
                         clock pessimism              0.000     3.005    
    SLICE_X54Y95         FDCE (Hold_fdce_C_D)         0.231     3.236    protection_system_i/protection_ip_axi_lite_0/inst/u_source_observability_cdc/backpressure_cycle_count_gray_sync1_reg[28]
  -------------------------------------------------------------------
                         data arrival                           3.480    
                         clock arrival                          3.236    
  -------------------------------------------------------------------
                         relative delay                         0.244    



Id: 5
set_bus_skew -from [get_cells [list {protection_system_i/protection_ip_axi_lite_0/inst/u_adc_sample_cdc_bridge/u_source_observer/source_protocol_violation_count_gray_reg[0]} \
          {protection_system_i/protection_ip_axi_lite_0/inst/u_adc_sample_cdc_bridge/u_source_observer/source_protocol_violation_count_gray_reg[10]} \
          {protection_system_i/protection_ip_axi_lite_0/inst/u_adc_sample_cdc_bridge/u_source_observer/source_protocol_violation_count_gray_reg[11]} \
          {protection_system_i/protection_ip_axi_lite_0/inst/u_adc_sample_cdc_bridge/u_source_observer/source_protocol_violation_count_gray_reg[12]} \
          {protection_system_i/protection_ip_axi_lite_0/inst/u_adc_sample_cdc_bridge/u_source_observer/source_protocol_violation_count_gray_reg[13]} \
          {protection_system_i/protection_ip_axi_lite_0/inst/u_adc_sample_cdc_bridge/u_source_observer/source_protocol_violation_count_gray_reg[14]} \
          {protection_system_i/protection_ip_axi_lite_0/inst/u_adc_sample_cdc_bridge/u_source_observer/source_protocol_violation_count_gray_reg[15]} \
          {protection_system_i/protection_ip_axi_lite_0/inst/u_adc_sample_cdc_bridge/u_source_observer/source_protocol_violation_count_gray_reg[16]} \
          {protection_system_i/protection_ip_axi_lite_0/inst/u_adc_sample_cdc_bridge/u_source_observer/source_protocol_violation_count_gray_reg[17]} \
          {protection_system_i/protection_ip_axi_lite_0/inst/u_adc_sample_cdc_bridge/u_source_observer/source_protocol_violation_count_gray_reg[18]} \
          {protection_system_i/protection_ip_axi_lite_0/inst/u_adc_sample_cdc_bridge/u_source_observer/source_protocol_violation_count_gray_reg[19]} \
          {protection_system_i/protection_ip_axi_lite_0/inst/u_adc_sample_cdc_bridge/u_source_observer/source_protocol_violation_count_gray_reg[1]} \
          {protection_system_i/protection_ip_axi_lite_0/inst/u_adc_sample_cdc_bridge/u_source_observer/source_protocol_violation_count_gray_reg[20]} \
          {protection_system_i/protection_ip_axi_lite_0/inst/u_adc_sample_cdc_bridge/u_source_observer/source_protocol_violation_count_gray_reg[21]} \
          {protection_system_i/protection_ip_axi_lite_0/inst/u_adc_sample_cdc_bridge/u_source_observer/source_protocol_violation_count_gray_reg[22]} \
          {protection_system_i/protection_ip_axi_lite_0/inst/u_adc_sample_cdc_bridge/u_source_observer/source_protocol_violation_count_gray_reg[23]} \
          {protection_system_i/protection_ip_axi_lite_0/inst/u_adc_sample_cdc_bridge/u_source_observer/source_protocol_violation_count_gray_reg[24]} \
          {protection_system_i/protection_ip_axi_lite_0/inst/u_adc_sample_cdc_bridge/u_source_observer/source_protocol_violation_count_gray_reg[25]} \
          {protection_system_i/protection_ip_axi_lite_0/inst/u_adc_sample_cdc_bridge/u_source_observer/source_protocol_violation_count_gray_reg[26]} \
          {protection_system_i/protection_ip_axi_lite_0/inst/u_adc_sample_cdc_bridge/u_source_observer/source_protocol_violation_count_gray_reg[27]} \
          {protection_system_i/protection_ip_axi_lite_0/inst/u_adc_sample_cdc_bridge/u_source_observer/source_protocol_violation_count_gray_reg[28]} \
          {protection_system_i/protection_ip_axi_lite_0/inst/u_adc_sample_cdc_bridge/u_source_observer/source_protocol_violation_count_gray_reg[29]} \
          {protection_system_i/protection_ip_axi_lite_0/inst/u_adc_sample_cdc_bridge/u_source_observer/source_protocol_violation_count_gray_reg[2]} \
          {protection_system_i/protection_ip_axi_lite_0/inst/u_adc_sample_cdc_bridge/u_source_observer/source_protocol_violation_count_gray_reg[30]} \
          {protection_system_i/protection_ip_axi_lite_0/inst/u_adc_sample_cdc_bridge/u_source_observer/source_protocol_violation_count_gray_reg[31]} \
          {protection_system_i/protection_ip_axi_lite_0/inst/u_adc_sample_cdc_bridge/u_source_observer/source_protocol_violation_count_gray_reg[3]} \
          {protection_system_i/protection_ip_axi_lite_0/inst/u_adc_sample_cdc_bridge/u_source_observer/source_protocol_violation_count_gray_reg[4]} \
          {protection_system_i/protection_ip_axi_lite_0/inst/u_adc_sample_cdc_bridge/u_source_observer/source_protocol_violation_count_gray_reg[5]} \
          {protection_system_i/protection_ip_axi_lite_0/inst/u_adc_sample_cdc_bridge/u_source_observer/source_protocol_violation_count_gray_reg[6]} \
          {protection_system_i/protection_ip_axi_lite_0/inst/u_adc_sample_cdc_bridge/u_source_observer/source_protocol_violation_count_gray_reg[7]} \
          {protection_system_i/protection_ip_axi_lite_0/inst/u_adc_sample_cdc_bridge/u_source_observer/source_protocol_violation_count_gray_reg[8]} \
          {protection_system_i/protection_ip_axi_lite_0/inst/u_adc_sample_cdc_bridge/u_source_observer/source_protocol_violation_count_gray_reg[9]}]] -to [get_cells [list {protection_system_i/protection_ip_axi_lite_0/inst/u_source_observability_cdc/source_protocol_violation_count_gray_sync1_reg[0]} \
          {protection_system_i/protection_ip_axi_lite_0/inst/u_source_observability_cdc/source_protocol_violation_count_gray_sync1_reg[10]} \
          {protection_system_i/protection_ip_axi_lite_0/inst/u_source_observability_cdc/source_protocol_violation_count_gray_sync1_reg[11]} \
          {protection_system_i/protection_ip_axi_lite_0/inst/u_source_observability_cdc/source_protocol_violation_count_gray_sync1_reg[12]} \
          {protection_system_i/protection_ip_axi_lite_0/inst/u_source_observability_cdc/source_protocol_violation_count_gray_sync1_reg[13]} \
          {protection_system_i/protection_ip_axi_lite_0/inst/u_source_observability_cdc/source_protocol_violation_count_gray_sync1_reg[14]} \
          {protection_system_i/protection_ip_axi_lite_0/inst/u_source_observability_cdc/source_protocol_violation_count_gray_sync1_reg[15]} \
          {protection_system_i/protection_ip_axi_lite_0/inst/u_source_observability_cdc/source_protocol_violation_count_gray_sync1_reg[16]} \
          {protection_system_i/protection_ip_axi_lite_0/inst/u_source_observability_cdc/source_protocol_violation_count_gray_sync1_reg[17]} \
          {protection_system_i/protection_ip_axi_lite_0/inst/u_source_observability_cdc/source_protocol_violation_count_gray_sync1_reg[18]} \
          {protection_system_i/protection_ip_axi_lite_0/inst/u_source_observability_cdc/source_protocol_violation_count_gray_sync1_reg[19]} \
          {protection_system_i/protection_ip_axi_lite_0/inst/u_source_observability_cdc/source_protocol_violation_count_gray_sync1_reg[1]} \
          {protection_system_i/protection_ip_axi_lite_0/inst/u_source_observability_cdc/source_protocol_violation_count_gray_sync1_reg[20]} \
          {protection_system_i/protection_ip_axi_lite_0/inst/u_source_observability_cdc/source_protocol_violation_count_gray_sync1_reg[21]} \
          {protection_system_i/protection_ip_axi_lite_0/inst/u_source_observability_cdc/source_protocol_violation_count_gray_sync1_reg[22]} \
          {protection_system_i/protection_ip_axi_lite_0/inst/u_source_observability_cdc/source_protocol_violation_count_gray_sync1_reg[23]} \
          {protection_system_i/protection_ip_axi_lite_0/inst/u_source_observability_cdc/source_protocol_violation_count_gray_sync1_reg[24]} \
          {protection_system_i/protection_ip_axi_lite_0/inst/u_source_observability_cdc/source_protocol_violation_count_gray_sync1_reg[25]} \
          {protection_system_i/protection_ip_axi_lite_0/inst/u_source_observability_cdc/source_protocol_violation_count_gray_sync1_reg[26]} \
          {protection_system_i/protection_ip_axi_lite_0/inst/u_source_observability_cdc/source_protocol_violation_count_gray_sync1_reg[27]} \
          {protection_system_i/protection_ip_axi_lite_0/inst/u_source_observability_cdc/source_protocol_violation_count_gray_sync1_reg[28]} \
          {protection_system_i/protection_ip_axi_lite_0/inst/u_source_observability_cdc/source_protocol_violation_count_gray_sync1_reg[29]} \
          {protection_system_i/protection_ip_axi_lite_0/inst/u_source_observability_cdc/source_protocol_violation_count_gray_sync1_reg[2]} \
          {protection_system_i/protection_ip_axi_lite_0/inst/u_source_observability_cdc/source_protocol_violation_count_gray_sync1_reg[30]} \
          {protection_system_i/protection_ip_axi_lite_0/inst/u_source_observability_cdc/source_protocol_violation_count_gray_sync1_reg[31]} \
          {protection_system_i/protection_ip_axi_lite_0/inst/u_source_observability_cdc/source_protocol_violation_count_gray_sync1_reg[3]} \
          {protection_system_i/protection_ip_axi_lite_0/inst/u_source_observability_cdc/source_protocol_violation_count_gray_sync1_reg[4]} \
          {protection_system_i/protection_ip_axi_lite_0/inst/u_source_observability_cdc/source_protocol_violation_count_gray_sync1_reg[5]} \
          {protection_system_i/protection_ip_axi_lite_0/inst/u_source_observability_cdc/source_protocol_violation_count_gray_sync1_reg[6]} \
          {protection_system_i/protection_ip_axi_lite_0/inst/u_source_observability_cdc/source_protocol_violation_count_gray_sync1_reg[7]} \
          {protection_system_i/protection_ip_axi_lite_0/inst/u_source_observability_cdc/source_protocol_violation_count_gray_sync1_reg[8]} \
          {protection_system_i/protection_ip_axi_lite_0/inst/u_source_observability_cdc/source_protocol_violation_count_gray_sync1_reg[9]}]] 8.000
Requirement: 8.000ns
Endpoints: 32

From Clock            To Clock              Endpoint Pin                    Reference Pin                   Corner  Actual(ns)  Slack(ns)
--------------------  --------------------  ------------------------------  ------------------------------  ------  ----------  ---------
clk_fpga_1            clk_fpga_0            protection_system_i/protection_ip_axi_lite_0/inst/u_source_observability_cdc/source_protocol_violation_count_gray_sync1_reg[9]/D
                                                                            protection_system_i/protection_ip_axi_lite_0/inst/u_source_observability_cdc/source_protocol_violation_count_gray_sync1_reg[0]/D
                                                                                                            Slow         0.948      7.052


Slack (MET) :             7.052ns  (requirement - actual skew)
  Endpoint Source:        protection_system_i/protection_ip_axi_lite_0/inst/u_adc_sample_cdc_bridge/u_source_observer/source_protocol_violation_count_gray_reg[9]/C
                            (rising edge-triggered cell FDCE clocked by clk_fpga_1)
  Endpoint Destination:   protection_system_i/protection_ip_axi_lite_0/inst/u_source_observability_cdc/source_protocol_violation_count_gray_sync1_reg[9]/D
                            (rising edge-triggered cell FDCE clocked by clk_fpga_0)
  Reference Source:       protection_system_i/protection_ip_axi_lite_0/inst/u_adc_sample_cdc_bridge/u_source_observer/source_protocol_violation_count_gray_reg[0]/C
                            (rising edge-triggered cell FDCE clocked by clk_fpga_1)
  Reference Destination:  protection_system_i/protection_ip_axi_lite_0/inst/u_source_observability_cdc/source_protocol_violation_count_gray_sync1_reg[0]/D
                            (rising edge-triggered cell FDCE clocked by clk_fpga_0)
  Path Type:              Bus Skew (Max at Slow Process Corner)
  Requirement:            8.000ns
  Endpoint Relative Delay:    1.584ns
  Reference Relative Delay:   0.209ns
  Relative CRPR:              0.427ns
  Actual Bus Skew:            0.948ns  (Endpoint Relative Delay - Reference Relative Delay - Relative CRPR)

Endpoint path:
    Location             Delay type                Incr(ns)  Path(ns)    Netlist Resource(s)
  -------------------------------------------------------------------    -------------------
                         (clock clk_fpga_1 rise edge)
                                                      0.000     0.000 r  
    PS7_X0Y0             PS7                          0.000     0.000 r  protection_system_i/processing_system7_0/inst/PS7_i/FCLKCLK[1]
                         net (fo=1, routed)           1.193     1.193    protection_system_i/processing_system7_0/inst/FCLK_CLK1
    BUFGCTRL_X0Y17       BUFG (Prop_bufg_I_O)         0.101     1.294 r  protection_system_i/processing_system7_0/inst/FCLK_CLK1_BUFG_inst/O
                         net (fo=5596, routed)        1.842     3.136    protection_system_i/protection_ip_axi_lite_0/inst/u_adc_sample_cdc_bridge/u_source_observer/clk
    SLICE_X48Y103        FDCE                                         r  protection_system_i/protection_ip_axi_lite_0/inst/u_adc_sample_cdc_bridge/u_source_observer/source_protocol_violation_count_gray_reg[9]/C
  -------------------------------------------------------------------    -------------------
    SLICE_X48Y103        FDCE (Prop_fdce_C_Q)         0.456     3.592 r  protection_system_i/protection_ip_axi_lite_0/inst/u_adc_sample_cdc_bridge/u_source_observer/source_protocol_violation_count_gray_reg[9]/Q
                         net (fo=1, routed)           0.730     4.322    protection_system_i/protection_ip_axi_lite_0/inst/u_source_observability_cdc/source_protocol_violation_count_gray[9]
    SLICE_X44Y103        FDCE                                         r  protection_system_i/protection_ip_axi_lite_0/inst/u_source_observability_cdc/source_protocol_violation_count_gray_sync1_reg[9]/D
  -------------------------------------------------------------------    -------------------

                         (clock clk_fpga_0 rise edge)
                                                      0.000     0.000 r  
    PS7_X0Y0             PS7                          0.000     0.000 r  protection_system_i/processing_system7_0/inst/PS7_i/FCLKCLK[0]
                         net (fo=1, routed)           1.088     1.088    protection_system_i/processing_system7_0/inst/FCLK_CLK_unbuffered[0]
    BUFGCTRL_X0Y18       BUFG (Prop_bufg_I_O)         0.091     1.179 r  protection_system_i/processing_system7_0/inst/buffer_fclk_clk_0.FCLK_CLK_0_BUFG/O
                         net (fo=3556, routed)        1.652     2.831    protection_system_i/protection_ip_axi_lite_0/inst/u_source_observability_cdc/dst_clk
    SLICE_X44Y103        FDCE                                         r  protection_system_i/protection_ip_axi_lite_0/inst/u_source_observability_cdc/source_protocol_violation_count_gray_sync1_reg[9]/C
                         clock pessimism              0.000     2.831    
    SLICE_X44Y103        FDCE (Setup_fdce_C_D)       -0.093     2.738    protection_system_i/protection_ip_axi_lite_0/inst/u_source_observability_cdc/source_protocol_violation_count_gray_sync1_reg[9]
  -------------------------------------------------------------------
                         data arrival                           4.322    
                         clock arrival                          2.738    
  -------------------------------------------------------------------
                         relative delay                         1.584    

Reference path:
    Location             Delay type                Incr(ns)  Path(ns)    Netlist Resource(s)
  -------------------------------------------------------------------    -------------------
                         (clock clk_fpga_1 rise edge)
                                                      0.000     0.000 r  
    PS7_X0Y0             PS7                          0.000     0.000 r  protection_system_i/processing_system7_0/inst/PS7_i/FCLKCLK[1]
                         net (fo=1, routed)           1.088     1.088    protection_system_i/processing_system7_0/inst/FCLK_CLK1
    BUFGCTRL_X0Y17       BUFG (Prop_bufg_I_O)         0.091     1.179 r  protection_system_i/processing_system7_0/inst/FCLK_CLK1_BUFG_inst/O
                         net (fo=5596, routed)        1.641     2.820    protection_system_i/protection_ip_axi_lite_0/inst/u_adc_sample_cdc_bridge/u_source_observer/clk
    SLICE_X51Y101        FDCE                                         r  protection_system_i/protection_ip_axi_lite_0/inst/u_adc_sample_cdc_bridge/u_source_observer/source_protocol_violation_count_gray_reg[0]/C
  -------------------------------------------------------------------    -------------------
    SLICE_X51Y101        FDCE (Prop_fdce_C_Q)         0.367     3.187 r  protection_system_i/protection_ip_axi_lite_0/inst/u_adc_sample_cdc_bridge/u_source_observer/source_protocol_violation_count_gray_reg[0]/Q
                         net (fo=1, routed)           0.390     3.577    protection_system_i/protection_ip_axi_lite_0/inst/u_source_observability_cdc/source_protocol_violation_count_gray[0]
    SLICE_X46Y101        FDCE                                         r  protection_system_i/protection_ip_axi_lite_0/inst/u_source_observability_cdc/source_protocol_violation_count_gray_sync1_reg[0]/D
  -------------------------------------------------------------------    -------------------

                         (clock clk_fpga_0 rise edge)
                                                      0.000     0.000 r  
    PS7_X0Y0             PS7                          0.000     0.000 r  protection_system_i/processing_system7_0/inst/PS7_i/FCLKCLK[0]
                         net (fo=1, routed)           1.193     1.193    protection_system_i/processing_system7_0/inst/FCLK_CLK_unbuffered[0]
    BUFGCTRL_X0Y18       BUFG (Prop_bufg_I_O)         0.101     1.294 r  protection_system_i/processing_system7_0/inst/buffer_fclk_clk_0.FCLK_CLK_0_BUFG/O
                         net (fo=3556, routed)        1.844     3.138    protection_system_i/protection_ip_axi_lite_0/inst/u_source_observability_cdc/dst_clk
    SLICE_X46Y101        FDCE                                         r  protection_system_i/protection_ip_axi_lite_0/inst/u_source_observability_cdc/source_protocol_violation_count_gray_sync1_reg[0]/C
                         clock pessimism              0.000     3.138    
    SLICE_X46Y101        FDCE (Hold_fdce_C_D)         0.230     3.368    protection_system_i/protection_ip_axi_lite_0/inst/u_source_observability_cdc/source_protocol_violation_count_gray_sync1_reg[0]
  -------------------------------------------------------------------
                         data arrival                           3.577    
                         clock arrival                          3.368    
  -------------------------------------------------------------------
                         relative delay                         0.209    



Id: 6
set_bus_skew -from [get_cells [list {protection_system_i/protection_ip_axi_lite_0/inst/u_adc_sample_cdc_bridge/u_source_observer/source_drop_count_gray_reg[0]} \
          {protection_system_i/protection_ip_axi_lite_0/inst/u_adc_sample_cdc_bridge/u_source_observer/source_drop_count_gray_reg[10]} \
          {protection_system_i/protection_ip_axi_lite_0/inst/u_adc_sample_cdc_bridge/u_source_observer/source_drop_count_gray_reg[11]} \
          {protection_system_i/protection_ip_axi_lite_0/inst/u_adc_sample_cdc_bridge/u_source_observer/source_drop_count_gray_reg[12]} \
          {protection_system_i/protection_ip_axi_lite_0/inst/u_adc_sample_cdc_bridge/u_source_observer/source_drop_count_gray_reg[13]} \
          {protection_system_i/protection_ip_axi_lite_0/inst/u_adc_sample_cdc_bridge/u_source_observer/source_drop_count_gray_reg[14]} \
          {protection_system_i/protection_ip_axi_lite_0/inst/u_adc_sample_cdc_bridge/u_source_observer/source_drop_count_gray_reg[15]} \
          {protection_system_i/protection_ip_axi_lite_0/inst/u_adc_sample_cdc_bridge/u_source_observer/source_drop_count_gray_reg[16]} \
          {protection_system_i/protection_ip_axi_lite_0/inst/u_adc_sample_cdc_bridge/u_source_observer/source_drop_count_gray_reg[17]} \
          {protection_system_i/protection_ip_axi_lite_0/inst/u_adc_sample_cdc_bridge/u_source_observer/source_drop_count_gray_reg[18]} \
          {protection_system_i/protection_ip_axi_lite_0/inst/u_adc_sample_cdc_bridge/u_source_observer/source_drop_count_gray_reg[19]} \
          {protection_system_i/protection_ip_axi_lite_0/inst/u_adc_sample_cdc_bridge/u_source_observer/source_drop_count_gray_reg[1]} \
          {protection_system_i/protection_ip_axi_lite_0/inst/u_adc_sample_cdc_bridge/u_source_observer/source_drop_count_gray_reg[20]} \
          {protection_system_i/protection_ip_axi_lite_0/inst/u_adc_sample_cdc_bridge/u_source_observer/source_drop_count_gray_reg[21]} \
          {protection_system_i/protection_ip_axi_lite_0/inst/u_adc_sample_cdc_bridge/u_source_observer/source_drop_count_gray_reg[22]} \
          {protection_system_i/protection_ip_axi_lite_0/inst/u_adc_sample_cdc_bridge/u_source_observer/source_drop_count_gray_reg[23]} \
          {protection_system_i/protection_ip_axi_lite_0/inst/u_adc_sample_cdc_bridge/u_source_observer/source_drop_count_gray_reg[24]} \
          {protection_system_i/protection_ip_axi_lite_0/inst/u_adc_sample_cdc_bridge/u_source_observer/source_drop_count_gray_reg[25]} \
          {protection_system_i/protection_ip_axi_lite_0/inst/u_adc_sample_cdc_bridge/u_source_observer/source_drop_count_gray_reg[26]} \
          {protection_system_i/protection_ip_axi_lite_0/inst/u_adc_sample_cdc_bridge/u_source_observer/source_drop_count_gray_reg[27]} \
          {protection_system_i/protection_ip_axi_lite_0/inst/u_adc_sample_cdc_bridge/u_source_observer/source_drop_count_gray_reg[28]} \
          {protection_system_i/protection_ip_axi_lite_0/inst/u_adc_sample_cdc_bridge/u_source_observer/source_drop_count_gray_reg[29]} \
          {protection_system_i/protection_ip_axi_lite_0/inst/u_adc_sample_cdc_bridge/u_source_observer/source_drop_count_gray_reg[2]} \
          {protection_system_i/protection_ip_axi_lite_0/inst/u_adc_sample_cdc_bridge/u_source_observer/source_drop_count_gray_reg[30]} \
          {protection_system_i/protection_ip_axi_lite_0/inst/u_adc_sample_cdc_bridge/u_source_observer/source_drop_count_gray_reg[31]} \
          {protection_system_i/protection_ip_axi_lite_0/inst/u_adc_sample_cdc_bridge/u_source_observer/source_drop_count_gray_reg[3]} \
          {protection_system_i/protection_ip_axi_lite_0/inst/u_adc_sample_cdc_bridge/u_source_observer/source_drop_count_gray_reg[4]} \
          {protection_system_i/protection_ip_axi_lite_0/inst/u_adc_sample_cdc_bridge/u_source_observer/source_drop_count_gray_reg[5]} \
          {protection_system_i/protection_ip_axi_lite_0/inst/u_adc_sample_cdc_bridge/u_source_observer/source_drop_count_gray_reg[6]} \
          {protection_system_i/protection_ip_axi_lite_0/inst/u_adc_sample_cdc_bridge/u_source_observer/source_drop_count_gray_reg[7]} \
          {protection_system_i/protection_ip_axi_lite_0/inst/u_adc_sample_cdc_bridge/u_source_observer/source_drop_count_gray_reg[8]} \
          {protection_system_i/protection_ip_axi_lite_0/inst/u_adc_sample_cdc_bridge/u_source_observer/source_drop_count_gray_reg[9]}]] -to [get_cells [list {protection_system_i/protection_ip_axi_lite_0/inst/u_source_observability_cdc/source_drop_count_gray_sync1_reg[0]} \
          {protection_system_i/protection_ip_axi_lite_0/inst/u_source_observability_cdc/source_drop_count_gray_sync1_reg[10]} \
          {protection_system_i/protection_ip_axi_lite_0/inst/u_source_observability_cdc/source_drop_count_gray_sync1_reg[11]} \
          {protection_system_i/protection_ip_axi_lite_0/inst/u_source_observability_cdc/source_drop_count_gray_sync1_reg[12]} \
          {protection_system_i/protection_ip_axi_lite_0/inst/u_source_observability_cdc/source_drop_count_gray_sync1_reg[13]} \
          {protection_system_i/protection_ip_axi_lite_0/inst/u_source_observability_cdc/source_drop_count_gray_sync1_reg[14]} \
          {protection_system_i/protection_ip_axi_lite_0/inst/u_source_observability_cdc/source_drop_count_gray_sync1_reg[15]} \
          {protection_system_i/protection_ip_axi_lite_0/inst/u_source_observability_cdc/source_drop_count_gray_sync1_reg[16]} \
          {protection_system_i/protection_ip_axi_lite_0/inst/u_source_observability_cdc/source_drop_count_gray_sync1_reg[17]} \
          {protection_system_i/protection_ip_axi_lite_0/inst/u_source_observability_cdc/source_drop_count_gray_sync1_reg[18]} \
          {protection_system_i/protection_ip_axi_lite_0/inst/u_source_observability_cdc/source_drop_count_gray_sync1_reg[19]} \
          {protection_system_i/protection_ip_axi_lite_0/inst/u_source_observability_cdc/source_drop_count_gray_sync1_reg[1]} \
          {protection_system_i/protection_ip_axi_lite_0/inst/u_source_observability_cdc/source_drop_count_gray_sync1_reg[20]} \
          {protection_system_i/protection_ip_axi_lite_0/inst/u_source_observability_cdc/source_drop_count_gray_sync1_reg[21]} \
          {protection_system_i/protection_ip_axi_lite_0/inst/u_source_observability_cdc/source_drop_count_gray_sync1_reg[22]} \
          {protection_system_i/protection_ip_axi_lite_0/inst/u_source_observability_cdc/source_drop_count_gray_sync1_reg[23]} \
          {protection_system_i/protection_ip_axi_lite_0/inst/u_source_observability_cdc/source_drop_count_gray_sync1_reg[24]} \
          {protection_system_i/protection_ip_axi_lite_0/inst/u_source_observability_cdc/source_drop_count_gray_sync1_reg[25]} \
          {protection_system_i/protection_ip_axi_lite_0/inst/u_source_observability_cdc/source_drop_count_gray_sync1_reg[26]} \
          {protection_system_i/protection_ip_axi_lite_0/inst/u_source_observability_cdc/source_drop_count_gray_sync1_reg[27]} \
          {protection_system_i/protection_ip_axi_lite_0/inst/u_source_observability_cdc/source_drop_count_gray_sync1_reg[28]} \
          {protection_system_i/protection_ip_axi_lite_0/inst/u_source_observability_cdc/source_drop_count_gray_sync1_reg[29]} \
          {protection_system_i/protection_ip_axi_lite_0/inst/u_source_observability_cdc/source_drop_count_gray_sync1_reg[2]} \
          {protection_system_i/protection_ip_axi_lite_0/inst/u_source_observability_cdc/source_drop_count_gray_sync1_reg[30]} \
          {protection_system_i/protection_ip_axi_lite_0/inst/u_source_observability_cdc/source_drop_count_gray_sync1_reg[31]} \
          {protection_system_i/protection_ip_axi_lite_0/inst/u_source_observability_cdc/source_drop_count_gray_sync1_reg[3]} \
          {protection_system_i/protection_ip_axi_lite_0/inst/u_source_observability_cdc/source_drop_count_gray_sync1_reg[4]} \
          {protection_system_i/protection_ip_axi_lite_0/inst/u_source_observability_cdc/source_drop_count_gray_sync1_reg[5]} \
          {protection_system_i/protection_ip_axi_lite_0/inst/u_source_observability_cdc/source_drop_count_gray_sync1_reg[6]} \
          {protection_system_i/protection_ip_axi_lite_0/inst/u_source_observability_cdc/source_drop_count_gray_sync1_reg[7]} \
          {protection_system_i/protection_ip_axi_lite_0/inst/u_source_observability_cdc/source_drop_count_gray_sync1_reg[8]} \
          {protection_system_i/protection_ip_axi_lite_0/inst/u_source_observability_cdc/source_drop_count_gray_sync1_reg[9]}]] 8.000
Requirement: 8.000ns
Endpoints: 32

From Clock            To Clock              Endpoint Pin                    Reference Pin                   Corner  Actual(ns)  Slack(ns)
--------------------  --------------------  ------------------------------  ------------------------------  ------  ----------  ---------
clk_fpga_1            clk_fpga_0            protection_system_i/protection_ip_axi_lite_0/inst/u_source_observability_cdc/source_drop_count_gray_sync1_reg[9]/D
                                                                            protection_system_i/protection_ip_axi_lite_0/inst/u_source_observability_cdc/source_drop_count_gray_sync1_reg[24]/D
                                                                                                            Slow         0.981      7.019


Slack (MET) :             7.019ns  (requirement - actual skew)
  Endpoint Source:        protection_system_i/protection_ip_axi_lite_0/inst/u_adc_sample_cdc_bridge/u_source_observer/source_drop_count_gray_reg[9]/C
                            (rising edge-triggered cell FDCE clocked by clk_fpga_1)
  Endpoint Destination:   protection_system_i/protection_ip_axi_lite_0/inst/u_source_observability_cdc/source_drop_count_gray_sync1_reg[9]/D
                            (rising edge-triggered cell FDCE clocked by clk_fpga_0)
  Reference Source:       protection_system_i/protection_ip_axi_lite_0/inst/u_adc_sample_cdc_bridge/u_source_observer/source_drop_count_gray_reg[24]/C
                            (rising edge-triggered cell FDCE clocked by clk_fpga_1)
  Reference Destination:  protection_system_i/protection_ip_axi_lite_0/inst/u_source_observability_cdc/source_drop_count_gray_sync1_reg[24]/D
                            (rising edge-triggered cell FDCE clocked by clk_fpga_0)
  Path Type:              Bus Skew (Max at Slow Process Corner)
  Requirement:            8.000ns
  Endpoint Relative Delay:    1.719ns
  Reference Relative Delay:   0.280ns
  Relative CRPR:              0.458ns
  Actual Bus Skew:            0.981ns  (Endpoint Relative Delay - Reference Relative Delay - Relative CRPR)

Endpoint path:
    Location             Delay type                Incr(ns)  Path(ns)    Netlist Resource(s)
  -------------------------------------------------------------------    -------------------
                         (clock clk_fpga_1 rise edge)
                                                      0.000     0.000 r  
    PS7_X0Y0             PS7                          0.000     0.000 r  protection_system_i/processing_system7_0/inst/PS7_i/FCLKCLK[1]
                         net (fo=1, routed)           1.193     1.193    protection_system_i/processing_system7_0/inst/FCLK_CLK1
    BUFGCTRL_X0Y17       BUFG (Prop_bufg_I_O)         0.101     1.294 r  protection_system_i/processing_system7_0/inst/FCLK_CLK1_BUFG_inst/O
                         net (fo=5596, routed)        1.719     3.013    protection_system_i/protection_ip_axi_lite_0/inst/u_adc_sample_cdc_bridge/u_source_observer/clk
    SLICE_X81Y90         FDCE                                         r  protection_system_i/protection_ip_axi_lite_0/inst/u_adc_sample_cdc_bridge/u_source_observer/source_drop_count_gray_reg[9]/C
  -------------------------------------------------------------------    -------------------
    SLICE_X81Y90         FDCE (Prop_fdce_C_Q)         0.456     3.469 r  protection_system_i/protection_ip_axi_lite_0/inst/u_adc_sample_cdc_bridge/u_source_observer/source_drop_count_gray_reg[9]/Q
                         net (fo=1, routed)           0.876     4.345    protection_system_i/protection_ip_axi_lite_0/inst/u_source_observability_cdc/source_drop_count_gray[9]
    SLICE_X65Y90         FDCE                                         r  protection_system_i/protection_ip_axi_lite_0/inst/u_source_observability_cdc/source_drop_count_gray_sync1_reg[9]/D
  -------------------------------------------------------------------    -------------------

                         (clock clk_fpga_0 rise edge)
                                                      0.000     0.000 r  
    PS7_X0Y0             PS7                          0.000     0.000 r  protection_system_i/processing_system7_0/inst/PS7_i/FCLKCLK[0]
                         net (fo=1, routed)           1.088     1.088    protection_system_i/processing_system7_0/inst/FCLK_CLK_unbuffered[0]
    BUFGCTRL_X0Y18       BUFG (Prop_bufg_I_O)         0.091     1.179 r  protection_system_i/processing_system7_0/inst/buffer_fclk_clk_0.FCLK_CLK_0_BUFG/O
                         net (fo=3556, routed)        1.539     2.718    protection_system_i/protection_ip_axi_lite_0/inst/u_source_observability_cdc/dst_clk
    SLICE_X65Y90         FDCE                                         r  protection_system_i/protection_ip_axi_lite_0/inst/u_source_observability_cdc/source_drop_count_gray_sync1_reg[9]/C
                         clock pessimism              0.000     2.718    
    SLICE_X65Y90         FDCE (Setup_fdce_C_D)       -0.092     2.626    protection_system_i/protection_ip_axi_lite_0/inst/u_source_observability_cdc/source_drop_count_gray_sync1_reg[9]
  -------------------------------------------------------------------
                         data arrival                           4.345    
                         clock arrival                          2.626    
  -------------------------------------------------------------------
                         relative delay                         1.719    

Reference path:
    Location             Delay type                Incr(ns)  Path(ns)    Netlist Resource(s)
  -------------------------------------------------------------------    -------------------
                         (clock clk_fpga_1 rise edge)
                                                      0.000     0.000 r  
    PS7_X0Y0             PS7                          0.000     0.000 r  protection_system_i/processing_system7_0/inst/PS7_i/FCLKCLK[1]
                         net (fo=1, routed)           1.088     1.088    protection_system_i/processing_system7_0/inst/FCLK_CLK1
    BUFGCTRL_X0Y17       BUFG (Prop_bufg_I_O)         0.091     1.179 r  protection_system_i/processing_system7_0/inst/FCLK_CLK1_BUFG_inst/O
                         net (fo=5596, routed)        1.541     2.720    protection_system_i/protection_ip_axi_lite_0/inst/u_adc_sample_cdc_bridge/u_source_observer/clk
    SLICE_X67Y94         FDCE                                         r  protection_system_i/protection_ip_axi_lite_0/inst/u_adc_sample_cdc_bridge/u_source_observer/source_drop_count_gray_reg[24]/C
  -------------------------------------------------------------------    -------------------
    SLICE_X67Y94         FDCE (Prop_fdce_C_Q)         0.367     3.087 r  protection_system_i/protection_ip_axi_lite_0/inst/u_adc_sample_cdc_bridge/u_source_observer/source_drop_count_gray_reg[24]/Q
                         net (fo=1, routed)           0.371     3.458    protection_system_i/protection_ip_axi_lite_0/inst/u_source_observability_cdc/source_drop_count_gray[24]
    SLICE_X63Y93         FDCE                                         r  protection_system_i/protection_ip_axi_lite_0/inst/u_source_observability_cdc/source_drop_count_gray_sync1_reg[24]/D
  -------------------------------------------------------------------    -------------------

                         (clock clk_fpga_0 rise edge)
                                                      0.000     0.000 r  
    PS7_X0Y0             PS7                          0.000     0.000 r  protection_system_i/processing_system7_0/inst/PS7_i/FCLKCLK[0]
                         net (fo=1, routed)           1.193     1.193    protection_system_i/processing_system7_0/inst/FCLK_CLK_unbuffered[0]
    BUFGCTRL_X0Y18       BUFG (Prop_bufg_I_O)         0.101     1.294 r  protection_system_i/processing_system7_0/inst/buffer_fclk_clk_0.FCLK_CLK_0_BUFG/O
                         net (fo=3556, routed)        1.714     3.008    protection_system_i/protection_ip_axi_lite_0/inst/u_source_observability_cdc/dst_clk
    SLICE_X63Y93         FDCE                                         r  protection_system_i/protection_ip_axi_lite_0/inst/u_source_observability_cdc/source_drop_count_gray_sync1_reg[24]/C
                         clock pessimism              0.000     3.008    
    SLICE_X63Y93         FDCE (Hold_fdce_C_D)         0.170     3.178    protection_system_i/protection_ip_axi_lite_0/inst/u_source_observability_cdc/source_drop_count_gray_sync1_reg[24]
  -------------------------------------------------------------------
                         data arrival                           3.458    
                         clock arrival                          3.178    
  -------------------------------------------------------------------
                         relative delay                         0.280    



Id: 7
set_bus_skew -from [get_cells [list {protection_system_i/protection_ip_axi_lite_0/inst/u_adc_sample_cdc_bridge/u_source_observer/fifo_overflow_attempt_count_gray_reg[0]} \
          {protection_system_i/protection_ip_axi_lite_0/inst/u_adc_sample_cdc_bridge/u_source_observer/fifo_overflow_attempt_count_gray_reg[10]} \
          {protection_system_i/protection_ip_axi_lite_0/inst/u_adc_sample_cdc_bridge/u_source_observer/fifo_overflow_attempt_count_gray_reg[11]} \
          {protection_system_i/protection_ip_axi_lite_0/inst/u_adc_sample_cdc_bridge/u_source_observer/fifo_overflow_attempt_count_gray_reg[12]} \
          {protection_system_i/protection_ip_axi_lite_0/inst/u_adc_sample_cdc_bridge/u_source_observer/fifo_overflow_attempt_count_gray_reg[13]} \
          {protection_system_i/protection_ip_axi_lite_0/inst/u_adc_sample_cdc_bridge/u_source_observer/fifo_overflow_attempt_count_gray_reg[14]} \
          {protection_system_i/protection_ip_axi_lite_0/inst/u_adc_sample_cdc_bridge/u_source_observer/fifo_overflow_attempt_count_gray_reg[15]} \
          {protection_system_i/protection_ip_axi_lite_0/inst/u_adc_sample_cdc_bridge/u_source_observer/fifo_overflow_attempt_count_gray_reg[16]} \
          {protection_system_i/protection_ip_axi_lite_0/inst/u_adc_sample_cdc_bridge/u_source_observer/fifo_overflow_attempt_count_gray_reg[17]} \
          {protection_system_i/protection_ip_axi_lite_0/inst/u_adc_sample_cdc_bridge/u_source_observer/fifo_overflow_attempt_count_gray_reg[18]} \
          {protection_system_i/protection_ip_axi_lite_0/inst/u_adc_sample_cdc_bridge/u_source_observer/fifo_overflow_attempt_count_gray_reg[19]} \
          {protection_system_i/protection_ip_axi_lite_0/inst/u_adc_sample_cdc_bridge/u_source_observer/fifo_overflow_attempt_count_gray_reg[1]} \
          {protection_system_i/protection_ip_axi_lite_0/inst/u_adc_sample_cdc_bridge/u_source_observer/fifo_overflow_attempt_count_gray_reg[20]} \
          {protection_system_i/protection_ip_axi_lite_0/inst/u_adc_sample_cdc_bridge/u_source_observer/fifo_overflow_attempt_count_gray_reg[21]} \
          {protection_system_i/protection_ip_axi_lite_0/inst/u_adc_sample_cdc_bridge/u_source_observer/fifo_overflow_attempt_count_gray_reg[22]} \
          {protection_system_i/protection_ip_axi_lite_0/inst/u_adc_sample_cdc_bridge/u_source_observer/fifo_overflow_attempt_count_gray_reg[23]} \
          {protection_system_i/protection_ip_axi_lite_0/inst/u_adc_sample_cdc_bridge/u_source_observer/fifo_overflow_attempt_count_gray_reg[24]} \
          {protection_system_i/protection_ip_axi_lite_0/inst/u_adc_sample_cdc_bridge/u_source_observer/fifo_overflow_attempt_count_gray_reg[25]} \
          {protection_system_i/protection_ip_axi_lite_0/inst/u_adc_sample_cdc_bridge/u_source_observer/fifo_overflow_attempt_count_gray_reg[26]} \
          {protection_system_i/protection_ip_axi_lite_0/inst/u_adc_sample_cdc_bridge/u_source_observer/fifo_overflow_attempt_count_gray_reg[27]} \
          {protection_system_i/protection_ip_axi_lite_0/inst/u_adc_sample_cdc_bridge/u_source_observer/fifo_overflow_attempt_count_gray_reg[28]} \
          {protection_system_i/protection_ip_axi_lite_0/inst/u_adc_sample_cdc_bridge/u_source_observer/fifo_overflow_attempt_count_gray_reg[29]} \
          {protection_system_i/protection_ip_axi_lite_0/inst/u_adc_sample_cdc_bridge/u_source_observer/fifo_overflow_attempt_count_gray_reg[2]} \
          {protection_system_i/protection_ip_axi_lite_0/inst/u_adc_sample_cdc_bridge/u_source_observer/fifo_overflow_attempt_count_gray_reg[30]} \
          {protection_system_i/protection_ip_axi_lite_0/inst/u_adc_sample_cdc_bridge/u_source_observer/fifo_overflow_attempt_count_gray_reg[31]} \
          {protection_system_i/protection_ip_axi_lite_0/inst/u_adc_sample_cdc_bridge/u_source_observer/fifo_overflow_attempt_count_gray_reg[3]} \
          {protection_system_i/protection_ip_axi_lite_0/inst/u_adc_sample_cdc_bridge/u_source_observer/fifo_overflow_attempt_count_gray_reg[4]} \
          {protection_system_i/protection_ip_axi_lite_0/inst/u_adc_sample_cdc_bridge/u_source_observer/fifo_overflow_attempt_count_gray_reg[5]} \
          {protection_system_i/protection_ip_axi_lite_0/inst/u_adc_sample_cdc_bridge/u_source_observer/fifo_overflow_attempt_count_gray_reg[6]} \
          {protection_system_i/protection_ip_axi_lite_0/inst/u_adc_sample_cdc_bridge/u_source_observer/fifo_overflow_attempt_count_gray_reg[7]} \
          {protection_system_i/protection_ip_axi_lite_0/inst/u_adc_sample_cdc_bridge/u_source_observer/fifo_overflow_attempt_count_gray_reg[8]} \
          {protection_system_i/protection_ip_axi_lite_0/inst/u_adc_sample_cdc_bridge/u_source_observer/fifo_overflow_attempt_count_gray_reg[9]}]] -to [get_cells [list {protection_system_i/protection_ip_axi_lite_0/inst/u_source_observability_cdc/fifo_overflow_attempt_count_gray_sync1_reg[0]} \
          {protection_system_i/protection_ip_axi_lite_0/inst/u_source_observability_cdc/fifo_overflow_attempt_count_gray_sync1_reg[10]} \
          {protection_system_i/protection_ip_axi_lite_0/inst/u_source_observability_cdc/fifo_overflow_attempt_count_gray_sync1_reg[11]} \
          {protection_system_i/protection_ip_axi_lite_0/inst/u_source_observability_cdc/fifo_overflow_attempt_count_gray_sync1_reg[12]} \
          {protection_system_i/protection_ip_axi_lite_0/inst/u_source_observability_cdc/fifo_overflow_attempt_count_gray_sync1_reg[13]} \
          {protection_system_i/protection_ip_axi_lite_0/inst/u_source_observability_cdc/fifo_overflow_attempt_count_gray_sync1_reg[14]} \
          {protection_system_i/protection_ip_axi_lite_0/inst/u_source_observability_cdc/fifo_overflow_attempt_count_gray_sync1_reg[15]} \
          {protection_system_i/protection_ip_axi_lite_0/inst/u_source_observability_cdc/fifo_overflow_attempt_count_gray_sync1_reg[16]} \
          {protection_system_i/protection_ip_axi_lite_0/inst/u_source_observability_cdc/fifo_overflow_attempt_count_gray_sync1_reg[17]} \
          {protection_system_i/protection_ip_axi_lite_0/inst/u_source_observability_cdc/fifo_overflow_attempt_count_gray_sync1_reg[18]} \
          {protection_system_i/protection_ip_axi_lite_0/inst/u_source_observability_cdc/fifo_overflow_attempt_count_gray_sync1_reg[19]} \
          {protection_system_i/protection_ip_axi_lite_0/inst/u_source_observability_cdc/fifo_overflow_attempt_count_gray_sync1_reg[1]} \
          {protection_system_i/protection_ip_axi_lite_0/inst/u_source_observability_cdc/fifo_overflow_attempt_count_gray_sync1_reg[20]} \
          {protection_system_i/protection_ip_axi_lite_0/inst/u_source_observability_cdc/fifo_overflow_attempt_count_gray_sync1_reg[21]} \
          {protection_system_i/protection_ip_axi_lite_0/inst/u_source_observability_cdc/fifo_overflow_attempt_count_gray_sync1_reg[22]} \
          {protection_system_i/protection_ip_axi_lite_0/inst/u_source_observability_cdc/fifo_overflow_attempt_count_gray_sync1_reg[23]} \
          {protection_system_i/protection_ip_axi_lite_0/inst/u_source_observability_cdc/fifo_overflow_attempt_count_gray_sync1_reg[24]} \
          {protection_system_i/protection_ip_axi_lite_0/inst/u_source_observability_cdc/fifo_overflow_attempt_count_gray_sync1_reg[25]} \
          {protection_system_i/protection_ip_axi_lite_0/inst/u_source_observability_cdc/fifo_overflow_attempt_count_gray_sync1_reg[26]} \
          {protection_system_i/protection_ip_axi_lite_0/inst/u_source_observability_cdc/fifo_overflow_attempt_count_gray_sync1_reg[27]} \
          {protection_system_i/protection_ip_axi_lite_0/inst/u_source_observability_cdc/fifo_overflow_attempt_count_gray_sync1_reg[28]} \
          {protection_system_i/protection_ip_axi_lite_0/inst/u_source_observability_cdc/fifo_overflow_attempt_count_gray_sync1_reg[29]} \
          {protection_system_i/protection_ip_axi_lite_0/inst/u_source_observability_cdc/fifo_overflow_attempt_count_gray_sync1_reg[2]} \
          {protection_system_i/protection_ip_axi_lite_0/inst/u_source_observability_cdc/fifo_overflow_attempt_count_gray_sync1_reg[30]} \
          {protection_system_i/protection_ip_axi_lite_0/inst/u_source_observability_cdc/fifo_overflow_attempt_count_gray_sync1_reg[31]} \
          {protection_system_i/protection_ip_axi_lite_0/inst/u_source_observability_cdc/fifo_overflow_attempt_count_gray_sync1_reg[3]} \
          {protection_system_i/protection_ip_axi_lite_0/inst/u_source_observability_cdc/fifo_overflow_attempt_count_gray_sync1_reg[4]} \
          {protection_system_i/protection_ip_axi_lite_0/inst/u_source_observability_cdc/fifo_overflow_attempt_count_gray_sync1_reg[5]} \
          {protection_system_i/protection_ip_axi_lite_0/inst/u_source_observability_cdc/fifo_overflow_attempt_count_gray_sync1_reg[6]} \
          {protection_system_i/protection_ip_axi_lite_0/inst/u_source_observability_cdc/fifo_overflow_attempt_count_gray_sync1_reg[7]} \
          {protection_system_i/protection_ip_axi_lite_0/inst/u_source_observability_cdc/fifo_overflow_attempt_count_gray_sync1_reg[8]} \
          {protection_system_i/protection_ip_axi_lite_0/inst/u_source_observability_cdc/fifo_overflow_attempt_count_gray_sync1_reg[9]}]] 8.000
Requirement: 8.000ns
Endpoints: 32

From Clock            To Clock              Endpoint Pin                    Reference Pin                   Corner  Actual(ns)  Slack(ns)
--------------------  --------------------  ------------------------------  ------------------------------  ------  ----------  ---------
clk_fpga_1            clk_fpga_0            protection_system_i/protection_ip_axi_lite_0/inst/u_source_observability_cdc/fifo_overflow_attempt_count_gray_sync1_reg[6]/D
                                                                            protection_system_i/protection_ip_axi_lite_0/inst/u_source_observability_cdc/fifo_overflow_attempt_count_gray_sync1_reg[26]/D
                                                                                                            Slow         1.318      6.682


Slack (MET) :             6.682ns  (requirement - actual skew)
  Endpoint Source:        protection_system_i/protection_ip_axi_lite_0/inst/u_adc_sample_cdc_bridge/u_source_observer/fifo_overflow_attempt_count_gray_reg[6]/C
                            (rising edge-triggered cell FDCE clocked by clk_fpga_1)
  Endpoint Destination:   protection_system_i/protection_ip_axi_lite_0/inst/u_source_observability_cdc/fifo_overflow_attempt_count_gray_sync1_reg[6]/D
                            (rising edge-triggered cell FDCE clocked by clk_fpga_0)
  Reference Source:       protection_system_i/protection_ip_axi_lite_0/inst/u_adc_sample_cdc_bridge/u_source_observer/fifo_overflow_attempt_count_gray_reg[26]/C
                            (rising edge-triggered cell FDCE clocked by clk_fpga_1)
  Reference Destination:  protection_system_i/protection_ip_axi_lite_0/inst/u_source_observability_cdc/fifo_overflow_attempt_count_gray_sync1_reg[26]/D
                            (rising edge-triggered cell FDCE clocked by clk_fpga_0)
  Path Type:              Bus Skew (Max at Slow Process Corner)
  Requirement:            8.000ns
  Endpoint Relative Delay:    1.999ns
  Reference Relative Delay:   0.423ns
  Relative CRPR:              0.258ns
  Actual Bus Skew:            1.318ns  (Endpoint Relative Delay - Reference Relative Delay - Relative CRPR)

Endpoint path:
    Location             Delay type                Incr(ns)  Path(ns)    Netlist Resource(s)
  -------------------------------------------------------------------    -------------------
                         (clock clk_fpga_1 rise edge)
                                                      0.000     0.000 r  
    PS7_X0Y0             PS7                          0.000     0.000 r  protection_system_i/processing_system7_0/inst/PS7_i/FCLKCLK[1]
                         net (fo=1, routed)           1.193     1.193    protection_system_i/processing_system7_0/inst/FCLK_CLK1
    BUFGCTRL_X0Y17       BUFG (Prop_bufg_I_O)         0.101     1.294 r  protection_system_i/processing_system7_0/inst/FCLK_CLK1_BUFG_inst/O
                         net (fo=5596, routed)        1.652     2.946    protection_system_i/protection_ip_axi_lite_0/inst/u_adc_sample_cdc_bridge/u_source_observer/clk
    SLICE_X34Y94         FDCE                                         r  protection_system_i/protection_ip_axi_lite_0/inst/u_adc_sample_cdc_bridge/u_source_observer/fifo_overflow_attempt_count_gray_reg[6]/C
  -------------------------------------------------------------------    -------------------
    SLICE_X34Y94         FDCE (Prop_fdce_C_Q)         0.518     3.464 r  protection_system_i/protection_ip_axi_lite_0/inst/u_adc_sample_cdc_bridge/u_source_observer/fifo_overflow_attempt_count_gray_reg[6]/Q
                         net (fo=1, routed)           1.088     4.552    protection_system_i/protection_ip_axi_lite_0/inst/u_source_observability_cdc/fifo_overflow_attempt_count_gray[6]
    SLICE_X33Y93         FDCE                                         r  protection_system_i/protection_ip_axi_lite_0/inst/u_source_observability_cdc/fifo_overflow_attempt_count_gray_sync1_reg[6]/D
  -------------------------------------------------------------------    -------------------

                         (clock clk_fpga_0 rise edge)
                                                      0.000     0.000 r  
    PS7_X0Y0             PS7                          0.000     0.000 r  protection_system_i/processing_system7_0/inst/PS7_i/FCLKCLK[0]
                         net (fo=1, routed)           1.088     1.088    protection_system_i/processing_system7_0/inst/FCLK_CLK_unbuffered[0]
    BUFGCTRL_X0Y18       BUFG (Prop_bufg_I_O)         0.091     1.179 r  protection_system_i/processing_system7_0/inst/buffer_fclk_clk_0.FCLK_CLK_0_BUFG/O
                         net (fo=3556, routed)        1.479     2.658    protection_system_i/protection_ip_axi_lite_0/inst/u_source_observability_cdc/dst_clk
    SLICE_X33Y93         FDCE                                         r  protection_system_i/protection_ip_axi_lite_0/inst/u_source_observability_cdc/fifo_overflow_attempt_count_gray_sync1_reg[6]/C
                         clock pessimism              0.000     2.658    
    SLICE_X33Y93         FDCE (Setup_fdce_C_D)       -0.105     2.553    protection_system_i/protection_ip_axi_lite_0/inst/u_source_observability_cdc/fifo_overflow_attempt_count_gray_sync1_reg[6]
  -------------------------------------------------------------------
                         data arrival                           4.552    
                         clock arrival                          2.553    
  -------------------------------------------------------------------
                         relative delay                         1.999    

Reference path:
    Location             Delay type                Incr(ns)  Path(ns)    Netlist Resource(s)
  -------------------------------------------------------------------    -------------------
                         (clock clk_fpga_1 rise edge)
                                                      0.000     0.000 r  
    PS7_X0Y0             PS7                          0.000     0.000 r  protection_system_i/processing_system7_0/inst/PS7_i/FCLKCLK[1]
                         net (fo=1, routed)           1.088     1.088    protection_system_i/processing_system7_0/inst/FCLK_CLK1
    BUFGCTRL_X0Y17       BUFG (Prop_bufg_I_O)         0.091     1.179 r  protection_system_i/processing_system7_0/inst/FCLK_CLK1_BUFG_inst/O
                         net (fo=5596, routed)        1.654     2.833    protection_system_i/protection_ip_axi_lite_0/inst/u_adc_sample_cdc_bridge/u_source_observer/clk
    SLICE_X39Y100        FDCE                                         r  protection_system_i/protection_ip_axi_lite_0/inst/u_adc_sample_cdc_bridge/u_source_observer/fifo_overflow_attempt_count_gray_reg[26]/C
  -------------------------------------------------------------------    -------------------
    SLICE_X39Y100        FDCE (Prop_fdce_C_Q)         0.367     3.200 r  protection_system_i/protection_ip_axi_lite_0/inst/u_adc_sample_cdc_bridge/u_source_observer/fifo_overflow_attempt_count_gray_reg[26]/Q
                         net (fo=1, routed)           0.530     3.730    protection_system_i/protection_ip_axi_lite_0/inst/u_source_observability_cdc/fifo_overflow_attempt_count_gray[26]
    SLICE_X41Y100        FDCE                                         r  protection_system_i/protection_ip_axi_lite_0/inst/u_source_observability_cdc/fifo_overflow_attempt_count_gray_sync1_reg[26]/D
  -------------------------------------------------------------------    -------------------

                         (clock clk_fpga_0 rise edge)
                                                      0.000     0.000 r  
    PS7_X0Y0             PS7                          0.000     0.000 r  protection_system_i/processing_system7_0/inst/PS7_i/FCLKCLK[0]
                         net (fo=1, routed)           1.193     1.193    protection_system_i/processing_system7_0/inst/FCLK_CLK_unbuffered[0]
    BUFGCTRL_X0Y18       BUFG (Prop_bufg_I_O)         0.101     1.294 r  protection_system_i/processing_system7_0/inst/buffer_fclk_clk_0.FCLK_CLK_0_BUFG/O
                         net (fo=3556, routed)        1.844     3.138    protection_system_i/protection_ip_axi_lite_0/inst/u_source_observability_cdc/dst_clk
    SLICE_X41Y100        FDCE                                         r  protection_system_i/protection_ip_axi_lite_0/inst/u_source_observability_cdc/fifo_overflow_attempt_count_gray_sync1_reg[26]/C
                         clock pessimism              0.000     3.138    
    SLICE_X41Y100        FDCE (Hold_fdce_C_D)         0.169     3.307    protection_system_i/protection_ip_axi_lite_0/inst/u_source_observability_cdc/fifo_overflow_attempt_count_gray_sync1_reg[26]
  -------------------------------------------------------------------
                         data arrival                           3.730    
                         clock arrival                          3.307    
  -------------------------------------------------------------------
                         relative delay                         0.423    



Id: 8
set_bus_skew -from [get_cells [list {protection_system_i/protection_ip_axi_lite_0/inst/u_adc_sample_cdc_bridge/u_source_observer/counter_saturation_event_count_gray_reg[0]} \
          {protection_system_i/protection_ip_axi_lite_0/inst/u_adc_sample_cdc_bridge/u_source_observer/counter_saturation_event_count_gray_reg[10]} \
          {protection_system_i/protection_ip_axi_lite_0/inst/u_adc_sample_cdc_bridge/u_source_observer/counter_saturation_event_count_gray_reg[11]} \
          {protection_system_i/protection_ip_axi_lite_0/inst/u_adc_sample_cdc_bridge/u_source_observer/counter_saturation_event_count_gray_reg[12]} \
          {protection_system_i/protection_ip_axi_lite_0/inst/u_adc_sample_cdc_bridge/u_source_observer/counter_saturation_event_count_gray_reg[13]} \
          {protection_system_i/protection_ip_axi_lite_0/inst/u_adc_sample_cdc_bridge/u_source_observer/counter_saturation_event_count_gray_reg[14]} \
          {protection_system_i/protection_ip_axi_lite_0/inst/u_adc_sample_cdc_bridge/u_source_observer/counter_saturation_event_count_gray_reg[15]} \
          {protection_system_i/protection_ip_axi_lite_0/inst/u_adc_sample_cdc_bridge/u_source_observer/counter_saturation_event_count_gray_reg[16]} \
          {protection_system_i/protection_ip_axi_lite_0/inst/u_adc_sample_cdc_bridge/u_source_observer/counter_saturation_event_count_gray_reg[17]} \
          {protection_system_i/protection_ip_axi_lite_0/inst/u_adc_sample_cdc_bridge/u_source_observer/counter_saturation_event_count_gray_reg[18]} \
          {protection_system_i/protection_ip_axi_lite_0/inst/u_adc_sample_cdc_bridge/u_source_observer/counter_saturation_event_count_gray_reg[19]} \
          {protection_system_i/protection_ip_axi_lite_0/inst/u_adc_sample_cdc_bridge/u_source_observer/counter_saturation_event_count_gray_reg[1]} \
          {protection_system_i/protection_ip_axi_lite_0/inst/u_adc_sample_cdc_bridge/u_source_observer/counter_saturation_event_count_gray_reg[20]} \
          {protection_system_i/protection_ip_axi_lite_0/inst/u_adc_sample_cdc_bridge/u_source_observer/counter_saturation_event_count_gray_reg[21]} \
          {protection_system_i/protection_ip_axi_lite_0/inst/u_adc_sample_cdc_bridge/u_source_observer/counter_saturation_event_count_gray_reg[22]} \
          {protection_system_i/protection_ip_axi_lite_0/inst/u_adc_sample_cdc_bridge/u_source_observer/counter_saturation_event_count_gray_reg[23]} \
          {protection_system_i/protection_ip_axi_lite_0/inst/u_adc_sample_cdc_bridge/u_source_observer/counter_saturation_event_count_gray_reg[24]} \
          {protection_system_i/protection_ip_axi_lite_0/inst/u_adc_sample_cdc_bridge/u_source_observer/counter_saturation_event_count_gray_reg[25]} \
          {protection_system_i/protection_ip_axi_lite_0/inst/u_adc_sample_cdc_bridge/u_source_observer/counter_saturation_event_count_gray_reg[26]} \
          {protection_system_i/protection_ip_axi_lite_0/inst/u_adc_sample_cdc_bridge/u_source_observer/counter_saturation_event_count_gray_reg[27]} \
          {protection_system_i/protection_ip_axi_lite_0/inst/u_adc_sample_cdc_bridge/u_source_observer/counter_saturation_event_count_gray_reg[28]} \
          {protection_system_i/protection_ip_axi_lite_0/inst/u_adc_sample_cdc_bridge/u_source_observer/counter_saturation_event_count_gray_reg[29]} \
          {protection_system_i/protection_ip_axi_lite_0/inst/u_adc_sample_cdc_bridge/u_source_observer/counter_saturation_event_count_gray_reg[2]} \
          {protection_system_i/protection_ip_axi_lite_0/inst/u_adc_sample_cdc_bridge/u_source_observer/counter_saturation_event_count_gray_reg[30]} \
          {protection_system_i/protection_ip_axi_lite_0/inst/u_adc_sample_cdc_bridge/u_source_observer/counter_saturation_event_count_gray_reg[31]} \
          {protection_system_i/protection_ip_axi_lite_0/inst/u_adc_sample_cdc_bridge/u_source_observer/counter_saturation_event_count_gray_reg[3]} \
          {protection_system_i/protection_ip_axi_lite_0/inst/u_adc_sample_cdc_bridge/u_source_observer/counter_saturation_event_count_gray_reg[4]} \
          {protection_system_i/protection_ip_axi_lite_0/inst/u_adc_sample_cdc_bridge/u_source_observer/counter_saturation_event_count_gray_reg[5]} \
          {protection_system_i/protection_ip_axi_lite_0/inst/u_adc_sample_cdc_bridge/u_source_observer/counter_saturation_event_count_gray_reg[6]} \
          {protection_system_i/protection_ip_axi_lite_0/inst/u_adc_sample_cdc_bridge/u_source_observer/counter_saturation_event_count_gray_reg[7]} \
          {protection_system_i/protection_ip_axi_lite_0/inst/u_adc_sample_cdc_bridge/u_source_observer/counter_saturation_event_count_gray_reg[8]} \
          {protection_system_i/protection_ip_axi_lite_0/inst/u_adc_sample_cdc_bridge/u_source_observer/counter_saturation_event_count_gray_reg[9]}]] -to [get_cells [list {protection_system_i/protection_ip_axi_lite_0/inst/u_source_observability_cdc/counter_saturation_event_count_gray_sync1_reg[0]} \
          {protection_system_i/protection_ip_axi_lite_0/inst/u_source_observability_cdc/counter_saturation_event_count_gray_sync1_reg[10]} \
          {protection_system_i/protection_ip_axi_lite_0/inst/u_source_observability_cdc/counter_saturation_event_count_gray_sync1_reg[11]} \
          {protection_system_i/protection_ip_axi_lite_0/inst/u_source_observability_cdc/counter_saturation_event_count_gray_sync1_reg[12]} \
          {protection_system_i/protection_ip_axi_lite_0/inst/u_source_observability_cdc/counter_saturation_event_count_gray_sync1_reg[13]} \
          {protection_system_i/protection_ip_axi_lite_0/inst/u_source_observability_cdc/counter_saturation_event_count_gray_sync1_reg[14]} \
          {protection_system_i/protection_ip_axi_lite_0/inst/u_source_observability_cdc/counter_saturation_event_count_gray_sync1_reg[15]} \
          {protection_system_i/protection_ip_axi_lite_0/inst/u_source_observability_cdc/counter_saturation_event_count_gray_sync1_reg[16]} \
          {protection_system_i/protection_ip_axi_lite_0/inst/u_source_observability_cdc/counter_saturation_event_count_gray_sync1_reg[17]} \
          {protection_system_i/protection_ip_axi_lite_0/inst/u_source_observability_cdc/counter_saturation_event_count_gray_sync1_reg[18]} \
          {protection_system_i/protection_ip_axi_lite_0/inst/u_source_observability_cdc/counter_saturation_event_count_gray_sync1_reg[19]} \
          {protection_system_i/protection_ip_axi_lite_0/inst/u_source_observability_cdc/counter_saturation_event_count_gray_sync1_reg[1]} \
          {protection_system_i/protection_ip_axi_lite_0/inst/u_source_observability_cdc/counter_saturation_event_count_gray_sync1_reg[20]} \
          {protection_system_i/protection_ip_axi_lite_0/inst/u_source_observability_cdc/counter_saturation_event_count_gray_sync1_reg[21]} \
          {protection_system_i/protection_ip_axi_lite_0/inst/u_source_observability_cdc/counter_saturation_event_count_gray_sync1_reg[22]} \
          {protection_system_i/protection_ip_axi_lite_0/inst/u_source_observability_cdc/counter_saturation_event_count_gray_sync1_reg[23]} \
          {protection_system_i/protection_ip_axi_lite_0/inst/u_source_observability_cdc/counter_saturation_event_count_gray_sync1_reg[24]} \
          {protection_system_i/protection_ip_axi_lite_0/inst/u_source_observability_cdc/counter_saturation_event_count_gray_sync1_reg[25]} \
          {protection_system_i/protection_ip_axi_lite_0/inst/u_source_observability_cdc/counter_saturation_event_count_gray_sync1_reg[26]} \
          {protection_system_i/protection_ip_axi_lite_0/inst/u_source_observability_cdc/counter_saturation_event_count_gray_sync1_reg[27]} \
          {protection_system_i/protection_ip_axi_lite_0/inst/u_source_observability_cdc/counter_saturation_event_count_gray_sync1_reg[28]} \
          {protection_system_i/protection_ip_axi_lite_0/inst/u_source_observability_cdc/counter_saturation_event_count_gray_sync1_reg[29]} \
          {protection_system_i/protection_ip_axi_lite_0/inst/u_source_observability_cdc/counter_saturation_event_count_gray_sync1_reg[2]} \
          {protection_system_i/protection_ip_axi_lite_0/inst/u_source_observability_cdc/counter_saturation_event_count_gray_sync1_reg[30]} \
          {protection_system_i/protection_ip_axi_lite_0/inst/u_source_observability_cdc/counter_saturation_event_count_gray_sync1_reg[31]} \
          {protection_system_i/protection_ip_axi_lite_0/inst/u_source_observability_cdc/counter_saturation_event_count_gray_sync1_reg[3]} \
          {protection_system_i/protection_ip_axi_lite_0/inst/u_source_observability_cdc/counter_saturation_event_count_gray_sync1_reg[4]} \
          {protection_system_i/protection_ip_axi_lite_0/inst/u_source_observability_cdc/counter_saturation_event_count_gray_sync1_reg[5]} \
          {protection_system_i/protection_ip_axi_lite_0/inst/u_source_observability_cdc/counter_saturation_event_count_gray_sync1_reg[6]} \
          {protection_system_i/protection_ip_axi_lite_0/inst/u_source_observability_cdc/counter_saturation_event_count_gray_sync1_reg[7]} \
          {protection_system_i/protection_ip_axi_lite_0/inst/u_source_observability_cdc/counter_saturation_event_count_gray_sync1_reg[8]} \
          {protection_system_i/protection_ip_axi_lite_0/inst/u_source_observability_cdc/counter_saturation_event_count_gray_sync1_reg[9]}]] 8.000
Requirement: 8.000ns
Endpoints: 32

From Clock            To Clock              Endpoint Pin                    Reference Pin                   Corner  Actual(ns)  Slack(ns)
--------------------  --------------------  ------------------------------  ------------------------------  ------  ----------  ---------
clk_fpga_1            clk_fpga_0            protection_system_i/protection_ip_axi_lite_0/inst/u_source_observability_cdc/counter_saturation_event_count_gray_sync1_reg[5]/D
                                                                            protection_system_i/protection_ip_axi_lite_0/inst/u_source_observability_cdc/counter_saturation_event_count_gray_sync1_reg[11]/D
                                                                                                            Slow         1.130      6.870


Slack (MET) :             6.870ns  (requirement - actual skew)
  Endpoint Source:        protection_system_i/protection_ip_axi_lite_0/inst/u_adc_sample_cdc_bridge/u_source_observer/counter_saturation_event_count_gray_reg[5]/C
                            (rising edge-triggered cell FDCE clocked by clk_fpga_1)
  Endpoint Destination:   protection_system_i/protection_ip_axi_lite_0/inst/u_source_observability_cdc/counter_saturation_event_count_gray_sync1_reg[5]/D
                            (rising edge-triggered cell FDCE clocked by clk_fpga_0)
  Reference Source:       protection_system_i/protection_ip_axi_lite_0/inst/u_adc_sample_cdc_bridge/u_source_observer/counter_saturation_event_count_gray_reg[11]/C
                            (rising edge-triggered cell FDCE clocked by clk_fpga_1)
  Reference Destination:  protection_system_i/protection_ip_axi_lite_0/inst/u_source_observability_cdc/counter_saturation_event_count_gray_sync1_reg[11]/D
                            (rising edge-triggered cell FDCE clocked by clk_fpga_0)
  Path Type:              Bus Skew (Max at Slow Process Corner)
  Requirement:            8.000ns
  Endpoint Relative Delay:    1.914ns
  Reference Relative Delay:   0.254ns
  Relative CRPR:              0.530ns
  Actual Bus Skew:            1.130ns  (Endpoint Relative Delay - Reference Relative Delay - Relative CRPR)

Endpoint path:
    Location             Delay type                Incr(ns)  Path(ns)    Netlist Resource(s)
  -------------------------------------------------------------------    -------------------
                         (clock clk_fpga_1 rise edge)
                                                      0.000     0.000 r  
    PS7_X0Y0             PS7                          0.000     0.000 r  protection_system_i/processing_system7_0/inst/PS7_i/FCLKCLK[1]
                         net (fo=1, routed)           1.193     1.193    protection_system_i/processing_system7_0/inst/FCLK_CLK1
    BUFGCTRL_X0Y17       BUFG (Prop_bufg_I_O)         0.101     1.294 r  protection_system_i/processing_system7_0/inst/FCLK_CLK1_BUFG_inst/O
                         net (fo=5596, routed)        1.905     3.199    protection_system_i/protection_ip_axi_lite_0/inst/u_adc_sample_cdc_bridge/u_source_observer/clk
    SLICE_X56Y102        FDCE                                         r  protection_system_i/protection_ip_axi_lite_0/inst/u_adc_sample_cdc_bridge/u_source_observer/counter_saturation_event_count_gray_reg[5]/C
  -------------------------------------------------------------------    -------------------
    SLICE_X56Y102        FDCE (Prop_fdce_C_Q)         0.456     3.655 r  protection_system_i/protection_ip_axi_lite_0/inst/u_adc_sample_cdc_bridge/u_source_observer/counter_saturation_event_count_gray_reg[5]/Q
                         net (fo=1, routed)           1.056     4.711    protection_system_i/protection_ip_axi_lite_0/inst/u_source_observability_cdc/counter_saturation_event_count_gray[5]
    SLICE_X55Y102        FDCE                                         r  protection_system_i/protection_ip_axi_lite_0/inst/u_source_observability_cdc/counter_saturation_event_count_gray_sync1_reg[5]/D
  -------------------------------------------------------------------    -------------------

                         (clock clk_fpga_0 rise edge)
                                                      0.000     0.000 r  
    PS7_X0Y0             PS7                          0.000     0.000 r  protection_system_i/processing_system7_0/inst/PS7_i/FCLKCLK[0]
                         net (fo=1, routed)           1.088     1.088    protection_system_i/processing_system7_0/inst/FCLK_CLK_unbuffered[0]
    BUFGCTRL_X0Y18       BUFG (Prop_bufg_I_O)         0.091     1.179 r  protection_system_i/processing_system7_0/inst/buffer_fclk_clk_0.FCLK_CLK_0_BUFG/O
                         net (fo=3556, routed)        1.711     2.890    protection_system_i/protection_ip_axi_lite_0/inst/u_source_observability_cdc/dst_clk
    SLICE_X55Y102        FDCE                                         r  protection_system_i/protection_ip_axi_lite_0/inst/u_source_observability_cdc/counter_saturation_event_count_gray_sync1_reg[5]/C
                         clock pessimism              0.000     2.890    
    SLICE_X55Y102        FDCE (Setup_fdce_C_D)       -0.093     2.797    protection_system_i/protection_ip_axi_lite_0/inst/u_source_observability_cdc/counter_saturation_event_count_gray_sync1_reg[5]
  -------------------------------------------------------------------
                         data arrival                           4.711    
                         clock arrival                          2.797    
  -------------------------------------------------------------------
                         relative delay                         1.914    

Reference path:
    Location             Delay type                Incr(ns)  Path(ns)    Netlist Resource(s)
  -------------------------------------------------------------------    -------------------
                         (clock clk_fpga_1 rise edge)
                                                      0.000     0.000 r  
    PS7_X0Y0             PS7                          0.000     0.000 r  protection_system_i/processing_system7_0/inst/PS7_i/FCLKCLK[1]
                         net (fo=1, routed)           1.088     1.088    protection_system_i/processing_system7_0/inst/FCLK_CLK1
    BUFGCTRL_X0Y17       BUFG (Prop_bufg_I_O)         0.091     1.179 r  protection_system_i/processing_system7_0/inst/FCLK_CLK1_BUFG_inst/O
                         net (fo=5596, routed)        1.711     2.890    protection_system_i/protection_ip_axi_lite_0/inst/u_adc_sample_cdc_bridge/u_source_observer/clk
    SLICE_X57Y103        FDCE                                         r  protection_system_i/protection_ip_axi_lite_0/inst/u_adc_sample_cdc_bridge/u_source_observer/counter_saturation_event_count_gray_reg[11]/C
  -------------------------------------------------------------------    -------------------
    SLICE_X57Y103        FDCE (Prop_fdce_C_Q)         0.367     3.257 r  protection_system_i/protection_ip_axi_lite_0/inst/u_adc_sample_cdc_bridge/u_source_observer/counter_saturation_event_count_gray_reg[11]/Q
                         net (fo=1, routed)           0.365     3.622    protection_system_i/protection_ip_axi_lite_0/inst/u_source_observability_cdc/counter_saturation_event_count_gray[11]
    SLICE_X57Y101        FDCE                                         r  protection_system_i/protection_ip_axi_lite_0/inst/u_source_observability_cdc/counter_saturation_event_count_gray_sync1_reg[11]/D
  -------------------------------------------------------------------    -------------------

                         (clock clk_fpga_0 rise edge)
                                                      0.000     0.000 r  
    PS7_X0Y0             PS7                          0.000     0.000 r  protection_system_i/processing_system7_0/inst/PS7_i/FCLKCLK[0]
                         net (fo=1, routed)           1.193     1.193    protection_system_i/processing_system7_0/inst/FCLK_CLK_unbuffered[0]
    BUFGCTRL_X0Y18       BUFG (Prop_bufg_I_O)         0.101     1.294 r  protection_system_i/processing_system7_0/inst/buffer_fclk_clk_0.FCLK_CLK_0_BUFG/O
                         net (fo=3556, routed)        1.905     3.199    protection_system_i/protection_ip_axi_lite_0/inst/u_source_observability_cdc/dst_clk
    SLICE_X57Y101        FDCE                                         r  protection_system_i/protection_ip_axi_lite_0/inst/u_source_observability_cdc/counter_saturation_event_count_gray_sync1_reg[11]/C
                         clock pessimism              0.000     3.199    
    SLICE_X57Y101        FDCE (Hold_fdce_C_D)         0.169     3.368    protection_system_i/protection_ip_axi_lite_0/inst/u_source_observability_cdc/counter_saturation_event_count_gray_sync1_reg[11]
  -------------------------------------------------------------------
                         data arrival                           3.622    
                         clock arrival                          3.368    
  -------------------------------------------------------------------
                         relative delay                         0.254    



Id: 9
set_bus_skew -from [get_cells [list {protection_system_i/protection_ip_axi_lite_0/inst/u_adc_sample_cdc_bridge/u_source_observer/last_source_sequence_gray_reg[0]} \
          {protection_system_i/protection_ip_axi_lite_0/inst/u_adc_sample_cdc_bridge/u_source_observer/last_source_sequence_gray_reg[10]} \
          {protection_system_i/protection_ip_axi_lite_0/inst/u_adc_sample_cdc_bridge/u_source_observer/last_source_sequence_gray_reg[11]} \
          {protection_system_i/protection_ip_axi_lite_0/inst/u_adc_sample_cdc_bridge/u_source_observer/last_source_sequence_gray_reg[12]} \
          {protection_system_i/protection_ip_axi_lite_0/inst/u_adc_sample_cdc_bridge/u_source_observer/last_source_sequence_gray_reg[13]} \
          {protection_system_i/protection_ip_axi_lite_0/inst/u_adc_sample_cdc_bridge/u_source_observer/last_source_sequence_gray_reg[14]} \
          {protection_system_i/protection_ip_axi_lite_0/inst/u_adc_sample_cdc_bridge/u_source_observer/last_source_sequence_gray_reg[15]} \
          {protection_system_i/protection_ip_axi_lite_0/inst/u_adc_sample_cdc_bridge/u_source_observer/last_source_sequence_gray_reg[16]} \
          {protection_system_i/protection_ip_axi_lite_0/inst/u_adc_sample_cdc_bridge/u_source_observer/last_source_sequence_gray_reg[17]} \
          {protection_system_i/protection_ip_axi_lite_0/inst/u_adc_sample_cdc_bridge/u_source_observer/last_source_sequence_gray_reg[18]} \
          {protection_system_i/protection_ip_axi_lite_0/inst/u_adc_sample_cdc_bridge/u_source_observer/last_source_sequence_gray_reg[19]} \
          {protection_system_i/protection_ip_axi_lite_0/inst/u_adc_sample_cdc_bridge/u_source_observer/last_source_sequence_gray_reg[1]} \
          {protection_system_i/protection_ip_axi_lite_0/inst/u_adc_sample_cdc_bridge/u_source_observer/last_source_sequence_gray_reg[20]} \
          {protection_system_i/protection_ip_axi_lite_0/inst/u_adc_sample_cdc_bridge/u_source_observer/last_source_sequence_gray_reg[21]} \
          {protection_system_i/protection_ip_axi_lite_0/inst/u_adc_sample_cdc_bridge/u_source_observer/last_source_sequence_gray_reg[22]} \
          {protection_system_i/protection_ip_axi_lite_0/inst/u_adc_sample_cdc_bridge/u_source_observer/last_source_sequence_gray_reg[23]} \
          {protection_system_i/protection_ip_axi_lite_0/inst/u_adc_sample_cdc_bridge/u_source_observer/last_source_sequence_gray_reg[24]} \
          {protection_system_i/protection_ip_axi_lite_0/inst/u_adc_sample_cdc_bridge/u_source_observer/last_source_sequence_gray_reg[25]} \
          {protection_system_i/protection_ip_axi_lite_0/inst/u_adc_sample_cdc_bridge/u_source_observer/last_source_sequence_gray_reg[26]} \
          {protection_system_i/protection_ip_axi_lite_0/inst/u_adc_sample_cdc_bridge/u_source_observer/last_source_sequence_gray_reg[27]} \
          {protection_system_i/protection_ip_axi_lite_0/inst/u_adc_sample_cdc_bridge/u_source_observer/last_source_sequence_gray_reg[28]} \
          {protection_system_i/protection_ip_axi_lite_0/inst/u_adc_sample_cdc_bridge/u_source_observer/last_source_sequence_gray_reg[29]} \
          {protection_system_i/protection_ip_axi_lite_0/inst/u_adc_sample_cdc_bridge/u_source_observer/last_source_sequence_gray_reg[2]} \
          {protection_system_i/protection_ip_axi_lite_0/inst/u_adc_sample_cdc_bridge/u_source_observer/last_source_sequence_gray_reg[30]} \
          {protection_system_i/protection_ip_axi_lite_0/inst/u_adc_sample_cdc_bridge/u_source_observer/last_source_sequence_gray_reg[31]} \
          {protection_system_i/protection_ip_axi_lite_0/inst/u_adc_sample_cdc_bridge/u_source_observer/last_source_sequence_gray_reg[3]} \
          {protection_system_i/protection_ip_axi_lite_0/inst/u_adc_sample_cdc_bridge/u_source_observer/last_source_sequence_gray_reg[4]} \
          {protection_system_i/protection_ip_axi_lite_0/inst/u_adc_sample_cdc_bridge/u_source_observer/last_source_sequence_gray_reg[5]} \
          {protection_system_i/protection_ip_axi_lite_0/inst/u_adc_sample_cdc_bridge/u_source_observer/last_source_sequence_gray_reg[6]} \
          {protection_system_i/protection_ip_axi_lite_0/inst/u_adc_sample_cdc_bridge/u_source_observer/last_source_sequence_gray_reg[7]} \
          {protection_system_i/protection_ip_axi_lite_0/inst/u_adc_sample_cdc_bridge/u_source_observer/last_source_sequence_gray_reg[8]} \
          {protection_system_i/protection_ip_axi_lite_0/inst/u_adc_sample_cdc_bridge/u_source_observer/last_source_sequence_gray_reg[9]}]] -to [get_cells [list {protection_system_i/protection_ip_axi_lite_0/inst/u_source_observability_cdc/last_source_sequence_gray_sync1_reg[0]} \
          {protection_system_i/protection_ip_axi_lite_0/inst/u_source_observability_cdc/last_source_sequence_gray_sync1_reg[10]} \
          {protection_system_i/protection_ip_axi_lite_0/inst/u_source_observability_cdc/last_source_sequence_gray_sync1_reg[11]} \
          {protection_system_i/protection_ip_axi_lite_0/inst/u_source_observability_cdc/last_source_sequence_gray_sync1_reg[12]} \
          {protection_system_i/protection_ip_axi_lite_0/inst/u_source_observability_cdc/last_source_sequence_gray_sync1_reg[13]} \
          {protection_system_i/protection_ip_axi_lite_0/inst/u_source_observability_cdc/last_source_sequence_gray_sync1_reg[14]} \
          {protection_system_i/protection_ip_axi_lite_0/inst/u_source_observability_cdc/last_source_sequence_gray_sync1_reg[15]} \
          {protection_system_i/protection_ip_axi_lite_0/inst/u_source_observability_cdc/last_source_sequence_gray_sync1_reg[16]} \
          {protection_system_i/protection_ip_axi_lite_0/inst/u_source_observability_cdc/last_source_sequence_gray_sync1_reg[17]} \
          {protection_system_i/protection_ip_axi_lite_0/inst/u_source_observability_cdc/last_source_sequence_gray_sync1_reg[18]} \
          {protection_system_i/protection_ip_axi_lite_0/inst/u_source_observability_cdc/last_source_sequence_gray_sync1_reg[19]} \
          {protection_system_i/protection_ip_axi_lite_0/inst/u_source_observability_cdc/last_source_sequence_gray_sync1_reg[1]} \
          {protection_system_i/protection_ip_axi_lite_0/inst/u_source_observability_cdc/last_source_sequence_gray_sync1_reg[20]} \
          {protection_system_i/protection_ip_axi_lite_0/inst/u_source_observability_cdc/last_source_sequence_gray_sync1_reg[21]} \
          {protection_system_i/protection_ip_axi_lite_0/inst/u_source_observability_cdc/last_source_sequence_gray_sync1_reg[22]} \
          {protection_system_i/protection_ip_axi_lite_0/inst/u_source_observability_cdc/last_source_sequence_gray_sync1_reg[23]} \
          {protection_system_i/protection_ip_axi_lite_0/inst/u_source_observability_cdc/last_source_sequence_gray_sync1_reg[24]} \
          {protection_system_i/protection_ip_axi_lite_0/inst/u_source_observability_cdc/last_source_sequence_gray_sync1_reg[25]} \
          {protection_system_i/protection_ip_axi_lite_0/inst/u_source_observability_cdc/last_source_sequence_gray_sync1_reg[26]} \
          {protection_system_i/protection_ip_axi_lite_0/inst/u_source_observability_cdc/last_source_sequence_gray_sync1_reg[27]} \
          {protection_system_i/protection_ip_axi_lite_0/inst/u_source_observability_cdc/last_source_sequence_gray_sync1_reg[28]} \
          {protection_system_i/protection_ip_axi_lite_0/inst/u_source_observability_cdc/last_source_sequence_gray_sync1_reg[29]} \
          {protection_system_i/protection_ip_axi_lite_0/inst/u_source_observability_cdc/last_source_sequence_gray_sync1_reg[2]} \
          {protection_system_i/protection_ip_axi_lite_0/inst/u_source_observability_cdc/last_source_sequence_gray_sync1_reg[30]} \
          {protection_system_i/protection_ip_axi_lite_0/inst/u_source_observability_cdc/last_source_sequence_gray_sync1_reg[31]} \
          {protection_system_i/protection_ip_axi_lite_0/inst/u_source_observability_cdc/last_source_sequence_gray_sync1_reg[3]} \
          {protection_system_i/protection_ip_axi_lite_0/inst/u_source_observability_cdc/last_source_sequence_gray_sync1_reg[4]} \
          {protection_system_i/protection_ip_axi_lite_0/inst/u_source_observability_cdc/last_source_sequence_gray_sync1_reg[5]} \
          {protection_system_i/protection_ip_axi_lite_0/inst/u_source_observability_cdc/last_source_sequence_gray_sync1_reg[6]} \
          {protection_system_i/protection_ip_axi_lite_0/inst/u_source_observability_cdc/last_source_sequence_gray_sync1_reg[7]} \
          {protection_system_i/protection_ip_axi_lite_0/inst/u_source_observability_cdc/last_source_sequence_gray_sync1_reg[8]} \
          {protection_system_i/protection_ip_axi_lite_0/inst/u_source_observability_cdc/last_source_sequence_gray_sync1_reg[9]}]] 8.000
Requirement: 8.000ns
Endpoints: 32

From Clock            To Clock              Endpoint Pin                    Reference Pin                   Corner  Actual(ns)  Slack(ns)
--------------------  --------------------  ------------------------------  ------------------------------  ------  ----------  ---------
clk_fpga_1            clk_fpga_0            protection_system_i/protection_ip_axi_lite_0/inst/u_source_observability_cdc/last_source_sequence_gray_sync1_reg[8]/D
                                                                            protection_system_i/protection_ip_axi_lite_0/inst/u_source_observability_cdc/last_source_sequence_gray_sync1_reg[27]/D
                                                                                                            Slow         1.076      6.924


Slack (MET) :             6.924ns  (requirement - actual skew)
  Endpoint Source:        protection_system_i/protection_ip_axi_lite_0/inst/u_adc_sample_cdc_bridge/u_source_observer/last_source_sequence_gray_reg[8]/C
                            (rising edge-triggered cell FDCE clocked by clk_fpga_1)
  Endpoint Destination:   protection_system_i/protection_ip_axi_lite_0/inst/u_source_observability_cdc/last_source_sequence_gray_sync1_reg[8]/D
                            (rising edge-triggered cell FDCE clocked by clk_fpga_0)
  Reference Source:       protection_system_i/protection_ip_axi_lite_0/inst/u_adc_sample_cdc_bridge/u_source_observer/last_source_sequence_gray_reg[27]/C
                            (rising edge-triggered cell FDCE clocked by clk_fpga_1)
  Reference Destination:  protection_system_i/protection_ip_axi_lite_0/inst/u_source_observability_cdc/last_source_sequence_gray_sync1_reg[27]/D
                            (rising edge-triggered cell FDCE clocked by clk_fpga_0)
  Path Type:              Bus Skew (Max at Slow Process Corner)
  Requirement:            8.000ns
  Endpoint Relative Delay:    1.818ns
  Reference Relative Delay:   0.283ns
  Relative CRPR:              0.458ns
  Actual Bus Skew:            1.076ns  (Endpoint Relative Delay - Reference Relative Delay - Relative CRPR)

Endpoint path:
    Location             Delay type                Incr(ns)  Path(ns)    Netlist Resource(s)
  -------------------------------------------------------------------    -------------------
                         (clock clk_fpga_1 rise edge)
                                                      0.000     0.000 r  
    PS7_X0Y0             PS7                          0.000     0.000 r  protection_system_i/processing_system7_0/inst/PS7_i/FCLKCLK[1]
                         net (fo=1, routed)           1.193     1.193    protection_system_i/processing_system7_0/inst/FCLK_CLK1
    BUFGCTRL_X0Y17       BUFG (Prop_bufg_I_O)         0.101     1.294 r  protection_system_i/processing_system7_0/inst/FCLK_CLK1_BUFG_inst/O
                         net (fo=5596, routed)        1.706     3.000    protection_system_i/protection_ip_axi_lite_0/inst/u_adc_sample_cdc_bridge/u_source_observer/clk
    SLICE_X67Y82         FDCE                                         r  protection_system_i/protection_ip_axi_lite_0/inst/u_adc_sample_cdc_bridge/u_source_observer/last_source_sequence_gray_reg[8]/C
  -------------------------------------------------------------------    -------------------
    SLICE_X67Y82         FDCE (Prop_fdce_C_Q)         0.419     3.419 r  protection_system_i/protection_ip_axi_lite_0/inst/u_adc_sample_cdc_bridge/u_source_observer/last_source_sequence_gray_reg[8]/Q
                         net (fo=1, routed)           0.892     4.311    protection_system_i/protection_ip_axi_lite_0/inst/u_source_observability_cdc/last_source_sequence_gray[8]
    SLICE_X66Y82         FDCE                                         r  protection_system_i/protection_ip_axi_lite_0/inst/u_source_observability_cdc/last_source_sequence_gray_sync1_reg[8]/D
  -------------------------------------------------------------------    -------------------

                         (clock clk_fpga_0 rise edge)
                                                      0.000     0.000 r  
    PS7_X0Y0             PS7                          0.000     0.000 r  protection_system_i/processing_system7_0/inst/PS7_i/FCLKCLK[0]
                         net (fo=1, routed)           1.088     1.088    protection_system_i/processing_system7_0/inst/FCLK_CLK_unbuffered[0]
    BUFGCTRL_X0Y18       BUFG (Prop_bufg_I_O)         0.091     1.179 r  protection_system_i/processing_system7_0/inst/buffer_fclk_clk_0.FCLK_CLK_0_BUFG/O
                         net (fo=3556, routed)        1.533     2.712    protection_system_i/protection_ip_axi_lite_0/inst/u_source_observability_cdc/dst_clk
    SLICE_X66Y82         FDCE                                         r  protection_system_i/protection_ip_axi_lite_0/inst/u_source_observability_cdc/last_source_sequence_gray_sync1_reg[8]/C
                         clock pessimism              0.000     2.712    
    SLICE_X66Y82         FDCE (Setup_fdce_C_D)       -0.218     2.494    protection_system_i/protection_ip_axi_lite_0/inst/u_source_observability_cdc/last_source_sequence_gray_sync1_reg[8]
  -------------------------------------------------------------------
                         data arrival                           4.311    
                         clock arrival                          2.494    
  -------------------------------------------------------------------
                         relative delay                         1.818    

Reference path:
    Location             Delay type                Incr(ns)  Path(ns)    Netlist Resource(s)
  -------------------------------------------------------------------    -------------------
                         (clock clk_fpga_1 rise edge)
                                                      0.000     0.000 r  
    PS7_X0Y0             PS7                          0.000     0.000 r  protection_system_i/processing_system7_0/inst/PS7_i/FCLKCLK[1]
                         net (fo=1, routed)           1.088     1.088    protection_system_i/processing_system7_0/inst/FCLK_CLK1
    BUFGCTRL_X0Y17       BUFG (Prop_bufg_I_O)         0.091     1.179 r  protection_system_i/processing_system7_0/inst/FCLK_CLK1_BUFG_inst/O
                         net (fo=5596, routed)        1.538     2.717    protection_system_i/protection_ip_axi_lite_0/inst/u_adc_sample_cdc_bridge/u_source_observer/clk
    SLICE_X57Y97         FDCE                                         r  protection_system_i/protection_ip_axi_lite_0/inst/u_adc_sample_cdc_bridge/u_source_observer/last_source_sequence_gray_reg[27]/C
  -------------------------------------------------------------------    -------------------
    SLICE_X57Y97         FDCE (Prop_fdce_C_Q)         0.367     3.084 r  protection_system_i/protection_ip_axi_lite_0/inst/u_adc_sample_cdc_bridge/u_source_observer/last_source_sequence_gray_reg[27]/Q
                         net (fo=1, routed)           0.376     3.459    protection_system_i/protection_ip_axi_lite_0/inst/u_source_observability_cdc/last_source_sequence_gray[27]
    SLICE_X55Y97         FDCE                                         r  protection_system_i/protection_ip_axi_lite_0/inst/u_source_observability_cdc/last_source_sequence_gray_sync1_reg[27]/D
  -------------------------------------------------------------------    -------------------

                         (clock clk_fpga_0 rise edge)
                                                      0.000     0.000 r  
    PS7_X0Y0             PS7                          0.000     0.000 r  protection_system_i/processing_system7_0/inst/PS7_i/FCLKCLK[0]
                         net (fo=1, routed)           1.193     1.193    protection_system_i/processing_system7_0/inst/FCLK_CLK_unbuffered[0]
    BUFGCTRL_X0Y18       BUFG (Prop_bufg_I_O)         0.101     1.294 r  protection_system_i/processing_system7_0/inst/buffer_fclk_clk_0.FCLK_CLK_0_BUFG/O
                         net (fo=3556, routed)        1.712     3.006    protection_system_i/protection_ip_axi_lite_0/inst/u_source_observability_cdc/dst_clk
    SLICE_X55Y97         FDCE                                         r  protection_system_i/protection_ip_axi_lite_0/inst/u_source_observability_cdc/last_source_sequence_gray_sync1_reg[27]/C
                         clock pessimism              0.000     3.006    
    SLICE_X55Y97         FDCE (Hold_fdce_C_D)         0.170     3.176    protection_system_i/protection_ip_axi_lite_0/inst/u_source_observability_cdc/last_source_sequence_gray_sync1_reg[27]
  -------------------------------------------------------------------
                         data arrival                           3.459    
                         clock arrival                          3.176    
  -------------------------------------------------------------------
                         relative delay                         0.283    



Id: 10
set_bus_skew -from [get_cells -quiet -hierarchical -regexp {(^|.*/)stage2i_b2_ready_aware_stimulus_0/(inst/)?command_hold_aclk_reg\[([0-9]|[1-2][0-9]|30)\]$}] -to [get_cells -quiet -hierarchical -regexp {(^|.*/)stage2i_b2_ready_aware_stimulus_0/(inst/)?command_capture_src_reg\[([0-9]|[1-2][0-9]|30)\]$}] 8.000
Requirement: 8.000ns
Endpoints: 31

From Clock            To Clock              Endpoint Pin                    Reference Pin                   Corner  Actual(ns)  Slack(ns)
--------------------  --------------------  ------------------------------  ------------------------------  ------  ----------  ---------
clk_fpga_0            clk_fpga_1            protection_system_i/stage2i_b2_ready_aware_stimulus_0/inst/command_capture_src_reg[24]/D
                                                                            protection_system_i/stage2i_b2_ready_aware_stimulus_0/inst/command_capture_src_reg[12]/D
                                                                                                            Slow         1.338      6.662


Slack (MET) :             6.662ns  (requirement - actual skew)
  Endpoint Source:        protection_system_i/stage2i_b2_ready_aware_stimulus_0/inst/command_hold_aclk_reg[24]/C
                            (rising edge-triggered cell FDCE clocked by clk_fpga_0)
  Endpoint Destination:   protection_system_i/stage2i_b2_ready_aware_stimulus_0/inst/command_capture_src_reg[24]/D
                            (rising edge-triggered cell FDCE clocked by clk_fpga_1)
  Reference Source:       protection_system_i/stage2i_b2_ready_aware_stimulus_0/inst/command_hold_aclk_reg[12]/C
                            (rising edge-triggered cell FDCE clocked by clk_fpga_0)
  Reference Destination:  protection_system_i/stage2i_b2_ready_aware_stimulus_0/inst/command_capture_src_reg[12]/D
                            (rising edge-triggered cell FDCE clocked by clk_fpga_1)
  Path Type:              Bus Skew (Max at Slow Process Corner)
  Requirement:            8.000ns
  Endpoint Relative Delay:    2.082ns
  Reference Relative Delay:   0.251ns
  Relative CRPR:              0.492ns
  Actual Bus Skew:            1.338ns  (Endpoint Relative Delay - Reference Relative Delay - Relative CRPR)

Endpoint path:
    Location             Delay type                Incr(ns)  Path(ns)    Netlist Resource(s)
  -------------------------------------------------------------------    -------------------
                         (clock clk_fpga_0 rise edge)
                                                      0.000     0.000 r  
    PS7_X0Y0             PS7                          0.000     0.000 r  protection_system_i/processing_system7_0/inst/PS7_i/FCLKCLK[0]
                         net (fo=1, routed)           1.193     1.193    protection_system_i/processing_system7_0/inst/FCLK_CLK_unbuffered[0]
    BUFGCTRL_X0Y18       BUFG (Prop_bufg_I_O)         0.101     1.294 r  protection_system_i/processing_system7_0/inst/buffer_fclk_clk_0.FCLK_CLK_0_BUFG/O
                         net (fo=3556, routed)        1.632     2.926    protection_system_i/stage2i_b2_ready_aware_stimulus_0/inst/aclk
    SLICE_X36Y75         FDCE                                         r  protection_system_i/stage2i_b2_ready_aware_stimulus_0/inst/command_hold_aclk_reg[24]/C
  -------------------------------------------------------------------    -------------------
    SLICE_X36Y75         FDCE (Prop_fdce_C_Q)         0.518     3.444 r  protection_system_i/stage2i_b2_ready_aware_stimulus_0/inst/command_hold_aclk_reg[24]/Q
                         net (fo=1, routed)           1.176     4.620    protection_system_i/stage2i_b2_ready_aware_stimulus_0/inst/command_hold_aclk[24]
    SLICE_X45Y72         FDCE                                         r  protection_system_i/stage2i_b2_ready_aware_stimulus_0/inst/command_capture_src_reg[24]/D
  -------------------------------------------------------------------    -------------------

                         (clock clk_fpga_1 rise edge)
                                                      0.000     0.000 r  
    PS7_X0Y0             PS7                          0.000     0.000 r  protection_system_i/processing_system7_0/inst/PS7_i/FCLKCLK[1]
                         net (fo=1, routed)           1.088     1.088    protection_system_i/processing_system7_0/inst/FCLK_CLK1
    BUFGCTRL_X0Y17       BUFG (Prop_bufg_I_O)         0.091     1.179 r  protection_system_i/processing_system7_0/inst/FCLK_CLK1_BUFG_inst/O
                         net (fo=5596, routed)        1.464     2.643    protection_system_i/stage2i_b2_ready_aware_stimulus_0/inst/adc_src_clk
    SLICE_X45Y72         FDCE                                         r  protection_system_i/stage2i_b2_ready_aware_stimulus_0/inst/command_capture_src_reg[24]/C
                         clock pessimism              0.000     2.643    
    SLICE_X45Y72         FDCE (Setup_fdce_C_D)       -0.105     2.538    protection_system_i/stage2i_b2_ready_aware_stimulus_0/inst/command_capture_src_reg[24]
  -------------------------------------------------------------------
                         data arrival                           4.620    
                         clock arrival                          2.538    
  -------------------------------------------------------------------
                         relative delay                         2.082    

Reference path:
    Location             Delay type                Incr(ns)  Path(ns)    Netlist Resource(s)
  -------------------------------------------------------------------    -------------------
                         (clock clk_fpga_0 rise edge)
                                                      0.000     0.000 r  
    PS7_X0Y0             PS7                          0.000     0.000 r  protection_system_i/processing_system7_0/inst/PS7_i/FCLKCLK[0]
                         net (fo=1, routed)           1.088     1.088    protection_system_i/processing_system7_0/inst/FCLK_CLK_unbuffered[0]
    BUFGCTRL_X0Y18       BUFG (Prop_bufg_I_O)         0.091     1.179 r  protection_system_i/processing_system7_0/inst/buffer_fclk_clk_0.FCLK_CLK_0_BUFG/O
                         net (fo=3556, routed)        1.465     2.644    protection_system_i/stage2i_b2_ready_aware_stimulus_0/inst/aclk
    SLICE_X37Y77         FDCE                                         r  protection_system_i/stage2i_b2_ready_aware_stimulus_0/inst/command_hold_aclk_reg[12]/C
  -------------------------------------------------------------------    -------------------
    SLICE_X37Y77         FDCE (Prop_fdce_C_Q)         0.367     3.011 r  protection_system_i/stage2i_b2_ready_aware_stimulus_0/inst/command_hold_aclk_reg[12]/Q
                         net (fo=1, routed)           0.413     3.423    protection_system_i/stage2i_b2_ready_aware_stimulus_0/inst/command_hold_aclk[12]
    SLICE_X38Y77         FDCE                                         r  protection_system_i/stage2i_b2_ready_aware_stimulus_0/inst/command_capture_src_reg[12]/D
  -------------------------------------------------------------------    -------------------

                         (clock clk_fpga_1 rise edge)
                                                      0.000     0.000 r  
    PS7_X0Y0             PS7                          0.000     0.000 r  protection_system_i/processing_system7_0/inst/PS7_i/FCLKCLK[1]
                         net (fo=1, routed)           1.193     1.193    protection_system_i/processing_system7_0/inst/FCLK_CLK1
    BUFGCTRL_X0Y17       BUFG (Prop_bufg_I_O)         0.101     1.294 r  protection_system_i/processing_system7_0/inst/FCLK_CLK1_BUFG_inst/O
                         net (fo=5596, routed)        1.635     2.929    protection_system_i/stage2i_b2_ready_aware_stimulus_0/inst/adc_src_clk
    SLICE_X38Y77         FDCE                                         r  protection_system_i/stage2i_b2_ready_aware_stimulus_0/inst/command_capture_src_reg[12]/C
                         clock pessimism              0.000     2.929    
    SLICE_X38Y77         FDCE (Hold_fdce_C_D)         0.243     3.172    protection_system_i/stage2i_b2_ready_aware_stimulus_0/inst/command_capture_src_reg[12]
  -------------------------------------------------------------------
                         data arrival                           3.423    
                         clock arrival                          3.172    
  -------------------------------------------------------------------
                         relative delay                         0.251    



Id: 11
set_bus_skew -from [get_cells -quiet -hierarchical -regexp {(^|.*/)stage2i_b2_ready_aware_stimulus_0/(inst/)?accepted_count_gray_src_reg\[[0-7]\]$}] -to [get_cells -quiet -hierarchical -regexp {(^|.*/)stage2i_b2_ready_aware_stimulus_0/(inst/)?accepted_count_gray_sync1_aclk_reg\[[0-7]\]$}] 8.000
Requirement: 8.000ns
Endpoints: 8

From Clock            To Clock              Endpoint Pin                    Reference Pin                   Corner  Actual(ns)  Slack(ns)
--------------------  --------------------  ------------------------------  ------------------------------  ------  ----------  ---------
clk_fpga_1            clk_fpga_0            protection_system_i/stage2i_b2_ready_aware_stimulus_0/inst/accepted_count_gray_sync1_aclk_reg[0]/D
                                                                            protection_system_i/stage2i_b2_ready_aware_stimulus_0/inst/accepted_count_gray_sync1_aclk_reg[6]/D
                                                                                                            Slow         0.913      7.087


Slack (MET) :             7.087ns  (requirement - actual skew)
  Endpoint Source:        protection_system_i/stage2i_b2_ready_aware_stimulus_0/inst/accepted_count_gray_src_reg[0]/C
                            (rising edge-triggered cell FDCE clocked by clk_fpga_1)
  Endpoint Destination:   protection_system_i/stage2i_b2_ready_aware_stimulus_0/inst/accepted_count_gray_sync1_aclk_reg[0]/D
                            (rising edge-triggered cell FDCE clocked by clk_fpga_0)
  Reference Source:       protection_system_i/stage2i_b2_ready_aware_stimulus_0/inst/accepted_count_gray_src_reg[6]/C
                            (rising edge-triggered cell FDCE clocked by clk_fpga_1)
  Reference Destination:  protection_system_i/stage2i_b2_ready_aware_stimulus_0/inst/accepted_count_gray_sync1_aclk_reg[6]/D
                            (rising edge-triggered cell FDCE clocked by clk_fpga_0)
  Path Type:              Bus Skew (Max at Slow Process Corner)
  Requirement:            8.000ns
  Endpoint Relative Delay:    1.653ns
  Reference Relative Delay:   0.282ns
  Relative CRPR:              0.458ns
  Actual Bus Skew:            0.913ns  (Endpoint Relative Delay - Reference Relative Delay - Relative CRPR)

Endpoint path:
    Location             Delay type                Incr(ns)  Path(ns)    Netlist Resource(s)
  -------------------------------------------------------------------    -------------------
                         (clock clk_fpga_1 rise edge)
                                                      0.000     0.000 r  
    PS7_X0Y0             PS7                          0.000     0.000 r  protection_system_i/processing_system7_0/inst/PS7_i/FCLKCLK[1]
                         net (fo=1, routed)           1.193     1.193    protection_system_i/processing_system7_0/inst/FCLK_CLK1
    BUFGCTRL_X0Y17       BUFG (Prop_bufg_I_O)         0.101     1.294 r  protection_system_i/processing_system7_0/inst/FCLK_CLK1_BUFG_inst/O
                         net (fo=5596, routed)        1.638     2.932    protection_system_i/stage2i_b2_ready_aware_stimulus_0/inst/adc_src_clk
    SLICE_X37Y71         FDCE                                         r  protection_system_i/stage2i_b2_ready_aware_stimulus_0/inst/accepted_count_gray_src_reg[0]/C
  -------------------------------------------------------------------    -------------------
    SLICE_X37Y71         FDCE (Prop_fdce_C_Q)         0.456     3.388 r  protection_system_i/stage2i_b2_ready_aware_stimulus_0/inst/accepted_count_gray_src_reg[0]/Q
                         net (fo=1, routed)           0.814     4.202    protection_system_i/stage2i_b2_ready_aware_stimulus_0/inst/accepted_count_gray_src[0]
    SLICE_X37Y72         FDCE                                         r  protection_system_i/stage2i_b2_ready_aware_stimulus_0/inst/accepted_count_gray_sync1_aclk_reg[0]/D
  -------------------------------------------------------------------    -------------------

                         (clock clk_fpga_0 rise edge)
                                                      0.000     0.000 r  
    PS7_X0Y0             PS7                          0.000     0.000 r  protection_system_i/processing_system7_0/inst/PS7_i/FCLKCLK[0]
                         net (fo=1, routed)           1.088     1.088    protection_system_i/processing_system7_0/inst/FCLK_CLK_unbuffered[0]
    BUFGCTRL_X0Y18       BUFG (Prop_bufg_I_O)         0.091     1.179 r  protection_system_i/processing_system7_0/inst/buffer_fclk_clk_0.FCLK_CLK_0_BUFG/O
                         net (fo=3556, routed)        1.465     2.644    protection_system_i/stage2i_b2_ready_aware_stimulus_0/inst/aclk
    SLICE_X37Y72         FDCE                                         r  protection_system_i/stage2i_b2_ready_aware_stimulus_0/inst/accepted_count_gray_sync1_aclk_reg[0]/C
                         clock pessimism              0.000     2.644    
    SLICE_X37Y72         FDCE (Setup_fdce_C_D)       -0.095     2.549    protection_system_i/stage2i_b2_ready_aware_stimulus_0/inst/accepted_count_gray_sync1_aclk_reg[0]
  -------------------------------------------------------------------
                         data arrival                           4.202    
                         clock arrival                          2.549    
  -------------------------------------------------------------------
                         relative delay                         1.653    

Reference path:
    Location             Delay type                Incr(ns)  Path(ns)    Netlist Resource(s)
  -------------------------------------------------------------------    -------------------
                         (clock clk_fpga_1 rise edge)
                                                      0.000     0.000 r  
    PS7_X0Y0             PS7                          0.000     0.000 r  protection_system_i/processing_system7_0/inst/PS7_i/FCLKCLK[1]
                         net (fo=1, routed)           1.088     1.088    protection_system_i/processing_system7_0/inst/FCLK_CLK1
    BUFGCTRL_X0Y17       BUFG (Prop_bufg_I_O)         0.091     1.179 r  protection_system_i/processing_system7_0/inst/FCLK_CLK1_BUFG_inst/O
                         net (fo=5596, routed)        1.469     2.648    protection_system_i/stage2i_b2_ready_aware_stimulus_0/inst/adc_src_clk
    SLICE_X35Y70         FDCE                                         r  protection_system_i/stage2i_b2_ready_aware_stimulus_0/inst/accepted_count_gray_src_reg[6]/C
  -------------------------------------------------------------------    -------------------
    SLICE_X35Y70         FDCE (Prop_fdce_C_Q)         0.367     3.015 r  protection_system_i/stage2i_b2_ready_aware_stimulus_0/inst/accepted_count_gray_src_reg[6]/Q
                         net (fo=1, routed)           0.367     3.382    protection_system_i/stage2i_b2_ready_aware_stimulus_0/inst/accepted_count_gray_src[6]
    SLICE_X35Y72         FDCE                                         r  protection_system_i/stage2i_b2_ready_aware_stimulus_0/inst/accepted_count_gray_sync1_aclk_reg[6]/D
  -------------------------------------------------------------------    -------------------

                         (clock clk_fpga_0 rise edge)
                                                      0.000     0.000 r  
    PS7_X0Y0             PS7                          0.000     0.000 r  protection_system_i/processing_system7_0/inst/PS7_i/FCLKCLK[0]
                         net (fo=1, routed)           1.193     1.193    protection_system_i/processing_system7_0/inst/FCLK_CLK_unbuffered[0]
    BUFGCTRL_X0Y18       BUFG (Prop_bufg_I_O)         0.101     1.294 r  protection_system_i/processing_system7_0/inst/buffer_fclk_clk_0.FCLK_CLK_0_BUFG/O
                         net (fo=3556, routed)        1.635     2.929    protection_system_i/stage2i_b2_ready_aware_stimulus_0/inst/aclk
    SLICE_X35Y72         FDCE                                         r  protection_system_i/stage2i_b2_ready_aware_stimulus_0/inst/accepted_count_gray_sync1_aclk_reg[6]/C
                         clock pessimism              0.000     2.929    
    SLICE_X35Y72         FDCE (Hold_fdce_C_D)         0.171     3.100    protection_system_i/stage2i_b2_ready_aware_stimulus_0/inst/accepted_count_gray_sync1_aclk_reg[6]
  -------------------------------------------------------------------
                         data arrival                           3.382    
                         clock arrival                          3.100    
  -------------------------------------------------------------------
                         relative delay                         0.282    



Id: 12
set_bus_skew -from [get_cells -quiet -hierarchical -regexp {(^|.*/)stage2i_b2_ready_aware_stimulus_0/(inst/)?remaining_gray_src_reg\[[0-6]\]$}] -to [get_cells -quiet -hierarchical -regexp {(^|.*/)stage2i_b2_ready_aware_stimulus_0/(inst/)?remaining_gray_sync1_aclk_reg\[[0-6]\]$}] 8.000
Requirement: 8.000ns
Endpoints: 7

From Clock            To Clock              Endpoint Pin                    Reference Pin                   Corner  Actual(ns)  Slack(ns)
--------------------  --------------------  ------------------------------  ------------------------------  ------  ----------  ---------
clk_fpga_1            clk_fpga_0            protection_system_i/stage2i_b2_ready_aware_stimulus_0/inst/remaining_gray_sync1_aclk_reg[0]/D
                                                                            protection_system_i/stage2i_b2_ready_aware_stimulus_0/inst/remaining_gray_sync1_aclk_reg[2]/D
                                                                                                            Slow         0.666      7.334


Slack (MET) :             7.334ns  (requirement - actual skew)
  Endpoint Source:        protection_system_i/stage2i_b2_ready_aware_stimulus_0/inst/remaining_gray_src_reg[0]/C
                            (rising edge-triggered cell FDCE clocked by clk_fpga_1)
  Endpoint Destination:   protection_system_i/stage2i_b2_ready_aware_stimulus_0/inst/remaining_gray_sync1_aclk_reg[0]/D
                            (rising edge-triggered cell FDCE clocked by clk_fpga_0)
  Reference Source:       protection_system_i/stage2i_b2_ready_aware_stimulus_0/inst/remaining_gray_src_reg[2]/C
                            (rising edge-triggered cell FDCE clocked by clk_fpga_1)
  Reference Destination:  protection_system_i/stage2i_b2_ready_aware_stimulus_0/inst/remaining_gray_sync1_aclk_reg[2]/D
                            (rising edge-triggered cell FDCE clocked by clk_fpga_0)
  Path Type:              Bus Skew (Max at Slow Process Corner)
  Requirement:            8.000ns
  Endpoint Relative Delay:    1.482ns
  Reference Relative Delay:   0.302ns
  Relative CRPR:              0.513ns
  Actual Bus Skew:            0.666ns  (Endpoint Relative Delay - Reference Relative Delay - Relative CRPR)

Endpoint path:
    Location             Delay type                Incr(ns)  Path(ns)    Netlist Resource(s)
  -------------------------------------------------------------------    -------------------
                         (clock clk_fpga_1 rise edge)
                                                      0.000     0.000 r  
    PS7_X0Y0             PS7                          0.000     0.000 r  protection_system_i/processing_system7_0/inst/PS7_i/FCLKCLK[1]
                         net (fo=1, routed)           1.193     1.193    protection_system_i/processing_system7_0/inst/FCLK_CLK1
    BUFGCTRL_X0Y17       BUFG (Prop_bufg_I_O)         0.101     1.294 r  protection_system_i/processing_system7_0/inst/FCLK_CLK1_BUFG_inst/O
                         net (fo=5596, routed)        1.634     2.928    protection_system_i/stage2i_b2_ready_aware_stimulus_0/inst/adc_src_clk
    SLICE_X40Y72         FDCE                                         r  protection_system_i/stage2i_b2_ready_aware_stimulus_0/inst/remaining_gray_src_reg[0]/C
  -------------------------------------------------------------------    -------------------
    SLICE_X40Y72         FDCE (Prop_fdce_C_Q)         0.456     3.384 r  protection_system_i/stage2i_b2_ready_aware_stimulus_0/inst/remaining_gray_src_reg[0]/Q
                         net (fo=2, routed)           0.684     4.068    protection_system_i/stage2i_b2_ready_aware_stimulus_0/inst/remaining_gray_src[0]
    SLICE_X38Y73         FDCE                                         r  protection_system_i/stage2i_b2_ready_aware_stimulus_0/inst/remaining_gray_sync1_aclk_reg[0]/D
  -------------------------------------------------------------------    -------------------

                         (clock clk_fpga_0 rise edge)
                                                      0.000     0.000 r  
    PS7_X0Y0             PS7                          0.000     0.000 r  protection_system_i/processing_system7_0/inst/PS7_i/FCLKCLK[0]
                         net (fo=1, routed)           1.088     1.088    protection_system_i/processing_system7_0/inst/FCLK_CLK_unbuffered[0]
    BUFGCTRL_X0Y18       BUFG (Prop_bufg_I_O)         0.091     1.179 r  protection_system_i/processing_system7_0/inst/buffer_fclk_clk_0.FCLK_CLK_0_BUFG/O
                         net (fo=3556, routed)        1.464     2.643    protection_system_i/stage2i_b2_ready_aware_stimulus_0/inst/aclk
    SLICE_X38Y73         FDCE                                         r  protection_system_i/stage2i_b2_ready_aware_stimulus_0/inst/remaining_gray_sync1_aclk_reg[0]/C
                         clock pessimism              0.000     2.643    
    SLICE_X38Y73         FDCE (Setup_fdce_C_D)       -0.056     2.587    protection_system_i/stage2i_b2_ready_aware_stimulus_0/inst/remaining_gray_sync1_aclk_reg[0]
  -------------------------------------------------------------------
                         data arrival                           4.068    
                         clock arrival                          2.587    
  -------------------------------------------------------------------
                         relative delay                         1.482    

Reference path:
    Location             Delay type                Incr(ns)  Path(ns)    Netlist Resource(s)
  -------------------------------------------------------------------    -------------------
                         (clock clk_fpga_1 rise edge)
                                                      0.000     0.000 r  
    PS7_X0Y0             PS7                          0.000     0.000 r  protection_system_i/processing_system7_0/inst/PS7_i/FCLKCLK[1]
                         net (fo=1, routed)           1.088     1.088    protection_system_i/processing_system7_0/inst/FCLK_CLK1
    BUFGCTRL_X0Y17       BUFG (Prop_bufg_I_O)         0.091     1.179 r  protection_system_i/processing_system7_0/inst/FCLK_CLK1_BUFG_inst/O
                         net (fo=5596, routed)        1.465     2.644    protection_system_i/stage2i_b2_ready_aware_stimulus_0/inst/adc_src_clk
    SLICE_X40Y72         FDCE                                         r  protection_system_i/stage2i_b2_ready_aware_stimulus_0/inst/remaining_gray_src_reg[2]/C
  -------------------------------------------------------------------    -------------------
    SLICE_X40Y72         FDCE (Prop_fdce_C_Q)         0.367     3.011 r  protection_system_i/stage2i_b2_ready_aware_stimulus_0/inst/remaining_gray_src_reg[2]/Q
                         net (fo=2, routed)           0.388     3.398    protection_system_i/stage2i_b2_ready_aware_stimulus_0/inst/remaining_gray_src[2]
    SLICE_X40Y73         FDCE                                         r  protection_system_i/stage2i_b2_ready_aware_stimulus_0/inst/remaining_gray_sync1_aclk_reg[2]/D
  -------------------------------------------------------------------    -------------------

                         (clock clk_fpga_0 rise edge)
                                                      0.000     0.000 r  
    PS7_X0Y0             PS7                          0.000     0.000 r  protection_system_i/processing_system7_0/inst/PS7_i/FCLKCLK[0]
                         net (fo=1, routed)           1.193     1.193    protection_system_i/processing_system7_0/inst/FCLK_CLK_unbuffered[0]
    BUFGCTRL_X0Y18       BUFG (Prop_bufg_I_O)         0.101     1.294 r  protection_system_i/processing_system7_0/inst/buffer_fclk_clk_0.FCLK_CLK_0_BUFG/O
                         net (fo=3556, routed)        1.633     2.927    protection_system_i/stage2i_b2_ready_aware_stimulus_0/inst/aclk
    SLICE_X40Y73         FDCE                                         r  protection_system_i/stage2i_b2_ready_aware_stimulus_0/inst/remaining_gray_sync1_aclk_reg[2]/C
                         clock pessimism              0.000     2.927    
    SLICE_X40Y73         FDCE (Hold_fdce_C_D)         0.169     3.096    protection_system_i/stage2i_b2_ready_aware_stimulus_0/inst/remaining_gray_sync1_aclk_reg[2]
  -------------------------------------------------------------------
                         data arrival                           3.398    
                         clock arrival                          3.096    
  -------------------------------------------------------------------
                         relative delay                         0.302    



Id: 13
set_bus_skew -from [get_cells [list {dbg_hub/inst/BSCANID.u_xsdbm_id/CORE_XSDB.UUT_MASTER/U_ICON_INTERFACE/U_CMD6_RD/U_RD_FIFO/SUBCORE_FIFO.xsdbm_v3_0_2_rdfifo_inst/inst_fifo_gen/gconvfifo.rf/grf.rf/gntv_or_sync_fifo.gcx.clkx/gnxpm_cdc.rd_pntr_gc_reg[0]} {dbg_hub/inst/BSCANID.u_xsdbm_id/CORE_XSDB.UUT_MASTER/U_ICON_INTERFACE/U_CMD6_RD/U_RD_FIFO/SUBCORE_FIFO.xsdbm_v3_0_2_rdfifo_inst/inst_fifo_gen/gconvfifo.rf/grf.rf/gntv_or_sync_fifo.gcx.clkx/gnxpm_cdc.rd_pntr_gc_reg[1]} {dbg_hub/inst/BSCANID.u_xsdbm_id/CORE_XSDB.UUT_MASTER/U_ICON_INTERFACE/U_CMD6_RD/U_RD_FIFO/SUBCORE_FIFO.xsdbm_v3_0_2_rdfifo_inst/inst_fifo_gen/gconvfifo.rf/grf.rf/gntv_or_sync_fifo.gcx.clkx/gnxpm_cdc.rd_pntr_gc_reg[2]} {dbg_hub/inst/BSCANID.u_xsdbm_id/CORE_XSDB.UUT_MASTER/U_ICON_INTERFACE/U_CMD6_RD/U_RD_FIFO/SUBCORE_FIFO.xsdbm_v3_0_2_rdfifo_inst/inst_fifo_gen/gconvfifo.rf/grf.rf/gntv_or_sync_fifo.gcx.clkx/gnxpm_cdc.rd_pntr_gc_reg[3]}]] -to [get_cells [list {dbg_hub/inst/BSCANID.u_xsdbm_id/CORE_XSDB.UUT_MASTER/U_ICON_INTERFACE/U_CMD6_RD/U_RD_FIFO/SUBCORE_FIFO.xsdbm_v3_0_2_rdfifo_inst/inst_fifo_gen/gconvfifo.rf/grf.rf/gntv_or_sync_fifo.gcx.clkx/gnxpm_cdc.gsync_stage[1].wr_stg_inst/Q_reg_reg[0]} {dbg_hub/inst/BSCANID.u_xsdbm_id/CORE_XSDB.UUT_MASTER/U_ICON_INTERFACE/U_CMD6_RD/U_RD_FIFO/SUBCORE_FIFO.xsdbm_v3_0_2_rdfifo_inst/inst_fifo_gen/gconvfifo.rf/grf.rf/gntv_or_sync_fifo.gcx.clkx/gnxpm_cdc.gsync_stage[1].wr_stg_inst/Q_reg_reg[1]} {dbg_hub/inst/BSCANID.u_xsdbm_id/CORE_XSDB.UUT_MASTER/U_ICON_INTERFACE/U_CMD6_RD/U_RD_FIFO/SUBCORE_FIFO.xsdbm_v3_0_2_rdfifo_inst/inst_fifo_gen/gconvfifo.rf/grf.rf/gntv_or_sync_fifo.gcx.clkx/gnxpm_cdc.gsync_stage[1].wr_stg_inst/Q_reg_reg[2]} {dbg_hub/inst/BSCANID.u_xsdbm_id/CORE_XSDB.UUT_MASTER/U_ICON_INTERFACE/U_CMD6_RD/U_RD_FIFO/SUBCORE_FIFO.xsdbm_v3_0_2_rdfifo_inst/inst_fifo_gen/gconvfifo.rf/grf.rf/gntv_or_sync_fifo.gcx.clkx/gnxpm_cdc.gsync_stage[1].wr_stg_inst/Q_reg_reg[3]}]] 8.000
Requirement: 8.000ns
Endpoints: 4

From Clock            To Clock              Endpoint Pin                    Reference Pin                   Corner  Actual(ns)  Slack(ns)
--------------------  --------------------  ------------------------------  ------------------------------  ------  ----------  ---------
dbg_hub/inst/BSCANID.u_xsdbm_id/SWITCH_N_EXT_BSCAN.bscan_inst/SERIES7_BSCAN.bscan_inst/TCK
                      clk_fpga_1            dbg_hub/inst/BSCANID.u_xsdbm_id/CORE_XSDB.UUT_MASTER/U_ICON_INTERFACE/U_CMD6_RD/U_RD_FIFO/SUBCORE_FIFO.xsdbm_v3_0_2_rdfifo_inst/inst_fifo_gen/gconvfifo.rf/grf.rf/gntv_or_sync_fifo.gcx.clkx/gnxpm_cdc.gsync_stage[1].wr_stg_inst/Q_reg_reg[2]/D
                                                                            dbg_hub/inst/BSCANID.u_xsdbm_id/CORE_XSDB.UUT_MASTER/U_ICON_INTERFACE/U_CMD6_RD/U_RD_FIFO/SUBCORE_FIFO.xsdbm_v3_0_2_rdfifo_inst/inst_fifo_gen/gconvfifo.rf/grf.rf/gntv_or_sync_fifo.gcx.clkx/gnxpm_cdc.gsync_stage[1].wr_stg_inst/Q_reg_reg[3]/D
                                                                                                            Slow         1.020      6.980


Slack (MET) :             6.980ns  (requirement - actual skew)
  Endpoint Source:        dbg_hub/inst/BSCANID.u_xsdbm_id/CORE_XSDB.UUT_MASTER/U_ICON_INTERFACE/U_CMD6_RD/U_RD_FIFO/SUBCORE_FIFO.xsdbm_v3_0_2_rdfifo_inst/inst_fifo_gen/gconvfifo.rf/grf.rf/gntv_or_sync_fifo.gcx.clkx/gnxpm_cdc.rd_pntr_gc_reg[2]/C
                            (rising edge-triggered cell FDCE clocked by dbg_hub/inst/BSCANID.u_xsdbm_id/SWITCH_N_EXT_BSCAN.bscan_inst/SERIES7_BSCAN.bscan_inst/TCK)
  Endpoint Destination:   dbg_hub/inst/BSCANID.u_xsdbm_id/CORE_XSDB.UUT_MASTER/U_ICON_INTERFACE/U_CMD6_RD/U_RD_FIFO/SUBCORE_FIFO.xsdbm_v3_0_2_rdfifo_inst/inst_fifo_gen/gconvfifo.rf/grf.rf/gntv_or_sync_fifo.gcx.clkx/gnxpm_cdc.gsync_stage[1].wr_stg_inst/Q_reg_reg[2]/D
                            (rising edge-triggered cell FDCE clocked by clk_fpga_1)
  Reference Source:       dbg_hub/inst/BSCANID.u_xsdbm_id/CORE_XSDB.UUT_MASTER/U_ICON_INTERFACE/U_CMD6_RD/U_RD_FIFO/SUBCORE_FIFO.xsdbm_v3_0_2_rdfifo_inst/inst_fifo_gen/gconvfifo.rf/grf.rf/gntv_or_sync_fifo.gcx.clkx/gnxpm_cdc.rd_pntr_gc_reg[3]/C
                            (rising edge-triggered cell FDCE clocked by dbg_hub/inst/BSCANID.u_xsdbm_id/SWITCH_N_EXT_BSCAN.bscan_inst/SERIES7_BSCAN.bscan_inst/TCK)
  Reference Destination:  dbg_hub/inst/BSCANID.u_xsdbm_id/CORE_XSDB.UUT_MASTER/U_ICON_INTERFACE/U_CMD6_RD/U_RD_FIFO/SUBCORE_FIFO.xsdbm_v3_0_2_rdfifo_inst/inst_fifo_gen/gconvfifo.rf/grf.rf/gntv_or_sync_fifo.gcx.clkx/gnxpm_cdc.gsync_stage[1].wr_stg_inst/Q_reg_reg[3]/D
                            (rising edge-triggered cell FDCE clocked by clk_fpga_1)
  Path Type:              Bus Skew (Max at Slow Process Corner)
  Requirement:            8.000ns
  Endpoint Relative Delay:    2.860ns
  Reference Relative Delay:   1.077ns
  Relative CRPR:              0.762ns
  Actual Bus Skew:            1.020ns  (Endpoint Relative Delay - Reference Relative Delay - Relative CRPR)

Endpoint path:
    Location             Delay type                Incr(ns)  Path(ns)    Netlist Resource(s)
  -------------------------------------------------------------------    -------------------
                         (clock dbg_hub/inst/BSCANID.u_xsdbm_id/SWITCH_N_EXT_BSCAN.bscan_inst/SERIES7_BSCAN.bscan_inst/TCK rise edge)
                                                      0.000     0.000 r  
    BSCAN_X0Y0           BSCANE2                      0.000     0.000 r  dbg_hub/inst/BSCANID.u_xsdbm_id/SWITCH_N_EXT_BSCAN.bscan_inst/SERIES7_BSCAN.bscan_inst/TCK
                         net (fo=1, routed)           2.154     2.154    dbg_hub/inst/BSCANID.u_xsdbm_id/tck_bs
    BUFGCTRL_X0Y16       BUFG (Prop_bufg_I_O)         0.101     2.255 r  dbg_hub/inst/BSCANID.u_xsdbm_id/SWITCH_N_EXT_BSCAN.u_bufg_icon_tck/O
                         net (fo=486, routed)         1.748     4.003    dbg_hub/inst/BSCANID.u_xsdbm_id/CORE_XSDB.UUT_MASTER/U_ICON_INTERFACE/U_CMD6_RD/U_RD_FIFO/SUBCORE_FIFO.xsdbm_v3_0_2_rdfifo_inst/inst_fifo_gen/gconvfifo.rf/grf.rf/gntv_or_sync_fifo.gcx.clkx/rd_clk
    SLICE_X25Y42         FDCE                                         r  dbg_hub/inst/BSCANID.u_xsdbm_id/CORE_XSDB.UUT_MASTER/U_ICON_INTERFACE/U_CMD6_RD/U_RD_FIFO/SUBCORE_FIFO.xsdbm_v3_0_2_rdfifo_inst/inst_fifo_gen/gconvfifo.rf/grf.rf/gntv_or_sync_fifo.gcx.clkx/gnxpm_cdc.rd_pntr_gc_reg[2]/C
  -------------------------------------------------------------------    -------------------
    SLICE_X25Y42         FDCE (Prop_fdce_C_Q)         0.419     4.422 r  dbg_hub/inst/BSCANID.u_xsdbm_id/CORE_XSDB.UUT_MASTER/U_ICON_INTERFACE/U_CMD6_RD/U_RD_FIFO/SUBCORE_FIFO.xsdbm_v3_0_2_rdfifo_inst/inst_fifo_gen/gconvfifo.rf/grf.rf/gntv_or_sync_fifo.gcx.clkx/gnxpm_cdc.rd_pntr_gc_reg[2]/Q
                         net (fo=1, routed)           0.979     5.402    dbg_hub/inst/BSCANID.u_xsdbm_id/CORE_XSDB.UUT_MASTER/U_ICON_INTERFACE/U_CMD6_RD/U_RD_FIFO/SUBCORE_FIFO.xsdbm_v3_0_2_rdfifo_inst/inst_fifo_gen/gconvfifo.rf/grf.rf/gntv_or_sync_fifo.gcx.clkx/gnxpm_cdc.gsync_stage[1].wr_stg_inst/Q[2]
    SLICE_X22Y42         FDCE                                         r  dbg_hub/inst/BSCANID.u_xsdbm_id/CORE_XSDB.UUT_MASTER/U_ICON_INTERFACE/U_CMD6_RD/U_RD_FIFO/SUBCORE_FIFO.xsdbm_v3_0_2_rdfifo_inst/inst_fifo_gen/gconvfifo.rf/grf.rf/gntv_or_sync_fifo.gcx.clkx/gnxpm_cdc.gsync_stage[1].wr_stg_inst/Q_reg_reg[2]/D
  -------------------------------------------------------------------    -------------------

                         (clock clk_fpga_1 rise edge)
                                                      0.000     0.000 r  
    PS7_X0Y0             PS7                          0.000     0.000 r  protection_system_i/processing_system7_0/inst/PS7_i/FCLKCLK[1]
                         net (fo=1, routed)           1.088     1.088    protection_system_i/processing_system7_0/inst/FCLK_CLK1
    BUFGCTRL_X0Y17       BUFG (Prop_bufg_I_O)         0.091     1.179 r  protection_system_i/processing_system7_0/inst/FCLK_CLK1_BUFG_inst/O
                         net (fo=5596, routed)        1.577     2.756    dbg_hub/inst/BSCANID.u_xsdbm_id/CORE_XSDB.UUT_MASTER/U_ICON_INTERFACE/U_CMD6_RD/U_RD_FIFO/SUBCORE_FIFO.xsdbm_v3_0_2_rdfifo_inst/inst_fifo_gen/gconvfifo.rf/grf.rf/gntv_or_sync_fifo.gcx.clkx/gnxpm_cdc.gsync_stage[1].wr_stg_inst/wr_clk
    SLICE_X22Y42         FDCE                                         r  dbg_hub/inst/BSCANID.u_xsdbm_id/CORE_XSDB.UUT_MASTER/U_ICON_INTERFACE/U_CMD6_RD/U_RD_FIFO/SUBCORE_FIFO.xsdbm_v3_0_2_rdfifo_inst/inst_fifo_gen/gconvfifo.rf/grf.rf/gntv_or_sync_fifo.gcx.clkx/gnxpm_cdc.gsync_stage[1].wr_stg_inst/Q_reg_reg[2]/C
                         clock pessimism              0.000     2.756    
    SLICE_X22Y42         FDCE (Setup_fdce_C_D)       -0.215     2.541    dbg_hub/inst/BSCANID.u_xsdbm_id/CORE_XSDB.UUT_MASTER/U_ICON_INTERFACE/U_CMD6_RD/U_RD_FIFO/SUBCORE_FIFO.xsdbm_v3_0_2_rdfifo_inst/inst_fifo_gen/gconvfifo.rf/grf.rf/gntv_or_sync_fifo.gcx.clkx/gnxpm_cdc.gsync_stage[1].wr_stg_inst/Q_reg_reg[2]
  -------------------------------------------------------------------
                         data arrival                           5.402    
                         clock arrival                          2.541    
  -------------------------------------------------------------------
                         relative delay                         2.860    

Reference path:
    Location             Delay type                Incr(ns)  Path(ns)    Netlist Resource(s)
  -------------------------------------------------------------------    -------------------
                         (clock dbg_hub/inst/BSCANID.u_xsdbm_id/SWITCH_N_EXT_BSCAN.bscan_inst/SERIES7_BSCAN.bscan_inst/TCK rise edge)
                                                      0.000     0.000 r  
    BSCAN_X0Y0           BSCANE2                      0.000     0.000 r  dbg_hub/inst/BSCANID.u_xsdbm_id/SWITCH_N_EXT_BSCAN.bscan_inst/SERIES7_BSCAN.bscan_inst/TCK
                         net (fo=1, routed)           1.868     1.868    dbg_hub/inst/BSCANID.u_xsdbm_id/tck_bs
    BUFGCTRL_X0Y16       BUFG (Prop_bufg_I_O)         0.091     1.959 r  dbg_hub/inst/BSCANID.u_xsdbm_id/SWITCH_N_EXT_BSCAN.u_bufg_icon_tck/O
                         net (fo=486, routed)         1.571     3.531    dbg_hub/inst/BSCANID.u_xsdbm_id/CORE_XSDB.UUT_MASTER/U_ICON_INTERFACE/U_CMD6_RD/U_RD_FIFO/SUBCORE_FIFO.xsdbm_v3_0_2_rdfifo_inst/inst_fifo_gen/gconvfifo.rf/grf.rf/gntv_or_sync_fifo.gcx.clkx/rd_clk
    SLICE_X25Y42         FDCE                                         r  dbg_hub/inst/BSCANID.u_xsdbm_id/CORE_XSDB.UUT_MASTER/U_ICON_INTERFACE/U_CMD6_RD/U_RD_FIFO/SUBCORE_FIFO.xsdbm_v3_0_2_rdfifo_inst/inst_fifo_gen/gconvfifo.rf/grf.rf/gntv_or_sync_fifo.gcx.clkx/gnxpm_cdc.rd_pntr_gc_reg[3]/C
  -------------------------------------------------------------------    -------------------
    SLICE_X25Y42         FDCE (Prop_fdce_C_Q)         0.367     3.898 r  dbg_hub/inst/BSCANID.u_xsdbm_id/CORE_XSDB.UUT_MASTER/U_ICON_INTERFACE/U_CMD6_RD/U_RD_FIFO/SUBCORE_FIFO.xsdbm_v3_0_2_rdfifo_inst/inst_fifo_gen/gconvfifo.rf/grf.rf/gntv_or_sync_fifo.gcx.clkx/gnxpm_cdc.rd_pntr_gc_reg[3]/Q
                         net (fo=1, routed)           0.457     4.354    dbg_hub/inst/BSCANID.u_xsdbm_id/CORE_XSDB.UUT_MASTER/U_ICON_INTERFACE/U_CMD6_RD/U_RD_FIFO/SUBCORE_FIFO.xsdbm_v3_0_2_rdfifo_inst/inst_fifo_gen/gconvfifo.rf/grf.rf/gntv_or_sync_fifo.gcx.clkx/gnxpm_cdc.gsync_stage[1].wr_stg_inst/Q[3]
    SLICE_X22Y42         FDCE                                         r  dbg_hub/inst/BSCANID.u_xsdbm_id/CORE_XSDB.UUT_MASTER/U_ICON_INTERFACE/U_CMD6_RD/U_RD_FIFO/SUBCORE_FIFO.xsdbm_v3_0_2_rdfifo_inst/inst_fifo_gen/gconvfifo.rf/grf.rf/gntv_or_sync_fifo.gcx.clkx/gnxpm_cdc.gsync_stage[1].wr_stg_inst/Q_reg_reg[3]/D
  -------------------------------------------------------------------    -------------------

                         (clock clk_fpga_1 rise edge)
                                                      0.000     0.000 r  
    PS7_X0Y0             PS7                          0.000     0.000 r  protection_system_i/processing_system7_0/inst/PS7_i/FCLKCLK[1]
                         net (fo=1, routed)           1.193     1.193    protection_system_i/processing_system7_0/inst/FCLK_CLK1
    BUFGCTRL_X0Y17       BUFG (Prop_bufg_I_O)         0.101     1.294 r  protection_system_i/processing_system7_0/inst/FCLK_CLK1_BUFG_inst/O
                         net (fo=5596, routed)        1.752     3.046    dbg_hub/inst/BSCANID.u_xsdbm_id/CORE_XSDB.UUT_MASTER/U_ICON_INTERFACE/U_CMD6_RD/U_RD_FIFO/SUBCORE_FIFO.xsdbm_v3_0_2_rdfifo_inst/inst_fifo_gen/gconvfifo.rf/grf.rf/gntv_or_sync_fifo.gcx.clkx/gnxpm_cdc.gsync_stage[1].wr_stg_inst/wr_clk
    SLICE_X22Y42         FDCE                                         r  dbg_hub/inst/BSCANID.u_xsdbm_id/CORE_XSDB.UUT_MASTER/U_ICON_INTERFACE/U_CMD6_RD/U_RD_FIFO/SUBCORE_FIFO.xsdbm_v3_0_2_rdfifo_inst/inst_fifo_gen/gconvfifo.rf/grf.rf/gntv_or_sync_fifo.gcx.clkx/gnxpm_cdc.gsync_stage[1].wr_stg_inst/Q_reg_reg[3]/C
                         clock pessimism              0.000     3.046    
    SLICE_X22Y42         FDCE (Hold_fdce_C_D)         0.231     3.277    dbg_hub/inst/BSCANID.u_xsdbm_id/CORE_XSDB.UUT_MASTER/U_ICON_INTERFACE/U_CMD6_RD/U_RD_FIFO/SUBCORE_FIFO.xsdbm_v3_0_2_rdfifo_inst/inst_fifo_gen/gconvfifo.rf/grf.rf/gntv_or_sync_fifo.gcx.clkx/gnxpm_cdc.gsync_stage[1].wr_stg_inst/Q_reg_reg[3]
  -------------------------------------------------------------------
                         data arrival                           4.354    
                         clock arrival                          3.277    
  -------------------------------------------------------------------
                         relative delay                         1.077    



Id: 14
set_bus_skew -from [get_cells [list {dbg_hub/inst/BSCANID.u_xsdbm_id/CORE_XSDB.UUT_MASTER/U_ICON_INTERFACE/U_CMD6_RD/U_RD_FIFO/SUBCORE_FIFO.xsdbm_v3_0_2_rdfifo_inst/inst_fifo_gen/gconvfifo.rf/grf.rf/gntv_or_sync_fifo.gcx.clkx/gnxpm_cdc.wr_pntr_gc_reg[0]} {dbg_hub/inst/BSCANID.u_xsdbm_id/CORE_XSDB.UUT_MASTER/U_ICON_INTERFACE/U_CMD6_RD/U_RD_FIFO/SUBCORE_FIFO.xsdbm_v3_0_2_rdfifo_inst/inst_fifo_gen/gconvfifo.rf/grf.rf/gntv_or_sync_fifo.gcx.clkx/gnxpm_cdc.wr_pntr_gc_reg[1]} {dbg_hub/inst/BSCANID.u_xsdbm_id/CORE_XSDB.UUT_MASTER/U_ICON_INTERFACE/U_CMD6_RD/U_RD_FIFO/SUBCORE_FIFO.xsdbm_v3_0_2_rdfifo_inst/inst_fifo_gen/gconvfifo.rf/grf.rf/gntv_or_sync_fifo.gcx.clkx/gnxpm_cdc.wr_pntr_gc_reg[2]} {dbg_hub/inst/BSCANID.u_xsdbm_id/CORE_XSDB.UUT_MASTER/U_ICON_INTERFACE/U_CMD6_RD/U_RD_FIFO/SUBCORE_FIFO.xsdbm_v3_0_2_rdfifo_inst/inst_fifo_gen/gconvfifo.rf/grf.rf/gntv_or_sync_fifo.gcx.clkx/gnxpm_cdc.wr_pntr_gc_reg[3]}]] -to [get_cells [list {dbg_hub/inst/BSCANID.u_xsdbm_id/CORE_XSDB.UUT_MASTER/U_ICON_INTERFACE/U_CMD6_RD/U_RD_FIFO/SUBCORE_FIFO.xsdbm_v3_0_2_rdfifo_inst/inst_fifo_gen/gconvfifo.rf/grf.rf/gntv_or_sync_fifo.gcx.clkx/gnxpm_cdc.gsync_stage[1].rd_stg_inst/Q_reg_reg[0]} {dbg_hub/inst/BSCANID.u_xsdbm_id/CORE_XSDB.UUT_MASTER/U_ICON_INTERFACE/U_CMD6_RD/U_RD_FIFO/SUBCORE_FIFO.xsdbm_v3_0_2_rdfifo_inst/inst_fifo_gen/gconvfifo.rf/grf.rf/gntv_or_sync_fifo.gcx.clkx/gnxpm_cdc.gsync_stage[1].rd_stg_inst/Q_reg_reg[1]} {dbg_hub/inst/BSCANID.u_xsdbm_id/CORE_XSDB.UUT_MASTER/U_ICON_INTERFACE/U_CMD6_RD/U_RD_FIFO/SUBCORE_FIFO.xsdbm_v3_0_2_rdfifo_inst/inst_fifo_gen/gconvfifo.rf/grf.rf/gntv_or_sync_fifo.gcx.clkx/gnxpm_cdc.gsync_stage[1].rd_stg_inst/Q_reg_reg[2]} {dbg_hub/inst/BSCANID.u_xsdbm_id/CORE_XSDB.UUT_MASTER/U_ICON_INTERFACE/U_CMD6_RD/U_RD_FIFO/SUBCORE_FIFO.xsdbm_v3_0_2_rdfifo_inst/inst_fifo_gen/gconvfifo.rf/grf.rf/gntv_or_sync_fifo.gcx.clkx/gnxpm_cdc.gsync_stage[1].rd_stg_inst/Q_reg_reg[3]}]] 8.000
Requirement: 8.000ns
Endpoints: 4

From Clock            To Clock              Endpoint Pin                    Reference Pin                   Corner  Actual(ns)  Slack(ns)
--------------------  --------------------  ------------------------------  ------------------------------  ------  ----------  ---------
clk_fpga_1            dbg_hub/inst/BSCANID.u_xsdbm_id/SWITCH_N_EXT_BSCAN.bscan_inst/SERIES7_BSCAN.bscan_inst/TCK
                                            dbg_hub/inst/BSCANID.u_xsdbm_id/CORE_XSDB.UUT_MASTER/U_ICON_INTERFACE/U_CMD6_RD/U_RD_FIFO/SUBCORE_FIFO.xsdbm_v3_0_2_rdfifo_inst/inst_fifo_gen/gconvfifo.rf/grf.rf/gntv_or_sync_fifo.gcx.clkx/gnxpm_cdc.gsync_stage[1].rd_stg_inst/Q_reg_reg[1]/D
                                                                            dbg_hub/inst/BSCANID.u_xsdbm_id/CORE_XSDB.UUT_MASTER/U_ICON_INTERFACE/U_CMD6_RD/U_RD_FIFO/SUBCORE_FIFO.xsdbm_v3_0_2_rdfifo_inst/inst_fifo_gen/gconvfifo.rf/grf.rf/gntv_or_sync_fifo.gcx.clkx/gnxpm_cdc.gsync_stage[1].rd_stg_inst/Q_reg_reg[2]/D
                                                                                                            Slow         0.881      7.119


Slack (MET) :             7.119ns  (requirement - actual skew)
  Endpoint Source:        dbg_hub/inst/BSCANID.u_xsdbm_id/CORE_XSDB.UUT_MASTER/U_ICON_INTERFACE/U_CMD6_RD/U_RD_FIFO/SUBCORE_FIFO.xsdbm_v3_0_2_rdfifo_inst/inst_fifo_gen/gconvfifo.rf/grf.rf/gntv_or_sync_fifo.gcx.clkx/gnxpm_cdc.wr_pntr_gc_reg[1]/C
                            (rising edge-triggered cell FDCE clocked by clk_fpga_1)
  Endpoint Destination:   dbg_hub/inst/BSCANID.u_xsdbm_id/CORE_XSDB.UUT_MASTER/U_ICON_INTERFACE/U_CMD6_RD/U_RD_FIFO/SUBCORE_FIFO.xsdbm_v3_0_2_rdfifo_inst/inst_fifo_gen/gconvfifo.rf/grf.rf/gntv_or_sync_fifo.gcx.clkx/gnxpm_cdc.gsync_stage[1].rd_stg_inst/Q_reg_reg[1]/D
                            (rising edge-triggered cell FDCE clocked by dbg_hub/inst/BSCANID.u_xsdbm_id/SWITCH_N_EXT_BSCAN.bscan_inst/SERIES7_BSCAN.bscan_inst/TCK)
  Reference Source:       dbg_hub/inst/BSCANID.u_xsdbm_id/CORE_XSDB.UUT_MASTER/U_ICON_INTERFACE/U_CMD6_RD/U_RD_FIFO/SUBCORE_FIFO.xsdbm_v3_0_2_rdfifo_inst/inst_fifo_gen/gconvfifo.rf/grf.rf/gntv_or_sync_fifo.gcx.clkx/gnxpm_cdc.wr_pntr_gc_reg[2]/C
                            (rising edge-triggered cell FDCE clocked by clk_fpga_1)
  Reference Destination:  dbg_hub/inst/BSCANID.u_xsdbm_id/CORE_XSDB.UUT_MASTER/U_ICON_INTERFACE/U_CMD6_RD/U_RD_FIFO/SUBCORE_FIFO.xsdbm_v3_0_2_rdfifo_inst/inst_fifo_gen/gconvfifo.rf/grf.rf/gntv_or_sync_fifo.gcx.clkx/gnxpm_cdc.gsync_stage[1].rd_stg_inst/Q_reg_reg[2]/D
                            (rising edge-triggered cell FDCE clocked by dbg_hub/inst/BSCANID.u_xsdbm_id/SWITCH_N_EXT_BSCAN.bscan_inst/SERIES7_BSCAN.bscan_inst/TCK)
  Path Type:              Bus Skew (Max at Slow Process Corner)
  Requirement:            8.000ns
  Endpoint Relative Delay:    0.964ns
  Reference Relative Delay:  -0.681ns
  Relative CRPR:              0.764ns
  Actual Bus Skew:            0.881ns  (Endpoint Relative Delay - Reference Relative Delay - Relative CRPR)

Endpoint path:
    Location             Delay type                Incr(ns)  Path(ns)    Netlist Resource(s)
  -------------------------------------------------------------------    -------------------
                         (clock clk_fpga_1 rise edge)
                                                      0.000     0.000 r  
    PS7_X0Y0             PS7                          0.000     0.000 r  protection_system_i/processing_system7_0/inst/PS7_i/FCLKCLK[1]
                         net (fo=1, routed)           1.193     1.193    protection_system_i/processing_system7_0/inst/FCLK_CLK1
    BUFGCTRL_X0Y17       BUFG (Prop_bufg_I_O)         0.101     1.294 r  protection_system_i/processing_system7_0/inst/FCLK_CLK1_BUFG_inst/O
                         net (fo=5596, routed)        1.748     3.042    dbg_hub/inst/BSCANID.u_xsdbm_id/CORE_XSDB.UUT_MASTER/U_ICON_INTERFACE/U_CMD6_RD/U_RD_FIFO/SUBCORE_FIFO.xsdbm_v3_0_2_rdfifo_inst/inst_fifo_gen/gconvfifo.rf/grf.rf/gntv_or_sync_fifo.gcx.clkx/wr_clk
    SLICE_X24Y41         FDCE                                         r  dbg_hub/inst/BSCANID.u_xsdbm_id/CORE_XSDB.UUT_MASTER/U_ICON_INTERFACE/U_CMD6_RD/U_RD_FIFO/SUBCORE_FIFO.xsdbm_v3_0_2_rdfifo_inst/inst_fifo_gen/gconvfifo.rf/grf.rf/gntv_or_sync_fifo.gcx.clkx/gnxpm_cdc.wr_pntr_gc_reg[1]/C
  -------------------------------------------------------------------    -------------------
    SLICE_X24Y41         FDCE (Prop_fdce_C_Q)         0.419     3.461 r  dbg_hub/inst/BSCANID.u_xsdbm_id/CORE_XSDB.UUT_MASTER/U_ICON_INTERFACE/U_CMD6_RD/U_RD_FIFO/SUBCORE_FIFO.xsdbm_v3_0_2_rdfifo_inst/inst_fifo_gen/gconvfifo.rf/grf.rf/gntv_or_sync_fifo.gcx.clkx/gnxpm_cdc.wr_pntr_gc_reg[1]/Q
                         net (fo=1, routed)           0.765     4.226    dbg_hub/inst/BSCANID.u_xsdbm_id/CORE_XSDB.UUT_MASTER/U_ICON_INTERFACE/U_CMD6_RD/U_RD_FIFO/SUBCORE_FIFO.xsdbm_v3_0_2_rdfifo_inst/inst_fifo_gen/gconvfifo.rf/grf.rf/gntv_or_sync_fifo.gcx.clkx/gnxpm_cdc.gsync_stage[1].rd_stg_inst/Q[1]
    SLICE_X24Y42         FDCE                                         r  dbg_hub/inst/BSCANID.u_xsdbm_id/CORE_XSDB.UUT_MASTER/U_ICON_INTERFACE/U_CMD6_RD/U_RD_FIFO/SUBCORE_FIFO.xsdbm_v3_0_2_rdfifo_inst/inst_fifo_gen/gconvfifo.rf/grf.rf/gntv_or_sync_fifo.gcx.clkx/gnxpm_cdc.gsync_stage[1].rd_stg_inst/Q_reg_reg[1]/D
  -------------------------------------------------------------------    -------------------

                         (clock dbg_hub/inst/BSCANID.u_xsdbm_id/SWITCH_N_EXT_BSCAN.bscan_inst/SERIES7_BSCAN.bscan_inst/TCK rise edge)
                                                      0.000     0.000 r  
    BSCAN_X0Y0           BSCANE2                      0.000     0.000 r  dbg_hub/inst/BSCANID.u_xsdbm_id/SWITCH_N_EXT_BSCAN.bscan_inst/SERIES7_BSCAN.bscan_inst/TCK
                         net (fo=1, routed)           1.868     1.868    dbg_hub/inst/BSCANID.u_xsdbm_id/tck_bs
    BUFGCTRL_X0Y16       BUFG (Prop_bufg_I_O)         0.091     1.959 r  dbg_hub/inst/BSCANID.u_xsdbm_id/SWITCH_N_EXT_BSCAN.u_bufg_icon_tck/O
                         net (fo=486, routed)         1.571     3.531    dbg_hub/inst/BSCANID.u_xsdbm_id/CORE_XSDB.UUT_MASTER/U_ICON_INTERFACE/U_CMD6_RD/U_RD_FIFO/SUBCORE_FIFO.xsdbm_v3_0_2_rdfifo_inst/inst_fifo_gen/gconvfifo.rf/grf.rf/gntv_or_sync_fifo.gcx.clkx/gnxpm_cdc.gsync_stage[1].rd_stg_inst/rd_clk
    SLICE_X24Y42         FDCE                                         r  dbg_hub/inst/BSCANID.u_xsdbm_id/CORE_XSDB.UUT_MASTER/U_ICON_INTERFACE/U_CMD6_RD/U_RD_FIFO/SUBCORE_FIFO.xsdbm_v3_0_2_rdfifo_inst/inst_fifo_gen/gconvfifo.rf/grf.rf/gntv_or_sync_fifo.gcx.clkx/gnxpm_cdc.gsync_stage[1].rd_stg_inst/Q_reg_reg[1]/C
                         clock pessimism              0.000     3.531    
    SLICE_X24Y42         FDCE (Setup_fdce_C_D)       -0.268     3.263    dbg_hub/inst/BSCANID.u_xsdbm_id/CORE_XSDB.UUT_MASTER/U_ICON_INTERFACE/U_CMD6_RD/U_RD_FIFO/SUBCORE_FIFO.xsdbm_v3_0_2_rdfifo_inst/inst_fifo_gen/gconvfifo.rf/grf.rf/gntv_or_sync_fifo.gcx.clkx/gnxpm_cdc.gsync_stage[1].rd_stg_inst/Q_reg_reg[1]
  -------------------------------------------------------------------
                         data arrival                           4.226    
                         clock arrival                          3.263    
  -------------------------------------------------------------------
                         relative delay                         0.964    

Reference path:
    Location             Delay type                Incr(ns)  Path(ns)    Netlist Resource(s)
  -------------------------------------------------------------------    -------------------
                         (clock clk_fpga_1 rise edge)
                                                      0.000     0.000 r  
    PS7_X0Y0             PS7                          0.000     0.000 r  protection_system_i/processing_system7_0/inst/PS7_i/FCLKCLK[1]
                         net (fo=1, routed)           1.088     1.088    protection_system_i/processing_system7_0/inst/FCLK_CLK1
    BUFGCTRL_X0Y17       BUFG (Prop_bufg_I_O)         0.091     1.179 r  protection_system_i/processing_system7_0/inst/FCLK_CLK1_BUFG_inst/O
                         net (fo=5596, routed)        1.571     2.750    dbg_hub/inst/BSCANID.u_xsdbm_id/CORE_XSDB.UUT_MASTER/U_ICON_INTERFACE/U_CMD6_RD/U_RD_FIFO/SUBCORE_FIFO.xsdbm_v3_0_2_rdfifo_inst/inst_fifo_gen/gconvfifo.rf/grf.rf/gntv_or_sync_fifo.gcx.clkx/wr_clk
    SLICE_X24Y41         FDCE                                         r  dbg_hub/inst/BSCANID.u_xsdbm_id/CORE_XSDB.UUT_MASTER/U_ICON_INTERFACE/U_CMD6_RD/U_RD_FIFO/SUBCORE_FIFO.xsdbm_v3_0_2_rdfifo_inst/inst_fifo_gen/gconvfifo.rf/grf.rf/gntv_or_sync_fifo.gcx.clkx/gnxpm_cdc.wr_pntr_gc_reg[2]/C
  -------------------------------------------------------------------    -------------------
    SLICE_X24Y41         FDCE (Prop_fdce_C_Q)         0.367     3.117 r  dbg_hub/inst/BSCANID.u_xsdbm_id/CORE_XSDB.UUT_MASTER/U_ICON_INTERFACE/U_CMD6_RD/U_RD_FIFO/SUBCORE_FIFO.xsdbm_v3_0_2_rdfifo_inst/inst_fifo_gen/gconvfifo.rf/grf.rf/gntv_or_sync_fifo.gcx.clkx/gnxpm_cdc.wr_pntr_gc_reg[2]/Q
                         net (fo=1, routed)           0.374     3.492    dbg_hub/inst/BSCANID.u_xsdbm_id/CORE_XSDB.UUT_MASTER/U_ICON_INTERFACE/U_CMD6_RD/U_RD_FIFO/SUBCORE_FIFO.xsdbm_v3_0_2_rdfifo_inst/inst_fifo_gen/gconvfifo.rf/grf.rf/gntv_or_sync_fifo.gcx.clkx/gnxpm_cdc.gsync_stage[1].rd_stg_inst/Q[2]
    SLICE_X24Y42         FDCE                                         r  dbg_hub/inst/BSCANID.u_xsdbm_id/CORE_XSDB.UUT_MASTER/U_ICON_INTERFACE/U_CMD6_RD/U_RD_FIFO/SUBCORE_FIFO.xsdbm_v3_0_2_rdfifo_inst/inst_fifo_gen/gconvfifo.rf/grf.rf/gntv_or_sync_fifo.gcx.clkx/gnxpm_cdc.gsync_stage[1].rd_stg_inst/Q_reg_reg[2]/D
  -------------------------------------------------------------------    -------------------

                         (clock dbg_hub/inst/BSCANID.u_xsdbm_id/SWITCH_N_EXT_BSCAN.bscan_inst/SERIES7_BSCAN.bscan_inst/TCK rise edge)
                                                      0.000     0.000 r  
    BSCAN_X0Y0           BSCANE2                      0.000     0.000 r  dbg_hub/inst/BSCANID.u_xsdbm_id/SWITCH_N_EXT_BSCAN.bscan_inst/SERIES7_BSCAN.bscan_inst/TCK
                         net (fo=1, routed)           2.154     2.154    dbg_hub/inst/BSCANID.u_xsdbm_id/tck_bs
    BUFGCTRL_X0Y16       BUFG (Prop_bufg_I_O)         0.101     2.255 r  dbg_hub/inst/BSCANID.u_xsdbm_id/SWITCH_N_EXT_BSCAN.u_bufg_icon_tck/O
                         net (fo=486, routed)         1.748     4.003    dbg_hub/inst/BSCANID.u_xsdbm_id/CORE_XSDB.UUT_MASTER/U_ICON_INTERFACE/U_CMD6_RD/U_RD_FIFO/SUBCORE_FIFO.xsdbm_v3_0_2_rdfifo_inst/inst_fifo_gen/gconvfifo.rf/grf.rf/gntv_or_sync_fifo.gcx.clkx/gnxpm_cdc.gsync_stage[1].rd_stg_inst/rd_clk
    SLICE_X24Y42         FDCE                                         r  dbg_hub/inst/BSCANID.u_xsdbm_id/CORE_XSDB.UUT_MASTER/U_ICON_INTERFACE/U_CMD6_RD/U_RD_FIFO/SUBCORE_FIFO.xsdbm_v3_0_2_rdfifo_inst/inst_fifo_gen/gconvfifo.rf/grf.rf/gntv_or_sync_fifo.gcx.clkx/gnxpm_cdc.gsync_stage[1].rd_stg_inst/Q_reg_reg[2]/C
                         clock pessimism              0.000     4.003    
    SLICE_X24Y42         FDCE (Hold_fdce_C_D)         0.170     4.173    dbg_hub/inst/BSCANID.u_xsdbm_id/CORE_XSDB.UUT_MASTER/U_ICON_INTERFACE/U_CMD6_RD/U_RD_FIFO/SUBCORE_FIFO.xsdbm_v3_0_2_rdfifo_inst/inst_fifo_gen/gconvfifo.rf/grf.rf/gntv_or_sync_fifo.gcx.clkx/gnxpm_cdc.gsync_stage[1].rd_stg_inst/Q_reg_reg[2]
  -------------------------------------------------------------------
                         data arrival                           3.492    
                         clock arrival                          4.173    
  -------------------------------------------------------------------
                         relative delay                        -0.681    



Id: 15
set_bus_skew -from [get_cells [list {dbg_hub/inst/BSCANID.u_xsdbm_id/CORE_XSDB.UUT_MASTER/U_ICON_INTERFACE/U_CMD6_WR/U_WR_FIFO/SUBCORE_FIFO.xsdbm_v3_0_2_wrfifo_inst/inst_fifo_gen/gconvfifo.rf/grf.rf/gntv_or_sync_fifo.gcx.clkx/gnxpm_cdc.rd_pntr_gc_reg[0]} {dbg_hub/inst/BSCANID.u_xsdbm_id/CORE_XSDB.UUT_MASTER/U_ICON_INTERFACE/U_CMD6_WR/U_WR_FIFO/SUBCORE_FIFO.xsdbm_v3_0_2_wrfifo_inst/inst_fifo_gen/gconvfifo.rf/grf.rf/gntv_or_sync_fifo.gcx.clkx/gnxpm_cdc.rd_pntr_gc_reg[1]} {dbg_hub/inst/BSCANID.u_xsdbm_id/CORE_XSDB.UUT_MASTER/U_ICON_INTERFACE/U_CMD6_WR/U_WR_FIFO/SUBCORE_FIFO.xsdbm_v3_0_2_wrfifo_inst/inst_fifo_gen/gconvfifo.rf/grf.rf/gntv_or_sync_fifo.gcx.clkx/gnxpm_cdc.rd_pntr_gc_reg[2]} {dbg_hub/inst/BSCANID.u_xsdbm_id/CORE_XSDB.UUT_MASTER/U_ICON_INTERFACE/U_CMD6_WR/U_WR_FIFO/SUBCORE_FIFO.xsdbm_v3_0_2_wrfifo_inst/inst_fifo_gen/gconvfifo.rf/grf.rf/gntv_or_sync_fifo.gcx.clkx/gnxpm_cdc.rd_pntr_gc_reg[3]}]] -to [get_cells [list {dbg_hub/inst/BSCANID.u_xsdbm_id/CORE_XSDB.UUT_MASTER/U_ICON_INTERFACE/U_CMD6_WR/U_WR_FIFO/SUBCORE_FIFO.xsdbm_v3_0_2_wrfifo_inst/inst_fifo_gen/gconvfifo.rf/grf.rf/gntv_or_sync_fifo.gcx.clkx/gnxpm_cdc.gsync_stage[1].wr_stg_inst/Q_reg_reg[0]} {dbg_hub/inst/BSCANID.u_xsdbm_id/CORE_XSDB.UUT_MASTER/U_ICON_INTERFACE/U_CMD6_WR/U_WR_FIFO/SUBCORE_FIFO.xsdbm_v3_0_2_wrfifo_inst/inst_fifo_gen/gconvfifo.rf/grf.rf/gntv_or_sync_fifo.gcx.clkx/gnxpm_cdc.gsync_stage[1].wr_stg_inst/Q_reg_reg[1]} {dbg_hub/inst/BSCANID.u_xsdbm_id/CORE_XSDB.UUT_MASTER/U_ICON_INTERFACE/U_CMD6_WR/U_WR_FIFO/SUBCORE_FIFO.xsdbm_v3_0_2_wrfifo_inst/inst_fifo_gen/gconvfifo.rf/grf.rf/gntv_or_sync_fifo.gcx.clkx/gnxpm_cdc.gsync_stage[1].wr_stg_inst/Q_reg_reg[2]} {dbg_hub/inst/BSCANID.u_xsdbm_id/CORE_XSDB.UUT_MASTER/U_ICON_INTERFACE/U_CMD6_WR/U_WR_FIFO/SUBCORE_FIFO.xsdbm_v3_0_2_wrfifo_inst/inst_fifo_gen/gconvfifo.rf/grf.rf/gntv_or_sync_fifo.gcx.clkx/gnxpm_cdc.gsync_stage[1].wr_stg_inst/Q_reg_reg[3]}]] 8.000
Requirement: 8.000ns
Endpoints: 4

From Clock            To Clock              Endpoint Pin                    Reference Pin                   Corner  Actual(ns)  Slack(ns)
--------------------  --------------------  ------------------------------  ------------------------------  ------  ----------  ---------
clk_fpga_1            dbg_hub/inst/BSCANID.u_xsdbm_id/SWITCH_N_EXT_BSCAN.bscan_inst/SERIES7_BSCAN.bscan_inst/TCK
                                            dbg_hub/inst/BSCANID.u_xsdbm_id/CORE_XSDB.UUT_MASTER/U_ICON_INTERFACE/U_CMD6_WR/U_WR_FIFO/SUBCORE_FIFO.xsdbm_v3_0_2_wrfifo_inst/inst_fifo_gen/gconvfifo.rf/grf.rf/gntv_or_sync_fifo.gcx.clkx/gnxpm_cdc.gsync_stage[1].wr_stg_inst/Q_reg_reg[1]/D
                                                                            dbg_hub/inst/BSCANID.u_xsdbm_id/CORE_XSDB.UUT_MASTER/U_ICON_INTERFACE/U_CMD6_WR/U_WR_FIFO/SUBCORE_FIFO.xsdbm_v3_0_2_wrfifo_inst/inst_fifo_gen/gconvfifo.rf/grf.rf/gntv_or_sync_fifo.gcx.clkx/gnxpm_cdc.gsync_stage[1].wr_stg_inst/Q_reg_reg[3]/D
                                                                                                            Slow         0.595      7.405


Slack (MET) :             7.405ns  (requirement - actual skew)
  Endpoint Source:        dbg_hub/inst/BSCANID.u_xsdbm_id/CORE_XSDB.UUT_MASTER/U_ICON_INTERFACE/U_CMD6_WR/U_WR_FIFO/SUBCORE_FIFO.xsdbm_v3_0_2_wrfifo_inst/inst_fifo_gen/gconvfifo.rf/grf.rf/gntv_or_sync_fifo.gcx.clkx/gnxpm_cdc.rd_pntr_gc_reg[1]/C
                            (rising edge-triggered cell FDCE clocked by clk_fpga_1)
  Endpoint Destination:   dbg_hub/inst/BSCANID.u_xsdbm_id/CORE_XSDB.UUT_MASTER/U_ICON_INTERFACE/U_CMD6_WR/U_WR_FIFO/SUBCORE_FIFO.xsdbm_v3_0_2_wrfifo_inst/inst_fifo_gen/gconvfifo.rf/grf.rf/gntv_or_sync_fifo.gcx.clkx/gnxpm_cdc.gsync_stage[1].wr_stg_inst/Q_reg_reg[1]/D
                            (rising edge-triggered cell FDCE clocked by dbg_hub/inst/BSCANID.u_xsdbm_id/SWITCH_N_EXT_BSCAN.bscan_inst/SERIES7_BSCAN.bscan_inst/TCK)
  Reference Source:       dbg_hub/inst/BSCANID.u_xsdbm_id/CORE_XSDB.UUT_MASTER/U_ICON_INTERFACE/U_CMD6_WR/U_WR_FIFO/SUBCORE_FIFO.xsdbm_v3_0_2_wrfifo_inst/inst_fifo_gen/gconvfifo.rf/grf.rf/gntv_or_sync_fifo.gcx.clkx/gnxpm_cdc.rd_pntr_gc_reg[3]/C
                            (rising edge-triggered cell FDCE clocked by clk_fpga_1)
  Reference Destination:  dbg_hub/inst/BSCANID.u_xsdbm_id/CORE_XSDB.UUT_MASTER/U_ICON_INTERFACE/U_CMD6_WR/U_WR_FIFO/SUBCORE_FIFO.xsdbm_v3_0_2_wrfifo_inst/inst_fifo_gen/gconvfifo.rf/grf.rf/gntv_or_sync_fifo.gcx.clkx/gnxpm_cdc.gsync_stage[1].wr_stg_inst/Q_reg_reg[3]/D
                            (rising edge-triggered cell FDCE clocked by dbg_hub/inst/BSCANID.u_xsdbm_id/SWITCH_N_EXT_BSCAN.bscan_inst/SERIES7_BSCAN.bscan_inst/TCK)
  Path Type:              Bus Skew (Max at Slow Process Corner)
  Requirement:            8.000ns
  Endpoint Relative Delay:    0.746ns
  Reference Relative Delay:  -0.581ns
  Relative CRPR:              0.733ns
  Actual Bus Skew:            0.595ns  (Endpoint Relative Delay - Reference Relative Delay - Relative CRPR)

Endpoint path:
    Location             Delay type                Incr(ns)  Path(ns)    Netlist Resource(s)
  -------------------------------------------------------------------    -------------------
                         (clock clk_fpga_1 rise edge)
                                                      0.000     0.000 r  
    PS7_X0Y0             PS7                          0.000     0.000 r  protection_system_i/processing_system7_0/inst/PS7_i/FCLKCLK[1]
                         net (fo=1, routed)           1.193     1.193    protection_system_i/processing_system7_0/inst/FCLK_CLK1
    BUFGCTRL_X0Y17       BUFG (Prop_bufg_I_O)         0.101     1.294 r  protection_system_i/processing_system7_0/inst/FCLK_CLK1_BUFG_inst/O
                         net (fo=5596, routed)        1.640     2.934    dbg_hub/inst/BSCANID.u_xsdbm_id/CORE_XSDB.UUT_MASTER/U_ICON_INTERFACE/U_CMD6_WR/U_WR_FIFO/SUBCORE_FIFO.xsdbm_v3_0_2_wrfifo_inst/inst_fifo_gen/gconvfifo.rf/grf.rf/gntv_or_sync_fifo.gcx.clkx/rd_clk
    SLICE_X51Y50         FDCE                                         r  dbg_hub/inst/BSCANID.u_xsdbm_id/CORE_XSDB.UUT_MASTER/U_ICON_INTERFACE/U_CMD6_WR/U_WR_FIFO/SUBCORE_FIFO.xsdbm_v3_0_2_wrfifo_inst/inst_fifo_gen/gconvfifo.rf/grf.rf/gntv_or_sync_fifo.gcx.clkx/gnxpm_cdc.rd_pntr_gc_reg[1]/C
  -------------------------------------------------------------------    -------------------
    SLICE_X51Y50         FDCE (Prop_fdce_C_Q)         0.456     3.390 r  dbg_hub/inst/BSCANID.u_xsdbm_id/CORE_XSDB.UUT_MASTER/U_ICON_INTERFACE/U_CMD6_WR/U_WR_FIFO/SUBCORE_FIFO.xsdbm_v3_0_2_wrfifo_inst/inst_fifo_gen/gconvfifo.rf/grf.rf/gntv_or_sync_fifo.gcx.clkx/gnxpm_cdc.rd_pntr_gc_reg[1]/Q
                         net (fo=1, routed)           0.735     4.125    dbg_hub/inst/BSCANID.u_xsdbm_id/CORE_XSDB.UUT_MASTER/U_ICON_INTERFACE/U_CMD6_WR/U_WR_FIFO/SUBCORE_FIFO.xsdbm_v3_0_2_wrfifo_inst/inst_fifo_gen/gconvfifo.rf/grf.rf/gntv_or_sync_fifo.gcx.clkx/gnxpm_cdc.gsync_stage[1].wr_stg_inst/Q[1]
    SLICE_X50Y50         FDCE                                         r  dbg_hub/inst/BSCANID.u_xsdbm_id/CORE_XSDB.UUT_MASTER/U_ICON_INTERFACE/U_CMD6_WR/U_WR_FIFO/SUBCORE_FIFO.xsdbm_v3_0_2_wrfifo_inst/inst_fifo_gen/gconvfifo.rf/grf.rf/gntv_or_sync_fifo.gcx.clkx/gnxpm_cdc.gsync_stage[1].wr_stg_inst/Q_reg_reg[1]/D
  -------------------------------------------------------------------    -------------------

                         (clock dbg_hub/inst/BSCANID.u_xsdbm_id/SWITCH_N_EXT_BSCAN.bscan_inst/SERIES7_BSCAN.bscan_inst/TCK rise edge)
                                                      0.000     0.000 r  
    BSCAN_X0Y0           BSCANE2                      0.000     0.000 r  dbg_hub/inst/BSCANID.u_xsdbm_id/SWITCH_N_EXT_BSCAN.bscan_inst/SERIES7_BSCAN.bscan_inst/TCK
                         net (fo=1, routed)           1.868     1.868    dbg_hub/inst/BSCANID.u_xsdbm_id/tck_bs
    BUFGCTRL_X0Y16       BUFG (Prop_bufg_I_O)         0.091     1.959 r  dbg_hub/inst/BSCANID.u_xsdbm_id/SWITCH_N_EXT_BSCAN.u_bufg_icon_tck/O
                         net (fo=486, routed)         1.467     3.426    dbg_hub/inst/BSCANID.u_xsdbm_id/CORE_XSDB.UUT_MASTER/U_ICON_INTERFACE/U_CMD6_WR/U_WR_FIFO/SUBCORE_FIFO.xsdbm_v3_0_2_wrfifo_inst/inst_fifo_gen/gconvfifo.rf/grf.rf/gntv_or_sync_fifo.gcx.clkx/gnxpm_cdc.gsync_stage[1].wr_stg_inst/wr_clk
    SLICE_X50Y50         FDCE                                         r  dbg_hub/inst/BSCANID.u_xsdbm_id/CORE_XSDB.UUT_MASTER/U_ICON_INTERFACE/U_CMD6_WR/U_WR_FIFO/SUBCORE_FIFO.xsdbm_v3_0_2_wrfifo_inst/inst_fifo_gen/gconvfifo.rf/grf.rf/gntv_or_sync_fifo.gcx.clkx/gnxpm_cdc.gsync_stage[1].wr_stg_inst/Q_reg_reg[1]/C
                         clock pessimism              0.000     3.426    
    SLICE_X50Y50         FDCE (Setup_fdce_C_D)       -0.047     3.379    dbg_hub/inst/BSCANID.u_xsdbm_id/CORE_XSDB.UUT_MASTER/U_ICON_INTERFACE/U_CMD6_WR/U_WR_FIFO/SUBCORE_FIFO.xsdbm_v3_0_2_wrfifo_inst/inst_fifo_gen/gconvfifo.rf/grf.rf/gntv_or_sync_fifo.gcx.clkx/gnxpm_cdc.gsync_stage[1].wr_stg_inst/Q_reg_reg[1]
  -------------------------------------------------------------------
                         data arrival                           4.125    
                         clock arrival                          3.379    
  -------------------------------------------------------------------
                         relative delay                         0.746    

Reference path:
    Location             Delay type                Incr(ns)  Path(ns)    Netlist Resource(s)
  -------------------------------------------------------------------    -------------------
                         (clock clk_fpga_1 rise edge)
                                                      0.000     0.000 r  
    PS7_X0Y0             PS7                          0.000     0.000 r  protection_system_i/processing_system7_0/inst/PS7_i/FCLKCLK[1]
                         net (fo=1, routed)           1.088     1.088    protection_system_i/processing_system7_0/inst/FCLK_CLK1
    BUFGCTRL_X0Y17       BUFG (Prop_bufg_I_O)         0.091     1.179 r  protection_system_i/processing_system7_0/inst/FCLK_CLK1_BUFG_inst/O
                         net (fo=5596, routed)        1.467     2.646    dbg_hub/inst/BSCANID.u_xsdbm_id/CORE_XSDB.UUT_MASTER/U_ICON_INTERFACE/U_CMD6_WR/U_WR_FIFO/SUBCORE_FIFO.xsdbm_v3_0_2_wrfifo_inst/inst_fifo_gen/gconvfifo.rf/grf.rf/gntv_or_sync_fifo.gcx.clkx/rd_clk
    SLICE_X51Y50         FDCE                                         r  dbg_hub/inst/BSCANID.u_xsdbm_id/CORE_XSDB.UUT_MASTER/U_ICON_INTERFACE/U_CMD6_WR/U_WR_FIFO/SUBCORE_FIFO.xsdbm_v3_0_2_wrfifo_inst/inst_fifo_gen/gconvfifo.rf/grf.rf/gntv_or_sync_fifo.gcx.clkx/gnxpm_cdc.rd_pntr_gc_reg[3]/C
  -------------------------------------------------------------------    -------------------
    SLICE_X51Y50         FDCE (Prop_fdce_C_Q)         0.367     3.013 r  dbg_hub/inst/BSCANID.u_xsdbm_id/CORE_XSDB.UUT_MASTER/U_ICON_INTERFACE/U_CMD6_WR/U_WR_FIFO/SUBCORE_FIFO.xsdbm_v3_0_2_wrfifo_inst/inst_fifo_gen/gconvfifo.rf/grf.rf/gntv_or_sync_fifo.gcx.clkx/gnxpm_cdc.rd_pntr_gc_reg[3]/Q
                         net (fo=1, routed)           0.471     3.484    dbg_hub/inst/BSCANID.u_xsdbm_id/CORE_XSDB.UUT_MASTER/U_ICON_INTERFACE/U_CMD6_WR/U_WR_FIFO/SUBCORE_FIFO.xsdbm_v3_0_2_wrfifo_inst/inst_fifo_gen/gconvfifo.rf/grf.rf/gntv_or_sync_fifo.gcx.clkx/gnxpm_cdc.gsync_stage[1].wr_stg_inst/Q[3]
    SLICE_X51Y51         FDCE                                         r  dbg_hub/inst/BSCANID.u_xsdbm_id/CORE_XSDB.UUT_MASTER/U_ICON_INTERFACE/U_CMD6_WR/U_WR_FIFO/SUBCORE_FIFO.xsdbm_v3_0_2_wrfifo_inst/inst_fifo_gen/gconvfifo.rf/grf.rf/gntv_or_sync_fifo.gcx.clkx/gnxpm_cdc.gsync_stage[1].wr_stg_inst/Q_reg_reg[3]/D
  -------------------------------------------------------------------    -------------------

                         (clock dbg_hub/inst/BSCANID.u_xsdbm_id/SWITCH_N_EXT_BSCAN.bscan_inst/SERIES7_BSCAN.bscan_inst/TCK rise edge)
                                                      0.000     0.000 r  
    BSCAN_X0Y0           BSCANE2                      0.000     0.000 r  dbg_hub/inst/BSCANID.u_xsdbm_id/SWITCH_N_EXT_BSCAN.bscan_inst/SERIES7_BSCAN.bscan_inst/TCK
                         net (fo=1, routed)           2.154     2.154    dbg_hub/inst/BSCANID.u_xsdbm_id/tck_bs
    BUFGCTRL_X0Y16       BUFG (Prop_bufg_I_O)         0.101     2.255 r  dbg_hub/inst/BSCANID.u_xsdbm_id/SWITCH_N_EXT_BSCAN.u_bufg_icon_tck/O
                         net (fo=486, routed)         1.640     3.895    dbg_hub/inst/BSCANID.u_xsdbm_id/CORE_XSDB.UUT_MASTER/U_ICON_INTERFACE/U_CMD6_WR/U_WR_FIFO/SUBCORE_FIFO.xsdbm_v3_0_2_wrfifo_inst/inst_fifo_gen/gconvfifo.rf/grf.rf/gntv_or_sync_fifo.gcx.clkx/gnxpm_cdc.gsync_stage[1].wr_stg_inst/wr_clk
    SLICE_X51Y51         FDCE                                         r  dbg_hub/inst/BSCANID.u_xsdbm_id/CORE_XSDB.UUT_MASTER/U_ICON_INTERFACE/U_CMD6_WR/U_WR_FIFO/SUBCORE_FIFO.xsdbm_v3_0_2_wrfifo_inst/inst_fifo_gen/gconvfifo.rf/grf.rf/gntv_or_sync_fifo.gcx.clkx/gnxpm_cdc.gsync_stage[1].wr_stg_inst/Q_reg_reg[3]/C
                         clock pessimism              0.000     3.895    
    SLICE_X51Y51         FDCE (Hold_fdce_C_D)         0.170     4.065    dbg_hub/inst/BSCANID.u_xsdbm_id/CORE_XSDB.UUT_MASTER/U_ICON_INTERFACE/U_CMD6_WR/U_WR_FIFO/SUBCORE_FIFO.xsdbm_v3_0_2_wrfifo_inst/inst_fifo_gen/gconvfifo.rf/grf.rf/gntv_or_sync_fifo.gcx.clkx/gnxpm_cdc.gsync_stage[1].wr_stg_inst/Q_reg_reg[3]
  -------------------------------------------------------------------
                         data arrival                           3.484    
                         clock arrival                          4.065    
  -------------------------------------------------------------------
                         relative delay                        -0.581    



Id: 16
set_bus_skew -from [get_cells [list {dbg_hub/inst/BSCANID.u_xsdbm_id/CORE_XSDB.UUT_MASTER/U_ICON_INTERFACE/U_CMD6_WR/U_WR_FIFO/SUBCORE_FIFO.xsdbm_v3_0_2_wrfifo_inst/inst_fifo_gen/gconvfifo.rf/grf.rf/gntv_or_sync_fifo.gcx.clkx/gnxpm_cdc.wr_pntr_gc_reg[0]} {dbg_hub/inst/BSCANID.u_xsdbm_id/CORE_XSDB.UUT_MASTER/U_ICON_INTERFACE/U_CMD6_WR/U_WR_FIFO/SUBCORE_FIFO.xsdbm_v3_0_2_wrfifo_inst/inst_fifo_gen/gconvfifo.rf/grf.rf/gntv_or_sync_fifo.gcx.clkx/gnxpm_cdc.wr_pntr_gc_reg[1]} {dbg_hub/inst/BSCANID.u_xsdbm_id/CORE_XSDB.UUT_MASTER/U_ICON_INTERFACE/U_CMD6_WR/U_WR_FIFO/SUBCORE_FIFO.xsdbm_v3_0_2_wrfifo_inst/inst_fifo_gen/gconvfifo.rf/grf.rf/gntv_or_sync_fifo.gcx.clkx/gnxpm_cdc.wr_pntr_gc_reg[2]} {dbg_hub/inst/BSCANID.u_xsdbm_id/CORE_XSDB.UUT_MASTER/U_ICON_INTERFACE/U_CMD6_WR/U_WR_FIFO/SUBCORE_FIFO.xsdbm_v3_0_2_wrfifo_inst/inst_fifo_gen/gconvfifo.rf/grf.rf/gntv_or_sync_fifo.gcx.clkx/gnxpm_cdc.wr_pntr_gc_reg[3]}]] -to [get_cells [list {dbg_hub/inst/BSCANID.u_xsdbm_id/CORE_XSDB.UUT_MASTER/U_ICON_INTERFACE/U_CMD6_WR/U_WR_FIFO/SUBCORE_FIFO.xsdbm_v3_0_2_wrfifo_inst/inst_fifo_gen/gconvfifo.rf/grf.rf/gntv_or_sync_fifo.gcx.clkx/gnxpm_cdc.gsync_stage[1].rd_stg_inst/Q_reg_reg[0]} {dbg_hub/inst/BSCANID.u_xsdbm_id/CORE_XSDB.UUT_MASTER/U_ICON_INTERFACE/U_CMD6_WR/U_WR_FIFO/SUBCORE_FIFO.xsdbm_v3_0_2_wrfifo_inst/inst_fifo_gen/gconvfifo.rf/grf.rf/gntv_or_sync_fifo.gcx.clkx/gnxpm_cdc.gsync_stage[1].rd_stg_inst/Q_reg_reg[1]} {dbg_hub/inst/BSCANID.u_xsdbm_id/CORE_XSDB.UUT_MASTER/U_ICON_INTERFACE/U_CMD6_WR/U_WR_FIFO/SUBCORE_FIFO.xsdbm_v3_0_2_wrfifo_inst/inst_fifo_gen/gconvfifo.rf/grf.rf/gntv_or_sync_fifo.gcx.clkx/gnxpm_cdc.gsync_stage[1].rd_stg_inst/Q_reg_reg[2]} {dbg_hub/inst/BSCANID.u_xsdbm_id/CORE_XSDB.UUT_MASTER/U_ICON_INTERFACE/U_CMD6_WR/U_WR_FIFO/SUBCORE_FIFO.xsdbm_v3_0_2_wrfifo_inst/inst_fifo_gen/gconvfifo.rf/grf.rf/gntv_or_sync_fifo.gcx.clkx/gnxpm_cdc.gsync_stage[1].rd_stg_inst/Q_reg_reg[3]}]] 8.000
Requirement: 8.000ns
Endpoints: 4

From Clock            To Clock              Endpoint Pin                    Reference Pin                   Corner  Actual(ns)  Slack(ns)
--------------------  --------------------  ------------------------------  ------------------------------  ------  ----------  ---------
dbg_hub/inst/BSCANID.u_xsdbm_id/SWITCH_N_EXT_BSCAN.bscan_inst/SERIES7_BSCAN.bscan_inst/TCK
                      clk_fpga_1            dbg_hub/inst/BSCANID.u_xsdbm_id/CORE_XSDB.UUT_MASTER/U_ICON_INTERFACE/U_CMD6_WR/U_WR_FIFO/SUBCORE_FIFO.xsdbm_v3_0_2_wrfifo_inst/inst_fifo_gen/gconvfifo.rf/grf.rf/gntv_or_sync_fifo.gcx.clkx/gnxpm_cdc.gsync_stage[1].rd_stg_inst/Q_reg_reg[1]/D
                                                                            dbg_hub/inst/BSCANID.u_xsdbm_id/CORE_XSDB.UUT_MASTER/U_ICON_INTERFACE/U_CMD6_WR/U_WR_FIFO/SUBCORE_FIFO.xsdbm_v3_0_2_wrfifo_inst/inst_fifo_gen/gconvfifo.rf/grf.rf/gntv_or_sync_fifo.gcx.clkx/gnxpm_cdc.gsync_stage[1].rd_stg_inst/Q_reg_reg[3]/D
                                                                                                            Slow         0.742      7.258


Slack (MET) :             7.258ns  (requirement - actual skew)
  Endpoint Source:        dbg_hub/inst/BSCANID.u_xsdbm_id/CORE_XSDB.UUT_MASTER/U_ICON_INTERFACE/U_CMD6_WR/U_WR_FIFO/SUBCORE_FIFO.xsdbm_v3_0_2_wrfifo_inst/inst_fifo_gen/gconvfifo.rf/grf.rf/gntv_or_sync_fifo.gcx.clkx/gnxpm_cdc.wr_pntr_gc_reg[1]/C
                            (rising edge-triggered cell FDCE clocked by dbg_hub/inst/BSCANID.u_xsdbm_id/SWITCH_N_EXT_BSCAN.bscan_inst/SERIES7_BSCAN.bscan_inst/TCK)
  Endpoint Destination:   dbg_hub/inst/BSCANID.u_xsdbm_id/CORE_XSDB.UUT_MASTER/U_ICON_INTERFACE/U_CMD6_WR/U_WR_FIFO/SUBCORE_FIFO.xsdbm_v3_0_2_wrfifo_inst/inst_fifo_gen/gconvfifo.rf/grf.rf/gntv_or_sync_fifo.gcx.clkx/gnxpm_cdc.gsync_stage[1].rd_stg_inst/Q_reg_reg[1]/D
                            (rising edge-triggered cell FDCE clocked by clk_fpga_1)
  Reference Source:       dbg_hub/inst/BSCANID.u_xsdbm_id/CORE_XSDB.UUT_MASTER/U_ICON_INTERFACE/U_CMD6_WR/U_WR_FIFO/SUBCORE_FIFO.xsdbm_v3_0_2_wrfifo_inst/inst_fifo_gen/gconvfifo.rf/grf.rf/gntv_or_sync_fifo.gcx.clkx/gnxpm_cdc.wr_pntr_gc_reg[3]/C
                            (rising edge-triggered cell FDCE clocked by dbg_hub/inst/BSCANID.u_xsdbm_id/SWITCH_N_EXT_BSCAN.bscan_inst/SERIES7_BSCAN.bscan_inst/TCK)
  Reference Destination:  dbg_hub/inst/BSCANID.u_xsdbm_id/CORE_XSDB.UUT_MASTER/U_ICON_INTERFACE/U_CMD6_WR/U_WR_FIFO/SUBCORE_FIFO.xsdbm_v3_0_2_wrfifo_inst/inst_fifo_gen/gconvfifo.rf/grf.rf/gntv_or_sync_fifo.gcx.clkx/gnxpm_cdc.gsync_stage[1].rd_stg_inst/Q_reg_reg[3]/D
                            (rising edge-triggered cell FDCE clocked by clk_fpga_1)
  Path Type:              Bus Skew (Max at Slow Process Corner)
  Requirement:            8.000ns
  Endpoint Relative Delay:    2.522ns
  Reference Relative Delay:   1.069ns
  Relative CRPR:              0.711ns
  Actual Bus Skew:            0.742ns  (Endpoint Relative Delay - Reference Relative Delay - Relative CRPR)

Endpoint path:
    Location             Delay type                Incr(ns)  Path(ns)    Netlist Resource(s)
  -------------------------------------------------------------------    -------------------
                         (clock dbg_hub/inst/BSCANID.u_xsdbm_id/SWITCH_N_EXT_BSCAN.bscan_inst/SERIES7_BSCAN.bscan_inst/TCK rise edge)
                                                      0.000     0.000 r  
    BSCAN_X0Y0           BSCANE2                      0.000     0.000 r  dbg_hub/inst/BSCANID.u_xsdbm_id/SWITCH_N_EXT_BSCAN.bscan_inst/SERIES7_BSCAN.bscan_inst/TCK
                         net (fo=1, routed)           2.154     2.154    dbg_hub/inst/BSCANID.u_xsdbm_id/tck_bs
    BUFGCTRL_X0Y16       BUFG (Prop_bufg_I_O)         0.101     2.255 r  dbg_hub/inst/BSCANID.u_xsdbm_id/SWITCH_N_EXT_BSCAN.u_bufg_icon_tck/O
                         net (fo=486, routed)         1.640     3.895    dbg_hub/inst/BSCANID.u_xsdbm_id/CORE_XSDB.UUT_MASTER/U_ICON_INTERFACE/U_CMD6_WR/U_WR_FIFO/SUBCORE_FIFO.xsdbm_v3_0_2_wrfifo_inst/inst_fifo_gen/gconvfifo.rf/grf.rf/gntv_or_sync_fifo.gcx.clkx/wr_clk
    SLICE_X50Y50         FDCE                                         r  dbg_hub/inst/BSCANID.u_xsdbm_id/CORE_XSDB.UUT_MASTER/U_ICON_INTERFACE/U_CMD6_WR/U_WR_FIFO/SUBCORE_FIFO.xsdbm_v3_0_2_wrfifo_inst/inst_fifo_gen/gconvfifo.rf/grf.rf/gntv_or_sync_fifo.gcx.clkx/gnxpm_cdc.wr_pntr_gc_reg[1]/C
  -------------------------------------------------------------------    -------------------
    SLICE_X50Y50         FDCE (Prop_fdce_C_Q)         0.478     4.373 r  dbg_hub/inst/BSCANID.u_xsdbm_id/CORE_XSDB.UUT_MASTER/U_ICON_INTERFACE/U_CMD6_WR/U_WR_FIFO/SUBCORE_FIFO.xsdbm_v3_0_2_wrfifo_inst/inst_fifo_gen/gconvfifo.rf/grf.rf/gntv_or_sync_fifo.gcx.clkx/gnxpm_cdc.wr_pntr_gc_reg[1]/Q
                         net (fo=1, routed)           0.597     4.970    dbg_hub/inst/BSCANID.u_xsdbm_id/CORE_XSDB.UUT_MASTER/U_ICON_INTERFACE/U_CMD6_WR/U_WR_FIFO/SUBCORE_FIFO.xsdbm_v3_0_2_wrfifo_inst/inst_fifo_gen/gconvfifo.rf/grf.rf/gntv_or_sync_fifo.gcx.clkx/gnxpm_cdc.gsync_stage[1].rd_stg_inst/Q[1]
    SLICE_X50Y49         FDCE                                         r  dbg_hub/inst/BSCANID.u_xsdbm_id/CORE_XSDB.UUT_MASTER/U_ICON_INTERFACE/U_CMD6_WR/U_WR_FIFO/SUBCORE_FIFO.xsdbm_v3_0_2_wrfifo_inst/inst_fifo_gen/gconvfifo.rf/grf.rf/gntv_or_sync_fifo.gcx.clkx/gnxpm_cdc.gsync_stage[1].rd_stg_inst/Q_reg_reg[1]/D
  -------------------------------------------------------------------    -------------------

                         (clock clk_fpga_1 rise edge)
                                                      0.000     0.000 r  
    PS7_X0Y0             PS7                          0.000     0.000 r  protection_system_i/processing_system7_0/inst/PS7_i/FCLKCLK[1]
                         net (fo=1, routed)           1.088     1.088    protection_system_i/processing_system7_0/inst/FCLK_CLK1
    BUFGCTRL_X0Y17       BUFG (Prop_bufg_I_O)         0.091     1.179 r  protection_system_i/processing_system7_0/inst/FCLK_CLK1_BUFG_inst/O
                         net (fo=5596, routed)        1.483     2.662    dbg_hub/inst/BSCANID.u_xsdbm_id/CORE_XSDB.UUT_MASTER/U_ICON_INTERFACE/U_CMD6_WR/U_WR_FIFO/SUBCORE_FIFO.xsdbm_v3_0_2_wrfifo_inst/inst_fifo_gen/gconvfifo.rf/grf.rf/gntv_or_sync_fifo.gcx.clkx/gnxpm_cdc.gsync_stage[1].rd_stg_inst/rd_clk
    SLICE_X50Y49         FDCE                                         r  dbg_hub/inst/BSCANID.u_xsdbm_id/CORE_XSDB.UUT_MASTER/U_ICON_INTERFACE/U_CMD6_WR/U_WR_FIFO/SUBCORE_FIFO.xsdbm_v3_0_2_wrfifo_inst/inst_fifo_gen/gconvfifo.rf/grf.rf/gntv_or_sync_fifo.gcx.clkx/gnxpm_cdc.gsync_stage[1].rd_stg_inst/Q_reg_reg[1]/C
                         clock pessimism              0.000     2.662    
    SLICE_X50Y49         FDCE (Setup_fdce_C_D)       -0.215     2.447    dbg_hub/inst/BSCANID.u_xsdbm_id/CORE_XSDB.UUT_MASTER/U_ICON_INTERFACE/U_CMD6_WR/U_WR_FIFO/SUBCORE_FIFO.xsdbm_v3_0_2_wrfifo_inst/inst_fifo_gen/gconvfifo.rf/grf.rf/gntv_or_sync_fifo.gcx.clkx/gnxpm_cdc.gsync_stage[1].rd_stg_inst/Q_reg_reg[1]
  -------------------------------------------------------------------
                         data arrival                           4.970    
                         clock arrival                          2.447    
  -------------------------------------------------------------------
                         relative delay                         2.522    

Reference path:
    Location             Delay type                Incr(ns)  Path(ns)    Netlist Resource(s)
  -------------------------------------------------------------------    -------------------
                         (clock dbg_hub/inst/BSCANID.u_xsdbm_id/SWITCH_N_EXT_BSCAN.bscan_inst/SERIES7_BSCAN.bscan_inst/TCK rise edge)
                                                      0.000     0.000 r  
    BSCAN_X0Y0           BSCANE2                      0.000     0.000 r  dbg_hub/inst/BSCANID.u_xsdbm_id/SWITCH_N_EXT_BSCAN.bscan_inst/SERIES7_BSCAN.bscan_inst/TCK
                         net (fo=1, routed)           1.868     1.868    dbg_hub/inst/BSCANID.u_xsdbm_id/tck_bs
    BUFGCTRL_X0Y16       BUFG (Prop_bufg_I_O)         0.091     1.959 r  dbg_hub/inst/BSCANID.u_xsdbm_id/SWITCH_N_EXT_BSCAN.u_bufg_icon_tck/O
                         net (fo=486, routed)         1.467     3.426    dbg_hub/inst/BSCANID.u_xsdbm_id/CORE_XSDB.UUT_MASTER/U_ICON_INTERFACE/U_CMD6_WR/U_WR_FIFO/SUBCORE_FIFO.xsdbm_v3_0_2_wrfifo_inst/inst_fifo_gen/gconvfifo.rf/grf.rf/gntv_or_sync_fifo.gcx.clkx/wr_clk
    SLICE_X51Y51         FDCE                                         r  dbg_hub/inst/BSCANID.u_xsdbm_id/CORE_XSDB.UUT_MASTER/U_ICON_INTERFACE/U_CMD6_WR/U_WR_FIFO/SUBCORE_FIFO.xsdbm_v3_0_2_wrfifo_inst/inst_fifo_gen/gconvfifo.rf/grf.rf/gntv_or_sync_fifo.gcx.clkx/gnxpm_cdc.wr_pntr_gc_reg[3]/C
  -------------------------------------------------------------------    -------------------
    SLICE_X51Y51         FDCE (Prop_fdce_C_Q)         0.367     3.793 r  dbg_hub/inst/BSCANID.u_xsdbm_id/CORE_XSDB.UUT_MASTER/U_ICON_INTERFACE/U_CMD6_WR/U_WR_FIFO/SUBCORE_FIFO.xsdbm_v3_0_2_wrfifo_inst/inst_fifo_gen/gconvfifo.rf/grf.rf/gntv_or_sync_fifo.gcx.clkx/gnxpm_cdc.wr_pntr_gc_reg[3]/Q
                         net (fo=1, routed)           0.397     4.189    dbg_hub/inst/BSCANID.u_xsdbm_id/CORE_XSDB.UUT_MASTER/U_ICON_INTERFACE/U_CMD6_WR/U_WR_FIFO/SUBCORE_FIFO.xsdbm_v3_0_2_wrfifo_inst/inst_fifo_gen/gconvfifo.rf/grf.rf/gntv_or_sync_fifo.gcx.clkx/gnxpm_cdc.gsync_stage[1].rd_stg_inst/Q[3]
    SLICE_X51Y49         FDCE                                         r  dbg_hub/inst/BSCANID.u_xsdbm_id/CORE_XSDB.UUT_MASTER/U_ICON_INTERFACE/U_CMD6_WR/U_WR_FIFO/SUBCORE_FIFO.xsdbm_v3_0_2_wrfifo_inst/inst_fifo_gen/gconvfifo.rf/grf.rf/gntv_or_sync_fifo.gcx.clkx/gnxpm_cdc.gsync_stage[1].rd_stg_inst/Q_reg_reg[3]/D
  -------------------------------------------------------------------    -------------------

                         (clock clk_fpga_1 rise edge)
                                                      0.000     0.000 r  
    PS7_X0Y0             PS7                          0.000     0.000 r  protection_system_i/processing_system7_0/inst/PS7_i/FCLKCLK[1]
                         net (fo=1, routed)           1.193     1.193    protection_system_i/processing_system7_0/inst/FCLK_CLK1
    BUFGCTRL_X0Y17       BUFG (Prop_bufg_I_O)         0.101     1.294 r  protection_system_i/processing_system7_0/inst/FCLK_CLK1_BUFG_inst/O
                         net (fo=5596, routed)        1.657     2.951    dbg_hub/inst/BSCANID.u_xsdbm_id/CORE_XSDB.UUT_MASTER/U_ICON_INTERFACE/U_CMD6_WR/U_WR_FIFO/SUBCORE_FIFO.xsdbm_v3_0_2_wrfifo_inst/inst_fifo_gen/gconvfifo.rf/grf.rf/gntv_or_sync_fifo.gcx.clkx/gnxpm_cdc.gsync_stage[1].rd_stg_inst/rd_clk
    SLICE_X51Y49         FDCE                                         r  dbg_hub/inst/BSCANID.u_xsdbm_id/CORE_XSDB.UUT_MASTER/U_ICON_INTERFACE/U_CMD6_WR/U_WR_FIFO/SUBCORE_FIFO.xsdbm_v3_0_2_wrfifo_inst/inst_fifo_gen/gconvfifo.rf/grf.rf/gntv_or_sync_fifo.gcx.clkx/gnxpm_cdc.gsync_stage[1].rd_stg_inst/Q_reg_reg[3]/C
                         clock pessimism              0.000     2.951    
    SLICE_X51Y49         FDCE (Hold_fdce_C_D)         0.169     3.120    dbg_hub/inst/BSCANID.u_xsdbm_id/CORE_XSDB.UUT_MASTER/U_ICON_INTERFACE/U_CMD6_WR/U_WR_FIFO/SUBCORE_FIFO.xsdbm_v3_0_2_wrfifo_inst/inst_fifo_gen/gconvfifo.rf/grf.rf/gntv_or_sync_fifo.gcx.clkx/gnxpm_cdc.gsync_stage[1].rd_stg_inst/Q_reg_reg[3]
  -------------------------------------------------------------------
                         data arrival                           4.189    
                         clock arrival                          3.120    
  -------------------------------------------------------------------
                         relative delay                         1.069    



