Copyright 1986-2022 Xilinx, Inc. All Rights Reserved. Copyright 2022-2024 Advanced Micro Devices, Inc. All Rights Reserved.
--------------------------------------------------------------------------------------------------------------------------------------------------------------------------------------------------------------------------------------------------------------------------------------------------------------------------------------------------------
| Tool Version : Vivado v.2024.1 (win64) Build 5076996 Wed May 22 18:37:14 MDT 2024
| Date         : Thu Sep 10 11:14:54 2026
| Host         : illusion running 64-bit major release  (build 9200)
| Command      : report_timing -from [get_cells -quiet -hier -regexp {(^|.*/)u_adc_sample_cdc_bridge/u_fifo/mem_reg\[3\]\[[0-9]+\]$}] -to [get_cells -quiet -hier -regexp {(^|.*/)u_adc_sample_cdc_bridge/destination_data_reg\[[0-9]+\]$}] -delay_type max -max_paths 57 -nworst 1 -file <EXTERNAL_BUILD>/fifo-routed-audit/payload_word_3.rpt
| Design       : protection_system_wrapper
| Device       : 7z020-clg400
| Speed File   : -1  PRODUCTION 1.12 2019-11-22
| Design State : Routed
--------------------------------------------------------------------------------------------------------------------------------------------------------------------------------------------------------------------------------------------------------------------------------------------------------------------------------------------------------

Timing Report

Slack (MET) :             4.653ns  (required time - arrival time)
  Source:                 protection_system_i/protection_ip_axi_lite_0/inst/u_adc_sample_cdc_bridge/u_fifo/mem_reg[3][39]/C
                            (rising edge-triggered cell FDRE clocked by clk_fpga_1  {rise@0.000ns fall@4.000ns period=8.000ns})
  Destination:            protection_system_i/protection_ip_axi_lite_0/inst/u_adc_sample_cdc_bridge/destination_data_reg[39]/D
                            (rising edge-triggered cell FDCE clocked by clk_fpga_0  {rise@0.000ns fall@5.000ns period=10.000ns})
  Path Group:             clk_fpga_0
  Path Type:              Setup (Max at Slow Process Corner)
  Requirement:            8.000ns  (MaxDelay Path 8.000ns)
  Data Path Delay:        3.426ns  (logic 1.116ns (32.573%)  route 2.310ns (67.427%))
  Logic Levels:           3  (LUT3=1 LUT6=1 MUXF7=1)
  Timing Exception:       MaxDelay Path 8.000ns -datapath_only

    Location             Delay type                Incr(ns)  Path(ns)    Netlist Resource(s)
  -------------------------------------------------------------------    -------------------
    SLICE_X85Y92                                      0.000     0.000 r  protection_system_i/protection_ip_axi_lite_0/inst/u_adc_sample_cdc_bridge/u_fifo/mem_reg[3][39]/C
    SLICE_X85Y92         FDRE (Prop_fdre_C_Q)         0.456     0.456 r  protection_system_i/protection_ip_axi_lite_0/inst/u_adc_sample_cdc_bridge/u_fifo/mem_reg[3][39]/Q
                         net (fo=1, routed)           0.870     1.326    protection_system_i/protection_ip_axi_lite_0/inst/u_adc_sample_cdc_bridge/u_fifo/mem_reg[3][39]
    SLICE_X85Y91         LUT6 (Prop_lut6_I0_O)        0.124     1.450 r  protection_system_i/protection_ip_axi_lite_0/inst/u_adc_sample_cdc_bridge/u_fifo/rd_data[39]_INST_0_i_1/O
                         net (fo=1, routed)           0.000     1.450    protection_system_i/protection_ip_axi_lite_0/inst/u_adc_sample_cdc_bridge/u_fifo/rd_data[39]_INST_0_i_1_n_0
    SLICE_X85Y91         MUXF7 (Prop_muxf7_I0_O)      0.238     1.688 r  protection_system_i/protection_ip_axi_lite_0/inst/u_adc_sample_cdc_bridge/u_fifo/rd_data[39]_INST_0/O
                         net (fo=1, routed)           1.440     3.128    protection_system_i/protection_ip_axi_lite_0/inst/u_adc_sample_cdc_bridge/u_fifo_n_20
    SLICE_X66Y88         LUT3 (Prop_lut3_I1_O)        0.298     3.426 r  protection_system_i/protection_ip_axi_lite_0/inst/u_adc_sample_cdc_bridge/destination_data[39]_i_1/O
                         net (fo=1, routed)           0.000     3.426    protection_system_i/protection_ip_axi_lite_0/inst/u_adc_sample_cdc_bridge/destination_data[39]_i_1_n_0
    SLICE_X66Y88         FDCE                                         r  protection_system_i/protection_ip_axi_lite_0/inst/u_adc_sample_cdc_bridge/destination_data_reg[39]/D
  -------------------------------------------------------------------    -------------------

                         max delay                    8.000     8.000    
    SLICE_X66Y88         FDCE (Setup_fdce_C_D)        0.079     8.079    protection_system_i/protection_ip_axi_lite_0/inst/u_adc_sample_cdc_bridge/destination_data_reg[39]
  -------------------------------------------------------------------
                         required time                          8.079    
                         arrival time                          -3.426    
  -------------------------------------------------------------------
                         slack                                  4.653    

Slack (MET) :             4.716ns  (required time - arrival time)
  Source:                 protection_system_i/protection_ip_axi_lite_0/inst/u_adc_sample_cdc_bridge/u_fifo/mem_reg[3][36]/C
                            (rising edge-triggered cell FDRE clocked by clk_fpga_1  {rise@0.000ns fall@4.000ns period=8.000ns})
  Destination:            protection_system_i/protection_ip_axi_lite_0/inst/u_adc_sample_cdc_bridge/destination_data_reg[36]/D
                            (rising edge-triggered cell FDCE clocked by clk_fpga_0  {rise@0.000ns fall@5.000ns period=10.000ns})
  Path Group:             clk_fpga_0
  Path Type:              Setup (Max at Slow Process Corner)
  Requirement:            8.000ns  (MaxDelay Path 8.000ns)
  Data Path Delay:        3.361ns  (logic 1.116ns (33.205%)  route 2.245ns (66.795%))
  Logic Levels:           3  (LUT3=1 LUT6=1 MUXF7=1)
  Timing Exception:       MaxDelay Path 8.000ns -datapath_only

    Location             Delay type                Incr(ns)  Path(ns)    Netlist Resource(s)
  -------------------------------------------------------------------    -------------------
    SLICE_X84Y88                                      0.000     0.000 r  protection_system_i/protection_ip_axi_lite_0/inst/u_adc_sample_cdc_bridge/u_fifo/mem_reg[3][36]/C
    SLICE_X84Y88         FDRE (Prop_fdre_C_Q)         0.456     0.456 r  protection_system_i/protection_ip_axi_lite_0/inst/u_adc_sample_cdc_bridge/u_fifo/mem_reg[3][36]/Q
                         net (fo=1, routed)           0.995     1.451    protection_system_i/protection_ip_axi_lite_0/inst/u_adc_sample_cdc_bridge/u_fifo/mem_reg[3][36]
    SLICE_X85Y90         LUT6 (Prop_lut6_I0_O)        0.124     1.575 r  protection_system_i/protection_ip_axi_lite_0/inst/u_adc_sample_cdc_bridge/u_fifo/rd_data[36]_INST_0_i_1/O
                         net (fo=1, routed)           0.000     1.575    protection_system_i/protection_ip_axi_lite_0/inst/u_adc_sample_cdc_bridge/u_fifo/rd_data[36]_INST_0_i_1_n_0
    SLICE_X85Y90         MUXF7 (Prop_muxf7_I0_O)      0.238     1.813 r  protection_system_i/protection_ip_axi_lite_0/inst/u_adc_sample_cdc_bridge/u_fifo/rd_data[36]_INST_0/O
                         net (fo=1, routed)           1.250     3.063    protection_system_i/protection_ip_axi_lite_0/inst/u_adc_sample_cdc_bridge/u_fifo_n_23
    SLICE_X66Y88         LUT3 (Prop_lut3_I1_O)        0.298     3.361 r  protection_system_i/protection_ip_axi_lite_0/inst/u_adc_sample_cdc_bridge/destination_data[36]_i_1/O
                         net (fo=1, routed)           0.000     3.361    protection_system_i/protection_ip_axi_lite_0/inst/u_adc_sample_cdc_bridge/destination_data[36]_i_1_n_0
    SLICE_X66Y88         FDCE                                         r  protection_system_i/protection_ip_axi_lite_0/inst/u_adc_sample_cdc_bridge/destination_data_reg[36]/D
  -------------------------------------------------------------------    -------------------

                         max delay                    8.000     8.000    
    SLICE_X66Y88         FDCE (Setup_fdce_C_D)        0.077     8.077    protection_system_i/protection_ip_axi_lite_0/inst/u_adc_sample_cdc_bridge/destination_data_reg[36]
  -------------------------------------------------------------------
                         required time                          8.077    
                         arrival time                          -3.361    
  -------------------------------------------------------------------
                         slack                                  4.716    

Slack (MET) :             4.782ns  (required time - arrival time)
  Source:                 protection_system_i/protection_ip_axi_lite_0/inst/u_adc_sample_cdc_bridge/u_fifo/mem_reg[3][35]/C
                            (rising edge-triggered cell FDRE clocked by clk_fpga_1  {rise@0.000ns fall@4.000ns period=8.000ns})
  Destination:            protection_system_i/protection_ip_axi_lite_0/inst/u_adc_sample_cdc_bridge/destination_data_reg[35]/D
                            (rising edge-triggered cell FDCE clocked by clk_fpga_0  {rise@0.000ns fall@5.000ns period=10.000ns})
  Path Group:             clk_fpga_0
  Path Type:              Setup (Max at Slow Process Corner)
  Requirement:            8.000ns  (MaxDelay Path 8.000ns)
  Data Path Delay:        3.295ns  (logic 1.091ns (33.110%)  route 2.204ns (66.890%))
  Logic Levels:           3  (LUT3=1 LUT6=1 MUXF7=1)
  Timing Exception:       MaxDelay Path 8.000ns -datapath_only

    Location             Delay type                Incr(ns)  Path(ns)    Netlist Resource(s)
  -------------------------------------------------------------------    -------------------
    SLICE_X84Y88                                      0.000     0.000 r  protection_system_i/protection_ip_axi_lite_0/inst/u_adc_sample_cdc_bridge/u_fifo/mem_reg[3][35]/C
    SLICE_X84Y88         FDRE (Prop_fdre_C_Q)         0.456     0.456 r  protection_system_i/protection_ip_axi_lite_0/inst/u_adc_sample_cdc_bridge/u_fifo/mem_reg[3][35]/Q
                         net (fo=1, routed)           0.857     1.313    protection_system_i/protection_ip_axi_lite_0/inst/u_adc_sample_cdc_bridge/u_fifo/mem_reg[3][35]
    SLICE_X85Y90         LUT6 (Prop_lut6_I0_O)        0.124     1.437 r  protection_system_i/protection_ip_axi_lite_0/inst/u_adc_sample_cdc_bridge/u_fifo/rd_data[35]_INST_0_i_1/O
                         net (fo=1, routed)           0.000     1.437    protection_system_i/protection_ip_axi_lite_0/inst/u_adc_sample_cdc_bridge/u_fifo/rd_data[35]_INST_0_i_1_n_0
    SLICE_X85Y90         MUXF7 (Prop_muxf7_I0_O)      0.212     1.649 r  protection_system_i/protection_ip_axi_lite_0/inst/u_adc_sample_cdc_bridge/u_fifo/rd_data[35]_INST_0/O
                         net (fo=1, routed)           1.348     2.996    protection_system_i/protection_ip_axi_lite_0/inst/u_adc_sample_cdc_bridge/u_fifo_n_24
    SLICE_X66Y86         LUT3 (Prop_lut3_I1_O)        0.299     3.295 r  protection_system_i/protection_ip_axi_lite_0/inst/u_adc_sample_cdc_bridge/destination_data[35]_i_1/O
                         net (fo=1, routed)           0.000     3.295    protection_system_i/protection_ip_axi_lite_0/inst/u_adc_sample_cdc_bridge/destination_data[35]_i_1_n_0
    SLICE_X66Y86         FDCE                                         r  protection_system_i/protection_ip_axi_lite_0/inst/u_adc_sample_cdc_bridge/destination_data_reg[35]/D
  -------------------------------------------------------------------    -------------------

                         max delay                    8.000     8.000    
    SLICE_X66Y86         FDCE (Setup_fdce_C_D)        0.077     8.077    protection_system_i/protection_ip_axi_lite_0/inst/u_adc_sample_cdc_bridge/destination_data_reg[35]
  -------------------------------------------------------------------
                         required time                          8.077    
                         arrival time                          -3.295    
  -------------------------------------------------------------------
                         slack                                  4.782    

Slack (MET) :             4.849ns  (required time - arrival time)
  Source:                 protection_system_i/protection_ip_axi_lite_0/inst/u_adc_sample_cdc_bridge/u_fifo/mem_reg[3][4]/C
                            (rising edge-triggered cell FDRE clocked by clk_fpga_1  {rise@0.000ns fall@4.000ns period=8.000ns})
  Destination:            protection_system_i/protection_ip_axi_lite_0/inst/u_adc_sample_cdc_bridge/destination_data_reg[4]/D
                            (rising edge-triggered cell FDCE clocked by clk_fpga_0  {rise@0.000ns fall@5.000ns period=10.000ns})
  Path Group:             clk_fpga_0
  Path Type:              Setup (Max at Slow Process Corner)
  Requirement:            8.000ns  (MaxDelay Path 8.000ns)
  Data Path Delay:        3.182ns  (logic 1.227ns (38.557%)  route 1.955ns (61.443%))
  Logic Levels:           3  (LUT3=1 LUT6=1 MUXF7=1)
  Timing Exception:       MaxDelay Path 8.000ns -datapath_only

    Location             Delay type                Incr(ns)  Path(ns)    Netlist Resource(s)
  -------------------------------------------------------------------    -------------------
    SLICE_X53Y74                                      0.000     0.000 r  protection_system_i/protection_ip_axi_lite_0/inst/u_adc_sample_cdc_bridge/u_fifo/mem_reg[3][4]/C
    SLICE_X53Y74         FDRE (Prop_fdre_C_Q)         0.419     0.419 r  protection_system_i/protection_ip_axi_lite_0/inst/u_adc_sample_cdc_bridge/u_fifo/mem_reg[3][4]/Q
                         net (fo=1, routed)           0.733     1.152    protection_system_i/protection_ip_axi_lite_0/inst/u_adc_sample_cdc_bridge/u_fifo/mem_reg[3][4]
    SLICE_X51Y74         LUT6 (Prop_lut6_I0_O)        0.297     1.449 r  protection_system_i/protection_ip_axi_lite_0/inst/u_adc_sample_cdc_bridge/u_fifo/rd_data[4]_INST_0_i_1/O
                         net (fo=1, routed)           0.000     1.449    protection_system_i/protection_ip_axi_lite_0/inst/u_adc_sample_cdc_bridge/u_fifo/rd_data[4]_INST_0_i_1_n_0
    SLICE_X51Y74         MUXF7 (Prop_muxf7_I0_O)      0.212     1.661 r  protection_system_i/protection_ip_axi_lite_0/inst/u_adc_sample_cdc_bridge/u_fifo/rd_data[4]_INST_0/O
                         net (fo=1, routed)           1.222     2.883    protection_system_i/protection_ip_axi_lite_0/inst/u_adc_sample_cdc_bridge/u_fifo_n_55
    SLICE_X53Y78         LUT3 (Prop_lut3_I1_O)        0.299     3.182 r  protection_system_i/protection_ip_axi_lite_0/inst/u_adc_sample_cdc_bridge/destination_data[4]_i_1/O
                         net (fo=1, routed)           0.000     3.182    protection_system_i/protection_ip_axi_lite_0/inst/u_adc_sample_cdc_bridge/destination_data[4]_i_1_n_0
    SLICE_X53Y78         FDCE                                         r  protection_system_i/protection_ip_axi_lite_0/inst/u_adc_sample_cdc_bridge/destination_data_reg[4]/D
  -------------------------------------------------------------------    -------------------

                         max delay                    8.000     8.000    
    SLICE_X53Y78         FDCE (Setup_fdce_C_D)        0.031     8.031    protection_system_i/protection_ip_axi_lite_0/inst/u_adc_sample_cdc_bridge/destination_data_reg[4]
  -------------------------------------------------------------------
                         required time                          8.031    
                         arrival time                          -3.182    
  -------------------------------------------------------------------
                         slack                                  4.849    

Slack (MET) :             4.856ns  (required time - arrival time)
  Source:                 protection_system_i/protection_ip_axi_lite_0/inst/u_adc_sample_cdc_bridge/u_fifo/mem_reg[3][10]/C
                            (rising edge-triggered cell FDRE clocked by clk_fpga_1  {rise@0.000ns fall@4.000ns period=8.000ns})
  Destination:            protection_system_i/protection_ip_axi_lite_0/inst/u_adc_sample_cdc_bridge/destination_data_reg[10]/D
                            (rising edge-triggered cell FDCE clocked by clk_fpga_0  {rise@0.000ns fall@5.000ns period=10.000ns})
  Path Group:             clk_fpga_0
  Path Type:              Setup (Max at Slow Process Corner)
  Requirement:            8.000ns  (MaxDelay Path 8.000ns)
  Data Path Delay:        3.173ns  (logic 1.091ns (34.383%)  route 2.082ns (65.617%))
  Logic Levels:           3  (LUT3=1 LUT6=1 MUXF7=1)
  Timing Exception:       MaxDelay Path 8.000ns -datapath_only

    Location             Delay type                Incr(ns)  Path(ns)    Netlist Resource(s)
  -------------------------------------------------------------------    -------------------
    SLICE_X59Y74                                      0.000     0.000 r  protection_system_i/protection_ip_axi_lite_0/inst/u_adc_sample_cdc_bridge/u_fifo/mem_reg[3][10]/C
    SLICE_X59Y74         FDRE (Prop_fdre_C_Q)         0.456     0.456 r  protection_system_i/protection_ip_axi_lite_0/inst/u_adc_sample_cdc_bridge/u_fifo/mem_reg[3][10]/Q
                         net (fo=1, routed)           0.953     1.409    protection_system_i/protection_ip_axi_lite_0/inst/u_adc_sample_cdc_bridge/u_fifo/mem_reg[3][10]
    SLICE_X60Y74         LUT6 (Prop_lut6_I0_O)        0.124     1.533 r  protection_system_i/protection_ip_axi_lite_0/inst/u_adc_sample_cdc_bridge/u_fifo/rd_data[10]_INST_0_i_1/O
                         net (fo=1, routed)           0.000     1.533    protection_system_i/protection_ip_axi_lite_0/inst/u_adc_sample_cdc_bridge/u_fifo/rd_data[10]_INST_0_i_1_n_0
    SLICE_X60Y74         MUXF7 (Prop_muxf7_I0_O)      0.212     1.745 r  protection_system_i/protection_ip_axi_lite_0/inst/u_adc_sample_cdc_bridge/u_fifo/rd_data[10]_INST_0/O
                         net (fo=1, routed)           1.129     2.874    protection_system_i/protection_ip_axi_lite_0/inst/u_adc_sample_cdc_bridge/u_fifo_n_49
    SLICE_X57Y78         LUT3 (Prop_lut3_I1_O)        0.299     3.173 r  protection_system_i/protection_ip_axi_lite_0/inst/u_adc_sample_cdc_bridge/destination_data[10]_i_1/O
                         net (fo=1, routed)           0.000     3.173    protection_system_i/protection_ip_axi_lite_0/inst/u_adc_sample_cdc_bridge/destination_data[10]_i_1_n_0
    SLICE_X57Y78         FDCE                                         r  protection_system_i/protection_ip_axi_lite_0/inst/u_adc_sample_cdc_bridge/destination_data_reg[10]/D
  -------------------------------------------------------------------    -------------------

                         max delay                    8.000     8.000    
    SLICE_X57Y78         FDCE (Setup_fdce_C_D)        0.029     8.029    protection_system_i/protection_ip_axi_lite_0/inst/u_adc_sample_cdc_bridge/destination_data_reg[10]
  -------------------------------------------------------------------
                         required time                          8.029    
                         arrival time                          -3.173    
  -------------------------------------------------------------------
                         slack                                  4.856    

Slack (MET) :             4.924ns  (required time - arrival time)
  Source:                 protection_system_i/protection_ip_axi_lite_0/inst/u_adc_sample_cdc_bridge/u_fifo/mem_reg[3][21]/C
                            (rising edge-triggered cell FDRE clocked by clk_fpga_1  {rise@0.000ns fall@4.000ns period=8.000ns})
  Destination:            protection_system_i/protection_ip_axi_lite_0/inst/u_adc_sample_cdc_bridge/destination_data_reg[21]/D
                            (rising edge-triggered cell FDCE clocked by clk_fpga_0  {rise@0.000ns fall@5.000ns period=10.000ns})
  Path Group:             clk_fpga_0
  Path Type:              Setup (Max at Slow Process Corner)
  Requirement:            8.000ns  (MaxDelay Path 8.000ns)
  Data Path Delay:        3.153ns  (logic 1.254ns (39.768%)  route 1.899ns (60.232%))
  Logic Levels:           3  (LUT3=1 LUT6=1 MUXF7=1)
  Timing Exception:       MaxDelay Path 8.000ns -datapath_only

    Location             Delay type                Incr(ns)  Path(ns)    Netlist Resource(s)
  -------------------------------------------------------------------    -------------------
    SLICE_X53Y74                                      0.000     0.000 r  protection_system_i/protection_ip_axi_lite_0/inst/u_adc_sample_cdc_bridge/u_fifo/mem_reg[3][21]/C
    SLICE_X53Y74         FDRE (Prop_fdre_C_Q)         0.419     0.419 r  protection_system_i/protection_ip_axi_lite_0/inst/u_adc_sample_cdc_bridge/u_fifo/mem_reg[3][21]/Q
                         net (fo=1, routed)           1.168     1.587    protection_system_i/protection_ip_axi_lite_0/inst/u_adc_sample_cdc_bridge/u_fifo/mem_reg[3][21]
    SLICE_X52Y75         LUT6 (Prop_lut6_I0_O)        0.299     1.886 r  protection_system_i/protection_ip_axi_lite_0/inst/u_adc_sample_cdc_bridge/u_fifo/rd_data[21]_INST_0_i_1/O
                         net (fo=1, routed)           0.000     1.886    protection_system_i/protection_ip_axi_lite_0/inst/u_adc_sample_cdc_bridge/u_fifo/rd_data[21]_INST_0_i_1_n_0
    SLICE_X52Y75         MUXF7 (Prop_muxf7_I0_O)      0.238     2.124 r  protection_system_i/protection_ip_axi_lite_0/inst/u_adc_sample_cdc_bridge/u_fifo/rd_data[21]_INST_0/O
                         net (fo=1, routed)           0.732     2.855    protection_system_i/protection_ip_axi_lite_0/inst/u_adc_sample_cdc_bridge/u_fifo_n_38
    SLICE_X50Y77         LUT3 (Prop_lut3_I1_O)        0.298     3.153 r  protection_system_i/protection_ip_axi_lite_0/inst/u_adc_sample_cdc_bridge/destination_data[21]_i_1/O
                         net (fo=1, routed)           0.000     3.153    protection_system_i/protection_ip_axi_lite_0/inst/u_adc_sample_cdc_bridge/destination_data[21]_i_1_n_0
    SLICE_X50Y77         FDCE                                         r  protection_system_i/protection_ip_axi_lite_0/inst/u_adc_sample_cdc_bridge/destination_data_reg[21]/D
  -------------------------------------------------------------------    -------------------

                         max delay                    8.000     8.000    
    SLICE_X50Y77         FDCE (Setup_fdce_C_D)        0.077     8.077    protection_system_i/protection_ip_axi_lite_0/inst/u_adc_sample_cdc_bridge/destination_data_reg[21]
  -------------------------------------------------------------------
                         required time                          8.077    
                         arrival time                          -3.153    
  -------------------------------------------------------------------
                         slack                                  4.924    

Slack (MET) :             4.924ns  (required time - arrival time)
  Source:                 protection_system_i/protection_ip_axi_lite_0/inst/u_adc_sample_cdc_bridge/u_fifo/mem_reg[3][40]/C
                            (rising edge-triggered cell FDRE clocked by clk_fpga_1  {rise@0.000ns fall@4.000ns period=8.000ns})
  Destination:            protection_system_i/protection_ip_axi_lite_0/inst/u_adc_sample_cdc_bridge/destination_data_reg[40]/D
                            (rising edge-triggered cell FDCE clocked by clk_fpga_0  {rise@0.000ns fall@5.000ns period=10.000ns})
  Path Group:             clk_fpga_0
  Path Type:              Setup (Max at Slow Process Corner)
  Requirement:            8.000ns  (MaxDelay Path 8.000ns)
  Data Path Delay:        3.105ns  (logic 1.091ns (35.138%)  route 2.014ns (64.862%))
  Logic Levels:           3  (LUT3=1 LUT6=1 MUXF7=1)
  Timing Exception:       MaxDelay Path 8.000ns -datapath_only

    Location             Delay type                Incr(ns)  Path(ns)    Netlist Resource(s)
  -------------------------------------------------------------------    -------------------
    SLICE_X85Y92                                      0.000     0.000 r  protection_system_i/protection_ip_axi_lite_0/inst/u_adc_sample_cdc_bridge/u_fifo/mem_reg[3][40]/C
    SLICE_X85Y92         FDRE (Prop_fdre_C_Q)         0.456     0.456 r  protection_system_i/protection_ip_axi_lite_0/inst/u_adc_sample_cdc_bridge/u_fifo/mem_reg[3][40]/Q
                         net (fo=1, routed)           1.094     1.550    protection_system_i/protection_ip_axi_lite_0/inst/u_adc_sample_cdc_bridge/u_fifo/mem_reg[3][40]
    SLICE_X84Y93         LUT6 (Prop_lut6_I0_O)        0.124     1.674 r  protection_system_i/protection_ip_axi_lite_0/inst/u_adc_sample_cdc_bridge/u_fifo/rd_data[40]_INST_0_i_1/O
                         net (fo=1, routed)           0.000     1.674    protection_system_i/protection_ip_axi_lite_0/inst/u_adc_sample_cdc_bridge/u_fifo/rd_data[40]_INST_0_i_1_n_0
    SLICE_X84Y93         MUXF7 (Prop_muxf7_I0_O)      0.212     1.886 r  protection_system_i/protection_ip_axi_lite_0/inst/u_adc_sample_cdc_bridge/u_fifo/rd_data[40]_INST_0/O
                         net (fo=1, routed)           0.920     2.806    protection_system_i/protection_ip_axi_lite_0/inst/u_adc_sample_cdc_bridge/u_fifo_n_19
    SLICE_X63Y90         LUT3 (Prop_lut3_I1_O)        0.299     3.105 r  protection_system_i/protection_ip_axi_lite_0/inst/u_adc_sample_cdc_bridge/destination_data[40]_i_1/O
                         net (fo=1, routed)           0.000     3.105    protection_system_i/protection_ip_axi_lite_0/inst/u_adc_sample_cdc_bridge/destination_data[40]_i_1_n_0
    SLICE_X63Y90         FDCE                                         r  protection_system_i/protection_ip_axi_lite_0/inst/u_adc_sample_cdc_bridge/destination_data_reg[40]/D
  -------------------------------------------------------------------    -------------------

                         max delay                    8.000     8.000    
    SLICE_X63Y90         FDCE (Setup_fdce_C_D)        0.029     8.029    protection_system_i/protection_ip_axi_lite_0/inst/u_adc_sample_cdc_bridge/destination_data_reg[40]
  -------------------------------------------------------------------
                         required time                          8.029    
                         arrival time                          -3.105    
  -------------------------------------------------------------------
                         slack                                  4.924    

Slack (MET) :             4.985ns  (required time - arrival time)
  Source:                 protection_system_i/protection_ip_axi_lite_0/inst/u_adc_sample_cdc_bridge/u_fifo/mem_reg[3][37]/C
                            (rising edge-triggered cell FDRE clocked by clk_fpga_1  {rise@0.000ns fall@4.000ns period=8.000ns})
  Destination:            protection_system_i/protection_ip_axi_lite_0/inst/u_adc_sample_cdc_bridge/destination_data_reg[37]/D
                            (rising edge-triggered cell FDCE clocked by clk_fpga_0  {rise@0.000ns fall@5.000ns period=10.000ns})
  Path Group:             clk_fpga_0
  Path Type:              Setup (Max at Slow Process Corner)
  Requirement:            8.000ns  (MaxDelay Path 8.000ns)
  Data Path Delay:        3.096ns  (logic 1.091ns (35.235%)  route 2.005ns (64.765%))
  Logic Levels:           3  (LUT3=1 LUT6=1 MUXF7=1)
  Timing Exception:       MaxDelay Path 8.000ns -datapath_only

    Location             Delay type                Incr(ns)  Path(ns)    Netlist Resource(s)
  -------------------------------------------------------------------    -------------------
    SLICE_X84Y88                                      0.000     0.000 r  protection_system_i/protection_ip_axi_lite_0/inst/u_adc_sample_cdc_bridge/u_fifo/mem_reg[3][37]/C
    SLICE_X84Y88         FDRE (Prop_fdre_C_Q)         0.456     0.456 r  protection_system_i/protection_ip_axi_lite_0/inst/u_adc_sample_cdc_bridge/u_fifo/mem_reg[3][37]/Q
                         net (fo=1, routed)           0.709     1.165    protection_system_i/protection_ip_axi_lite_0/inst/u_adc_sample_cdc_bridge/u_fifo/mem_reg[3][37]
    SLICE_X84Y89         LUT6 (Prop_lut6_I0_O)        0.124     1.289 r  protection_system_i/protection_ip_axi_lite_0/inst/u_adc_sample_cdc_bridge/u_fifo/rd_data[37]_INST_0_i_1/O
                         net (fo=1, routed)           0.000     1.289    protection_system_i/protection_ip_axi_lite_0/inst/u_adc_sample_cdc_bridge/u_fifo/rd_data[37]_INST_0_i_1_n_0
    SLICE_X84Y89         MUXF7 (Prop_muxf7_I0_O)      0.212     1.501 r  protection_system_i/protection_ip_axi_lite_0/inst/u_adc_sample_cdc_bridge/u_fifo/rd_data[37]_INST_0/O
                         net (fo=1, routed)           1.296     2.797    protection_system_i/protection_ip_axi_lite_0/inst/u_adc_sample_cdc_bridge/u_fifo_n_22
    SLICE_X66Y88         LUT3 (Prop_lut3_I1_O)        0.299     3.096 r  protection_system_i/protection_ip_axi_lite_0/inst/u_adc_sample_cdc_bridge/destination_data[37]_i_1/O
                         net (fo=1, routed)           0.000     3.096    protection_system_i/protection_ip_axi_lite_0/inst/u_adc_sample_cdc_bridge/destination_data[37]_i_1_n_0
    SLICE_X66Y88         FDCE                                         r  protection_system_i/protection_ip_axi_lite_0/inst/u_adc_sample_cdc_bridge/destination_data_reg[37]/D
  -------------------------------------------------------------------    -------------------

                         max delay                    8.000     8.000    
    SLICE_X66Y88         FDCE (Setup_fdce_C_D)        0.081     8.081    protection_system_i/protection_ip_axi_lite_0/inst/u_adc_sample_cdc_bridge/destination_data_reg[37]
  -------------------------------------------------------------------
                         required time                          8.081    
                         arrival time                          -3.096    
  -------------------------------------------------------------------
                         slack                                  4.985    

Slack (MET) :             5.057ns  (required time - arrival time)
  Source:                 protection_system_i/protection_ip_axi_lite_0/inst/u_adc_sample_cdc_bridge/u_fifo/mem_reg[3][20]/C
                            (rising edge-triggered cell FDRE clocked by clk_fpga_1  {rise@0.000ns fall@4.000ns period=8.000ns})
  Destination:            protection_system_i/protection_ip_axi_lite_0/inst/u_adc_sample_cdc_bridge/destination_data_reg[20]/D
                            (rising edge-triggered cell FDCE clocked by clk_fpga_0  {rise@0.000ns fall@5.000ns period=10.000ns})
  Path Group:             clk_fpga_0
  Path Type:              Setup (Max at Slow Process Corner)
  Requirement:            8.000ns  (MaxDelay Path 8.000ns)
  Data Path Delay:        2.975ns  (logic 1.086ns (36.500%)  route 1.889ns (63.500%))
  Logic Levels:           3  (LUT3=1 LUT6=1 MUXF7=1)
  Timing Exception:       MaxDelay Path 8.000ns -datapath_only

    Location             Delay type                Incr(ns)  Path(ns)    Netlist Resource(s)
  -------------------------------------------------------------------    -------------------
    SLICE_X53Y74                                      0.000     0.000 r  protection_system_i/protection_ip_axi_lite_0/inst/u_adc_sample_cdc_bridge/u_fifo/mem_reg[3][20]/C
    SLICE_X53Y74         FDRE (Prop_fdre_C_Q)         0.456     0.456 r  protection_system_i/protection_ip_axi_lite_0/inst/u_adc_sample_cdc_bridge/u_fifo/mem_reg[3][20]/Q
                         net (fo=1, routed)           0.987     1.443    protection_system_i/protection_ip_axi_lite_0/inst/u_adc_sample_cdc_bridge/u_fifo/mem_reg[3][20]
    SLICE_X50Y74         LUT6 (Prop_lut6_I0_O)        0.124     1.567 r  protection_system_i/protection_ip_axi_lite_0/inst/u_adc_sample_cdc_bridge/u_fifo/rd_data[20]_INST_0_i_1/O
                         net (fo=1, routed)           0.000     1.567    protection_system_i/protection_ip_axi_lite_0/inst/u_adc_sample_cdc_bridge/u_fifo/rd_data[20]_INST_0_i_1_n_0
    SLICE_X50Y74         MUXF7 (Prop_muxf7_I0_O)      0.209     1.776 r  protection_system_i/protection_ip_axi_lite_0/inst/u_adc_sample_cdc_bridge/u_fifo/rd_data[20]_INST_0/O
                         net (fo=1, routed)           0.903     2.678    protection_system_i/protection_ip_axi_lite_0/inst/u_adc_sample_cdc_bridge/u_fifo_n_39
    SLICE_X49Y77         LUT3 (Prop_lut3_I1_O)        0.297     2.975 r  protection_system_i/protection_ip_axi_lite_0/inst/u_adc_sample_cdc_bridge/destination_data[20]_i_1/O
                         net (fo=1, routed)           0.000     2.975    protection_system_i/protection_ip_axi_lite_0/inst/u_adc_sample_cdc_bridge/destination_data[20]_i_1_n_0
    SLICE_X49Y77         FDCE                                         r  protection_system_i/protection_ip_axi_lite_0/inst/u_adc_sample_cdc_bridge/destination_data_reg[20]/D
  -------------------------------------------------------------------    -------------------

                         max delay                    8.000     8.000    
    SLICE_X49Y77         FDCE (Setup_fdce_C_D)        0.032     8.032    protection_system_i/protection_ip_axi_lite_0/inst/u_adc_sample_cdc_bridge/destination_data_reg[20]
  -------------------------------------------------------------------
                         required time                          8.032    
                         arrival time                          -2.975    
  -------------------------------------------------------------------
                         slack                                  5.057    

Slack (MET) :             5.058ns  (required time - arrival time)
  Source:                 protection_system_i/protection_ip_axi_lite_0/inst/u_adc_sample_cdc_bridge/u_fifo/mem_reg[3][14]/C
                            (rising edge-triggered cell FDRE clocked by clk_fpga_1  {rise@0.000ns fall@4.000ns period=8.000ns})
  Destination:            protection_system_i/protection_ip_axi_lite_0/inst/u_adc_sample_cdc_bridge/destination_data_reg[14]/D
                            (rising edge-triggered cell FDCE clocked by clk_fpga_0  {rise@0.000ns fall@5.000ns period=10.000ns})
  Path Group:             clk_fpga_0
  Path Type:              Setup (Max at Slow Process Corner)
  Requirement:            8.000ns  (MaxDelay Path 8.000ns)
  Data Path Delay:        2.971ns  (logic 1.086ns (36.555%)  route 1.885ns (63.445%))
  Logic Levels:           3  (LUT3=1 LUT6=1 MUXF7=1)
  Timing Exception:       MaxDelay Path 8.000ns -datapath_only

    Location             Delay type                Incr(ns)  Path(ns)    Netlist Resource(s)
  -------------------------------------------------------------------    -------------------
    SLICE_X56Y73                                      0.000     0.000 r  protection_system_i/protection_ip_axi_lite_0/inst/u_adc_sample_cdc_bridge/u_fifo/mem_reg[3][14]/C
    SLICE_X56Y73         FDRE (Prop_fdre_C_Q)         0.456     0.456 r  protection_system_i/protection_ip_axi_lite_0/inst/u_adc_sample_cdc_bridge/u_fifo/mem_reg[3][14]/Q
                         net (fo=1, routed)           0.806     1.262    protection_system_i/protection_ip_axi_lite_0/inst/u_adc_sample_cdc_bridge/u_fifo/mem_reg[3][14]
    SLICE_X54Y73         LUT6 (Prop_lut6_I0_O)        0.124     1.386 r  protection_system_i/protection_ip_axi_lite_0/inst/u_adc_sample_cdc_bridge/u_fifo/rd_data[14]_INST_0_i_1/O
                         net (fo=1, routed)           0.000     1.386    protection_system_i/protection_ip_axi_lite_0/inst/u_adc_sample_cdc_bridge/u_fifo/rd_data[14]_INST_0_i_1_n_0
    SLICE_X54Y73         MUXF7 (Prop_muxf7_I0_O)      0.209     1.595 r  protection_system_i/protection_ip_axi_lite_0/inst/u_adc_sample_cdc_bridge/u_fifo/rd_data[14]_INST_0/O
                         net (fo=1, routed)           1.079     2.674    protection_system_i/protection_ip_axi_lite_0/inst/u_adc_sample_cdc_bridge/u_fifo_n_45
    SLICE_X48Y78         LUT3 (Prop_lut3_I1_O)        0.297     2.971 r  protection_system_i/protection_ip_axi_lite_0/inst/u_adc_sample_cdc_bridge/destination_data[14]_i_1/O
                         net (fo=1, routed)           0.000     2.971    protection_system_i/protection_ip_axi_lite_0/inst/u_adc_sample_cdc_bridge/destination_data[14]_i_1_n_0
    SLICE_X48Y78         FDCE                                         r  protection_system_i/protection_ip_axi_lite_0/inst/u_adc_sample_cdc_bridge/destination_data_reg[14]/D
  -------------------------------------------------------------------    -------------------

                         max delay                    8.000     8.000    
    SLICE_X48Y78         FDCE (Setup_fdce_C_D)        0.029     8.029    protection_system_i/protection_ip_axi_lite_0/inst/u_adc_sample_cdc_bridge/destination_data_reg[14]
  -------------------------------------------------------------------
                         required time                          8.029    
                         arrival time                          -2.971    
  -------------------------------------------------------------------
                         slack                                  5.058    

Slack (MET) :             5.063ns  (required time - arrival time)
  Source:                 protection_system_i/protection_ip_axi_lite_0/inst/u_adc_sample_cdc_bridge/u_fifo/mem_reg[3][38]/C
                            (rising edge-triggered cell FDRE clocked by clk_fpga_1  {rise@0.000ns fall@4.000ns period=8.000ns})
  Destination:            protection_system_i/protection_ip_axi_lite_0/inst/u_adc_sample_cdc_bridge/destination_data_reg[38]/D
                            (rising edge-triggered cell FDCE clocked by clk_fpga_0  {rise@0.000ns fall@5.000ns period=10.000ns})
  Path Group:             clk_fpga_0
  Path Type:              Setup (Max at Slow Process Corner)
  Requirement:            8.000ns  (MaxDelay Path 8.000ns)
  Data Path Delay:        3.014ns  (logic 1.091ns (36.196%)  route 1.923ns (63.804%))
  Logic Levels:           3  (LUT3=1 LUT6=1 MUXF7=1)
  Timing Exception:       MaxDelay Path 8.000ns -datapath_only

    Location             Delay type                Incr(ns)  Path(ns)    Netlist Resource(s)
  -------------------------------------------------------------------    -------------------
    SLICE_X85Y92                                      0.000     0.000 r  protection_system_i/protection_ip_axi_lite_0/inst/u_adc_sample_cdc_bridge/u_fifo/mem_reg[3][38]/C
    SLICE_X85Y92         FDRE (Prop_fdre_C_Q)         0.456     0.456 r  protection_system_i/protection_ip_axi_lite_0/inst/u_adc_sample_cdc_bridge/u_fifo/mem_reg[3][38]/Q
                         net (fo=1, routed)           0.576     1.032    protection_system_i/protection_ip_axi_lite_0/inst/u_adc_sample_cdc_bridge/u_fifo/mem_reg[3][38]
    SLICE_X85Y91         LUT6 (Prop_lut6_I0_O)        0.124     1.156 r  protection_system_i/protection_ip_axi_lite_0/inst/u_adc_sample_cdc_bridge/u_fifo/rd_data[38]_INST_0_i_1/O
                         net (fo=1, routed)           0.000     1.156    protection_system_i/protection_ip_axi_lite_0/inst/u_adc_sample_cdc_bridge/u_fifo/rd_data[38]_INST_0_i_1_n_0
    SLICE_X85Y91         MUXF7 (Prop_muxf7_I0_O)      0.212     1.368 r  protection_system_i/protection_ip_axi_lite_0/inst/u_adc_sample_cdc_bridge/u_fifo/rd_data[38]_INST_0/O
                         net (fo=1, routed)           1.348     2.715    protection_system_i/protection_ip_axi_lite_0/inst/u_adc_sample_cdc_bridge/u_fifo_n_21
    SLICE_X66Y87         LUT3 (Prop_lut3_I1_O)        0.299     3.014 r  protection_system_i/protection_ip_axi_lite_0/inst/u_adc_sample_cdc_bridge/destination_data[38]_i_1/O
                         net (fo=1, routed)           0.000     3.014    protection_system_i/protection_ip_axi_lite_0/inst/u_adc_sample_cdc_bridge/destination_data[38]_i_1_n_0
    SLICE_X66Y87         FDCE                                         r  protection_system_i/protection_ip_axi_lite_0/inst/u_adc_sample_cdc_bridge/destination_data_reg[38]/D
  -------------------------------------------------------------------    -------------------

                         max delay                    8.000     8.000    
    SLICE_X66Y87         FDCE (Setup_fdce_C_D)        0.077     8.077    protection_system_i/protection_ip_axi_lite_0/inst/u_adc_sample_cdc_bridge/destination_data_reg[38]
  -------------------------------------------------------------------
                         required time                          8.077    
                         arrival time                          -3.014    
  -------------------------------------------------------------------
                         slack                                  5.063    

Slack (MET) :             5.079ns  (required time - arrival time)
  Source:                 protection_system_i/protection_ip_axi_lite_0/inst/u_adc_sample_cdc_bridge/u_fifo/mem_reg[3][6]/C
                            (rising edge-triggered cell FDRE clocked by clk_fpga_1  {rise@0.000ns fall@4.000ns period=8.000ns})
  Destination:            protection_system_i/protection_ip_axi_lite_0/inst/u_adc_sample_cdc_bridge/destination_data_reg[6]/D
                            (rising edge-triggered cell FDCE clocked by clk_fpga_0  {rise@0.000ns fall@5.000ns period=10.000ns})
  Path Group:             clk_fpga_0
  Path Type:              Setup (Max at Slow Process Corner)
  Requirement:            8.000ns  (MaxDelay Path 8.000ns)
  Data Path Delay:        2.952ns  (logic 1.116ns (37.800%)  route 1.836ns (62.200%))
  Logic Levels:           3  (LUT3=1 LUT6=1 MUXF7=1)
  Timing Exception:       MaxDelay Path 8.000ns -datapath_only

    Location             Delay type                Incr(ns)  Path(ns)    Netlist Resource(s)
  -------------------------------------------------------------------    -------------------
    SLICE_X59Y74                                      0.000     0.000 r  protection_system_i/protection_ip_axi_lite_0/inst/u_adc_sample_cdc_bridge/u_fifo/mem_reg[3][6]/C
    SLICE_X59Y74         FDRE (Prop_fdre_C_Q)         0.456     0.456 r  protection_system_i/protection_ip_axi_lite_0/inst/u_adc_sample_cdc_bridge/u_fifo/mem_reg[3][6]/Q
                         net (fo=1, routed)           0.805     1.261    protection_system_i/protection_ip_axi_lite_0/inst/u_adc_sample_cdc_bridge/u_fifo/mem_reg[3][6]
    SLICE_X60Y74         LUT6 (Prop_lut6_I0_O)        0.124     1.385 r  protection_system_i/protection_ip_axi_lite_0/inst/u_adc_sample_cdc_bridge/u_fifo/rd_data[6]_INST_0_i_1/O
                         net (fo=1, routed)           0.000     1.385    protection_system_i/protection_ip_axi_lite_0/inst/u_adc_sample_cdc_bridge/u_fifo/rd_data[6]_INST_0_i_1_n_0
    SLICE_X60Y74         MUXF7 (Prop_muxf7_I0_O)      0.238     1.623 r  protection_system_i/protection_ip_axi_lite_0/inst/u_adc_sample_cdc_bridge/u_fifo/rd_data[6]_INST_0/O
                         net (fo=1, routed)           1.031     2.654    protection_system_i/protection_ip_axi_lite_0/inst/u_adc_sample_cdc_bridge/u_fifo_n_53
    SLICE_X57Y78         LUT3 (Prop_lut3_I1_O)        0.298     2.952 r  protection_system_i/protection_ip_axi_lite_0/inst/u_adc_sample_cdc_bridge/destination_data[6]_i_1/O
                         net (fo=1, routed)           0.000     2.952    protection_system_i/protection_ip_axi_lite_0/inst/u_adc_sample_cdc_bridge/destination_data[6]_i_1_n_0
    SLICE_X57Y78         FDCE                                         r  protection_system_i/protection_ip_axi_lite_0/inst/u_adc_sample_cdc_bridge/destination_data_reg[6]/D
  -------------------------------------------------------------------    -------------------

                         max delay                    8.000     8.000    
    SLICE_X57Y78         FDCE (Setup_fdce_C_D)        0.031     8.031    protection_system_i/protection_ip_axi_lite_0/inst/u_adc_sample_cdc_bridge/destination_data_reg[6]
  -------------------------------------------------------------------
                         required time                          8.031    
                         arrival time                          -2.952    
  -------------------------------------------------------------------
                         slack                                  5.079    

Slack (MET) :             5.082ns  (required time - arrival time)
  Source:                 protection_system_i/protection_ip_axi_lite_0/inst/u_adc_sample_cdc_bridge/u_fifo/mem_reg[3][53]/C
                            (rising edge-triggered cell FDRE clocked by clk_fpga_1  {rise@0.000ns fall@4.000ns period=8.000ns})
  Destination:            protection_system_i/protection_ip_axi_lite_0/inst/u_adc_sample_cdc_bridge/destination_data_reg[53]/D
                            (rising edge-triggered cell FDCE clocked by clk_fpga_0  {rise@0.000ns fall@5.000ns period=10.000ns})
  Path Group:             clk_fpga_0
  Path Type:              Setup (Max at Slow Process Corner)
  Requirement:            8.000ns  (MaxDelay Path 8.000ns)
  Data Path Delay:        2.949ns  (logic 1.091ns (36.990%)  route 1.858ns (63.010%))
  Logic Levels:           3  (LUT3=1 LUT6=1 MUXF7=1)
  Timing Exception:       MaxDelay Path 8.000ns -datapath_only

    Location             Delay type                Incr(ns)  Path(ns)    Netlist Resource(s)
  -------------------------------------------------------------------    -------------------
    SLICE_X64Y100                                     0.000     0.000 r  protection_system_i/protection_ip_axi_lite_0/inst/u_adc_sample_cdc_bridge/u_fifo/mem_reg[3][53]/C
    SLICE_X64Y100        FDRE (Prop_fdre_C_Q)         0.456     0.456 r  protection_system_i/protection_ip_axi_lite_0/inst/u_adc_sample_cdc_bridge/u_fifo/mem_reg[3][53]/Q
                         net (fo=1, routed)           0.650     1.106    protection_system_i/protection_ip_axi_lite_0/inst/u_adc_sample_cdc_bridge/u_fifo/mem_reg[3][53]
    SLICE_X63Y101        LUT6 (Prop_lut6_I0_O)        0.124     1.230 r  protection_system_i/protection_ip_axi_lite_0/inst/u_adc_sample_cdc_bridge/u_fifo/rd_data[53]_INST_0_i_1/O
                         net (fo=1, routed)           0.000     1.230    protection_system_i/protection_ip_axi_lite_0/inst/u_adc_sample_cdc_bridge/u_fifo/rd_data[53]_INST_0_i_1_n_0
    SLICE_X63Y101        MUXF7 (Prop_muxf7_I0_O)      0.212     1.442 r  protection_system_i/protection_ip_axi_lite_0/inst/u_adc_sample_cdc_bridge/u_fifo/rd_data[53]_INST_0/O
                         net (fo=1, routed)           1.208     2.650    protection_system_i/protection_ip_axi_lite_0/inst/u_adc_sample_cdc_bridge/u_fifo_n_6
    SLICE_X63Y94         LUT3 (Prop_lut3_I1_O)        0.299     2.949 r  protection_system_i/protection_ip_axi_lite_0/inst/u_adc_sample_cdc_bridge/destination_data[53]_i_1/O
                         net (fo=1, routed)           0.000     2.949    protection_system_i/protection_ip_axi_lite_0/inst/u_adc_sample_cdc_bridge/destination_data[53]_i_1_n_0
    SLICE_X63Y94         FDCE                                         r  protection_system_i/protection_ip_axi_lite_0/inst/u_adc_sample_cdc_bridge/destination_data_reg[53]/D
  -------------------------------------------------------------------    -------------------

                         max delay                    8.000     8.000    
    SLICE_X63Y94         FDCE (Setup_fdce_C_D)        0.031     8.031    protection_system_i/protection_ip_axi_lite_0/inst/u_adc_sample_cdc_bridge/destination_data_reg[53]
  -------------------------------------------------------------------
                         required time                          8.031    
                         arrival time                          -2.949    
  -------------------------------------------------------------------
                         slack                                  5.082    

Slack (MET) :             5.083ns  (required time - arrival time)
  Source:                 protection_system_i/protection_ip_axi_lite_0/inst/u_adc_sample_cdc_bridge/u_fifo/mem_reg[3][8]/C
                            (rising edge-triggered cell FDRE clocked by clk_fpga_1  {rise@0.000ns fall@4.000ns period=8.000ns})
  Destination:            protection_system_i/protection_ip_axi_lite_0/inst/u_adc_sample_cdc_bridge/destination_data_reg[8]/D
                            (rising edge-triggered cell FDCE clocked by clk_fpga_0  {rise@0.000ns fall@5.000ns period=10.000ns})
  Path Group:             clk_fpga_0
  Path Type:              Setup (Max at Slow Process Corner)
  Requirement:            8.000ns  (MaxDelay Path 8.000ns)
  Data Path Delay:        2.948ns  (logic 1.254ns (42.534%)  route 1.694ns (57.466%))
  Logic Levels:           3  (LUT3=1 LUT6=1 MUXF7=1)
  Timing Exception:       MaxDelay Path 8.000ns -datapath_only

    Location             Delay type                Incr(ns)  Path(ns)    Netlist Resource(s)
  -------------------------------------------------------------------    -------------------
    SLICE_X64Y77                                      0.000     0.000 r  protection_system_i/protection_ip_axi_lite_0/inst/u_adc_sample_cdc_bridge/u_fifo/mem_reg[3][8]/C
    SLICE_X64Y77         FDRE (Prop_fdre_C_Q)         0.419     0.419 r  protection_system_i/protection_ip_axi_lite_0/inst/u_adc_sample_cdc_bridge/u_fifo/mem_reg[3][8]/Q
                         net (fo=1, routed)           0.724     1.143    protection_system_i/protection_ip_axi_lite_0/inst/u_adc_sample_cdc_bridge/u_fifo/mem_reg[3][8]
    SLICE_X63Y77         LUT6 (Prop_lut6_I0_O)        0.299     1.442 r  protection_system_i/protection_ip_axi_lite_0/inst/u_adc_sample_cdc_bridge/u_fifo/rd_data[8]_INST_0_i_1/O
                         net (fo=1, routed)           0.000     1.442    protection_system_i/protection_ip_axi_lite_0/inst/u_adc_sample_cdc_bridge/u_fifo/rd_data[8]_INST_0_i_1_n_0
    SLICE_X63Y77         MUXF7 (Prop_muxf7_I0_O)      0.238     1.680 r  protection_system_i/protection_ip_axi_lite_0/inst/u_adc_sample_cdc_bridge/u_fifo/rd_data[8]_INST_0/O
                         net (fo=1, routed)           0.970     2.650    protection_system_i/protection_ip_axi_lite_0/inst/u_adc_sample_cdc_bridge/u_fifo_n_51
    SLICE_X57Y78         LUT3 (Prop_lut3_I1_O)        0.298     2.948 r  protection_system_i/protection_ip_axi_lite_0/inst/u_adc_sample_cdc_bridge/destination_data[8]_i_1/O
                         net (fo=1, routed)           0.000     2.948    protection_system_i/protection_ip_axi_lite_0/inst/u_adc_sample_cdc_bridge/destination_data[8]_i_1_n_0
    SLICE_X57Y78         FDCE                                         r  protection_system_i/protection_ip_axi_lite_0/inst/u_adc_sample_cdc_bridge/destination_data_reg[8]/D
  -------------------------------------------------------------------    -------------------

                         max delay                    8.000     8.000    
    SLICE_X57Y78         FDCE (Setup_fdce_C_D)        0.031     8.031    protection_system_i/protection_ip_axi_lite_0/inst/u_adc_sample_cdc_bridge/destination_data_reg[8]
  -------------------------------------------------------------------
                         required time                          8.031    
                         arrival time                          -2.948    
  -------------------------------------------------------------------
                         slack                                  5.083    

Slack (MET) :             5.128ns  (required time - arrival time)
  Source:                 protection_system_i/protection_ip_axi_lite_0/inst/u_adc_sample_cdc_bridge/u_fifo/mem_reg[3][19]/C
                            (rising edge-triggered cell FDRE clocked by clk_fpga_1  {rise@0.000ns fall@4.000ns period=8.000ns})
  Destination:            protection_system_i/protection_ip_axi_lite_0/inst/u_adc_sample_cdc_bridge/destination_data_reg[19]/D
                            (rising edge-triggered cell FDCE clocked by clk_fpga_0  {rise@0.000ns fall@5.000ns period=10.000ns})
  Path Group:             clk_fpga_0
  Path Type:              Setup (Max at Slow Process Corner)
  Requirement:            8.000ns  (MaxDelay Path 8.000ns)
  Data Path Delay:        2.903ns  (logic 1.119ns (38.543%)  route 1.784ns (61.457%))
  Logic Levels:           3  (LUT3=1 LUT6=1 MUXF7=1)
  Timing Exception:       MaxDelay Path 8.000ns -datapath_only

    Location             Delay type                Incr(ns)  Path(ns)    Netlist Resource(s)
  -------------------------------------------------------------------    -------------------
    SLICE_X56Y73                                      0.000     0.000 r  protection_system_i/protection_ip_axi_lite_0/inst/u_adc_sample_cdc_bridge/u_fifo/mem_reg[3][19]/C
    SLICE_X56Y73         FDRE (Prop_fdre_C_Q)         0.456     0.456 r  protection_system_i/protection_ip_axi_lite_0/inst/u_adc_sample_cdc_bridge/u_fifo/mem_reg[3][19]/Q
                         net (fo=1, routed)           0.680     1.136    protection_system_i/protection_ip_axi_lite_0/inst/u_adc_sample_cdc_bridge/u_fifo/mem_reg[3][19]
    SLICE_X54Y73         LUT6 (Prop_lut6_I0_O)        0.124     1.260 r  protection_system_i/protection_ip_axi_lite_0/inst/u_adc_sample_cdc_bridge/u_fifo/rd_data[19]_INST_0_i_1/O
                         net (fo=1, routed)           0.000     1.260    protection_system_i/protection_ip_axi_lite_0/inst/u_adc_sample_cdc_bridge/u_fifo/rd_data[19]_INST_0_i_1_n_0
    SLICE_X54Y73         MUXF7 (Prop_muxf7_I0_O)      0.241     1.501 r  protection_system_i/protection_ip_axi_lite_0/inst/u_adc_sample_cdc_bridge/u_fifo/rd_data[19]_INST_0/O
                         net (fo=1, routed)           1.105     2.605    protection_system_i/protection_ip_axi_lite_0/inst/u_adc_sample_cdc_bridge/u_fifo_n_40
    SLICE_X48Y78         LUT3 (Prop_lut3_I1_O)        0.298     2.903 r  protection_system_i/protection_ip_axi_lite_0/inst/u_adc_sample_cdc_bridge/destination_data[19]_i_1/O
                         net (fo=1, routed)           0.000     2.903    protection_system_i/protection_ip_axi_lite_0/inst/u_adc_sample_cdc_bridge/destination_data[19]_i_1_n_0
    SLICE_X48Y78         FDCE                                         r  protection_system_i/protection_ip_axi_lite_0/inst/u_adc_sample_cdc_bridge/destination_data_reg[19]/D
  -------------------------------------------------------------------    -------------------

                         max delay                    8.000     8.000    
    SLICE_X48Y78         FDCE (Setup_fdce_C_D)        0.031     8.031    protection_system_i/protection_ip_axi_lite_0/inst/u_adc_sample_cdc_bridge/destination_data_reg[19]
  -------------------------------------------------------------------
                         required time                          8.031    
                         arrival time                          -2.903    
  -------------------------------------------------------------------
                         slack                                  5.128    

Slack (MET) :             5.145ns  (required time - arrival time)
  Source:                 protection_system_i/protection_ip_axi_lite_0/inst/u_adc_sample_cdc_bridge/u_fifo/mem_reg[3][32]/C
                            (rising edge-triggered cell FDRE clocked by clk_fpga_1  {rise@0.000ns fall@4.000ns period=8.000ns})
  Destination:            protection_system_i/protection_ip_axi_lite_0/inst/u_adc_sample_cdc_bridge/destination_data_reg[32]/D
                            (rising edge-triggered cell FDCE clocked by clk_fpga_0  {rise@0.000ns fall@5.000ns period=10.000ns})
  Path Group:             clk_fpga_0
  Path Type:              Setup (Max at Slow Process Corner)
  Requirement:            8.000ns  (MaxDelay Path 8.000ns)
  Data Path Delay:        2.884ns  (logic 1.181ns (40.944%)  route 1.703ns (59.056%))
  Logic Levels:           3  (LUT3=1 LUT6=1 MUXF7=1)
  Timing Exception:       MaxDelay Path 8.000ns -datapath_only

    Location             Delay type                Incr(ns)  Path(ns)    Netlist Resource(s)
  -------------------------------------------------------------------    -------------------
    SLICE_X66Y79                                      0.000     0.000 r  protection_system_i/protection_ip_axi_lite_0/inst/u_adc_sample_cdc_bridge/u_fifo/mem_reg[3][32]/C
    SLICE_X66Y79         FDRE (Prop_fdre_C_Q)         0.518     0.518 r  protection_system_i/protection_ip_axi_lite_0/inst/u_adc_sample_cdc_bridge/u_fifo/mem_reg[3][32]/Q
                         net (fo=1, routed)           0.970     1.488    protection_system_i/protection_ip_axi_lite_0/inst/u_adc_sample_cdc_bridge/u_fifo/mem_reg[3][32]
    SLICE_X66Y79         LUT6 (Prop_lut6_I0_O)        0.124     1.612 r  protection_system_i/protection_ip_axi_lite_0/inst/u_adc_sample_cdc_bridge/u_fifo/rd_data[32]_INST_0_i_1/O
                         net (fo=1, routed)           0.000     1.612    protection_system_i/protection_ip_axi_lite_0/inst/u_adc_sample_cdc_bridge/u_fifo/rd_data[32]_INST_0_i_1_n_0
    SLICE_X66Y79         MUXF7 (Prop_muxf7_I0_O)      0.241     1.853 r  protection_system_i/protection_ip_axi_lite_0/inst/u_adc_sample_cdc_bridge/u_fifo/rd_data[32]_INST_0/O
                         net (fo=1, routed)           0.733     2.586    protection_system_i/protection_ip_axi_lite_0/inst/u_adc_sample_cdc_bridge/u_fifo_n_27
    SLICE_X63Y80         LUT3 (Prop_lut3_I1_O)        0.298     2.884 r  protection_system_i/protection_ip_axi_lite_0/inst/u_adc_sample_cdc_bridge/destination_data[32]_i_1/O
                         net (fo=1, routed)           0.000     2.884    protection_system_i/protection_ip_axi_lite_0/inst/u_adc_sample_cdc_bridge/destination_data[32]_i_1_n_0
    SLICE_X63Y80         FDCE                                         r  protection_system_i/protection_ip_axi_lite_0/inst/u_adc_sample_cdc_bridge/destination_data_reg[32]/D
  -------------------------------------------------------------------    -------------------

                         max delay                    8.000     8.000    
    SLICE_X63Y80         FDCE (Setup_fdce_C_D)        0.029     8.029    protection_system_i/protection_ip_axi_lite_0/inst/u_adc_sample_cdc_bridge/destination_data_reg[32]
  -------------------------------------------------------------------
                         required time                          8.029    
                         arrival time                          -2.884    
  -------------------------------------------------------------------
                         slack                                  5.145    

Slack (MET) :             5.151ns  (required time - arrival time)
  Source:                 protection_system_i/protection_ip_axi_lite_0/inst/u_adc_sample_cdc_bridge/u_fifo/mem_reg[3][26]/C
                            (rising edge-triggered cell FDRE clocked by clk_fpga_1  {rise@0.000ns fall@4.000ns period=8.000ns})
  Destination:            protection_system_i/protection_ip_axi_lite_0/inst/u_adc_sample_cdc_bridge/destination_data_reg[26]/D
                            (rising edge-triggered cell FDCE clocked by clk_fpga_0  {rise@0.000ns fall@5.000ns period=10.000ns})
  Path Group:             clk_fpga_0
  Path Type:              Setup (Max at Slow Process Corner)
  Requirement:            8.000ns  (MaxDelay Path 8.000ns)
  Data Path Delay:        2.926ns  (logic 1.091ns (37.283%)  route 1.835ns (62.717%))
  Logic Levels:           3  (LUT3=1 LUT6=1 MUXF7=1)
  Timing Exception:       MaxDelay Path 8.000ns -datapath_only

    Location             Delay type                Incr(ns)  Path(ns)    Netlist Resource(s)
  -------------------------------------------------------------------    -------------------
    SLICE_X60Y78                                      0.000     0.000 r  protection_system_i/protection_ip_axi_lite_0/inst/u_adc_sample_cdc_bridge/u_fifo/mem_reg[3][26]/C
    SLICE_X60Y78         FDRE (Prop_fdre_C_Q)         0.456     0.456 r  protection_system_i/protection_ip_axi_lite_0/inst/u_adc_sample_cdc_bridge/u_fifo/mem_reg[3][26]/Q
                         net (fo=1, routed)           0.860     1.316    protection_system_i/protection_ip_axi_lite_0/inst/u_adc_sample_cdc_bridge/u_fifo/mem_reg[3][26]
    SLICE_X60Y77         LUT6 (Prop_lut6_I0_O)        0.124     1.440 r  protection_system_i/protection_ip_axi_lite_0/inst/u_adc_sample_cdc_bridge/u_fifo/rd_data[26]_INST_0_i_1/O
                         net (fo=1, routed)           0.000     1.440    protection_system_i/protection_ip_axi_lite_0/inst/u_adc_sample_cdc_bridge/u_fifo/rd_data[26]_INST_0_i_1_n_0
    SLICE_X60Y77         MUXF7 (Prop_muxf7_I0_O)      0.212     1.652 r  protection_system_i/protection_ip_axi_lite_0/inst/u_adc_sample_cdc_bridge/u_fifo/rd_data[26]_INST_0/O
                         net (fo=1, routed)           0.975     2.627    protection_system_i/protection_ip_axi_lite_0/inst/u_adc_sample_cdc_bridge/u_fifo_n_33
    SLICE_X58Y79         LUT3 (Prop_lut3_I1_O)        0.299     2.926 r  protection_system_i/protection_ip_axi_lite_0/inst/u_adc_sample_cdc_bridge/destination_data[26]_i_1/O
                         net (fo=1, routed)           0.000     2.926    protection_system_i/protection_ip_axi_lite_0/inst/u_adc_sample_cdc_bridge/destination_data[26]_i_1_n_0
    SLICE_X58Y79         FDCE                                         r  protection_system_i/protection_ip_axi_lite_0/inst/u_adc_sample_cdc_bridge/destination_data_reg[26]/D
  -------------------------------------------------------------------    -------------------

                         max delay                    8.000     8.000    
    SLICE_X58Y79         FDCE (Setup_fdce_C_D)        0.077     8.077    protection_system_i/protection_ip_axi_lite_0/inst/u_adc_sample_cdc_bridge/destination_data_reg[26]
  -------------------------------------------------------------------
                         required time                          8.077    
                         arrival time                          -2.926    
  -------------------------------------------------------------------
                         slack                                  5.151    

Slack (MET) :             5.175ns  (required time - arrival time)
  Source:                 protection_system_i/protection_ip_axi_lite_0/inst/u_adc_sample_cdc_bridge/u_fifo/mem_reg[3][15]/C
                            (rising edge-triggered cell FDRE clocked by clk_fpga_1  {rise@0.000ns fall@4.000ns period=8.000ns})
  Destination:            protection_system_i/protection_ip_axi_lite_0/inst/u_adc_sample_cdc_bridge/destination_data_reg[15]/D
                            (rising edge-triggered cell FDCE clocked by clk_fpga_0  {rise@0.000ns fall@5.000ns period=10.000ns})
  Path Group:             clk_fpga_0
  Path Type:              Setup (Max at Slow Process Corner)
  Requirement:            8.000ns  (MaxDelay Path 8.000ns)
  Data Path Delay:        2.856ns  (logic 1.091ns (38.204%)  route 1.765ns (61.796%))
  Logic Levels:           3  (LUT3=1 LUT6=1 MUXF7=1)
  Timing Exception:       MaxDelay Path 8.000ns -datapath_only

    Location             Delay type                Incr(ns)  Path(ns)    Netlist Resource(s)
  -------------------------------------------------------------------    -------------------
    SLICE_X53Y74                                      0.000     0.000 r  protection_system_i/protection_ip_axi_lite_0/inst/u_adc_sample_cdc_bridge/u_fifo/mem_reg[3][15]/C
    SLICE_X53Y74         FDRE (Prop_fdre_C_Q)         0.456     0.456 r  protection_system_i/protection_ip_axi_lite_0/inst/u_adc_sample_cdc_bridge/u_fifo/mem_reg[3][15]/Q
                         net (fo=1, routed)           0.933     1.389    protection_system_i/protection_ip_axi_lite_0/inst/u_adc_sample_cdc_bridge/u_fifo/mem_reg[3][15]
    SLICE_X52Y75         LUT6 (Prop_lut6_I0_O)        0.124     1.513 r  protection_system_i/protection_ip_axi_lite_0/inst/u_adc_sample_cdc_bridge/u_fifo/rd_data[15]_INST_0_i_1/O
                         net (fo=1, routed)           0.000     1.513    protection_system_i/protection_ip_axi_lite_0/inst/u_adc_sample_cdc_bridge/u_fifo/rd_data[15]_INST_0_i_1_n_0
    SLICE_X52Y75         MUXF7 (Prop_muxf7_I0_O)      0.212     1.725 r  protection_system_i/protection_ip_axi_lite_0/inst/u_adc_sample_cdc_bridge/u_fifo/rd_data[15]_INST_0/O
                         net (fo=1, routed)           0.832     2.557    protection_system_i/protection_ip_axi_lite_0/inst/u_adc_sample_cdc_bridge/u_fifo_n_44
    SLICE_X48Y79         LUT3 (Prop_lut3_I1_O)        0.299     2.856 r  protection_system_i/protection_ip_axi_lite_0/inst/u_adc_sample_cdc_bridge/destination_data[15]_i_1/O
                         net (fo=1, routed)           0.000     2.856    protection_system_i/protection_ip_axi_lite_0/inst/u_adc_sample_cdc_bridge/destination_data[15]_i_1_n_0
    SLICE_X48Y79         FDCE                                         r  protection_system_i/protection_ip_axi_lite_0/inst/u_adc_sample_cdc_bridge/destination_data_reg[15]/D
  -------------------------------------------------------------------    -------------------

                         max delay                    8.000     8.000    
    SLICE_X48Y79         FDCE (Setup_fdce_C_D)        0.031     8.031    protection_system_i/protection_ip_axi_lite_0/inst/u_adc_sample_cdc_bridge/destination_data_reg[15]
  -------------------------------------------------------------------
                         required time                          8.031    
                         arrival time                          -2.856    
  -------------------------------------------------------------------
                         slack                                  5.175    

Slack (MET) :             5.206ns  (required time - arrival time)
  Source:                 protection_system_i/protection_ip_axi_lite_0/inst/u_adc_sample_cdc_bridge/u_fifo/mem_reg[3][34]/C
                            (rising edge-triggered cell FDRE clocked by clk_fpga_1  {rise@0.000ns fall@4.000ns period=8.000ns})
  Destination:            protection_system_i/protection_ip_axi_lite_0/inst/u_adc_sample_cdc_bridge/destination_data_reg[34]/D
                            (rising edge-triggered cell FDCE clocked by clk_fpga_0  {rise@0.000ns fall@5.000ns period=10.000ns})
  Path Group:             clk_fpga_0
  Path Type:              Setup (Max at Slow Process Corner)
  Requirement:            8.000ns  (MaxDelay Path 8.000ns)
  Data Path Delay:        2.823ns  (logic 1.181ns (41.838%)  route 1.642ns (58.162%))
  Logic Levels:           3  (LUT3=1 LUT6=1 MUXF7=1)
  Timing Exception:       MaxDelay Path 8.000ns -datapath_only

    Location             Delay type                Incr(ns)  Path(ns)    Netlist Resource(s)
  -------------------------------------------------------------------    -------------------
    SLICE_X82Y83                                      0.000     0.000 r  protection_system_i/protection_ip_axi_lite_0/inst/u_adc_sample_cdc_bridge/u_fifo/mem_reg[3][34]/C
    SLICE_X82Y83         FDRE (Prop_fdre_C_Q)         0.518     0.518 r  protection_system_i/protection_ip_axi_lite_0/inst/u_adc_sample_cdc_bridge/u_fifo/mem_reg[3][34]/Q
                         net (fo=1, routed)           0.676     1.194    protection_system_i/protection_ip_axi_lite_0/inst/u_adc_sample_cdc_bridge/u_fifo/mem_reg[3][34]
    SLICE_X82Y82         LUT6 (Prop_lut6_I0_O)        0.124     1.318 r  protection_system_i/protection_ip_axi_lite_0/inst/u_adc_sample_cdc_bridge/u_fifo/rd_data[34]_INST_0_i_1/O
                         net (fo=1, routed)           0.000     1.318    protection_system_i/protection_ip_axi_lite_0/inst/u_adc_sample_cdc_bridge/u_fifo/rd_data[34]_INST_0_i_1_n_0
    SLICE_X82Y82         MUXF7 (Prop_muxf7_I0_O)      0.241     1.559 r  protection_system_i/protection_ip_axi_lite_0/inst/u_adc_sample_cdc_bridge/u_fifo/rd_data[34]_INST_0/O
                         net (fo=1, routed)           0.966     2.525    protection_system_i/protection_ip_axi_lite_0/inst/u_adc_sample_cdc_bridge/u_fifo_n_25
    SLICE_X67Y81         LUT3 (Prop_lut3_I1_O)        0.298     2.823 r  protection_system_i/protection_ip_axi_lite_0/inst/u_adc_sample_cdc_bridge/destination_data[34]_i_1/O
                         net (fo=1, routed)           0.000     2.823    protection_system_i/protection_ip_axi_lite_0/inst/u_adc_sample_cdc_bridge/destination_data[34]_i_1_n_0
    SLICE_X67Y81         FDCE                                         r  protection_system_i/protection_ip_axi_lite_0/inst/u_adc_sample_cdc_bridge/destination_data_reg[34]/D
  -------------------------------------------------------------------    -------------------

                         max delay                    8.000     8.000    
    SLICE_X67Y81         FDCE (Setup_fdce_C_D)        0.029     8.029    protection_system_i/protection_ip_axi_lite_0/inst/u_adc_sample_cdc_bridge/destination_data_reg[34]
  -------------------------------------------------------------------
                         required time                          8.029    
                         arrival time                          -2.823    
  -------------------------------------------------------------------
                         slack                                  5.206    

Slack (MET) :             5.214ns  (required time - arrival time)
  Source:                 protection_system_i/protection_ip_axi_lite_0/inst/u_adc_sample_cdc_bridge/u_fifo/mem_reg[3][11]/C
                            (rising edge-triggered cell FDRE clocked by clk_fpga_1  {rise@0.000ns fall@4.000ns period=8.000ns})
  Destination:            protection_system_i/protection_ip_axi_lite_0/inst/u_adc_sample_cdc_bridge/destination_data_reg[11]/D
                            (rising edge-triggered cell FDCE clocked by clk_fpga_0  {rise@0.000ns fall@5.000ns period=10.000ns})
  Path Group:             clk_fpga_0
  Path Type:              Setup (Max at Slow Process Corner)
  Requirement:            8.000ns  (MaxDelay Path 8.000ns)
  Data Path Delay:        2.815ns  (logic 1.091ns (38.756%)  route 1.724ns (61.244%))
  Logic Levels:           3  (LUT3=1 LUT6=1 MUXF7=1)
  Timing Exception:       MaxDelay Path 8.000ns -datapath_only

    Location             Delay type                Incr(ns)  Path(ns)    Netlist Resource(s)
  -------------------------------------------------------------------    -------------------
    SLICE_X56Y73                                      0.000     0.000 r  protection_system_i/protection_ip_axi_lite_0/inst/u_adc_sample_cdc_bridge/u_fifo/mem_reg[3][11]/C
    SLICE_X56Y73         FDRE (Prop_fdre_C_Q)         0.456     0.456 r  protection_system_i/protection_ip_axi_lite_0/inst/u_adc_sample_cdc_bridge/u_fifo/mem_reg[3][11]/Q
                         net (fo=1, routed)           0.703     1.159    protection_system_i/protection_ip_axi_lite_0/inst/u_adc_sample_cdc_bridge/u_fifo/mem_reg[3][11]
    SLICE_X56Y75         LUT6 (Prop_lut6_I0_O)        0.124     1.283 r  protection_system_i/protection_ip_axi_lite_0/inst/u_adc_sample_cdc_bridge/u_fifo/rd_data[11]_INST_0_i_1/O
                         net (fo=1, routed)           0.000     1.283    protection_system_i/protection_ip_axi_lite_0/inst/u_adc_sample_cdc_bridge/u_fifo/rd_data[11]_INST_0_i_1_n_0
    SLICE_X56Y75         MUXF7 (Prop_muxf7_I0_O)      0.212     1.495 r  protection_system_i/protection_ip_axi_lite_0/inst/u_adc_sample_cdc_bridge/u_fifo/rd_data[11]_INST_0/O
                         net (fo=1, routed)           1.021     2.516    protection_system_i/protection_ip_axi_lite_0/inst/u_adc_sample_cdc_bridge/u_fifo_n_48
    SLICE_X55Y81         LUT3 (Prop_lut3_I1_O)        0.299     2.815 r  protection_system_i/protection_ip_axi_lite_0/inst/u_adc_sample_cdc_bridge/destination_data[11]_i_1/O
                         net (fo=1, routed)           0.000     2.815    protection_system_i/protection_ip_axi_lite_0/inst/u_adc_sample_cdc_bridge/destination_data[11]_i_1_n_0
    SLICE_X55Y81         FDCE                                         r  protection_system_i/protection_ip_axi_lite_0/inst/u_adc_sample_cdc_bridge/destination_data_reg[11]/D
  -------------------------------------------------------------------    -------------------

                         max delay                    8.000     8.000    
    SLICE_X55Y81         FDCE (Setup_fdce_C_D)        0.029     8.029    protection_system_i/protection_ip_axi_lite_0/inst/u_adc_sample_cdc_bridge/destination_data_reg[11]
  -------------------------------------------------------------------
                         required time                          8.029    
                         arrival time                          -2.815    
  -------------------------------------------------------------------
                         slack                                  5.214    

Slack (MET) :             5.222ns  (required time - arrival time)
  Source:                 protection_system_i/protection_ip_axi_lite_0/inst/u_adc_sample_cdc_bridge/u_fifo/mem_reg[3][17]/C
                            (rising edge-triggered cell FDRE clocked by clk_fpga_1  {rise@0.000ns fall@4.000ns period=8.000ns})
  Destination:            protection_system_i/protection_ip_axi_lite_0/inst/u_adc_sample_cdc_bridge/destination_data_reg[17]/D
                            (rising edge-triggered cell FDCE clocked by clk_fpga_0  {rise@0.000ns fall@5.000ns period=10.000ns})
  Path Group:             clk_fpga_0
  Path Type:              Setup (Max at Slow Process Corner)
  Requirement:            8.000ns  (MaxDelay Path 8.000ns)
  Data Path Delay:        2.809ns  (logic 1.091ns (38.842%)  route 1.718ns (61.158%))
  Logic Levels:           3  (LUT3=1 LUT6=1 MUXF7=1)
  Timing Exception:       MaxDelay Path 8.000ns -datapath_only

    Location             Delay type                Incr(ns)  Path(ns)    Netlist Resource(s)
  -------------------------------------------------------------------    -------------------
    SLICE_X53Y74                                      0.000     0.000 r  protection_system_i/protection_ip_axi_lite_0/inst/u_adc_sample_cdc_bridge/u_fifo/mem_reg[3][17]/C
    SLICE_X53Y74         FDRE (Prop_fdre_C_Q)         0.456     0.456 r  protection_system_i/protection_ip_axi_lite_0/inst/u_adc_sample_cdc_bridge/u_fifo/mem_reg[3][17]/Q
                         net (fo=1, routed)           0.835     1.291    protection_system_i/protection_ip_axi_lite_0/inst/u_adc_sample_cdc_bridge/u_fifo/mem_reg[3][17]
    SLICE_X51Y75         LUT6 (Prop_lut6_I0_O)        0.124     1.415 r  protection_system_i/protection_ip_axi_lite_0/inst/u_adc_sample_cdc_bridge/u_fifo/rd_data[17]_INST_0_i_1/O
                         net (fo=1, routed)           0.000     1.415    protection_system_i/protection_ip_axi_lite_0/inst/u_adc_sample_cdc_bridge/u_fifo/rd_data[17]_INST_0_i_1_n_0
    SLICE_X51Y75         MUXF7 (Prop_muxf7_I0_O)      0.212     1.627 r  protection_system_i/protection_ip_axi_lite_0/inst/u_adc_sample_cdc_bridge/u_fifo/rd_data[17]_INST_0/O
                         net (fo=1, routed)           0.883     2.510    protection_system_i/protection_ip_axi_lite_0/inst/u_adc_sample_cdc_bridge/u_fifo_n_42
    SLICE_X48Y79         LUT3 (Prop_lut3_I1_O)        0.299     2.809 r  protection_system_i/protection_ip_axi_lite_0/inst/u_adc_sample_cdc_bridge/destination_data[17]_i_1/O
                         net (fo=1, routed)           0.000     2.809    protection_system_i/protection_ip_axi_lite_0/inst/u_adc_sample_cdc_bridge/destination_data[17]_i_1_n_0
    SLICE_X48Y79         FDCE                                         r  protection_system_i/protection_ip_axi_lite_0/inst/u_adc_sample_cdc_bridge/destination_data_reg[17]/D
  -------------------------------------------------------------------    -------------------

                         max delay                    8.000     8.000    
    SLICE_X48Y79         FDCE (Setup_fdce_C_D)        0.031     8.031    protection_system_i/protection_ip_axi_lite_0/inst/u_adc_sample_cdc_bridge/destination_data_reg[17]
  -------------------------------------------------------------------
                         required time                          8.031    
                         arrival time                          -2.809    
  -------------------------------------------------------------------
                         slack                                  5.222    

Slack (MET) :             5.241ns  (required time - arrival time)
  Source:                 protection_system_i/protection_ip_axi_lite_0/inst/u_adc_sample_cdc_bridge/u_fifo/mem_reg[3][55]/C
                            (rising edge-triggered cell FDRE clocked by clk_fpga_1  {rise@0.000ns fall@4.000ns period=8.000ns})
  Destination:            protection_system_i/protection_ip_axi_lite_0/inst/u_adc_sample_cdc_bridge/destination_data_reg[55]/D
                            (rising edge-triggered cell FDCE clocked by clk_fpga_0  {rise@0.000ns fall@5.000ns period=10.000ns})
  Path Group:             clk_fpga_0
  Path Type:              Setup (Max at Slow Process Corner)
  Requirement:            8.000ns  (MaxDelay Path 8.000ns)
  Data Path Delay:        2.791ns  (logic 1.251ns (44.817%)  route 1.540ns (55.183%))
  Logic Levels:           3  (LUT3=1 LUT6=1 MUXF7=1)
  Timing Exception:       MaxDelay Path 8.000ns -datapath_only

    Location             Delay type                Incr(ns)  Path(ns)    Netlist Resource(s)
  -------------------------------------------------------------------    -------------------
    SLICE_X64Y100                                     0.000     0.000 r  protection_system_i/protection_ip_axi_lite_0/inst/u_adc_sample_cdc_bridge/u_fifo/mem_reg[3][55]/C
    SLICE_X64Y100        FDRE (Prop_fdre_C_Q)         0.419     0.419 r  protection_system_i/protection_ip_axi_lite_0/inst/u_adc_sample_cdc_bridge/u_fifo/mem_reg[3][55]/Q
                         net (fo=1, routed)           0.518     0.937    protection_system_i/protection_ip_axi_lite_0/inst/u_adc_sample_cdc_bridge/u_fifo/mem_reg[3][55]
    SLICE_X63Y101        LUT6 (Prop_lut6_I0_O)        0.296     1.233 r  protection_system_i/protection_ip_axi_lite_0/inst/u_adc_sample_cdc_bridge/u_fifo/rd_data[55]_INST_0_i_1/O
                         net (fo=1, routed)           0.000     1.233    protection_system_i/protection_ip_axi_lite_0/inst/u_adc_sample_cdc_bridge/u_fifo/rd_data[55]_INST_0_i_1_n_0
    SLICE_X63Y101        MUXF7 (Prop_muxf7_I0_O)      0.238     1.471 r  protection_system_i/protection_ip_axi_lite_0/inst/u_adc_sample_cdc_bridge/u_fifo/rd_data[55]_INST_0/O
                         net (fo=1, routed)           1.023     2.493    protection_system_i/protection_ip_axi_lite_0/inst/u_adc_sample_cdc_bridge/u_fifo_n_4
    SLICE_X63Y94         LUT3 (Prop_lut3_I1_O)        0.298     2.791 r  protection_system_i/protection_ip_axi_lite_0/inst/u_adc_sample_cdc_bridge/destination_data[55]_i_1/O
                         net (fo=1, routed)           0.000     2.791    protection_system_i/protection_ip_axi_lite_0/inst/u_adc_sample_cdc_bridge/destination_data[55]_i_1_n_0
    SLICE_X63Y94         FDCE                                         r  protection_system_i/protection_ip_axi_lite_0/inst/u_adc_sample_cdc_bridge/destination_data_reg[55]/D
  -------------------------------------------------------------------    -------------------

                         max delay                    8.000     8.000    
    SLICE_X63Y94         FDCE (Setup_fdce_C_D)        0.032     8.032    protection_system_i/protection_ip_axi_lite_0/inst/u_adc_sample_cdc_bridge/destination_data_reg[55]
  -------------------------------------------------------------------
                         required time                          8.032    
                         arrival time                          -2.791    
  -------------------------------------------------------------------
                         slack                                  5.241    

Slack (MET) :             5.248ns  (required time - arrival time)
  Source:                 protection_system_i/protection_ip_axi_lite_0/inst/u_adc_sample_cdc_bridge/u_fifo/mem_reg[3][1]/C
                            (rising edge-triggered cell FDRE clocked by clk_fpga_1  {rise@0.000ns fall@4.000ns period=8.000ns})
  Destination:            protection_system_i/protection_ip_axi_lite_0/inst/u_adc_sample_cdc_bridge/destination_data_reg[1]/D
                            (rising edge-triggered cell FDCE clocked by clk_fpga_0  {rise@0.000ns fall@5.000ns period=10.000ns})
  Path Group:             clk_fpga_0
  Path Type:              Setup (Max at Slow Process Corner)
  Requirement:            8.000ns  (MaxDelay Path 8.000ns)
  Data Path Delay:        2.781ns  (logic 1.153ns (41.456%)  route 1.628ns (58.544%))
  Logic Levels:           3  (LUT3=1 LUT6=1 MUXF7=1)
  Timing Exception:       MaxDelay Path 8.000ns -datapath_only

    Location             Delay type                Incr(ns)  Path(ns)    Netlist Resource(s)
  -------------------------------------------------------------------    -------------------
    SLICE_X58Y75                                      0.000     0.000 r  protection_system_i/protection_ip_axi_lite_0/inst/u_adc_sample_cdc_bridge/u_fifo/mem_reg[3][1]/C
    SLICE_X58Y75         FDRE (Prop_fdre_C_Q)         0.518     0.518 r  protection_system_i/protection_ip_axi_lite_0/inst/u_adc_sample_cdc_bridge/u_fifo/mem_reg[3][1]/Q
                         net (fo=1, routed)           0.442     0.960    protection_system_i/protection_ip_axi_lite_0/inst/u_adc_sample_cdc_bridge/u_fifo/mem_reg[3][1]
    SLICE_X57Y74         LUT6 (Prop_lut6_I0_O)        0.124     1.084 r  protection_system_i/protection_ip_axi_lite_0/inst/u_adc_sample_cdc_bridge/u_fifo/rd_data[1]_INST_0_i_1/O
                         net (fo=1, routed)           0.000     1.084    protection_system_i/protection_ip_axi_lite_0/inst/u_adc_sample_cdc_bridge/u_fifo/rd_data[1]_INST_0_i_1_n_0
    SLICE_X57Y74         MUXF7 (Prop_muxf7_I0_O)      0.212     1.296 r  protection_system_i/protection_ip_axi_lite_0/inst/u_adc_sample_cdc_bridge/u_fifo/rd_data[1]_INST_0/O
                         net (fo=1, routed)           1.186     2.482    protection_system_i/protection_ip_axi_lite_0/inst/u_adc_sample_cdc_bridge/u_fifo_n_58
    SLICE_X57Y80         LUT3 (Prop_lut3_I1_O)        0.299     2.781 r  protection_system_i/protection_ip_axi_lite_0/inst/u_adc_sample_cdc_bridge/destination_data[1]_i_1/O
                         net (fo=1, routed)           0.000     2.781    protection_system_i/protection_ip_axi_lite_0/inst/u_adc_sample_cdc_bridge/destination_data[1]_i_1_n_0
    SLICE_X57Y80         FDCE                                         r  protection_system_i/protection_ip_axi_lite_0/inst/u_adc_sample_cdc_bridge/destination_data_reg[1]/D
  -------------------------------------------------------------------    -------------------

                         max delay                    8.000     8.000    
    SLICE_X57Y80         FDCE (Setup_fdce_C_D)        0.029     8.029    protection_system_i/protection_ip_axi_lite_0/inst/u_adc_sample_cdc_bridge/destination_data_reg[1]
  -------------------------------------------------------------------
                         required time                          8.029    
                         arrival time                          -2.781    
  -------------------------------------------------------------------
                         slack                                  5.248    

Slack (MET) :             5.256ns  (required time - arrival time)
  Source:                 protection_system_i/protection_ip_axi_lite_0/inst/u_adc_sample_cdc_bridge/u_fifo/mem_reg[3][3]/C
                            (rising edge-triggered cell FDRE clocked by clk_fpga_1  {rise@0.000ns fall@4.000ns period=8.000ns})
  Destination:            protection_system_i/protection_ip_axi_lite_0/inst/u_adc_sample_cdc_bridge/destination_data_reg[3]/D
                            (rising edge-triggered cell FDCE clocked by clk_fpga_0  {rise@0.000ns fall@5.000ns period=10.000ns})
  Path Group:             clk_fpga_0
  Path Type:              Setup (Max at Slow Process Corner)
  Requirement:            8.000ns  (MaxDelay Path 8.000ns)
  Data Path Delay:        2.773ns  (logic 1.226ns (44.208%)  route 1.547ns (55.792%))
  Logic Levels:           3  (LUT3=1 LUT6=1 MUXF7=1)
  Timing Exception:       MaxDelay Path 8.000ns -datapath_only

    Location             Delay type                Incr(ns)  Path(ns)    Netlist Resource(s)
  -------------------------------------------------------------------    -------------------
    SLICE_X53Y74                                      0.000     0.000 r  protection_system_i/protection_ip_axi_lite_0/inst/u_adc_sample_cdc_bridge/u_fifo/mem_reg[3][3]/C
    SLICE_X53Y74         FDRE (Prop_fdre_C_Q)         0.419     0.419 r  protection_system_i/protection_ip_axi_lite_0/inst/u_adc_sample_cdc_bridge/u_fifo/mem_reg[3][3]/Q
                         net (fo=1, routed)           0.827     1.246    protection_system_i/protection_ip_axi_lite_0/inst/u_adc_sample_cdc_bridge/u_fifo/mem_reg[3][3]
    SLICE_X53Y75         LUT6 (Prop_lut6_I0_O)        0.296     1.542 r  protection_system_i/protection_ip_axi_lite_0/inst/u_adc_sample_cdc_bridge/u_fifo/rd_data[3]_INST_0_i_1/O
                         net (fo=1, routed)           0.000     1.542    protection_system_i/protection_ip_axi_lite_0/inst/u_adc_sample_cdc_bridge/u_fifo/rd_data[3]_INST_0_i_1_n_0
    SLICE_X53Y75         MUXF7 (Prop_muxf7_I0_O)      0.212     1.754 r  protection_system_i/protection_ip_axi_lite_0/inst/u_adc_sample_cdc_bridge/u_fifo/rd_data[3]_INST_0/O
                         net (fo=1, routed)           0.720     2.474    protection_system_i/protection_ip_axi_lite_0/inst/u_adc_sample_cdc_bridge/u_fifo_n_56
    SLICE_X53Y78         LUT3 (Prop_lut3_I1_O)        0.299     2.773 r  protection_system_i/protection_ip_axi_lite_0/inst/u_adc_sample_cdc_bridge/destination_data[3]_i_1/O
                         net (fo=1, routed)           0.000     2.773    protection_system_i/protection_ip_axi_lite_0/inst/u_adc_sample_cdc_bridge/destination_data[3]_i_1_n_0
    SLICE_X53Y78         FDCE                                         r  protection_system_i/protection_ip_axi_lite_0/inst/u_adc_sample_cdc_bridge/destination_data_reg[3]/D
  -------------------------------------------------------------------    -------------------

                         max delay                    8.000     8.000    
    SLICE_X53Y78         FDCE (Setup_fdce_C_D)        0.029     8.029    protection_system_i/protection_ip_axi_lite_0/inst/u_adc_sample_cdc_bridge/destination_data_reg[3]
  -------------------------------------------------------------------
                         required time                          8.029    
                         arrival time                          -2.773    
  -------------------------------------------------------------------
                         slack                                  5.256    

Slack (MET) :             5.264ns  (required time - arrival time)
  Source:                 protection_system_i/protection_ip_axi_lite_0/inst/u_adc_sample_cdc_bridge/u_fifo/mem_reg[3][52]/C
                            (rising edge-triggered cell FDRE clocked by clk_fpga_1  {rise@0.000ns fall@4.000ns period=8.000ns})
  Destination:            protection_system_i/protection_ip_axi_lite_0/inst/u_adc_sample_cdc_bridge/destination_data_reg[52]/D
                            (rising edge-triggered cell FDCE clocked by clk_fpga_0  {rise@0.000ns fall@5.000ns period=10.000ns})
  Path Group:             clk_fpga_0
  Path Type:              Setup (Max at Slow Process Corner)
  Requirement:            8.000ns  (MaxDelay Path 8.000ns)
  Data Path Delay:        2.765ns  (logic 1.086ns (39.274%)  route 1.679ns (60.726%))
  Logic Levels:           3  (LUT3=1 LUT6=1 MUXF7=1)
  Timing Exception:       MaxDelay Path 8.000ns -datapath_only

    Location             Delay type                Incr(ns)  Path(ns)    Netlist Resource(s)
  -------------------------------------------------------------------    -------------------
    SLICE_X57Y99                                      0.000     0.000 r  protection_system_i/protection_ip_axi_lite_0/inst/u_adc_sample_cdc_bridge/u_fifo/mem_reg[3][52]/C
    SLICE_X57Y99         FDRE (Prop_fdre_C_Q)         0.456     0.456 r  protection_system_i/protection_ip_axi_lite_0/inst/u_adc_sample_cdc_bridge/u_fifo/mem_reg[3][52]/Q
                         net (fo=1, routed)           1.070     1.526    protection_system_i/protection_ip_axi_lite_0/inst/u_adc_sample_cdc_bridge/u_fifo/mem_reg[3][52]
    SLICE_X58Y99         LUT6 (Prop_lut6_I0_O)        0.124     1.650 r  protection_system_i/protection_ip_axi_lite_0/inst/u_adc_sample_cdc_bridge/u_fifo/rd_data[52]_INST_0_i_1/O
                         net (fo=1, routed)           0.000     1.650    protection_system_i/protection_ip_axi_lite_0/inst/u_adc_sample_cdc_bridge/u_fifo/rd_data[52]_INST_0_i_1_n_0
    SLICE_X58Y99         MUXF7 (Prop_muxf7_I0_O)      0.209     1.859 r  protection_system_i/protection_ip_axi_lite_0/inst/u_adc_sample_cdc_bridge/u_fifo/rd_data[52]_INST_0/O
                         net (fo=1, routed)           0.609     2.468    protection_system_i/protection_ip_axi_lite_0/inst/u_adc_sample_cdc_bridge/u_fifo_n_7
    SLICE_X60Y94         LUT3 (Prop_lut3_I1_O)        0.297     2.765 r  protection_system_i/protection_ip_axi_lite_0/inst/u_adc_sample_cdc_bridge/destination_data[52]_i_1/O
                         net (fo=1, routed)           0.000     2.765    protection_system_i/protection_ip_axi_lite_0/inst/u_adc_sample_cdc_bridge/destination_data[52]_i_1_n_0
    SLICE_X60Y94         FDCE                                         r  protection_system_i/protection_ip_axi_lite_0/inst/u_adc_sample_cdc_bridge/destination_data_reg[52]/D
  -------------------------------------------------------------------    -------------------

                         max delay                    8.000     8.000    
    SLICE_X60Y94         FDCE (Setup_fdce_C_D)        0.029     8.029    protection_system_i/protection_ip_axi_lite_0/inst/u_adc_sample_cdc_bridge/destination_data_reg[52]
  -------------------------------------------------------------------
                         required time                          8.029    
                         arrival time                          -2.765    
  -------------------------------------------------------------------
                         slack                                  5.264    

Slack (MET) :             5.281ns  (required time - arrival time)
  Source:                 protection_system_i/protection_ip_axi_lite_0/inst/u_adc_sample_cdc_bridge/u_fifo/mem_reg[3][42]/C
                            (rising edge-triggered cell FDRE clocked by clk_fpga_1  {rise@0.000ns fall@4.000ns period=8.000ns})
  Destination:            protection_system_i/protection_ip_axi_lite_0/inst/u_adc_sample_cdc_bridge/destination_data_reg[42]/D
                            (rising edge-triggered cell FDCE clocked by clk_fpga_0  {rise@0.000ns fall@5.000ns period=10.000ns})
  Path Group:             clk_fpga_0
  Path Type:              Setup (Max at Slow Process Corner)
  Requirement:            8.000ns  (MaxDelay Path 8.000ns)
  Data Path Delay:        2.750ns  (logic 1.229ns (44.691%)  route 1.521ns (55.309%))
  Logic Levels:           3  (LUT3=1 LUT6=1 MUXF7=1)
  Timing Exception:       MaxDelay Path 8.000ns -datapath_only

    Location             Delay type                Incr(ns)  Path(ns)    Netlist Resource(s)
  -------------------------------------------------------------------    -------------------
    SLICE_X85Y92                                      0.000     0.000 r  protection_system_i/protection_ip_axi_lite_0/inst/u_adc_sample_cdc_bridge/u_fifo/mem_reg[3][42]/C
    SLICE_X85Y92         FDRE (Prop_fdre_C_Q)         0.419     0.419 r  protection_system_i/protection_ip_axi_lite_0/inst/u_adc_sample_cdc_bridge/u_fifo/mem_reg[3][42]/Q
                         net (fo=1, routed)           0.434     0.853    protection_system_i/protection_ip_axi_lite_0/inst/u_adc_sample_cdc_bridge/u_fifo/mem_reg[3][42]
    SLICE_X85Y92         LUT6 (Prop_lut6_I0_O)        0.299     1.152 r  protection_system_i/protection_ip_axi_lite_0/inst/u_adc_sample_cdc_bridge/u_fifo/rd_data[42]_INST_0_i_1/O
                         net (fo=1, routed)           0.000     1.152    protection_system_i/protection_ip_axi_lite_0/inst/u_adc_sample_cdc_bridge/u_fifo/rd_data[42]_INST_0_i_1_n_0
    SLICE_X85Y92         MUXF7 (Prop_muxf7_I0_O)      0.212     1.364 r  protection_system_i/protection_ip_axi_lite_0/inst/u_adc_sample_cdc_bridge/u_fifo/rd_data[42]_INST_0/O
                         net (fo=1, routed)           1.087     2.451    protection_system_i/protection_ip_axi_lite_0/inst/u_adc_sample_cdc_bridge/u_fifo_n_17
    SLICE_X65Y92         LUT3 (Prop_lut3_I1_O)        0.299     2.750 r  protection_system_i/protection_ip_axi_lite_0/inst/u_adc_sample_cdc_bridge/destination_data[42]_i_1/O
                         net (fo=1, routed)           0.000     2.750    protection_system_i/protection_ip_axi_lite_0/inst/u_adc_sample_cdc_bridge/destination_data[42]_i_1_n_0
    SLICE_X65Y92         FDCE                                         r  protection_system_i/protection_ip_axi_lite_0/inst/u_adc_sample_cdc_bridge/destination_data_reg[42]/D
  -------------------------------------------------------------------    -------------------

                         max delay                    8.000     8.000    
    SLICE_X65Y92         FDCE (Setup_fdce_C_D)        0.031     8.031    protection_system_i/protection_ip_axi_lite_0/inst/u_adc_sample_cdc_bridge/destination_data_reg[42]
  -------------------------------------------------------------------
                         required time                          8.031    
                         arrival time                          -2.750    
  -------------------------------------------------------------------
                         slack                                  5.281    

Slack (MET) :             5.311ns  (required time - arrival time)
  Source:                 protection_system_i/protection_ip_axi_lite_0/inst/u_adc_sample_cdc_bridge/u_fifo/mem_reg[3][30]/C
                            (rising edge-triggered cell FDRE clocked by clk_fpga_1  {rise@0.000ns fall@4.000ns period=8.000ns})
  Destination:            protection_system_i/protection_ip_axi_lite_0/inst/u_adc_sample_cdc_bridge/destination_data_reg[30]/D
                            (rising edge-triggered cell FDCE clocked by clk_fpga_0  {rise@0.000ns fall@5.000ns period=10.000ns})
  Path Group:             clk_fpga_0
  Path Type:              Setup (Max at Slow Process Corner)
  Requirement:            8.000ns  (MaxDelay Path 8.000ns)
  Data Path Delay:        2.720ns  (logic 1.091ns (40.112%)  route 1.629ns (59.888%))
  Logic Levels:           3  (LUT3=1 LUT6=1 MUXF7=1)
  Timing Exception:       MaxDelay Path 8.000ns -datapath_only

    Location             Delay type                Incr(ns)  Path(ns)    Netlist Resource(s)
  -------------------------------------------------------------------    -------------------
    SLICE_X60Y78                                      0.000     0.000 r  protection_system_i/protection_ip_axi_lite_0/inst/u_adc_sample_cdc_bridge/u_fifo/mem_reg[3][30]/C
    SLICE_X60Y78         FDRE (Prop_fdre_C_Q)         0.456     0.456 r  protection_system_i/protection_ip_axi_lite_0/inst/u_adc_sample_cdc_bridge/u_fifo/mem_reg[3][30]/Q
                         net (fo=1, routed)           0.847     1.303    protection_system_i/protection_ip_axi_lite_0/inst/u_adc_sample_cdc_bridge/u_fifo/mem_reg[3][30]
    SLICE_X61Y78         LUT6 (Prop_lut6_I0_O)        0.124     1.427 r  protection_system_i/protection_ip_axi_lite_0/inst/u_adc_sample_cdc_bridge/u_fifo/rd_data[30]_INST_0_i_1/O
                         net (fo=1, routed)           0.000     1.427    protection_system_i/protection_ip_axi_lite_0/inst/u_adc_sample_cdc_bridge/u_fifo/rd_data[30]_INST_0_i_1_n_0
    SLICE_X61Y78         MUXF7 (Prop_muxf7_I0_O)      0.212     1.639 r  protection_system_i/protection_ip_axi_lite_0/inst/u_adc_sample_cdc_bridge/u_fifo/rd_data[30]_INST_0/O
                         net (fo=1, routed)           0.782     2.421    protection_system_i/protection_ip_axi_lite_0/inst/u_adc_sample_cdc_bridge/u_fifo_n_29
    SLICE_X61Y80         LUT3 (Prop_lut3_I1_O)        0.299     2.720 r  protection_system_i/protection_ip_axi_lite_0/inst/u_adc_sample_cdc_bridge/destination_data[30]_i_1/O
                         net (fo=1, routed)           0.000     2.720    protection_system_i/protection_ip_axi_lite_0/inst/u_adc_sample_cdc_bridge/destination_data[30]_i_1_n_0
    SLICE_X61Y80         FDCE                                         r  protection_system_i/protection_ip_axi_lite_0/inst/u_adc_sample_cdc_bridge/destination_data_reg[30]/D
  -------------------------------------------------------------------    -------------------

                         max delay                    8.000     8.000    
    SLICE_X61Y80         FDCE (Setup_fdce_C_D)        0.031     8.031    protection_system_i/protection_ip_axi_lite_0/inst/u_adc_sample_cdc_bridge/destination_data_reg[30]
  -------------------------------------------------------------------
                         required time                          8.031    
                         arrival time                          -2.720    
  -------------------------------------------------------------------
                         slack                                  5.311    

Slack (MET) :             5.349ns  (required time - arrival time)
  Source:                 protection_system_i/protection_ip_axi_lite_0/inst/u_adc_sample_cdc_bridge/u_fifo/mem_reg[3][29]/C
                            (rising edge-triggered cell FDRE clocked by clk_fpga_1  {rise@0.000ns fall@4.000ns period=8.000ns})
  Destination:            protection_system_i/protection_ip_axi_lite_0/inst/u_adc_sample_cdc_bridge/destination_data_reg[29]/D
                            (rising edge-triggered cell FDCE clocked by clk_fpga_0  {rise@0.000ns fall@5.000ns period=10.000ns})
  Path Group:             clk_fpga_0
  Path Type:              Setup (Max at Slow Process Corner)
  Requirement:            8.000ns  (MaxDelay Path 8.000ns)
  Data Path Delay:        2.680ns  (logic 1.222ns (45.593%)  route 1.458ns (54.407%))
  Logic Levels:           3  (LUT3=1 LUT6=1 MUXF7=1)
  Timing Exception:       MaxDelay Path 8.000ns -datapath_only

    Location             Delay type                Incr(ns)  Path(ns)    Netlist Resource(s)
  -------------------------------------------------------------------    -------------------
    SLICE_X64Y77                                      0.000     0.000 r  protection_system_i/protection_ip_axi_lite_0/inst/u_adc_sample_cdc_bridge/u_fifo/mem_reg[3][29]/C
    SLICE_X64Y77         FDRE (Prop_fdre_C_Q)         0.419     0.419 r  protection_system_i/protection_ip_axi_lite_0/inst/u_adc_sample_cdc_bridge/u_fifo/mem_reg[3][29]/Q
                         net (fo=1, routed)           0.593     1.012    protection_system_i/protection_ip_axi_lite_0/inst/u_adc_sample_cdc_bridge/u_fifo/mem_reg[3][29]
    SLICE_X62Y77         LUT6 (Prop_lut6_I0_O)        0.297     1.309 r  protection_system_i/protection_ip_axi_lite_0/inst/u_adc_sample_cdc_bridge/u_fifo/rd_data[29]_INST_0_i_1/O
                         net (fo=1, routed)           0.000     1.309    protection_system_i/protection_ip_axi_lite_0/inst/u_adc_sample_cdc_bridge/u_fifo/rd_data[29]_INST_0_i_1_n_0
    SLICE_X62Y77         MUXF7 (Prop_muxf7_I0_O)      0.209     1.518 r  protection_system_i/protection_ip_axi_lite_0/inst/u_adc_sample_cdc_bridge/u_fifo/rd_data[29]_INST_0/O
                         net (fo=1, routed)           0.866     2.383    protection_system_i/protection_ip_axi_lite_0/inst/u_adc_sample_cdc_bridge/u_fifo_n_30
    SLICE_X61Y80         LUT3 (Prop_lut3_I1_O)        0.297     2.680 r  protection_system_i/protection_ip_axi_lite_0/inst/u_adc_sample_cdc_bridge/destination_data[29]_i_1/O
                         net (fo=1, routed)           0.000     2.680    protection_system_i/protection_ip_axi_lite_0/inst/u_adc_sample_cdc_bridge/destination_data[29]_i_1_n_0
    SLICE_X61Y80         FDCE                                         r  protection_system_i/protection_ip_axi_lite_0/inst/u_adc_sample_cdc_bridge/destination_data_reg[29]/D
  -------------------------------------------------------------------    -------------------

                         max delay                    8.000     8.000    
    SLICE_X61Y80         FDCE (Setup_fdce_C_D)        0.029     8.029    protection_system_i/protection_ip_axi_lite_0/inst/u_adc_sample_cdc_bridge/destination_data_reg[29]
  -------------------------------------------------------------------
                         required time                          8.029    
                         arrival time                          -2.680    
  -------------------------------------------------------------------
                         slack                                  5.349    

Slack (MET) :             5.364ns  (required time - arrival time)
  Source:                 protection_system_i/protection_ip_axi_lite_0/inst/u_adc_sample_cdc_bridge/u_fifo/mem_reg[3][45]/C
                            (rising edge-triggered cell FDRE clocked by clk_fpga_1  {rise@0.000ns fall@4.000ns period=8.000ns})
  Destination:            protection_system_i/protection_ip_axi_lite_0/inst/u_adc_sample_cdc_bridge/destination_data_reg[45]/D
                            (rising edge-triggered cell FDCE clocked by clk_fpga_0  {rise@0.000ns fall@5.000ns period=10.000ns})
  Path Group:             clk_fpga_0
  Path Type:              Setup (Max at Slow Process Corner)
  Requirement:            8.000ns  (MaxDelay Path 8.000ns)
  Data Path Delay:        2.667ns  (logic 1.091ns (40.901%)  route 1.576ns (59.099%))
  Logic Levels:           3  (LUT3=1 LUT6=1 MUXF7=1)
  Timing Exception:       MaxDelay Path 8.000ns -datapath_only

    Location             Delay type                Incr(ns)  Path(ns)    Netlist Resource(s)
  -------------------------------------------------------------------    -------------------
    SLICE_X64Y100                                     0.000     0.000 r  protection_system_i/protection_ip_axi_lite_0/inst/u_adc_sample_cdc_bridge/u_fifo/mem_reg[3][45]/C
    SLICE_X64Y100        FDRE (Prop_fdre_C_Q)         0.456     0.456 r  protection_system_i/protection_ip_axi_lite_0/inst/u_adc_sample_cdc_bridge/u_fifo/mem_reg[3][45]/Q
                         net (fo=1, routed)           0.654     1.110    protection_system_i/protection_ip_axi_lite_0/inst/u_adc_sample_cdc_bridge/u_fifo/mem_reg[3][45]
    SLICE_X63Y100        LUT6 (Prop_lut6_I0_O)        0.124     1.234 r  protection_system_i/protection_ip_axi_lite_0/inst/u_adc_sample_cdc_bridge/u_fifo/rd_data[45]_INST_0_i_1/O
                         net (fo=1, routed)           0.000     1.234    protection_system_i/protection_ip_axi_lite_0/inst/u_adc_sample_cdc_bridge/u_fifo/rd_data[45]_INST_0_i_1_n_0
    SLICE_X63Y100        MUXF7 (Prop_muxf7_I0_O)      0.212     1.446 r  protection_system_i/protection_ip_axi_lite_0/inst/u_adc_sample_cdc_bridge/u_fifo/rd_data[45]_INST_0/O
                         net (fo=1, routed)           0.923     2.368    protection_system_i/protection_ip_axi_lite_0/inst/u_adc_sample_cdc_bridge/u_fifo_n_14
    SLICE_X63Y95         LUT3 (Prop_lut3_I1_O)        0.299     2.667 r  protection_system_i/protection_ip_axi_lite_0/inst/u_adc_sample_cdc_bridge/destination_data[45]_i_1/O
                         net (fo=1, routed)           0.000     2.667    protection_system_i/protection_ip_axi_lite_0/inst/u_adc_sample_cdc_bridge/destination_data[45]_i_1_n_0
    SLICE_X63Y95         FDCE                                         r  protection_system_i/protection_ip_axi_lite_0/inst/u_adc_sample_cdc_bridge/destination_data_reg[45]/D
  -------------------------------------------------------------------    -------------------

                         max delay                    8.000     8.000    
    SLICE_X63Y95         FDCE (Setup_fdce_C_D)        0.031     8.031    protection_system_i/protection_ip_axi_lite_0/inst/u_adc_sample_cdc_bridge/destination_data_reg[45]
  -------------------------------------------------------------------
                         required time                          8.031    
                         arrival time                          -2.667    
  -------------------------------------------------------------------
                         slack                                  5.364    

Slack (MET) :             5.383ns  (required time - arrival time)
  Source:                 protection_system_i/protection_ip_axi_lite_0/inst/u_adc_sample_cdc_bridge/u_fifo/mem_reg[3][0]/C
                            (rising edge-triggered cell FDRE clocked by clk_fpga_1  {rise@0.000ns fall@4.000ns period=8.000ns})
  Destination:            protection_system_i/protection_ip_axi_lite_0/inst/u_adc_sample_cdc_bridge/destination_data_reg[0]/D
                            (rising edge-triggered cell FDCE clocked by clk_fpga_0  {rise@0.000ns fall@5.000ns period=10.000ns})
  Path Group:             clk_fpga_0
  Path Type:              Setup (Max at Slow Process Corner)
  Requirement:            8.000ns  (MaxDelay Path 8.000ns)
  Data Path Delay:        2.648ns  (logic 1.091ns (41.198%)  route 1.557ns (58.802%))
  Logic Levels:           3  (LUT3=1 LUT6=1 MUXF7=1)
  Timing Exception:       MaxDelay Path 8.000ns -datapath_only

    Location             Delay type                Incr(ns)  Path(ns)    Netlist Resource(s)
  -------------------------------------------------------------------    -------------------
    SLICE_X53Y74                                      0.000     0.000 r  protection_system_i/protection_ip_axi_lite_0/inst/u_adc_sample_cdc_bridge/u_fifo/mem_reg[3][0]/C
    SLICE_X53Y74         FDRE (Prop_fdre_C_Q)         0.456     0.456 r  protection_system_i/protection_ip_axi_lite_0/inst/u_adc_sample_cdc_bridge/u_fifo/mem_reg[3][0]/Q
                         net (fo=1, routed)           0.980     1.436    protection_system_i/protection_ip_axi_lite_0/inst/u_adc_sample_cdc_bridge/u_fifo/mem_reg[3][0]
    SLICE_X53Y76         LUT6 (Prop_lut6_I0_O)        0.124     1.560 r  protection_system_i/protection_ip_axi_lite_0/inst/u_adc_sample_cdc_bridge/u_fifo/rd_data[0]_INST_0_i_1/O
                         net (fo=1, routed)           0.000     1.560    protection_system_i/protection_ip_axi_lite_0/inst/u_adc_sample_cdc_bridge/u_fifo/rd_data[0]_INST_0_i_1_n_0
    SLICE_X53Y76         MUXF7 (Prop_muxf7_I0_O)      0.212     1.772 r  protection_system_i/protection_ip_axi_lite_0/inst/u_adc_sample_cdc_bridge/u_fifo/rd_data[0]_INST_0/O
                         net (fo=1, routed)           0.577     2.349    protection_system_i/protection_ip_axi_lite_0/inst/u_adc_sample_cdc_bridge/u_fifo_n_59
    SLICE_X53Y78         LUT3 (Prop_lut3_I1_O)        0.299     2.648 r  protection_system_i/protection_ip_axi_lite_0/inst/u_adc_sample_cdc_bridge/destination_data[0]_i_1/O
                         net (fo=1, routed)           0.000     2.648    protection_system_i/protection_ip_axi_lite_0/inst/u_adc_sample_cdc_bridge/destination_data[0]_i_1_n_0
    SLICE_X53Y78         FDCE                                         r  protection_system_i/protection_ip_axi_lite_0/inst/u_adc_sample_cdc_bridge/destination_data_reg[0]/D
  -------------------------------------------------------------------    -------------------

                         max delay                    8.000     8.000    
    SLICE_X53Y78         FDCE (Setup_fdce_C_D)        0.031     8.031    protection_system_i/protection_ip_axi_lite_0/inst/u_adc_sample_cdc_bridge/destination_data_reg[0]
  -------------------------------------------------------------------
                         required time                          8.031    
                         arrival time                          -2.648    
  -------------------------------------------------------------------
                         slack                                  5.383    

Slack (MET) :             5.408ns  (required time - arrival time)
  Source:                 protection_system_i/protection_ip_axi_lite_0/inst/u_adc_sample_cdc_bridge/u_fifo/mem_reg[3][13]/C
                            (rising edge-triggered cell FDRE clocked by clk_fpga_1  {rise@0.000ns fall@4.000ns period=8.000ns})
  Destination:            protection_system_i/protection_ip_axi_lite_0/inst/u_adc_sample_cdc_bridge/destination_data_reg[13]/D
                            (rising edge-triggered cell FDCE clocked by clk_fpga_0  {rise@0.000ns fall@5.000ns period=10.000ns})
  Path Group:             clk_fpga_0
  Path Type:              Setup (Max at Slow Process Corner)
  Requirement:            8.000ns  (MaxDelay Path 8.000ns)
  Data Path Delay:        2.621ns  (logic 1.091ns (41.622%)  route 1.530ns (58.378%))
  Logic Levels:           3  (LUT3=1 LUT6=1 MUXF7=1)
  Timing Exception:       MaxDelay Path 8.000ns -datapath_only

    Location             Delay type                Incr(ns)  Path(ns)    Netlist Resource(s)
  -------------------------------------------------------------------    -------------------
    SLICE_X52Y77                                      0.000     0.000 r  protection_system_i/protection_ip_axi_lite_0/inst/u_adc_sample_cdc_bridge/u_fifo/mem_reg[3][13]/C
    SLICE_X52Y77         FDRE (Prop_fdre_C_Q)         0.456     0.456 r  protection_system_i/protection_ip_axi_lite_0/inst/u_adc_sample_cdc_bridge/u_fifo/mem_reg[3][13]/Q
                         net (fo=1, routed)           0.416     0.872    protection_system_i/protection_ip_axi_lite_0/inst/u_adc_sample_cdc_bridge/u_fifo/mem_reg[3][13]
    SLICE_X51Y76         LUT6 (Prop_lut6_I0_O)        0.124     0.996 r  protection_system_i/protection_ip_axi_lite_0/inst/u_adc_sample_cdc_bridge/u_fifo/rd_data[13]_INST_0_i_1/O
                         net (fo=1, routed)           0.000     0.996    protection_system_i/protection_ip_axi_lite_0/inst/u_adc_sample_cdc_bridge/u_fifo/rd_data[13]_INST_0_i_1_n_0
    SLICE_X51Y76         MUXF7 (Prop_muxf7_I0_O)      0.212     1.208 r  protection_system_i/protection_ip_axi_lite_0/inst/u_adc_sample_cdc_bridge/u_fifo/rd_data[13]_INST_0/O
                         net (fo=1, routed)           1.114     2.322    protection_system_i/protection_ip_axi_lite_0/inst/u_adc_sample_cdc_bridge/u_fifo_n_46
    SLICE_X48Y79         LUT3 (Prop_lut3_I1_O)        0.299     2.621 r  protection_system_i/protection_ip_axi_lite_0/inst/u_adc_sample_cdc_bridge/destination_data[13]_i_1/O
                         net (fo=1, routed)           0.000     2.621    protection_system_i/protection_ip_axi_lite_0/inst/u_adc_sample_cdc_bridge/destination_data[13]_i_1_n_0
    SLICE_X48Y79         FDCE                                         r  protection_system_i/protection_ip_axi_lite_0/inst/u_adc_sample_cdc_bridge/destination_data_reg[13]/D
  -------------------------------------------------------------------    -------------------

                         max delay                    8.000     8.000    
    SLICE_X48Y79         FDCE (Setup_fdce_C_D)        0.029     8.029    protection_system_i/protection_ip_axi_lite_0/inst/u_adc_sample_cdc_bridge/destination_data_reg[13]
  -------------------------------------------------------------------
                         required time                          8.029    
                         arrival time                          -2.621    
  -------------------------------------------------------------------
                         slack                                  5.408    

Slack (MET) :             5.412ns  (required time - arrival time)
  Source:                 protection_system_i/protection_ip_axi_lite_0/inst/u_adc_sample_cdc_bridge/u_fifo/mem_reg[3][46]/C
                            (rising edge-triggered cell FDRE clocked by clk_fpga_1  {rise@0.000ns fall@4.000ns period=8.000ns})
  Destination:            protection_system_i/protection_ip_axi_lite_0/inst/u_adc_sample_cdc_bridge/destination_data_reg[46]/D
                            (rising edge-triggered cell FDCE clocked by clk_fpga_0  {rise@0.000ns fall@5.000ns period=10.000ns})
  Path Group:             clk_fpga_0
  Path Type:              Setup (Max at Slow Process Corner)
  Requirement:            8.000ns  (MaxDelay Path 8.000ns)
  Data Path Delay:        2.669ns  (logic 1.091ns (40.879%)  route 1.578ns (59.121%))
  Logic Levels:           3  (LUT3=1 LUT6=1 MUXF7=1)
  Timing Exception:       MaxDelay Path 8.000ns -datapath_only

    Location             Delay type                Incr(ns)  Path(ns)    Netlist Resource(s)
  -------------------------------------------------------------------    -------------------
    SLICE_X64Y100                                     0.000     0.000 r  protection_system_i/protection_ip_axi_lite_0/inst/u_adc_sample_cdc_bridge/u_fifo/mem_reg[3][46]/C
    SLICE_X64Y100        FDRE (Prop_fdre_C_Q)         0.456     0.456 r  protection_system_i/protection_ip_axi_lite_0/inst/u_adc_sample_cdc_bridge/u_fifo/mem_reg[3][46]/Q
                         net (fo=1, routed)           0.433     0.889    protection_system_i/protection_ip_axi_lite_0/inst/u_adc_sample_cdc_bridge/u_fifo/mem_reg[3][46]
    SLICE_X65Y100        LUT6 (Prop_lut6_I0_O)        0.124     1.013 r  protection_system_i/protection_ip_axi_lite_0/inst/u_adc_sample_cdc_bridge/u_fifo/rd_data[46]_INST_0_i_1/O
                         net (fo=1, routed)           0.000     1.013    protection_system_i/protection_ip_axi_lite_0/inst/u_adc_sample_cdc_bridge/u_fifo/rd_data[46]_INST_0_i_1_n_0
    SLICE_X65Y100        MUXF7 (Prop_muxf7_I0_O)      0.212     1.225 r  protection_system_i/protection_ip_axi_lite_0/inst/u_adc_sample_cdc_bridge/u_fifo/rd_data[46]_INST_0/O
                         net (fo=1, routed)           1.145     2.370    protection_system_i/protection_ip_axi_lite_0/inst/u_adc_sample_cdc_bridge/u_fifo_n_13
    SLICE_X62Y94         LUT3 (Prop_lut3_I1_O)        0.299     2.669 r  protection_system_i/protection_ip_axi_lite_0/inst/u_adc_sample_cdc_bridge/destination_data[46]_i_1/O
                         net (fo=1, routed)           0.000     2.669    protection_system_i/protection_ip_axi_lite_0/inst/u_adc_sample_cdc_bridge/destination_data[46]_i_1_n_0
    SLICE_X62Y94         FDCE                                         r  protection_system_i/protection_ip_axi_lite_0/inst/u_adc_sample_cdc_bridge/destination_data_reg[46]/D
  -------------------------------------------------------------------    -------------------

                         max delay                    8.000     8.000    
    SLICE_X62Y94         FDCE (Setup_fdce_C_D)        0.081     8.081    protection_system_i/protection_ip_axi_lite_0/inst/u_adc_sample_cdc_bridge/destination_data_reg[46]
  -------------------------------------------------------------------
                         required time                          8.081    
                         arrival time                          -2.669    
  -------------------------------------------------------------------
                         slack                                  5.412    

Slack (MET) :             5.433ns  (required time - arrival time)
  Source:                 protection_system_i/protection_ip_axi_lite_0/inst/u_adc_sample_cdc_bridge/u_fifo/mem_reg[3][48]/C
                            (rising edge-triggered cell FDRE clocked by clk_fpga_1  {rise@0.000ns fall@4.000ns period=8.000ns})
  Destination:            protection_system_i/protection_ip_axi_lite_0/inst/u_adc_sample_cdc_bridge/destination_data_reg[48]/D
                            (rising edge-triggered cell FDCE clocked by clk_fpga_0  {rise@0.000ns fall@5.000ns period=10.000ns})
  Path Group:             clk_fpga_0
  Path Type:              Setup (Max at Slow Process Corner)
  Requirement:            8.000ns  (MaxDelay Path 8.000ns)
  Data Path Delay:        2.596ns  (logic 1.116ns (42.982%)  route 1.480ns (57.018%))
  Logic Levels:           3  (LUT3=1 LUT6=1 MUXF7=1)
  Timing Exception:       MaxDelay Path 8.000ns -datapath_only

    Location             Delay type                Incr(ns)  Path(ns)    Netlist Resource(s)
  -------------------------------------------------------------------    -------------------
    SLICE_X64Y100                                     0.000     0.000 r  protection_system_i/protection_ip_axi_lite_0/inst/u_adc_sample_cdc_bridge/u_fifo/mem_reg[3][48]/C
    SLICE_X64Y100        FDRE (Prop_fdre_C_Q)         0.456     0.456 r  protection_system_i/protection_ip_axi_lite_0/inst/u_adc_sample_cdc_bridge/u_fifo/mem_reg[3][48]/Q
                         net (fo=1, routed)           0.782     1.238    protection_system_i/protection_ip_axi_lite_0/inst/u_adc_sample_cdc_bridge/u_fifo/mem_reg[3][48]
    SLICE_X63Y100        LUT6 (Prop_lut6_I0_O)        0.124     1.362 r  protection_system_i/protection_ip_axi_lite_0/inst/u_adc_sample_cdc_bridge/u_fifo/rd_data[48]_INST_0_i_1/O
                         net (fo=1, routed)           0.000     1.362    protection_system_i/protection_ip_axi_lite_0/inst/u_adc_sample_cdc_bridge/u_fifo/rd_data[48]_INST_0_i_1_n_0
    SLICE_X63Y100        MUXF7 (Prop_muxf7_I0_O)      0.238     1.600 r  protection_system_i/protection_ip_axi_lite_0/inst/u_adc_sample_cdc_bridge/u_fifo/rd_data[48]_INST_0/O
                         net (fo=1, routed)           0.698     2.298    protection_system_i/protection_ip_axi_lite_0/inst/u_adc_sample_cdc_bridge/u_fifo_n_11
    SLICE_X63Y94         LUT3 (Prop_lut3_I1_O)        0.298     2.596 r  protection_system_i/protection_ip_axi_lite_0/inst/u_adc_sample_cdc_bridge/destination_data[48]_i_1/O
                         net (fo=1, routed)           0.000     2.596    protection_system_i/protection_ip_axi_lite_0/inst/u_adc_sample_cdc_bridge/destination_data[48]_i_1_n_0
    SLICE_X63Y94         FDCE                                         r  protection_system_i/protection_ip_axi_lite_0/inst/u_adc_sample_cdc_bridge/destination_data_reg[48]/D
  -------------------------------------------------------------------    -------------------

                         max delay                    8.000     8.000    
    SLICE_X63Y94         FDCE (Setup_fdce_C_D)        0.029     8.029    protection_system_i/protection_ip_axi_lite_0/inst/u_adc_sample_cdc_bridge/destination_data_reg[48]
  -------------------------------------------------------------------
                         required time                          8.029    
                         arrival time                          -2.596    
  -------------------------------------------------------------------
                         slack                                  5.433    

Slack (MET) :             5.459ns  (required time - arrival time)
  Source:                 protection_system_i/protection_ip_axi_lite_0/inst/u_adc_sample_cdc_bridge/u_fifo/mem_reg[3][9]/C
                            (rising edge-triggered cell FDRE clocked by clk_fpga_1  {rise@0.000ns fall@4.000ns period=8.000ns})
  Destination:            protection_system_i/protection_ip_axi_lite_0/inst/u_adc_sample_cdc_bridge/destination_data_reg[9]/D
                            (rising edge-triggered cell FDCE clocked by clk_fpga_0  {rise@0.000ns fall@5.000ns period=10.000ns})
  Path Group:             clk_fpga_0
  Path Type:              Setup (Max at Slow Process Corner)
  Requirement:            8.000ns  (MaxDelay Path 8.000ns)
  Data Path Delay:        2.620ns  (logic 1.148ns (43.818%)  route 1.472ns (56.182%))
  Logic Levels:           3  (LUT3=1 LUT6=1 MUXF7=1)
  Timing Exception:       MaxDelay Path 8.000ns -datapath_only

    Location             Delay type                Incr(ns)  Path(ns)    Netlist Resource(s)
  -------------------------------------------------------------------    -------------------
    SLICE_X62Y73                                      0.000     0.000 r  protection_system_i/protection_ip_axi_lite_0/inst/u_adc_sample_cdc_bridge/u_fifo/mem_reg[3][9]/C
    SLICE_X62Y73         FDRE (Prop_fdre_C_Q)         0.518     0.518 r  protection_system_i/protection_ip_axi_lite_0/inst/u_adc_sample_cdc_bridge/u_fifo/mem_reg[3][9]/Q
                         net (fo=1, routed)           0.653     1.171    protection_system_i/protection_ip_axi_lite_0/inst/u_adc_sample_cdc_bridge/u_fifo/mem_reg[3][9]
    SLICE_X62Y73         LUT6 (Prop_lut6_I0_O)        0.124     1.295 r  protection_system_i/protection_ip_axi_lite_0/inst/u_adc_sample_cdc_bridge/u_fifo/rd_data[9]_INST_0_i_1/O
                         net (fo=1, routed)           0.000     1.295    protection_system_i/protection_ip_axi_lite_0/inst/u_adc_sample_cdc_bridge/u_fifo/rd_data[9]_INST_0_i_1_n_0
    SLICE_X62Y73         MUXF7 (Prop_muxf7_I0_O)      0.209     1.504 r  protection_system_i/protection_ip_axi_lite_0/inst/u_adc_sample_cdc_bridge/u_fifo/rd_data[9]_INST_0/O
                         net (fo=1, routed)           0.819     2.323    protection_system_i/protection_ip_axi_lite_0/inst/u_adc_sample_cdc_bridge/u_fifo_n_50
    SLICE_X58Y79         LUT3 (Prop_lut3_I1_O)        0.297     2.620 r  protection_system_i/protection_ip_axi_lite_0/inst/u_adc_sample_cdc_bridge/destination_data[9]_i_1/O
                         net (fo=1, routed)           0.000     2.620    protection_system_i/protection_ip_axi_lite_0/inst/u_adc_sample_cdc_bridge/destination_data[9]_i_1_n_0
    SLICE_X58Y79         FDCE                                         r  protection_system_i/protection_ip_axi_lite_0/inst/u_adc_sample_cdc_bridge/destination_data_reg[9]/D
  -------------------------------------------------------------------    -------------------

                         max delay                    8.000     8.000    
    SLICE_X58Y79         FDCE (Setup_fdce_C_D)        0.079     8.079    protection_system_i/protection_ip_axi_lite_0/inst/u_adc_sample_cdc_bridge/destination_data_reg[9]
  -------------------------------------------------------------------
                         required time                          8.079    
                         arrival time                          -2.620    
  -------------------------------------------------------------------
                         slack                                  5.459    

Slack (MET) :             5.476ns  (required time - arrival time)
  Source:                 protection_system_i/protection_ip_axi_lite_0/inst/u_adc_sample_cdc_bridge/u_fifo/mem_reg[3][18]/C
                            (rising edge-triggered cell FDRE clocked by clk_fpga_1  {rise@0.000ns fall@4.000ns period=8.000ns})
  Destination:            protection_system_i/protection_ip_axi_lite_0/inst/u_adc_sample_cdc_bridge/destination_data_reg[18]/D
                            (rising edge-triggered cell FDCE clocked by clk_fpga_0  {rise@0.000ns fall@5.000ns period=10.000ns})
  Path Group:             clk_fpga_0
  Path Type:              Setup (Max at Slow Process Corner)
  Requirement:            8.000ns  (MaxDelay Path 8.000ns)
  Data Path Delay:        2.555ns  (logic 1.153ns (45.125%)  route 1.402ns (54.875%))
  Logic Levels:           3  (LUT3=1 LUT6=1 MUXF7=1)
  Timing Exception:       MaxDelay Path 8.000ns -datapath_only

    Location             Delay type                Incr(ns)  Path(ns)    Netlist Resource(s)
  -------------------------------------------------------------------    -------------------
    SLICE_X46Y75                                      0.000     0.000 r  protection_system_i/protection_ip_axi_lite_0/inst/u_adc_sample_cdc_bridge/u_fifo/mem_reg[3][18]/C
    SLICE_X46Y75         FDRE (Prop_fdre_C_Q)         0.518     0.518 r  protection_system_i/protection_ip_axi_lite_0/inst/u_adc_sample_cdc_bridge/u_fifo/mem_reg[3][18]/Q
                         net (fo=1, routed)           0.431     0.949    protection_system_i/protection_ip_axi_lite_0/inst/u_adc_sample_cdc_bridge/u_fifo/mem_reg[3][18]
    SLICE_X47Y75         LUT6 (Prop_lut6_I0_O)        0.124     1.073 r  protection_system_i/protection_ip_axi_lite_0/inst/u_adc_sample_cdc_bridge/u_fifo/rd_data[18]_INST_0_i_1/O
                         net (fo=1, routed)           0.000     1.073    protection_system_i/protection_ip_axi_lite_0/inst/u_adc_sample_cdc_bridge/u_fifo/rd_data[18]_INST_0_i_1_n_0
    SLICE_X47Y75         MUXF7 (Prop_muxf7_I0_O)      0.212     1.285 r  protection_system_i/protection_ip_axi_lite_0/inst/u_adc_sample_cdc_bridge/u_fifo/rd_data[18]_INST_0/O
                         net (fo=1, routed)           0.971     2.256    protection_system_i/protection_ip_axi_lite_0/inst/u_adc_sample_cdc_bridge/u_fifo_n_41
    SLICE_X49Y77         LUT3 (Prop_lut3_I1_O)        0.299     2.555 r  protection_system_i/protection_ip_axi_lite_0/inst/u_adc_sample_cdc_bridge/destination_data[18]_i_1/O
                         net (fo=1, routed)           0.000     2.555    protection_system_i/protection_ip_axi_lite_0/inst/u_adc_sample_cdc_bridge/destination_data[18]_i_1_n_0
    SLICE_X49Y77         FDCE                                         r  protection_system_i/protection_ip_axi_lite_0/inst/u_adc_sample_cdc_bridge/destination_data_reg[18]/D
  -------------------------------------------------------------------    -------------------

                         max delay                    8.000     8.000    
    SLICE_X49Y77         FDCE (Setup_fdce_C_D)        0.031     8.031    protection_system_i/protection_ip_axi_lite_0/inst/u_adc_sample_cdc_bridge/destination_data_reg[18]
  -------------------------------------------------------------------
                         required time                          8.031    
                         arrival time                          -2.555    
  -------------------------------------------------------------------
                         slack                                  5.476    

Slack (MET) :             5.477ns  (required time - arrival time)
  Source:                 protection_system_i/protection_ip_axi_lite_0/inst/u_adc_sample_cdc_bridge/u_fifo/mem_reg[3][23]/C
                            (rising edge-triggered cell FDRE clocked by clk_fpga_1  {rise@0.000ns fall@4.000ns period=8.000ns})
  Destination:            protection_system_i/protection_ip_axi_lite_0/inst/u_adc_sample_cdc_bridge/destination_data_reg[23]/D
                            (rising edge-triggered cell FDCE clocked by clk_fpga_0  {rise@0.000ns fall@5.000ns period=10.000ns})
  Path Group:             clk_fpga_0
  Path Type:              Setup (Max at Slow Process Corner)
  Requirement:            8.000ns  (MaxDelay Path 8.000ns)
  Data Path Delay:        2.554ns  (logic 1.153ns (45.148%)  route 1.401ns (54.852%))
  Logic Levels:           3  (LUT3=1 LUT6=1 MUXF7=1)
  Timing Exception:       MaxDelay Path 8.000ns -datapath_only

    Location             Delay type                Incr(ns)  Path(ns)    Netlist Resource(s)
  -------------------------------------------------------------------    -------------------
    SLICE_X46Y75                                      0.000     0.000 r  protection_system_i/protection_ip_axi_lite_0/inst/u_adc_sample_cdc_bridge/u_fifo/mem_reg[3][23]/C
    SLICE_X46Y75         FDRE (Prop_fdre_C_Q)         0.518     0.518 r  protection_system_i/protection_ip_axi_lite_0/inst/u_adc_sample_cdc_bridge/u_fifo/mem_reg[3][23]/Q
                         net (fo=1, routed)           0.816     1.334    protection_system_i/protection_ip_axi_lite_0/inst/u_adc_sample_cdc_bridge/u_fifo/mem_reg[3][23]
    SLICE_X48Y75         LUT6 (Prop_lut6_I0_O)        0.124     1.458 r  protection_system_i/protection_ip_axi_lite_0/inst/u_adc_sample_cdc_bridge/u_fifo/rd_data[23]_INST_0_i_1/O
                         net (fo=1, routed)           0.000     1.458    protection_system_i/protection_ip_axi_lite_0/inst/u_adc_sample_cdc_bridge/u_fifo/rd_data[23]_INST_0_i_1_n_0
    SLICE_X48Y75         MUXF7 (Prop_muxf7_I0_O)      0.212     1.670 r  protection_system_i/protection_ip_axi_lite_0/inst/u_adc_sample_cdc_bridge/u_fifo/rd_data[23]_INST_0/O
                         net (fo=1, routed)           0.585     2.255    protection_system_i/protection_ip_axi_lite_0/inst/u_adc_sample_cdc_bridge/u_fifo_n_36
    SLICE_X48Y78         LUT3 (Prop_lut3_I1_O)        0.299     2.554 r  protection_system_i/protection_ip_axi_lite_0/inst/u_adc_sample_cdc_bridge/destination_data[23]_i_1/O
                         net (fo=1, routed)           0.000     2.554    protection_system_i/protection_ip_axi_lite_0/inst/u_adc_sample_cdc_bridge/destination_data[23]_i_1_n_0
    SLICE_X48Y78         FDCE                                         r  protection_system_i/protection_ip_axi_lite_0/inst/u_adc_sample_cdc_bridge/destination_data_reg[23]/D
  -------------------------------------------------------------------    -------------------

                         max delay                    8.000     8.000    
    SLICE_X48Y78         FDCE (Setup_fdce_C_D)        0.031     8.031    protection_system_i/protection_ip_axi_lite_0/inst/u_adc_sample_cdc_bridge/destination_data_reg[23]
  -------------------------------------------------------------------
                         required time                          8.031    
                         arrival time                          -2.554    
  -------------------------------------------------------------------
                         slack                                  5.477    

Slack (MET) :             5.480ns  (required time - arrival time)
  Source:                 protection_system_i/protection_ip_axi_lite_0/inst/u_adc_sample_cdc_bridge/u_fifo/mem_reg[3][5]/C
                            (rising edge-triggered cell FDRE clocked by clk_fpga_1  {rise@0.000ns fall@4.000ns period=8.000ns})
  Destination:            protection_system_i/protection_ip_axi_lite_0/inst/u_adc_sample_cdc_bridge/destination_data_reg[5]/D
                            (rising edge-triggered cell FDCE clocked by clk_fpga_0  {rise@0.000ns fall@5.000ns period=10.000ns})
  Path Group:             clk_fpga_0
  Path Type:              Setup (Max at Slow Process Corner)
  Requirement:            8.000ns  (MaxDelay Path 8.000ns)
  Data Path Delay:        2.549ns  (logic 1.091ns (42.798%)  route 1.458ns (57.202%))
  Logic Levels:           3  (LUT3=1 LUT6=1 MUXF7=1)
  Timing Exception:       MaxDelay Path 8.000ns -datapath_only

    Location             Delay type                Incr(ns)  Path(ns)    Netlist Resource(s)
  -------------------------------------------------------------------    -------------------
    SLICE_X56Y73                                      0.000     0.000 r  protection_system_i/protection_ip_axi_lite_0/inst/u_adc_sample_cdc_bridge/u_fifo/mem_reg[3][5]/C
    SLICE_X56Y73         FDRE (Prop_fdre_C_Q)         0.456     0.456 r  protection_system_i/protection_ip_axi_lite_0/inst/u_adc_sample_cdc_bridge/u_fifo/mem_reg[3][5]/Q
                         net (fo=1, routed)           0.475     0.931    protection_system_i/protection_ip_axi_lite_0/inst/u_adc_sample_cdc_bridge/u_fifo/mem_reg[3][5]
    SLICE_X56Y76         LUT6 (Prop_lut6_I0_O)        0.124     1.055 r  protection_system_i/protection_ip_axi_lite_0/inst/u_adc_sample_cdc_bridge/u_fifo/rd_data[5]_INST_0_i_1/O
                         net (fo=1, routed)           0.000     1.055    protection_system_i/protection_ip_axi_lite_0/inst/u_adc_sample_cdc_bridge/u_fifo/rd_data[5]_INST_0_i_1_n_0
    SLICE_X56Y76         MUXF7 (Prop_muxf7_I0_O)      0.212     1.267 r  protection_system_i/protection_ip_axi_lite_0/inst/u_adc_sample_cdc_bridge/u_fifo/rd_data[5]_INST_0/O
                         net (fo=1, routed)           0.983     2.250    protection_system_i/protection_ip_axi_lite_0/inst/u_adc_sample_cdc_bridge/u_fifo_n_54
    SLICE_X52Y78         LUT3 (Prop_lut3_I1_O)        0.299     2.549 r  protection_system_i/protection_ip_axi_lite_0/inst/u_adc_sample_cdc_bridge/destination_data[5]_i_1/O
                         net (fo=1, routed)           0.000     2.549    protection_system_i/protection_ip_axi_lite_0/inst/u_adc_sample_cdc_bridge/destination_data[5]_i_1_n_0
    SLICE_X52Y78         FDCE                                         r  protection_system_i/protection_ip_axi_lite_0/inst/u_adc_sample_cdc_bridge/destination_data_reg[5]/D
  -------------------------------------------------------------------    -------------------

                         max delay                    8.000     8.000    
    SLICE_X52Y78         FDCE (Setup_fdce_C_D)        0.029     8.029    protection_system_i/protection_ip_axi_lite_0/inst/u_adc_sample_cdc_bridge/destination_data_reg[5]
  -------------------------------------------------------------------
                         required time                          8.029    
                         arrival time                          -2.549    
  -------------------------------------------------------------------
                         slack                                  5.480    

Slack (MET) :             5.521ns  (required time - arrival time)
  Source:                 protection_system_i/protection_ip_axi_lite_0/inst/u_adc_sample_cdc_bridge/u_fifo/mem_reg[3][47]/C
                            (rising edge-triggered cell FDRE clocked by clk_fpga_1  {rise@0.000ns fall@4.000ns period=8.000ns})
  Destination:            protection_system_i/protection_ip_axi_lite_0/inst/u_adc_sample_cdc_bridge/destination_data_reg[47]/D
                            (rising edge-triggered cell FDCE clocked by clk_fpga_0  {rise@0.000ns fall@5.000ns period=10.000ns})
  Path Group:             clk_fpga_0
  Path Type:              Setup (Max at Slow Process Corner)
  Requirement:            8.000ns  (MaxDelay Path 8.000ns)
  Data Path Delay:        2.510ns  (logic 1.091ns (43.459%)  route 1.419ns (56.541%))
  Logic Levels:           3  (LUT3=1 LUT6=1 MUXF7=1)
  Timing Exception:       MaxDelay Path 8.000ns -datapath_only

    Location             Delay type                Incr(ns)  Path(ns)    Netlist Resource(s)
  -------------------------------------------------------------------    -------------------
    SLICE_X63Y97                                      0.000     0.000 r  protection_system_i/protection_ip_axi_lite_0/inst/u_adc_sample_cdc_bridge/u_fifo/mem_reg[3][47]/C
    SLICE_X63Y97         FDRE (Prop_fdre_C_Q)         0.456     0.456 r  protection_system_i/protection_ip_axi_lite_0/inst/u_adc_sample_cdc_bridge/u_fifo/mem_reg[3][47]/Q
                         net (fo=1, routed)           0.844     1.300    protection_system_i/protection_ip_axi_lite_0/inst/u_adc_sample_cdc_bridge/u_fifo/mem_reg[3][47]
    SLICE_X63Y97         LUT6 (Prop_lut6_I0_O)        0.124     1.424 r  protection_system_i/protection_ip_axi_lite_0/inst/u_adc_sample_cdc_bridge/u_fifo/rd_data[47]_INST_0_i_1/O
                         net (fo=1, routed)           0.000     1.424    protection_system_i/protection_ip_axi_lite_0/inst/u_adc_sample_cdc_bridge/u_fifo/rd_data[47]_INST_0_i_1_n_0
    SLICE_X63Y97         MUXF7 (Prop_muxf7_I0_O)      0.212     1.636 r  protection_system_i/protection_ip_axi_lite_0/inst/u_adc_sample_cdc_bridge/u_fifo/rd_data[47]_INST_0/O
                         net (fo=1, routed)           0.575     2.211    protection_system_i/protection_ip_axi_lite_0/inst/u_adc_sample_cdc_bridge/u_fifo_n_12
    SLICE_X63Y95         LUT3 (Prop_lut3_I1_O)        0.299     2.510 r  protection_system_i/protection_ip_axi_lite_0/inst/u_adc_sample_cdc_bridge/destination_data[47]_i_1/O
                         net (fo=1, routed)           0.000     2.510    protection_system_i/protection_ip_axi_lite_0/inst/u_adc_sample_cdc_bridge/destination_data[47]_i_1_n_0
    SLICE_X63Y95         FDCE                                         r  protection_system_i/protection_ip_axi_lite_0/inst/u_adc_sample_cdc_bridge/destination_data_reg[47]/D
  -------------------------------------------------------------------    -------------------

                         max delay                    8.000     8.000    
    SLICE_X63Y95         FDCE (Setup_fdce_C_D)        0.031     8.031    protection_system_i/protection_ip_axi_lite_0/inst/u_adc_sample_cdc_bridge/destination_data_reg[47]
  -------------------------------------------------------------------
                         required time                          8.031    
                         arrival time                          -2.510    
  -------------------------------------------------------------------
                         slack                                  5.521    

Slack (MET) :             5.539ns  (required time - arrival time)
  Source:                 protection_system_i/protection_ip_axi_lite_0/inst/u_adc_sample_cdc_bridge/u_fifo/mem_reg[3][50]/C
                            (rising edge-triggered cell FDRE clocked by clk_fpga_1  {rise@0.000ns fall@4.000ns period=8.000ns})
  Destination:            protection_system_i/protection_ip_axi_lite_0/inst/u_adc_sample_cdc_bridge/destination_data_reg[50]/D
                            (rising edge-triggered cell FDCE clocked by clk_fpga_0  {rise@0.000ns fall@5.000ns period=10.000ns})
  Path Group:             clk_fpga_0
  Path Type:              Setup (Max at Slow Process Corner)
  Requirement:            8.000ns  (MaxDelay Path 8.000ns)
  Data Path Delay:        2.540ns  (logic 1.224ns (48.185%)  route 1.316ns (51.815%))
  Logic Levels:           3  (LUT3=1 LUT6=1 MUXF7=1)
  Timing Exception:       MaxDelay Path 8.000ns -datapath_only

    Location             Delay type                Incr(ns)  Path(ns)    Netlist Resource(s)
  -------------------------------------------------------------------    -------------------
    SLICE_X63Y97                                      0.000     0.000 r  protection_system_i/protection_ip_axi_lite_0/inst/u_adc_sample_cdc_bridge/u_fifo/mem_reg[3][50]/C
    SLICE_X63Y97         FDRE (Prop_fdre_C_Q)         0.419     0.419 r  protection_system_i/protection_ip_axi_lite_0/inst/u_adc_sample_cdc_bridge/u_fifo/mem_reg[3][50]/Q
                         net (fo=1, routed)           0.595     1.014    protection_system_i/protection_ip_axi_lite_0/inst/u_adc_sample_cdc_bridge/u_fifo/mem_reg[3][50]
    SLICE_X62Y98         LUT6 (Prop_lut6_I0_O)        0.299     1.313 r  protection_system_i/protection_ip_axi_lite_0/inst/u_adc_sample_cdc_bridge/u_fifo/rd_data[50]_INST_0_i_1/O
                         net (fo=1, routed)           0.000     1.313    protection_system_i/protection_ip_axi_lite_0/inst/u_adc_sample_cdc_bridge/u_fifo/rd_data[50]_INST_0_i_1_n_0
    SLICE_X62Y98         MUXF7 (Prop_muxf7_I0_O)      0.209     1.522 r  protection_system_i/protection_ip_axi_lite_0/inst/u_adc_sample_cdc_bridge/u_fifo/rd_data[50]_INST_0/O
                         net (fo=1, routed)           0.722     2.243    protection_system_i/protection_ip_axi_lite_0/inst/u_adc_sample_cdc_bridge/u_fifo_n_9
    SLICE_X62Y94         LUT3 (Prop_lut3_I1_O)        0.297     2.540 r  protection_system_i/protection_ip_axi_lite_0/inst/u_adc_sample_cdc_bridge/destination_data[50]_i_1/O
                         net (fo=1, routed)           0.000     2.540    protection_system_i/protection_ip_axi_lite_0/inst/u_adc_sample_cdc_bridge/destination_data[50]_i_1_n_0
    SLICE_X62Y94         FDCE                                         r  protection_system_i/protection_ip_axi_lite_0/inst/u_adc_sample_cdc_bridge/destination_data_reg[50]/D
  -------------------------------------------------------------------    -------------------

                         max delay                    8.000     8.000    
    SLICE_X62Y94         FDCE (Setup_fdce_C_D)        0.079     8.079    protection_system_i/protection_ip_axi_lite_0/inst/u_adc_sample_cdc_bridge/destination_data_reg[50]
  -------------------------------------------------------------------
                         required time                          8.079    
                         arrival time                          -2.540    
  -------------------------------------------------------------------
                         slack                                  5.539    

Slack (MET) :             5.545ns  (required time - arrival time)
  Source:                 protection_system_i/protection_ip_axi_lite_0/inst/u_adc_sample_cdc_bridge/u_fifo/mem_reg[3][2]/C
                            (rising edge-triggered cell FDRE clocked by clk_fpga_1  {rise@0.000ns fall@4.000ns period=8.000ns})
  Destination:            protection_system_i/protection_ip_axi_lite_0/inst/u_adc_sample_cdc_bridge/destination_data_reg[2]/D
                            (rising edge-triggered cell FDCE clocked by clk_fpga_0  {rise@0.000ns fall@5.000ns period=10.000ns})
  Path Group:             clk_fpga_0
  Path Type:              Setup (Max at Slow Process Corner)
  Requirement:            8.000ns  (MaxDelay Path 8.000ns)
  Data Path Delay:        2.536ns  (logic 1.178ns (46.458%)  route 1.358ns (53.542%))
  Logic Levels:           3  (LUT3=1 LUT6=1 MUXF7=1)
  Timing Exception:       MaxDelay Path 8.000ns -datapath_only

    Location             Delay type                Incr(ns)  Path(ns)    Netlist Resource(s)
  -------------------------------------------------------------------    -------------------
    SLICE_X58Y75                                      0.000     0.000 r  protection_system_i/protection_ip_axi_lite_0/inst/u_adc_sample_cdc_bridge/u_fifo/mem_reg[3][2]/C
    SLICE_X58Y75         FDRE (Prop_fdre_C_Q)         0.518     0.518 r  protection_system_i/protection_ip_axi_lite_0/inst/u_adc_sample_cdc_bridge/u_fifo/mem_reg[3][2]/Q
                         net (fo=1, routed)           0.326     0.844    protection_system_i/protection_ip_axi_lite_0/inst/u_adc_sample_cdc_bridge/u_fifo/mem_reg[3][2]
    SLICE_X57Y74         LUT6 (Prop_lut6_I0_O)        0.124     0.968 r  protection_system_i/protection_ip_axi_lite_0/inst/u_adc_sample_cdc_bridge/u_fifo/rd_data[2]_INST_0_i_1/O
                         net (fo=1, routed)           0.000     0.968    protection_system_i/protection_ip_axi_lite_0/inst/u_adc_sample_cdc_bridge/u_fifo/rd_data[2]_INST_0_i_1_n_0
    SLICE_X57Y74         MUXF7 (Prop_muxf7_I0_O)      0.238     1.206 r  protection_system_i/protection_ip_axi_lite_0/inst/u_adc_sample_cdc_bridge/u_fifo/rd_data[2]_INST_0/O
                         net (fo=1, routed)           1.031     2.238    protection_system_i/protection_ip_axi_lite_0/inst/u_adc_sample_cdc_bridge/u_fifo_n_57
    SLICE_X58Y79         LUT3 (Prop_lut3_I1_O)        0.298     2.536 r  protection_system_i/protection_ip_axi_lite_0/inst/u_adc_sample_cdc_bridge/destination_data[2]_i_1/O
                         net (fo=1, routed)           0.000     2.536    protection_system_i/protection_ip_axi_lite_0/inst/u_adc_sample_cdc_bridge/destination_data[2]_i_1_n_0
    SLICE_X58Y79         FDCE                                         r  protection_system_i/protection_ip_axi_lite_0/inst/u_adc_sample_cdc_bridge/destination_data_reg[2]/D
  -------------------------------------------------------------------    -------------------

                         max delay                    8.000     8.000    
    SLICE_X58Y79         FDCE (Setup_fdce_C_D)        0.081     8.081    protection_system_i/protection_ip_axi_lite_0/inst/u_adc_sample_cdc_bridge/destination_data_reg[2]
  -------------------------------------------------------------------
                         required time                          8.081    
                         arrival time                          -2.536    
  -------------------------------------------------------------------
                         slack                                  5.545    

Slack (MET) :             5.567ns  (required time - arrival time)
  Source:                 protection_system_i/protection_ip_axi_lite_0/inst/u_adc_sample_cdc_bridge/u_fifo/mem_reg[3][43]/C
                            (rising edge-triggered cell FDRE clocked by clk_fpga_1  {rise@0.000ns fall@4.000ns period=8.000ns})
  Destination:            protection_system_i/protection_ip_axi_lite_0/inst/u_adc_sample_cdc_bridge/destination_data_reg[43]/D
                            (rising edge-triggered cell FDCE clocked by clk_fpga_0  {rise@0.000ns fall@5.000ns period=10.000ns})
  Path Group:             clk_fpga_0
  Path Type:              Setup (Max at Slow Process Corner)
  Requirement:            8.000ns  (MaxDelay Path 8.000ns)
  Data Path Delay:        2.510ns  (logic 1.086ns (43.270%)  route 1.424ns (56.730%))
  Logic Levels:           3  (LUT3=1 LUT6=1 MUXF7=1)
  Timing Exception:       MaxDelay Path 8.000ns -datapath_only

    Location             Delay type                Incr(ns)  Path(ns)    Netlist Resource(s)
  -------------------------------------------------------------------    -------------------
    SLICE_X63Y97                                      0.000     0.000 r  protection_system_i/protection_ip_axi_lite_0/inst/u_adc_sample_cdc_bridge/u_fifo/mem_reg[3][43]/C
    SLICE_X63Y97         FDRE (Prop_fdre_C_Q)         0.456     0.456 r  protection_system_i/protection_ip_axi_lite_0/inst/u_adc_sample_cdc_bridge/u_fifo/mem_reg[3][43]/Q
                         net (fo=1, routed)           0.449     0.905    protection_system_i/protection_ip_axi_lite_0/inst/u_adc_sample_cdc_bridge/u_fifo/mem_reg[3][43]
    SLICE_X62Y97         LUT6 (Prop_lut6_I0_O)        0.124     1.029 r  protection_system_i/protection_ip_axi_lite_0/inst/u_adc_sample_cdc_bridge/u_fifo/rd_data[43]_INST_0_i_1/O
                         net (fo=1, routed)           0.000     1.029    protection_system_i/protection_ip_axi_lite_0/inst/u_adc_sample_cdc_bridge/u_fifo/rd_data[43]_INST_0_i_1_n_0
    SLICE_X62Y97         MUXF7 (Prop_muxf7_I0_O)      0.209     1.238 r  protection_system_i/protection_ip_axi_lite_0/inst/u_adc_sample_cdc_bridge/u_fifo/rd_data[43]_INST_0/O
                         net (fo=1, routed)           0.975     2.213    protection_system_i/protection_ip_axi_lite_0/inst/u_adc_sample_cdc_bridge/u_fifo_n_16
    SLICE_X62Y94         LUT3 (Prop_lut3_I1_O)        0.297     2.510 r  protection_system_i/protection_ip_axi_lite_0/inst/u_adc_sample_cdc_bridge/destination_data[43]_i_1/O
                         net (fo=1, routed)           0.000     2.510    protection_system_i/protection_ip_axi_lite_0/inst/u_adc_sample_cdc_bridge/destination_data[43]_i_1_n_0
    SLICE_X62Y94         FDCE                                         r  protection_system_i/protection_ip_axi_lite_0/inst/u_adc_sample_cdc_bridge/destination_data_reg[43]/D
  -------------------------------------------------------------------    -------------------

                         max delay                    8.000     8.000    
    SLICE_X62Y94         FDCE (Setup_fdce_C_D)        0.077     8.077    protection_system_i/protection_ip_axi_lite_0/inst/u_adc_sample_cdc_bridge/destination_data_reg[43]
  -------------------------------------------------------------------
                         required time                          8.077    
                         arrival time                          -2.510    
  -------------------------------------------------------------------
                         slack                                  5.567    

Slack (MET) :             5.579ns  (required time - arrival time)
  Source:                 protection_system_i/protection_ip_axi_lite_0/inst/u_adc_sample_cdc_bridge/u_fifo/mem_reg[3][49]/C
                            (rising edge-triggered cell FDRE clocked by clk_fpga_1  {rise@0.000ns fall@4.000ns period=8.000ns})
  Destination:            protection_system_i/protection_ip_axi_lite_0/inst/u_adc_sample_cdc_bridge/destination_data_reg[49]/D
                            (rising edge-triggered cell FDCE clocked by clk_fpga_0  {rise@0.000ns fall@5.000ns period=10.000ns})
  Path Group:             clk_fpga_0
  Path Type:              Setup (Max at Slow Process Corner)
  Requirement:            8.000ns  (MaxDelay Path 8.000ns)
  Data Path Delay:        2.500ns  (logic 1.227ns (49.084%)  route 1.273ns (50.916%))
  Logic Levels:           3  (LUT3=1 LUT6=1 MUXF7=1)
  Timing Exception:       MaxDelay Path 8.000ns -datapath_only

    Location             Delay type                Incr(ns)  Path(ns)    Netlist Resource(s)
  -------------------------------------------------------------------    -------------------
    SLICE_X63Y97                                      0.000     0.000 r  protection_system_i/protection_ip_axi_lite_0/inst/u_adc_sample_cdc_bridge/u_fifo/mem_reg[3][49]/C
    SLICE_X63Y97         FDRE (Prop_fdre_C_Q)         0.419     0.419 r  protection_system_i/protection_ip_axi_lite_0/inst/u_adc_sample_cdc_bridge/u_fifo/mem_reg[3][49]/Q
                         net (fo=1, routed)           0.448     0.867    protection_system_i/protection_ip_axi_lite_0/inst/u_adc_sample_cdc_bridge/u_fifo/mem_reg[3][49]
    SLICE_X64Y97         LUT6 (Prop_lut6_I0_O)        0.297     1.164 r  protection_system_i/protection_ip_axi_lite_0/inst/u_adc_sample_cdc_bridge/u_fifo/rd_data[49]_INST_0_i_1/O
                         net (fo=1, routed)           0.000     1.164    protection_system_i/protection_ip_axi_lite_0/inst/u_adc_sample_cdc_bridge/u_fifo/rd_data[49]_INST_0_i_1_n_0
    SLICE_X64Y97         MUXF7 (Prop_muxf7_I0_O)      0.212     1.376 r  protection_system_i/protection_ip_axi_lite_0/inst/u_adc_sample_cdc_bridge/u_fifo/rd_data[49]_INST_0/O
                         net (fo=1, routed)           0.825     2.201    protection_system_i/protection_ip_axi_lite_0/inst/u_adc_sample_cdc_bridge/u_fifo_n_10
    SLICE_X62Y94         LUT3 (Prop_lut3_I1_O)        0.299     2.500 r  protection_system_i/protection_ip_axi_lite_0/inst/u_adc_sample_cdc_bridge/destination_data[49]_i_1/O
                         net (fo=1, routed)           0.000     2.500    protection_system_i/protection_ip_axi_lite_0/inst/u_adc_sample_cdc_bridge/destination_data[49]_i_1_n_0
    SLICE_X62Y94         FDCE                                         r  protection_system_i/protection_ip_axi_lite_0/inst/u_adc_sample_cdc_bridge/destination_data_reg[49]/D
  -------------------------------------------------------------------    -------------------

                         max delay                    8.000     8.000    
    SLICE_X62Y94         FDCE (Setup_fdce_C_D)        0.079     8.079    protection_system_i/protection_ip_axi_lite_0/inst/u_adc_sample_cdc_bridge/destination_data_reg[49]
  -------------------------------------------------------------------
                         required time                          8.079    
                         arrival time                          -2.500    
  -------------------------------------------------------------------
                         slack                                  5.579    

Slack (MET) :             5.624ns  (required time - arrival time)
  Source:                 protection_system_i/protection_ip_axi_lite_0/inst/u_adc_sample_cdc_bridge/u_fifo/mem_reg[3][16]/C
                            (rising edge-triggered cell FDRE clocked by clk_fpga_1  {rise@0.000ns fall@4.000ns period=8.000ns})
  Destination:            protection_system_i/protection_ip_axi_lite_0/inst/u_adc_sample_cdc_bridge/destination_data_reg[16]/D
                            (rising edge-triggered cell FDCE clocked by clk_fpga_0  {rise@0.000ns fall@5.000ns period=10.000ns})
  Path Group:             clk_fpga_0
  Path Type:              Setup (Max at Slow Process Corner)
  Requirement:            8.000ns  (MaxDelay Path 8.000ns)
  Data Path Delay:        2.407ns  (logic 1.153ns (47.900%)  route 1.254ns (52.100%))
  Logic Levels:           3  (LUT3=1 LUT6=1 MUXF7=1)
  Timing Exception:       MaxDelay Path 8.000ns -datapath_only

    Location             Delay type                Incr(ns)  Path(ns)    Netlist Resource(s)
  -------------------------------------------------------------------    -------------------
    SLICE_X46Y75                                      0.000     0.000 r  protection_system_i/protection_ip_axi_lite_0/inst/u_adc_sample_cdc_bridge/u_fifo/mem_reg[3][16]/C
    SLICE_X46Y75         FDRE (Prop_fdre_C_Q)         0.518     0.518 r  protection_system_i/protection_ip_axi_lite_0/inst/u_adc_sample_cdc_bridge/u_fifo/mem_reg[3][16]/Q
                         net (fo=1, routed)           0.956     1.474    protection_system_i/protection_ip_axi_lite_0/inst/u_adc_sample_cdc_bridge/u_fifo/mem_reg[3][16]
    SLICE_X49Y75         LUT6 (Prop_lut6_I0_O)        0.124     1.598 r  protection_system_i/protection_ip_axi_lite_0/inst/u_adc_sample_cdc_bridge/u_fifo/rd_data[16]_INST_0_i_1/O
                         net (fo=1, routed)           0.000     1.598    protection_system_i/protection_ip_axi_lite_0/inst/u_adc_sample_cdc_bridge/u_fifo/rd_data[16]_INST_0_i_1_n_0
    SLICE_X49Y75         MUXF7 (Prop_muxf7_I0_O)      0.212     1.810 r  protection_system_i/protection_ip_axi_lite_0/inst/u_adc_sample_cdc_bridge/u_fifo/rd_data[16]_INST_0/O
                         net (fo=1, routed)           0.298     2.108    protection_system_i/protection_ip_axi_lite_0/inst/u_adc_sample_cdc_bridge/u_fifo_n_43
    SLICE_X49Y77         LUT3 (Prop_lut3_I1_O)        0.299     2.407 r  protection_system_i/protection_ip_axi_lite_0/inst/u_adc_sample_cdc_bridge/destination_data[16]_i_1/O
                         net (fo=1, routed)           0.000     2.407    protection_system_i/protection_ip_axi_lite_0/inst/u_adc_sample_cdc_bridge/destination_data[16]_i_1_n_0
    SLICE_X49Y77         FDCE                                         r  protection_system_i/protection_ip_axi_lite_0/inst/u_adc_sample_cdc_bridge/destination_data_reg[16]/D
  -------------------------------------------------------------------    -------------------

                         max delay                    8.000     8.000    
    SLICE_X49Y77         FDCE (Setup_fdce_C_D)        0.031     8.031    protection_system_i/protection_ip_axi_lite_0/inst/u_adc_sample_cdc_bridge/destination_data_reg[16]
  -------------------------------------------------------------------
                         required time                          8.031    
                         arrival time                          -2.407    
  -------------------------------------------------------------------
                         slack                                  5.624    

Slack (MET) :             5.642ns  (required time - arrival time)
  Source:                 protection_system_i/protection_ip_axi_lite_0/inst/u_adc_sample_cdc_bridge/u_fifo/mem_reg[3][31]/C
                            (rising edge-triggered cell FDRE clocked by clk_fpga_1  {rise@0.000ns fall@4.000ns period=8.000ns})
  Destination:            protection_system_i/protection_ip_axi_lite_0/inst/u_adc_sample_cdc_bridge/destination_data_reg[31]/D
                            (rising edge-triggered cell FDCE clocked by clk_fpga_0  {rise@0.000ns fall@5.000ns period=10.000ns})
  Path Group:             clk_fpga_0
  Path Type:              Setup (Max at Slow Process Corner)
  Requirement:            8.000ns  (MaxDelay Path 8.000ns)
  Data Path Delay:        2.390ns  (logic 1.148ns (48.034%)  route 1.242ns (51.966%))
  Logic Levels:           3  (LUT3=1 LUT6=1 MUXF7=1)
  Timing Exception:       MaxDelay Path 8.000ns -datapath_only

    Location             Delay type                Incr(ns)  Path(ns)    Netlist Resource(s)
  -------------------------------------------------------------------    -------------------
    SLICE_X66Y79                                      0.000     0.000 r  protection_system_i/protection_ip_axi_lite_0/inst/u_adc_sample_cdc_bridge/u_fifo/mem_reg[3][31]/C
    SLICE_X66Y79         FDRE (Prop_fdre_C_Q)         0.518     0.518 r  protection_system_i/protection_ip_axi_lite_0/inst/u_adc_sample_cdc_bridge/u_fifo/mem_reg[3][31]/Q
                         net (fo=1, routed)           0.653     1.171    protection_system_i/protection_ip_axi_lite_0/inst/u_adc_sample_cdc_bridge/u_fifo/mem_reg[3][31]
    SLICE_X66Y79         LUT6 (Prop_lut6_I0_O)        0.124     1.295 r  protection_system_i/protection_ip_axi_lite_0/inst/u_adc_sample_cdc_bridge/u_fifo/rd_data[31]_INST_0_i_1/O
                         net (fo=1, routed)           0.000     1.295    protection_system_i/protection_ip_axi_lite_0/inst/u_adc_sample_cdc_bridge/u_fifo/rd_data[31]_INST_0_i_1_n_0
    SLICE_X66Y79         MUXF7 (Prop_muxf7_I0_O)      0.209     1.504 r  protection_system_i/protection_ip_axi_lite_0/inst/u_adc_sample_cdc_bridge/u_fifo/rd_data[31]_INST_0/O
                         net (fo=1, routed)           0.589     2.093    protection_system_i/protection_ip_axi_lite_0/inst/u_adc_sample_cdc_bridge/u_fifo_n_28
    SLICE_X63Y79         LUT3 (Prop_lut3_I1_O)        0.297     2.390 r  protection_system_i/protection_ip_axi_lite_0/inst/u_adc_sample_cdc_bridge/destination_data[31]_i_1/O
                         net (fo=1, routed)           0.000     2.390    protection_system_i/protection_ip_axi_lite_0/inst/u_adc_sample_cdc_bridge/destination_data[31]_i_1_n_0
    SLICE_X63Y79         FDCE                                         r  protection_system_i/protection_ip_axi_lite_0/inst/u_adc_sample_cdc_bridge/destination_data_reg[31]/D
  -------------------------------------------------------------------    -------------------

                         max delay                    8.000     8.000    
    SLICE_X63Y79         FDCE (Setup_fdce_C_D)        0.032     8.032    protection_system_i/protection_ip_axi_lite_0/inst/u_adc_sample_cdc_bridge/destination_data_reg[31]
  -------------------------------------------------------------------
                         required time                          8.032    
                         arrival time                          -2.390    
  -------------------------------------------------------------------
                         slack                                  5.642    

Slack (MET) :             5.642ns  (required time - arrival time)
  Source:                 protection_system_i/protection_ip_axi_lite_0/inst/u_adc_sample_cdc_bridge/u_fifo/mem_reg[3][44]/C
                            (rising edge-triggered cell FDRE clocked by clk_fpga_1  {rise@0.000ns fall@4.000ns period=8.000ns})
  Destination:            protection_system_i/protection_ip_axi_lite_0/inst/u_adc_sample_cdc_bridge/destination_data_reg[44]/D
                            (rising edge-triggered cell FDCE clocked by clk_fpga_0  {rise@0.000ns fall@5.000ns period=10.000ns})
  Path Group:             clk_fpga_0
  Path Type:              Setup (Max at Slow Process Corner)
  Requirement:            8.000ns  (MaxDelay Path 8.000ns)
  Data Path Delay:        2.387ns  (logic 1.091ns (45.711%)  route 1.296ns (54.289%))
  Logic Levels:           3  (LUT3=1 LUT6=1 MUXF7=1)
  Timing Exception:       MaxDelay Path 8.000ns -datapath_only

    Location             Delay type                Incr(ns)  Path(ns)    Netlist Resource(s)
  -------------------------------------------------------------------    -------------------
    SLICE_X63Y97                                      0.000     0.000 r  protection_system_i/protection_ip_axi_lite_0/inst/u_adc_sample_cdc_bridge/u_fifo/mem_reg[3][44]/C
    SLICE_X63Y97         FDRE (Prop_fdre_C_Q)         0.456     0.456 r  protection_system_i/protection_ip_axi_lite_0/inst/u_adc_sample_cdc_bridge/u_fifo/mem_reg[3][44]/Q
                         net (fo=1, routed)           0.323     0.779    protection_system_i/protection_ip_axi_lite_0/inst/u_adc_sample_cdc_bridge/u_fifo/mem_reg[3][44]
    SLICE_X64Y98         LUT6 (Prop_lut6_I0_O)        0.124     0.903 r  protection_system_i/protection_ip_axi_lite_0/inst/u_adc_sample_cdc_bridge/u_fifo/rd_data[44]_INST_0_i_1/O
                         net (fo=1, routed)           0.000     0.903    protection_system_i/protection_ip_axi_lite_0/inst/u_adc_sample_cdc_bridge/u_fifo/rd_data[44]_INST_0_i_1_n_0
    SLICE_X64Y98         MUXF7 (Prop_muxf7_I0_O)      0.212     1.115 r  protection_system_i/protection_ip_axi_lite_0/inst/u_adc_sample_cdc_bridge/u_fifo/rd_data[44]_INST_0/O
                         net (fo=1, routed)           0.973     2.088    protection_system_i/protection_ip_axi_lite_0/inst/u_adc_sample_cdc_bridge/u_fifo_n_15
    SLICE_X63Y95         LUT3 (Prop_lut3_I1_O)        0.299     2.387 r  protection_system_i/protection_ip_axi_lite_0/inst/u_adc_sample_cdc_bridge/destination_data[44]_i_1/O
                         net (fo=1, routed)           0.000     2.387    protection_system_i/protection_ip_axi_lite_0/inst/u_adc_sample_cdc_bridge/destination_data[44]_i_1_n_0
    SLICE_X63Y95         FDCE                                         r  protection_system_i/protection_ip_axi_lite_0/inst/u_adc_sample_cdc_bridge/destination_data_reg[44]/D
  -------------------------------------------------------------------    -------------------

                         max delay                    8.000     8.000    
    SLICE_X63Y95         FDCE (Setup_fdce_C_D)        0.029     8.029    protection_system_i/protection_ip_axi_lite_0/inst/u_adc_sample_cdc_bridge/destination_data_reg[44]
  -------------------------------------------------------------------
                         required time                          8.029    
                         arrival time                          -2.387    
  -------------------------------------------------------------------
                         slack                                  5.642    

Slack (MET) :             5.647ns  (required time - arrival time)
  Source:                 protection_system_i/protection_ip_axi_lite_0/inst/u_adc_sample_cdc_bridge/u_fifo/mem_reg[3][22]/C
                            (rising edge-triggered cell FDRE clocked by clk_fpga_1  {rise@0.000ns fall@4.000ns period=8.000ns})
  Destination:            protection_system_i/protection_ip_axi_lite_0/inst/u_adc_sample_cdc_bridge/destination_data_reg[22]/D
                            (rising edge-triggered cell FDCE clocked by clk_fpga_0  {rise@0.000ns fall@5.000ns period=10.000ns})
  Path Group:             clk_fpga_0
  Path Type:              Setup (Max at Slow Process Corner)
  Requirement:            8.000ns  (MaxDelay Path 8.000ns)
  Data Path Delay:        2.382ns  (logic 1.091ns (45.811%)  route 1.291ns (54.189%))
  Logic Levels:           3  (LUT3=1 LUT6=1 MUXF7=1)
  Timing Exception:       MaxDelay Path 8.000ns -datapath_only

    Location             Delay type                Incr(ns)  Path(ns)    Netlist Resource(s)
  -------------------------------------------------------------------    -------------------
    SLICE_X47Y73                                      0.000     0.000 r  protection_system_i/protection_ip_axi_lite_0/inst/u_adc_sample_cdc_bridge/u_fifo/mem_reg[3][22]/C
    SLICE_X47Y73         FDRE (Prop_fdre_C_Q)         0.456     0.456 r  protection_system_i/protection_ip_axi_lite_0/inst/u_adc_sample_cdc_bridge/u_fifo/mem_reg[3][22]/Q
                         net (fo=1, routed)           0.817     1.273    protection_system_i/protection_ip_axi_lite_0/inst/u_adc_sample_cdc_bridge/u_fifo/mem_reg[3][22]
    SLICE_X49Y74         LUT6 (Prop_lut6_I0_O)        0.124     1.397 r  protection_system_i/protection_ip_axi_lite_0/inst/u_adc_sample_cdc_bridge/u_fifo/rd_data[22]_INST_0_i_1/O
                         net (fo=1, routed)           0.000     1.397    protection_system_i/protection_ip_axi_lite_0/inst/u_adc_sample_cdc_bridge/u_fifo/rd_data[22]_INST_0_i_1_n_0
    SLICE_X49Y74         MUXF7 (Prop_muxf7_I0_O)      0.212     1.609 r  protection_system_i/protection_ip_axi_lite_0/inst/u_adc_sample_cdc_bridge/u_fifo/rd_data[22]_INST_0/O
                         net (fo=1, routed)           0.474     2.083    protection_system_i/protection_ip_axi_lite_0/inst/u_adc_sample_cdc_bridge/u_fifo_n_37
    SLICE_X49Y78         LUT3 (Prop_lut3_I1_O)        0.299     2.382 r  protection_system_i/protection_ip_axi_lite_0/inst/u_adc_sample_cdc_bridge/destination_data[22]_i_1/O
                         net (fo=1, routed)           0.000     2.382    protection_system_i/protection_ip_axi_lite_0/inst/u_adc_sample_cdc_bridge/destination_data[22]_i_1_n_0
    SLICE_X49Y78         FDCE                                         r  protection_system_i/protection_ip_axi_lite_0/inst/u_adc_sample_cdc_bridge/destination_data_reg[22]/D
  -------------------------------------------------------------------    -------------------

                         max delay                    8.000     8.000    
    SLICE_X49Y78         FDCE (Setup_fdce_C_D)        0.029     8.029    protection_system_i/protection_ip_axi_lite_0/inst/u_adc_sample_cdc_bridge/destination_data_reg[22]
  -------------------------------------------------------------------
                         required time                          8.029    
                         arrival time                          -2.382    
  -------------------------------------------------------------------
                         slack                                  5.647    

Slack (MET) :             5.667ns  (required time - arrival time)
  Source:                 protection_system_i/protection_ip_axi_lite_0/inst/u_adc_sample_cdc_bridge/u_fifo/mem_reg[3][25]/C
                            (rising edge-triggered cell FDRE clocked by clk_fpga_1  {rise@0.000ns fall@4.000ns period=8.000ns})
  Destination:            protection_system_i/protection_ip_axi_lite_0/inst/u_adc_sample_cdc_bridge/destination_data_reg[25]/D
                            (rising edge-triggered cell FDCE clocked by clk_fpga_0  {rise@0.000ns fall@5.000ns period=10.000ns})
  Path Group:             clk_fpga_0
  Path Type:              Setup (Max at Slow Process Corner)
  Requirement:            8.000ns  (MaxDelay Path 8.000ns)
  Data Path Delay:        2.364ns  (logic 1.091ns (46.159%)  route 1.273ns (53.841%))
  Logic Levels:           3  (LUT3=1 LUT6=1 MUXF7=1)
  Timing Exception:       MaxDelay Path 8.000ns -datapath_only

    Location             Delay type                Incr(ns)  Path(ns)    Netlist Resource(s)
  -------------------------------------------------------------------    -------------------
    SLICE_X64Y77                                      0.000     0.000 r  protection_system_i/protection_ip_axi_lite_0/inst/u_adc_sample_cdc_bridge/u_fifo/mem_reg[3][25]/C
    SLICE_X64Y77         FDRE (Prop_fdre_C_Q)         0.456     0.456 r  protection_system_i/protection_ip_axi_lite_0/inst/u_adc_sample_cdc_bridge/u_fifo/mem_reg[3][25]/Q
                         net (fo=1, routed)           0.818     1.274    protection_system_i/protection_ip_axi_lite_0/inst/u_adc_sample_cdc_bridge/u_fifo/mem_reg[3][25]
    SLICE_X63Y77         LUT6 (Prop_lut6_I0_O)        0.124     1.398 r  protection_system_i/protection_ip_axi_lite_0/inst/u_adc_sample_cdc_bridge/u_fifo/rd_data[25]_INST_0_i_1/O
                         net (fo=1, routed)           0.000     1.398    protection_system_i/protection_ip_axi_lite_0/inst/u_adc_sample_cdc_bridge/u_fifo/rd_data[25]_INST_0_i_1_n_0
    SLICE_X63Y77         MUXF7 (Prop_muxf7_I0_O)      0.212     1.610 r  protection_system_i/protection_ip_axi_lite_0/inst/u_adc_sample_cdc_bridge/u_fifo/rd_data[25]_INST_0/O
                         net (fo=1, routed)           0.454     2.065    protection_system_i/protection_ip_axi_lite_0/inst/u_adc_sample_cdc_bridge/u_fifo_n_34
    SLICE_X63Y79         LUT3 (Prop_lut3_I1_O)        0.299     2.364 r  protection_system_i/protection_ip_axi_lite_0/inst/u_adc_sample_cdc_bridge/destination_data[25]_i_1/O
                         net (fo=1, routed)           0.000     2.364    protection_system_i/protection_ip_axi_lite_0/inst/u_adc_sample_cdc_bridge/destination_data[25]_i_1_n_0
    SLICE_X63Y79         FDCE                                         r  protection_system_i/protection_ip_axi_lite_0/inst/u_adc_sample_cdc_bridge/destination_data_reg[25]/D
  -------------------------------------------------------------------    -------------------

                         max delay                    8.000     8.000    
    SLICE_X63Y79         FDCE (Setup_fdce_C_D)        0.031     8.031    protection_system_i/protection_ip_axi_lite_0/inst/u_adc_sample_cdc_bridge/destination_data_reg[25]
  -------------------------------------------------------------------
                         required time                          8.031    
                         arrival time                          -2.364    
  -------------------------------------------------------------------
                         slack                                  5.667    

Slack (MET) :             5.690ns  (required time - arrival time)
  Source:                 protection_system_i/protection_ip_axi_lite_0/inst/u_adc_sample_cdc_bridge/u_fifo/mem_reg[3][28]/C
                            (rising edge-triggered cell FDRE clocked by clk_fpga_1  {rise@0.000ns fall@4.000ns period=8.000ns})
  Destination:            protection_system_i/protection_ip_axi_lite_0/inst/u_adc_sample_cdc_bridge/destination_data_reg[28]/D
                            (rising edge-triggered cell FDCE clocked by clk_fpga_0  {rise@0.000ns fall@5.000ns period=10.000ns})
  Path Group:             clk_fpga_0
  Path Type:              Setup (Max at Slow Process Corner)
  Requirement:            8.000ns  (MaxDelay Path 8.000ns)
  Data Path Delay:        2.341ns  (logic 1.086ns (46.396%)  route 1.255ns (53.604%))
  Logic Levels:           3  (LUT3=1 LUT6=1 MUXF7=1)
  Timing Exception:       MaxDelay Path 8.000ns -datapath_only

    Location             Delay type                Incr(ns)  Path(ns)    Netlist Resource(s)
  -------------------------------------------------------------------    -------------------
    SLICE_X60Y78                                      0.000     0.000 r  protection_system_i/protection_ip_axi_lite_0/inst/u_adc_sample_cdc_bridge/u_fifo/mem_reg[3][28]/C
    SLICE_X60Y78         FDRE (Prop_fdre_C_Q)         0.456     0.456 r  protection_system_i/protection_ip_axi_lite_0/inst/u_adc_sample_cdc_bridge/u_fifo/mem_reg[3][28]/Q
                         net (fo=1, routed)           0.799     1.255    protection_system_i/protection_ip_axi_lite_0/inst/u_adc_sample_cdc_bridge/u_fifo/mem_reg[3][28]
    SLICE_X62Y79         LUT6 (Prop_lut6_I0_O)        0.124     1.379 r  protection_system_i/protection_ip_axi_lite_0/inst/u_adc_sample_cdc_bridge/u_fifo/rd_data[28]_INST_0_i_1/O
                         net (fo=1, routed)           0.000     1.379    protection_system_i/protection_ip_axi_lite_0/inst/u_adc_sample_cdc_bridge/u_fifo/rd_data[28]_INST_0_i_1_n_0
    SLICE_X62Y79         MUXF7 (Prop_muxf7_I0_O)      0.209     1.588 r  protection_system_i/protection_ip_axi_lite_0/inst/u_adc_sample_cdc_bridge/u_fifo/rd_data[28]_INST_0/O
                         net (fo=1, routed)           0.455     2.044    protection_system_i/protection_ip_axi_lite_0/inst/u_adc_sample_cdc_bridge/u_fifo_n_31
    SLICE_X63Y79         LUT3 (Prop_lut3_I1_O)        0.297     2.341 r  protection_system_i/protection_ip_axi_lite_0/inst/u_adc_sample_cdc_bridge/destination_data[28]_i_1/O
                         net (fo=1, routed)           0.000     2.341    protection_system_i/protection_ip_axi_lite_0/inst/u_adc_sample_cdc_bridge/destination_data[28]_i_1_n_0
    SLICE_X63Y79         FDCE                                         r  protection_system_i/protection_ip_axi_lite_0/inst/u_adc_sample_cdc_bridge/destination_data_reg[28]/D
  -------------------------------------------------------------------    -------------------

                         max delay                    8.000     8.000    
    SLICE_X63Y79         FDCE (Setup_fdce_C_D)        0.031     8.031    protection_system_i/protection_ip_axi_lite_0/inst/u_adc_sample_cdc_bridge/destination_data_reg[28]
  -------------------------------------------------------------------
                         required time                          8.031    
                         arrival time                          -2.341    
  -------------------------------------------------------------------
                         slack                                  5.690    

Slack (MET) :             5.690ns  (required time - arrival time)
  Source:                 protection_system_i/protection_ip_axi_lite_0/inst/u_adc_sample_cdc_bridge/u_fifo/mem_reg[3][24]/C
                            (rising edge-triggered cell FDRE clocked by clk_fpga_1  {rise@0.000ns fall@4.000ns period=8.000ns})
  Destination:            protection_system_i/protection_ip_axi_lite_0/inst/u_adc_sample_cdc_bridge/destination_data_reg[24]/D
                            (rising edge-triggered cell FDCE clocked by clk_fpga_0  {rise@0.000ns fall@5.000ns period=10.000ns})
  Path Group:             clk_fpga_0
  Path Type:              Setup (Max at Slow Process Corner)
  Requirement:            8.000ns  (MaxDelay Path 8.000ns)
  Data Path Delay:        2.339ns  (logic 1.091ns (46.652%)  route 1.248ns (53.348%))
  Logic Levels:           3  (LUT3=1 LUT6=1 MUXF7=1)
  Timing Exception:       MaxDelay Path 8.000ns -datapath_only

    Location             Delay type                Incr(ns)  Path(ns)    Netlist Resource(s)
  -------------------------------------------------------------------    -------------------
    SLICE_X64Y77                                      0.000     0.000 r  protection_system_i/protection_ip_axi_lite_0/inst/u_adc_sample_cdc_bridge/u_fifo/mem_reg[3][24]/C
    SLICE_X64Y77         FDRE (Prop_fdre_C_Q)         0.456     0.456 r  protection_system_i/protection_ip_axi_lite_0/inst/u_adc_sample_cdc_bridge/u_fifo/mem_reg[3][24]/Q
                         net (fo=1, routed)           0.422     0.878    protection_system_i/protection_ip_axi_lite_0/inst/u_adc_sample_cdc_bridge/u_fifo/mem_reg[3][24]
    SLICE_X64Y78         LUT6 (Prop_lut6_I0_O)        0.124     1.002 r  protection_system_i/protection_ip_axi_lite_0/inst/u_adc_sample_cdc_bridge/u_fifo/rd_data[24]_INST_0_i_1/O
                         net (fo=1, routed)           0.000     1.002    protection_system_i/protection_ip_axi_lite_0/inst/u_adc_sample_cdc_bridge/u_fifo/rd_data[24]_INST_0_i_1_n_0
    SLICE_X64Y78         MUXF7 (Prop_muxf7_I0_O)      0.212     1.214 r  protection_system_i/protection_ip_axi_lite_0/inst/u_adc_sample_cdc_bridge/u_fifo/rd_data[24]_INST_0/O
                         net (fo=1, routed)           0.826     2.040    protection_system_i/protection_ip_axi_lite_0/inst/u_adc_sample_cdc_bridge/u_fifo_n_35
    SLICE_X63Y79         LUT3 (Prop_lut3_I1_O)        0.299     2.339 r  protection_system_i/protection_ip_axi_lite_0/inst/u_adc_sample_cdc_bridge/destination_data[24]_i_1/O
                         net (fo=1, routed)           0.000     2.339    protection_system_i/protection_ip_axi_lite_0/inst/u_adc_sample_cdc_bridge/destination_data[24]_i_1_n_0
    SLICE_X63Y79         FDCE                                         r  protection_system_i/protection_ip_axi_lite_0/inst/u_adc_sample_cdc_bridge/destination_data_reg[24]/D
  -------------------------------------------------------------------    -------------------

                         max delay                    8.000     8.000    
    SLICE_X63Y79         FDCE (Setup_fdce_C_D)        0.029     8.029    protection_system_i/protection_ip_axi_lite_0/inst/u_adc_sample_cdc_bridge/destination_data_reg[24]
  -------------------------------------------------------------------
                         required time                          8.029    
                         arrival time                          -2.339    
  -------------------------------------------------------------------
                         slack                                  5.690    

Slack (MET) :             5.695ns  (required time - arrival time)
  Source:                 protection_system_i/protection_ip_axi_lite_0/inst/u_adc_sample_cdc_bridge/u_fifo/mem_reg[3][54]/C
                            (rising edge-triggered cell FDRE clocked by clk_fpga_1  {rise@0.000ns fall@4.000ns period=8.000ns})
  Destination:            protection_system_i/protection_ip_axi_lite_0/inst/u_adc_sample_cdc_bridge/destination_data_reg[54]/D
                            (rising edge-triggered cell FDCE clocked by clk_fpga_0  {rise@0.000ns fall@5.000ns period=10.000ns})
  Path Group:             clk_fpga_0
  Path Type:              Setup (Max at Slow Process Corner)
  Requirement:            8.000ns  (MaxDelay Path 8.000ns)
  Data Path Delay:        2.336ns  (logic 1.229ns (52.611%)  route 1.107ns (47.389%))
  Logic Levels:           3  (LUT3=1 LUT6=1 MUXF7=1)
  Timing Exception:       MaxDelay Path 8.000ns -datapath_only

    Location             Delay type                Incr(ns)  Path(ns)    Netlist Resource(s)
  -------------------------------------------------------------------    -------------------
    SLICE_X64Y100                                     0.000     0.000 r  protection_system_i/protection_ip_axi_lite_0/inst/u_adc_sample_cdc_bridge/u_fifo/mem_reg[3][54]/C
    SLICE_X64Y100        FDRE (Prop_fdre_C_Q)         0.419     0.419 r  protection_system_i/protection_ip_axi_lite_0/inst/u_adc_sample_cdc_bridge/u_fifo/mem_reg[3][54]/Q
                         net (fo=1, routed)           0.303     0.722    protection_system_i/protection_ip_axi_lite_0/inst/u_adc_sample_cdc_bridge/u_fifo/mem_reg[3][54]
    SLICE_X64Y101        LUT6 (Prop_lut6_I0_O)        0.299     1.021 r  protection_system_i/protection_ip_axi_lite_0/inst/u_adc_sample_cdc_bridge/u_fifo/rd_data[54]_INST_0_i_1/O
                         net (fo=1, routed)           0.000     1.021    protection_system_i/protection_ip_axi_lite_0/inst/u_adc_sample_cdc_bridge/u_fifo/rd_data[54]_INST_0_i_1_n_0
    SLICE_X64Y101        MUXF7 (Prop_muxf7_I0_O)      0.212     1.233 r  protection_system_i/protection_ip_axi_lite_0/inst/u_adc_sample_cdc_bridge/u_fifo/rd_data[54]_INST_0/O
                         net (fo=1, routed)           0.804     2.037    protection_system_i/protection_ip_axi_lite_0/inst/u_adc_sample_cdc_bridge/u_fifo_n_5
    SLICE_X63Y94         LUT3 (Prop_lut3_I1_O)        0.299     2.336 r  protection_system_i/protection_ip_axi_lite_0/inst/u_adc_sample_cdc_bridge/destination_data[54]_i_1/O
                         net (fo=1, routed)           0.000     2.336    protection_system_i/protection_ip_axi_lite_0/inst/u_adc_sample_cdc_bridge/destination_data[54]_i_1_n_0
    SLICE_X63Y94         FDCE                                         r  protection_system_i/protection_ip_axi_lite_0/inst/u_adc_sample_cdc_bridge/destination_data_reg[54]/D
  -------------------------------------------------------------------    -------------------

                         max delay                    8.000     8.000    
    SLICE_X63Y94         FDCE (Setup_fdce_C_D)        0.031     8.031    protection_system_i/protection_ip_axi_lite_0/inst/u_adc_sample_cdc_bridge/destination_data_reg[54]
  -------------------------------------------------------------------
                         required time                          8.031    
                         arrival time                          -2.336    
  -------------------------------------------------------------------
                         slack                                  5.695    

Slack (MET) :             5.698ns  (required time - arrival time)
  Source:                 protection_system_i/protection_ip_axi_lite_0/inst/u_adc_sample_cdc_bridge/u_fifo/mem_reg[3][7]/C
                            (rising edge-triggered cell FDRE clocked by clk_fpga_1  {rise@0.000ns fall@4.000ns period=8.000ns})
  Destination:            protection_system_i/protection_ip_axi_lite_0/inst/u_adc_sample_cdc_bridge/destination_data_reg[7]/D
                            (rising edge-triggered cell FDCE clocked by clk_fpga_0  {rise@0.000ns fall@5.000ns period=10.000ns})
  Path Group:             clk_fpga_0
  Path Type:              Setup (Max at Slow Process Corner)
  Requirement:            8.000ns  (MaxDelay Path 8.000ns)
  Data Path Delay:        2.333ns  (logic 1.091ns (46.763%)  route 1.242ns (53.237%))
  Logic Levels:           3  (LUT3=1 LUT6=1 MUXF7=1)
  Timing Exception:       MaxDelay Path 8.000ns -datapath_only

    Location             Delay type                Incr(ns)  Path(ns)    Netlist Resource(s)
  -------------------------------------------------------------------    -------------------
    SLICE_X55Y77                                      0.000     0.000 r  protection_system_i/protection_ip_axi_lite_0/inst/u_adc_sample_cdc_bridge/u_fifo/mem_reg[3][7]/C
    SLICE_X55Y77         FDRE (Prop_fdre_C_Q)         0.456     0.456 r  protection_system_i/protection_ip_axi_lite_0/inst/u_adc_sample_cdc_bridge/u_fifo/mem_reg[3][7]/Q
                         net (fo=1, routed)           0.575     1.031    protection_system_i/protection_ip_axi_lite_0/inst/u_adc_sample_cdc_bridge/u_fifo/mem_reg[3][7]
    SLICE_X55Y75         LUT6 (Prop_lut6_I0_O)        0.124     1.155 r  protection_system_i/protection_ip_axi_lite_0/inst/u_adc_sample_cdc_bridge/u_fifo/rd_data[7]_INST_0_i_1/O
                         net (fo=1, routed)           0.000     1.155    protection_system_i/protection_ip_axi_lite_0/inst/u_adc_sample_cdc_bridge/u_fifo/rd_data[7]_INST_0_i_1_n_0
    SLICE_X55Y75         MUXF7 (Prop_muxf7_I0_O)      0.212     1.367 r  protection_system_i/protection_ip_axi_lite_0/inst/u_adc_sample_cdc_bridge/u_fifo/rd_data[7]_INST_0/O
                         net (fo=1, routed)           0.667     2.034    protection_system_i/protection_ip_axi_lite_0/inst/u_adc_sample_cdc_bridge/u_fifo_n_52
    SLICE_X55Y81         LUT3 (Prop_lut3_I1_O)        0.299     2.333 r  protection_system_i/protection_ip_axi_lite_0/inst/u_adc_sample_cdc_bridge/destination_data[7]_i_1/O
                         net (fo=1, routed)           0.000     2.333    protection_system_i/protection_ip_axi_lite_0/inst/u_adc_sample_cdc_bridge/destination_data[7]_i_1_n_0
    SLICE_X55Y81         FDCE                                         r  protection_system_i/protection_ip_axi_lite_0/inst/u_adc_sample_cdc_bridge/destination_data_reg[7]/D
  -------------------------------------------------------------------    -------------------

                         max delay                    8.000     8.000    
    SLICE_X55Y81         FDCE (Setup_fdce_C_D)        0.031     8.031    protection_system_i/protection_ip_axi_lite_0/inst/u_adc_sample_cdc_bridge/destination_data_reg[7]
  -------------------------------------------------------------------
                         required time                          8.031    
                         arrival time                          -2.333    
  -------------------------------------------------------------------
                         slack                                  5.698    

Slack (MET) :             5.709ns  (required time - arrival time)
  Source:                 protection_system_i/protection_ip_axi_lite_0/inst/u_adc_sample_cdc_bridge/u_fifo/mem_reg[3][33]/C
                            (rising edge-triggered cell FDRE clocked by clk_fpga_1  {rise@0.000ns fall@4.000ns period=8.000ns})
  Destination:            protection_system_i/protection_ip_axi_lite_0/inst/u_adc_sample_cdc_bridge/destination_data_reg[33]/D
                            (rising edge-triggered cell FDCE clocked by clk_fpga_0  {rise@0.000ns fall@5.000ns period=10.000ns})
  Path Group:             clk_fpga_0
  Path Type:              Setup (Max at Slow Process Corner)
  Requirement:            8.000ns  (MaxDelay Path 8.000ns)
  Data Path Delay:        2.320ns  (logic 1.148ns (49.478%)  route 1.172ns (50.522%))
  Logic Levels:           3  (LUT3=1 LUT6=1 MUXF7=1)
  Timing Exception:       MaxDelay Path 8.000ns -datapath_only

    Location             Delay type                Incr(ns)  Path(ns)    Netlist Resource(s)
  -------------------------------------------------------------------    -------------------
    SLICE_X82Y83                                      0.000     0.000 r  protection_system_i/protection_ip_axi_lite_0/inst/u_adc_sample_cdc_bridge/u_fifo/mem_reg[3][33]/C
    SLICE_X82Y83         FDRE (Prop_fdre_C_Q)         0.518     0.518 r  protection_system_i/protection_ip_axi_lite_0/inst/u_adc_sample_cdc_bridge/u_fifo/mem_reg[3][33]/Q
                         net (fo=1, routed)           0.304     0.822    protection_system_i/protection_ip_axi_lite_0/inst/u_adc_sample_cdc_bridge/u_fifo/mem_reg[3][33]
    SLICE_X82Y82         LUT6 (Prop_lut6_I0_O)        0.124     0.946 r  protection_system_i/protection_ip_axi_lite_0/inst/u_adc_sample_cdc_bridge/u_fifo/rd_data[33]_INST_0_i_1/O
                         net (fo=1, routed)           0.000     0.946    protection_system_i/protection_ip_axi_lite_0/inst/u_adc_sample_cdc_bridge/u_fifo/rd_data[33]_INST_0_i_1_n_0
    SLICE_X82Y82         MUXF7 (Prop_muxf7_I0_O)      0.209     1.155 r  protection_system_i/protection_ip_axi_lite_0/inst/u_adc_sample_cdc_bridge/u_fifo/rd_data[33]_INST_0/O
                         net (fo=1, routed)           0.868     2.023    protection_system_i/protection_ip_axi_lite_0/inst/u_adc_sample_cdc_bridge/u_fifo_n_26
    SLICE_X63Y82         LUT3 (Prop_lut3_I1_O)        0.297     2.320 r  protection_system_i/protection_ip_axi_lite_0/inst/u_adc_sample_cdc_bridge/destination_data[33]_i_1/O
                         net (fo=1, routed)           0.000     2.320    protection_system_i/protection_ip_axi_lite_0/inst/u_adc_sample_cdc_bridge/destination_data[33]_i_1_n_0
    SLICE_X63Y82         FDCE                                         r  protection_system_i/protection_ip_axi_lite_0/inst/u_adc_sample_cdc_bridge/destination_data_reg[33]/D
  -------------------------------------------------------------------    -------------------

                         max delay                    8.000     8.000    
    SLICE_X63Y82         FDCE (Setup_fdce_C_D)        0.029     8.029    protection_system_i/protection_ip_axi_lite_0/inst/u_adc_sample_cdc_bridge/destination_data_reg[33]
  -------------------------------------------------------------------
                         required time                          8.029    
                         arrival time                          -2.320    
  -------------------------------------------------------------------
                         slack                                  5.709    

Slack (MET) :             5.766ns  (required time - arrival time)
  Source:                 protection_system_i/protection_ip_axi_lite_0/inst/u_adc_sample_cdc_bridge/u_fifo/mem_reg[3][12]/C
                            (rising edge-triggered cell FDRE clocked by clk_fpga_1  {rise@0.000ns fall@4.000ns period=8.000ns})
  Destination:            protection_system_i/protection_ip_axi_lite_0/inst/u_adc_sample_cdc_bridge/destination_data_reg[12]/D
                            (rising edge-triggered cell FDCE clocked by clk_fpga_0  {rise@0.000ns fall@5.000ns period=10.000ns})
  Path Group:             clk_fpga_0
  Path Type:              Setup (Max at Slow Process Corner)
  Requirement:            8.000ns  (MaxDelay Path 8.000ns)
  Data Path Delay:        2.263ns  (logic 1.091ns (48.206%)  route 1.172ns (51.794%))
  Logic Levels:           3  (LUT3=1 LUT6=1 MUXF7=1)
  Timing Exception:       MaxDelay Path 8.000ns -datapath_only

    Location             Delay type                Incr(ns)  Path(ns)    Netlist Resource(s)
  -------------------------------------------------------------------    -------------------
    SLICE_X47Y73                                      0.000     0.000 r  protection_system_i/protection_ip_axi_lite_0/inst/u_adc_sample_cdc_bridge/u_fifo/mem_reg[3][12]/C
    SLICE_X47Y73         FDRE (Prop_fdre_C_Q)         0.456     0.456 r  protection_system_i/protection_ip_axi_lite_0/inst/u_adc_sample_cdc_bridge/u_fifo/mem_reg[3][12]/Q
                         net (fo=1, routed)           0.441     0.897    protection_system_i/protection_ip_axi_lite_0/inst/u_adc_sample_cdc_bridge/u_fifo/mem_reg[3][12]
    SLICE_X48Y74         LUT6 (Prop_lut6_I0_O)        0.124     1.021 r  protection_system_i/protection_ip_axi_lite_0/inst/u_adc_sample_cdc_bridge/u_fifo/rd_data[12]_INST_0_i_1/O
                         net (fo=1, routed)           0.000     1.021    protection_system_i/protection_ip_axi_lite_0/inst/u_adc_sample_cdc_bridge/u_fifo/rd_data[12]_INST_0_i_1_n_0
    SLICE_X48Y74         MUXF7 (Prop_muxf7_I0_O)      0.212     1.233 r  protection_system_i/protection_ip_axi_lite_0/inst/u_adc_sample_cdc_bridge/u_fifo/rd_data[12]_INST_0/O
                         net (fo=1, routed)           0.731     1.964    protection_system_i/protection_ip_axi_lite_0/inst/u_adc_sample_cdc_bridge/u_fifo_n_47
    SLICE_X49Y77         LUT3 (Prop_lut3_I1_O)        0.299     2.263 r  protection_system_i/protection_ip_axi_lite_0/inst/u_adc_sample_cdc_bridge/destination_data[12]_i_1/O
                         net (fo=1, routed)           0.000     2.263    protection_system_i/protection_ip_axi_lite_0/inst/u_adc_sample_cdc_bridge/destination_data[12]_i_1_n_0
    SLICE_X49Y77         FDCE                                         r  protection_system_i/protection_ip_axi_lite_0/inst/u_adc_sample_cdc_bridge/destination_data_reg[12]/D
  -------------------------------------------------------------------    -------------------

                         max delay                    8.000     8.000    
    SLICE_X49Y77         FDCE (Setup_fdce_C_D)        0.029     8.029    protection_system_i/protection_ip_axi_lite_0/inst/u_adc_sample_cdc_bridge/destination_data_reg[12]
  -------------------------------------------------------------------
                         required time                          8.029    
                         arrival time                          -2.263    
  -------------------------------------------------------------------
                         slack                                  5.766    

Slack (MET) :             5.781ns  (required time - arrival time)
  Source:                 protection_system_i/protection_ip_axi_lite_0/inst/u_adc_sample_cdc_bridge/u_fifo/mem_reg[3][41]/C
                            (rising edge-triggered cell FDRE clocked by clk_fpga_1  {rise@0.000ns fall@4.000ns period=8.000ns})
  Destination:            protection_system_i/protection_ip_axi_lite_0/inst/u_adc_sample_cdc_bridge/destination_data_reg[41]/D
                            (rising edge-triggered cell FDCE clocked by clk_fpga_0  {rise@0.000ns fall@5.000ns period=10.000ns})
  Path Group:             clk_fpga_0
  Path Type:              Setup (Max at Slow Process Corner)
  Requirement:            8.000ns  (MaxDelay Path 8.000ns)
  Data Path Delay:        2.248ns  (logic 1.252ns (55.687%)  route 0.996ns (44.313%))
  Logic Levels:           3  (LUT3=1 LUT6=1 MUXF7=1)
  Timing Exception:       MaxDelay Path 8.000ns -datapath_only

    Location             Delay type                Incr(ns)  Path(ns)    Netlist Resource(s)
  -------------------------------------------------------------------    -------------------
    SLICE_X85Y92                                      0.000     0.000 r  protection_system_i/protection_ip_axi_lite_0/inst/u_adc_sample_cdc_bridge/u_fifo/mem_reg[3][41]/C
    SLICE_X85Y92         FDRE (Prop_fdre_C_Q)         0.419     0.419 r  protection_system_i/protection_ip_axi_lite_0/inst/u_adc_sample_cdc_bridge/u_fifo/mem_reg[3][41]/Q
                         net (fo=1, routed)           0.421     0.840    protection_system_i/protection_ip_axi_lite_0/inst/u_adc_sample_cdc_bridge/u_fifo/mem_reg[3][41]
    SLICE_X84Y93         LUT6 (Prop_lut6_I0_O)        0.297     1.137 r  protection_system_i/protection_ip_axi_lite_0/inst/u_adc_sample_cdc_bridge/u_fifo/rd_data[41]_INST_0_i_1/O
                         net (fo=1, routed)           0.000     1.137    protection_system_i/protection_ip_axi_lite_0/inst/u_adc_sample_cdc_bridge/u_fifo/rd_data[41]_INST_0_i_1_n_0
    SLICE_X84Y93         MUXF7 (Prop_muxf7_I0_O)      0.238     1.375 r  protection_system_i/protection_ip_axi_lite_0/inst/u_adc_sample_cdc_bridge/u_fifo/rd_data[41]_INST_0/O
                         net (fo=1, routed)           0.576     1.950    protection_system_i/protection_ip_axi_lite_0/inst/u_adc_sample_cdc_bridge/u_fifo_n_18
    SLICE_X65Y92         LUT3 (Prop_lut3_I1_O)        0.298     2.248 r  protection_system_i/protection_ip_axi_lite_0/inst/u_adc_sample_cdc_bridge/destination_data[41]_i_1/O
                         net (fo=1, routed)           0.000     2.248    protection_system_i/protection_ip_axi_lite_0/inst/u_adc_sample_cdc_bridge/destination_data[41]_i_1_n_0
    SLICE_X65Y92         FDCE                                         r  protection_system_i/protection_ip_axi_lite_0/inst/u_adc_sample_cdc_bridge/destination_data_reg[41]/D
  -------------------------------------------------------------------    -------------------

                         max delay                    8.000     8.000    
    SLICE_X65Y92         FDCE (Setup_fdce_C_D)        0.029     8.029    protection_system_i/protection_ip_axi_lite_0/inst/u_adc_sample_cdc_bridge/destination_data_reg[41]
  -------------------------------------------------------------------
                         required time                          8.029    
                         arrival time                          -2.248    
  -------------------------------------------------------------------
                         slack                                  5.781    

Slack (MET) :             5.805ns  (required time - arrival time)
  Source:                 protection_system_i/protection_ip_axi_lite_0/inst/u_adc_sample_cdc_bridge/u_fifo/mem_reg[3][56]/C
                            (rising edge-triggered cell FDRE clocked by clk_fpga_1  {rise@0.000ns fall@4.000ns period=8.000ns})
  Destination:            protection_system_i/protection_ip_axi_lite_0/inst/u_adc_sample_cdc_bridge/destination_data_reg[56]/D
                            (rising edge-triggered cell FDCE clocked by clk_fpga_0  {rise@0.000ns fall@5.000ns period=10.000ns})
  Path Group:             clk_fpga_0
  Path Type:              Setup (Max at Slow Process Corner)
  Requirement:            8.000ns  (MaxDelay Path 8.000ns)
  Data Path Delay:        2.226ns  (logic 1.091ns (49.016%)  route 1.135ns (50.984%))
  Logic Levels:           3  (LUT3=1 LUT6=1 MUXF7=1)
  Timing Exception:       MaxDelay Path 8.000ns -datapath_only

    Location             Delay type                Incr(ns)  Path(ns)    Netlist Resource(s)
  -------------------------------------------------------------------    -------------------
    SLICE_X55Y77                                      0.000     0.000 r  protection_system_i/protection_ip_axi_lite_0/inst/u_adc_sample_cdc_bridge/u_fifo/mem_reg[3][56]/C
    SLICE_X55Y77         FDRE (Prop_fdre_C_Q)         0.456     0.456 r  protection_system_i/protection_ip_axi_lite_0/inst/u_adc_sample_cdc_bridge/u_fifo/mem_reg[3][56]/Q
                         net (fo=1, routed)           0.584     1.040    protection_system_i/protection_ip_axi_lite_0/inst/u_adc_sample_cdc_bridge/u_fifo/mem_reg[3][56]
    SLICE_X56Y77         LUT6 (Prop_lut6_I0_O)        0.124     1.164 r  protection_system_i/protection_ip_axi_lite_0/inst/u_adc_sample_cdc_bridge/u_fifo/rd_data[56]_INST_0_i_1/O
                         net (fo=1, routed)           0.000     1.164    protection_system_i/protection_ip_axi_lite_0/inst/u_adc_sample_cdc_bridge/u_fifo/rd_data[56]_INST_0_i_1_n_0
    SLICE_X56Y77         MUXF7 (Prop_muxf7_I0_O)      0.212     1.376 r  protection_system_i/protection_ip_axi_lite_0/inst/u_adc_sample_cdc_bridge/u_fifo/rd_data[56]_INST_0/O
                         net (fo=1, routed)           0.551     1.927    protection_system_i/protection_ip_axi_lite_0/inst/u_adc_sample_cdc_bridge/u_fifo_n_3
    SLICE_X57Y80         LUT3 (Prop_lut3_I1_O)        0.299     2.226 r  protection_system_i/protection_ip_axi_lite_0/inst/u_adc_sample_cdc_bridge/destination_data[56]_i_1/O
                         net (fo=1, routed)           0.000     2.226    protection_system_i/protection_ip_axi_lite_0/inst/u_adc_sample_cdc_bridge/destination_data[56]_i_1_n_0
    SLICE_X57Y80         FDCE                                         r  protection_system_i/protection_ip_axi_lite_0/inst/u_adc_sample_cdc_bridge/destination_data_reg[56]/D
  -------------------------------------------------------------------    -------------------

                         max delay                    8.000     8.000    
    SLICE_X57Y80         FDCE (Setup_fdce_C_D)        0.031     8.031    protection_system_i/protection_ip_axi_lite_0/inst/u_adc_sample_cdc_bridge/destination_data_reg[56]
  -------------------------------------------------------------------
                         required time                          8.031    
                         arrival time                          -2.226    
  -------------------------------------------------------------------
                         slack                                  5.805    

Slack (MET) :             5.840ns  (required time - arrival time)
  Source:                 protection_system_i/protection_ip_axi_lite_0/inst/u_adc_sample_cdc_bridge/u_fifo/mem_reg[3][27]/C
                            (rising edge-triggered cell FDRE clocked by clk_fpga_1  {rise@0.000ns fall@4.000ns period=8.000ns})
  Destination:            protection_system_i/protection_ip_axi_lite_0/inst/u_adc_sample_cdc_bridge/destination_data_reg[27]/D
                            (rising edge-triggered cell FDCE clocked by clk_fpga_0  {rise@0.000ns fall@5.000ns period=10.000ns})
  Path Group:             clk_fpga_0
  Path Type:              Setup (Max at Slow Process Corner)
  Requirement:            8.000ns  (MaxDelay Path 8.000ns)
  Data Path Delay:        2.189ns  (logic 1.091ns (49.844%)  route 1.098ns (50.156%))
  Logic Levels:           3  (LUT3=1 LUT6=1 MUXF7=1)
  Timing Exception:       MaxDelay Path 8.000ns -datapath_only

    Location             Delay type                Incr(ns)  Path(ns)    Netlist Resource(s)
  -------------------------------------------------------------------    -------------------
    SLICE_X64Y77                                      0.000     0.000 r  protection_system_i/protection_ip_axi_lite_0/inst/u_adc_sample_cdc_bridge/u_fifo/mem_reg[3][27]/C
    SLICE_X64Y77         FDRE (Prop_fdre_C_Q)         0.456     0.456 r  protection_system_i/protection_ip_axi_lite_0/inst/u_adc_sample_cdc_bridge/u_fifo/mem_reg[3][27]/Q
                         net (fo=1, routed)           0.351     0.807    protection_system_i/protection_ip_axi_lite_0/inst/u_adc_sample_cdc_bridge/u_fifo/mem_reg[3][27]
    SLICE_X64Y77         LUT6 (Prop_lut6_I0_O)        0.124     0.931 r  protection_system_i/protection_ip_axi_lite_0/inst/u_adc_sample_cdc_bridge/u_fifo/rd_data[27]_INST_0_i_1/O
                         net (fo=1, routed)           0.000     0.931    protection_system_i/protection_ip_axi_lite_0/inst/u_adc_sample_cdc_bridge/u_fifo/rd_data[27]_INST_0_i_1_n_0
    SLICE_X64Y77         MUXF7 (Prop_muxf7_I0_O)      0.212     1.143 r  protection_system_i/protection_ip_axi_lite_0/inst/u_adc_sample_cdc_bridge/u_fifo/rd_data[27]_INST_0/O
                         net (fo=1, routed)           0.747     1.890    protection_system_i/protection_ip_axi_lite_0/inst/u_adc_sample_cdc_bridge/u_fifo_n_32
    SLICE_X64Y79         LUT3 (Prop_lut3_I1_O)        0.299     2.189 r  protection_system_i/protection_ip_axi_lite_0/inst/u_adc_sample_cdc_bridge/destination_data[27]_i_1/O
                         net (fo=1, routed)           0.000     2.189    protection_system_i/protection_ip_axi_lite_0/inst/u_adc_sample_cdc_bridge/destination_data[27]_i_1_n_0
    SLICE_X64Y79         FDCE                                         r  protection_system_i/protection_ip_axi_lite_0/inst/u_adc_sample_cdc_bridge/destination_data_reg[27]/D
  -------------------------------------------------------------------    -------------------

                         max delay                    8.000     8.000    
    SLICE_X64Y79         FDCE (Setup_fdce_C_D)        0.029     8.029    protection_system_i/protection_ip_axi_lite_0/inst/u_adc_sample_cdc_bridge/destination_data_reg[27]
  -------------------------------------------------------------------
                         required time                          8.029    
                         arrival time                          -2.189    
  -------------------------------------------------------------------
                         slack                                  5.840    

Slack (MET) :             6.164ns  (required time - arrival time)
  Source:                 protection_system_i/protection_ip_axi_lite_0/inst/u_adc_sample_cdc_bridge/u_fifo/mem_reg[3][51]/C
                            (rising edge-triggered cell FDRE clocked by clk_fpga_1  {rise@0.000ns fall@4.000ns period=8.000ns})
  Destination:            protection_system_i/protection_ip_axi_lite_0/inst/u_adc_sample_cdc_bridge/destination_data_reg[51]/D
                            (rising edge-triggered cell FDCE clocked by clk_fpga_0  {rise@0.000ns fall@5.000ns period=10.000ns})
  Path Group:             clk_fpga_0
  Path Type:              Setup (Max at Slow Process Corner)
  Requirement:            8.000ns  (MaxDelay Path 8.000ns)
  Data Path Delay:        1.865ns  (logic 1.091ns (58.484%)  route 0.774ns (41.516%))
  Logic Levels:           3  (LUT3=1 LUT6=1 MUXF7=1)
  Timing Exception:       MaxDelay Path 8.000ns -datapath_only

    Location             Delay type                Incr(ns)  Path(ns)    Netlist Resource(s)
  -------------------------------------------------------------------    -------------------
    SLICE_X60Y100                                     0.000     0.000 r  protection_system_i/protection_ip_axi_lite_0/inst/u_adc_sample_cdc_bridge/u_fifo/mem_reg[3][51]/C
    SLICE_X60Y100        FDRE (Prop_fdre_C_Q)         0.456     0.456 r  protection_system_i/protection_ip_axi_lite_0/inst/u_adc_sample_cdc_bridge/u_fifo/mem_reg[3][51]/Q
                         net (fo=1, routed)           0.269     0.725    protection_system_i/protection_ip_axi_lite_0/inst/u_adc_sample_cdc_bridge/u_fifo/mem_reg[3][51]
    SLICE_X61Y100        LUT6 (Prop_lut6_I0_O)        0.124     0.849 r  protection_system_i/protection_ip_axi_lite_0/inst/u_adc_sample_cdc_bridge/u_fifo/rd_data[51]_INST_0_i_1/O
                         net (fo=1, routed)           0.000     0.849    protection_system_i/protection_ip_axi_lite_0/inst/u_adc_sample_cdc_bridge/u_fifo/rd_data[51]_INST_0_i_1_n_0
    SLICE_X61Y100        MUXF7 (Prop_muxf7_I0_O)      0.212     1.061 r  protection_system_i/protection_ip_axi_lite_0/inst/u_adc_sample_cdc_bridge/u_fifo/rd_data[51]_INST_0/O
                         net (fo=1, routed)           0.506     1.566    protection_system_i/protection_ip_axi_lite_0/inst/u_adc_sample_cdc_bridge/u_fifo_n_8
    SLICE_X61Y95         LUT3 (Prop_lut3_I1_O)        0.299     1.865 r  protection_system_i/protection_ip_axi_lite_0/inst/u_adc_sample_cdc_bridge/destination_data[51]_i_1/O
                         net (fo=1, routed)           0.000     1.865    protection_system_i/protection_ip_axi_lite_0/inst/u_adc_sample_cdc_bridge/destination_data[51]_i_1_n_0
    SLICE_X61Y95         FDCE                                         r  protection_system_i/protection_ip_axi_lite_0/inst/u_adc_sample_cdc_bridge/destination_data_reg[51]/D
  -------------------------------------------------------------------    -------------------

                         max delay                    8.000     8.000    
    SLICE_X61Y95         FDCE (Setup_fdce_C_D)        0.029     8.029    protection_system_i/protection_ip_axi_lite_0/inst/u_adc_sample_cdc_bridge/destination_data_reg[51]
  -------------------------------------------------------------------
                         required time                          8.029    
                         arrival time                          -1.865    
  -------------------------------------------------------------------
                         slack                                  6.164    




